# This file uses centimeters as units for non-parametric coordinates.

mtllib mug.mtl
g default
v -0.060660 1.652462 5.122545
v 0.047358 1.649090 5.047847
v 0.005639 2.927130 5.135144
v -0.105011 2.928164 5.214609
v 0.087324 4.119996 5.136659
v -0.027543 4.119996 5.243915
v 0.017500 -3.019217 5.223400
v 0.112728 -3.019245 5.159286
v 0.112093 -1.922210 5.064612
v 0.010883 -1.921914 5.133241
v 0.129871 -0.770694 5.000949
v 0.024680 -0.771238 5.070659
v 0.133804 0.295527 4.954958
v 0.025222 0.294690 5.025737
v 0.018441 5.381036 5.218105
v -0.096513 5.381036 5.298667
v 0.123432 6.324179 5.127802
v 0.010728 6.324177 5.203934
v 0.025880 -5.030802 5.223532
v 0.083000 -5.030802 5.185106
v 0.102467 -3.794138 5.161889
v 0.016237 -3.794138 5.219897
v -0.081126 1.553713 4.616821
v -0.118163 2.816370 4.703669
v -0.013229 2.816369 4.635281
v 0.021863 1.553714 4.549700
v -0.032013 4.125974 4.751993
v 0.074003 4.125974 4.682901
v 0.023587 -2.720488 3.967006
v 0.014053 -1.773904 4.170957
v 0.107062 -1.773905 4.110342
v 0.089705 -2.720488 3.923915
v 0.020954 -0.668721 4.344366
v 0.117845 -0.668721 4.281221
v 0.038970 0.411416 4.493365
v 0.139196 0.411416 4.428046
v -0.122614 5.366355 4.778167
v -0.021281 5.366354 4.706590
v -0.003709 6.297114 4.762998
v 0.099920 6.297114 4.692615
v 0.124508 6.842863 4.752021
v 0.017032 6.842864 4.822066
v 0.018382 6.869583 4.965911
v 0.128923 6.869582 4.893869
v 0.019721 6.846642 5.112600
v 0.133336 6.846642 5.027852
v 0.135679 6.746078 5.097100
v 0.021002 6.746078 5.172076
v 0.016304 6.724473 4.762558
v 0.122543 6.724474 4.693317
v 0.056307 1.649001 5.116850
v -0.051748 1.651394 5.192537
v 0.014655 2.927989 5.210819
v -0.096120 2.928015 5.286175
v 0.096214 4.120645 5.240894
v -0.018654 4.120645 5.322473
v 0.121797 -3.019321 5.231162
v 0.026576 -3.019225 5.295395
v 0.121143 -1.922450 5.136201
v 0.019978 -1.921760 5.205519
v 0.138893 -0.771254 5.071958
v 0.033724 -0.771113 5.143006
v 0.142766 0.294708 5.025015
v 0.034403 0.294837 5.098336
v 0.027936 5.381213 5.295947
v -0.087626 5.381215 5.371945
v 0.132905 6.327776 5.200267
v 0.019796 6.327776 5.276211
v 0.089724 -5.030803 5.238446
v 0.032604 -5.030803 5.276872
v 0.111544 -3.794138 5.233898
v 0.025314 -3.794138 5.291906
v -0.089909 1.560140 4.544902
v -0.126967 2.820211 4.631580
v -0.022033 2.820212 4.563193
v 0.013080 1.560141 4.477781
v -0.040826 4.127640 4.679828
v 0.065190 4.127639 4.610736
v 0.017172 -2.710108 3.914477
v 0.005363 -1.761267 4.099796
v 0.098372 -1.761267 4.039180
v 0.083290 -2.710109 3.871386
v 0.012227 -0.658190 4.272900
v 0.109118 -0.658189 4.209755
v 0.030217 0.420287 4.421689
v 0.130443 0.420288 4.356370
v -0.137304 5.366464 4.703249
v -0.035811 5.366464 4.631746
v -0.014739 6.299235 4.689769
v 0.089309 6.299234 4.619579
v 0.011749 6.905433 4.778806
v 0.119225 6.905434 4.708760
v 0.018135 6.953027 4.963885
v 0.128676 6.953027 4.891843
v 0.024433 6.921138 5.156758
v 0.138048 6.921138 5.072011
v 0.143866 6.773857 5.165034
v 0.029109 6.773858 5.239972
v 0.007884 6.748162 4.693616
v 0.114124 6.748162 4.624376
v 0.093804 -4.781220 5.167712
v 0.102881 -4.781220 5.239722
v 0.024077 -4.781220 5.292735
v 0.014999 -4.781220 5.220726
v 0.092043 -5.001892 5.168897
v 0.101120 -5.001893 5.240906
v 0.023825 -5.001892 5.292904
v 0.014748 -5.001892 5.220894
v -0.028168 1.552643 4.595247
v -0.015636 2.173213 4.597211
v -0.064229 2.815729 4.681489
v -0.119705 2.173212 4.665036
v 0.041481 3.471266 4.663860
v 0.022464 4.125700 4.729475
v -0.064102 3.471266 4.732672
v 0.057398 -2.843350 3.929964
v 0.104027 -2.376632 3.995700
v 0.062006 -1.776010 4.152510
v 0.013623 -2.376632 4.054619
v 0.109495 -1.210406 4.202258
v 0.070854 -0.670476 4.324704
v 0.014398 -1.210406 4.264234
v 0.138633 -0.131433 4.357003
v 0.090542 0.409938 4.472652
v 0.040021 -0.131434 4.421270
v 0.086874 0.969790 4.492796
v -0.014823 0.969790 4.559073
v 0.012556 4.768573 4.693615
v -0.069274 5.366337 4.754969
v -0.092451 4.768573 4.763419
v 0.032600 5.886629 4.703794
v 0.049948 6.296762 4.740013
v -0.068093 5.886631 4.775627
v 0.126533 6.864650 4.816600
v 0.073694 6.855676 4.930229
v 0.017665 6.864650 4.887552
v 0.071651 6.832435 4.794254
v 0.131306 6.864601 4.971147
v 0.075743 6.834226 5.062866
v 0.019089 6.864602 5.044282
v 0.024170 6.591681 5.181633
v 0.076992 6.741449 5.123274
v 0.138434 6.591681 5.106281
v 0.020232 6.821598 5.150559
v 0.134671 6.821599 5.075954
v 0.122774 6.565532 4.688056
v 0.070827 6.720524 4.739428
v 0.017229 6.565532 4.757494
v 0.123221 6.806527 4.712816
v 0.016577 6.806527 4.782321
v 0.028583 2.927179 5.160092
v 0.069838 1.648365 5.070060
v -0.074213 1.652220 5.170313
v -0.119045 2.927878 5.263309
v 0.110914 4.120320 5.173040
v -0.042243 4.120320 5.298931
v 0.133491 -1.922335 5.089047
v 0.133135 -3.019282 5.184548
v 0.006168 -3.019199 5.270112
v -0.001425 -1.921672 5.181020
v 0.151917 -0.770785 5.025027
v 0.011678 -0.771055 5.118863
v 0.156415 0.295417 4.978577
v 0.011786 0.294931 5.074642
v 0.042266 5.381124 5.243918
v -0.111427 5.381126 5.348283
v 0.146891 6.325977 5.151317
v -0.003663 6.325976 5.252696
v 0.096334 -5.033428 5.205068
v 0.019247 -5.033428 5.256926
v 0.109464 -5.001892 5.196235
v 0.006404 -5.001892 5.265565
v 0.121377 -3.794138 5.188225
v 0.006404 -3.794138 5.265569
v -0.140054 2.818291 4.679023
v -0.102683 1.556927 4.592048
v 0.034637 1.556927 4.502554
v -0.000142 2.818291 4.587839
v -0.054089 4.126808 4.727426
v 0.087266 4.126808 4.635302
v -0.005794 -1.767586 4.145479
v 0.008822 -2.836216 3.923369
v 0.097319 -2.836217 3.865694
v 0.118218 -1.767586 4.064659
v 0.000442 -0.663455 4.319157
v 0.129630 -0.663454 4.234964
v 0.017889 0.415852 4.468414
v 0.151524 0.415852 4.381322
v -0.147009 5.366410 4.752563
v -0.011821 5.366410 4.657162
v -0.026573 6.298176 4.738078
v 0.111892 6.298176 4.644369
v -0.000165 6.911305 4.976905
v -0.003522 6.874149 4.812111
v 0.139779 6.874150 4.718716
v 0.147223 6.911305 4.880849
v 0.003141 6.883890 5.148803
v 0.154628 6.883890 5.035806
v 0.158888 6.759968 5.118573
v 0.005925 6.759968 5.218511
v -0.005613 6.736317 4.739627
v 0.136040 6.736317 4.647307
v 0.111476 -4.781220 5.194882
v 0.097475 -4.321153 5.165245
v 0.106552 -4.321153 5.237254
v 0.064992 -4.781220 5.278230
v 0.024601 -4.321153 5.292384
v 0.015524 -4.321153 5.220375
v 0.006404 -4.781220 5.265566
v 0.052889 -4.781220 5.182218
v 0.092340 -4.964666 5.168697
v 0.101417 -4.964666 5.240706
v 0.023867 -4.964666 5.292875
v 0.014790 -4.964666 5.220866
v 0.003773 1.650519 5.165897
v 0.027554 2.342329 5.176652
v -0.039201 2.928485 5.260739
v -0.080964 2.343166 5.251236
v 0.062948 3.481748 5.224545
v 0.040262 4.120752 5.296917
v -0.050753 3.482221 5.304077
v 0.075696 -3.019300 5.275232
v 0.121602 -2.503384 5.189318
v 0.072057 -1.922252 5.182606
v 0.023099 -2.502434 5.257320
v 0.125363 -1.336268 5.104183
v 0.087806 -0.771476 5.118927
v 0.022061 -1.335828 5.174484
v 0.157483 -0.239673 5.053509
v 0.090012 0.294344 5.072584
v 0.050584 -0.239632 5.125493
v 0.090044 0.905654 5.039542
v -0.018345 0.908349 5.115199
v 0.043731 4.773511 5.270374
v -0.028098 5.381244 5.346640
v -0.071121 4.773511 5.349848
v 0.080250 5.909640 5.258277
v 0.078069 6.328377 5.250381
v -0.034082 5.909640 5.333734
v 0.062329 -5.033428 5.267001
v 0.100949 -5.023302 5.241021
v 0.063985 -5.001892 5.278907
v 0.023801 -5.023302 5.292920
v 0.069942 -3.794138 5.274904
v 0.116970 -3.409848 5.230249
v 0.026089 -3.409848 5.291386
v -0.128500 2.178323 4.593020
v -0.075967 2.820854 4.585372
v -0.024431 2.178324 4.525196
v -0.039878 1.561212 4.499355
v -0.072912 3.473955 4.660534
v 0.010713 4.127918 4.633254
v 0.032672 3.473955 4.591724
v 0.004954 -2.363000 3.983633
v 0.050419 -1.759161 4.057628
v 0.095358 -2.363000 3.924714
v 0.048743 -2.829084 3.859098
v 0.005687 -1.198852 4.192909
v 0.059218 -0.656434 4.229417
v 0.100784 -1.198852 4.130933
v 0.031280 -0.121712 4.349695
v 0.078871 0.421766 4.377084
v 0.129892 -0.121712 4.285429
v -0.023592 0.977517 4.487275
v 0.078105 0.977517 4.420997
v -0.102488 4.769357 4.690670
v -0.088827 5.366485 4.655096
v 0.002729 4.769357 4.620966
v -0.082528 5.886328 4.700829
v 0.035501 6.299590 4.642494
v 0.018507 5.886329 4.629156
v 0.064606 6.915863 4.736572
v 0.014789 6.936330 4.864002
v 0.073364 6.966937 4.927527
v 0.123657 6.936329 4.793050
v 0.021408 6.946688 5.063267
v 0.082026 6.933553 5.121744
v 0.133624 6.946689 4.990132
v 0.147169 6.604617 5.178337
v 0.087854 6.778488 5.213826
v 0.032761 6.604617 5.253623
v 0.141493 6.869196 5.131822
v 0.027036 6.869195 5.206417
v 0.007842 6.575472 4.684974
v 0.059601 6.752111 4.647506
v 0.113624 6.575472 4.615646
v 0.009392 6.850431 4.723487
v 0.116036 6.850431 4.653983
v -0.089920 2.343362 5.181239
v -0.051142 2.927994 5.162587
v 0.018474 2.341687 5.107083
v -0.008132 1.651325 5.073257
v -0.059662 3.481985 5.228040
v 0.028409 4.119888 5.175054
v 0.054039 3.481009 5.131464
v 0.014001 -2.502613 5.184996
v 0.059961 -1.922189 5.086703
v 0.112566 -2.503022 5.117942
v 0.063600 -3.019244 5.179318
v 0.013024 -1.335490 5.103061
v 0.075762 -0.771180 5.023368
v 0.116393 -1.335307 5.033863
v 0.041524 -0.239948 5.052883
v 0.077917 0.294795 4.977504
v 0.148504 -0.239474 4.982138
v -0.027525 0.908763 5.043247
v 0.080983 0.906166 4.969365
v -0.080022 4.773148 5.273379
v -0.040335 5.381006 5.245901
v 0.034297 4.773148 5.176539
v -0.043233 5.909338 5.261395
v 0.065689 6.323578 5.153878
v 0.070490 5.909338 5.185654
v 0.014723 -5.023302 5.220911
v 0.051882 -5.001892 5.182894
v 0.091872 -5.023302 5.169011
v 0.053251 -5.033427 5.194993
v 0.017012 -3.409848 5.219377
v 0.107893 -3.409848 5.158240
v 0.057839 -3.794138 5.178891
v -0.025154 2.343113 5.225406
v 0.007578 3.482202 5.278404
v 0.073842 -2.503097 5.234990
v 0.075190 -1.336376 5.150757
v 0.105506 -0.239840 5.101026
v 0.037314 0.906852 5.088514
v -0.012038 4.773573 5.324364
v 0.024906 5.909690 5.308200
v 0.063888 -5.023302 5.278972
v 0.073043 -3.409848 5.272819
v -0.077931 2.179175 4.547106
v -0.021588 3.474403 4.614106
v 0.048711 -2.360728 3.942342
v 0.051784 -1.196927 4.150034
v 0.079129 -0.120092 4.305633
v 0.025795 0.978805 4.442169
v -0.051513 4.769487 4.643712
v -0.034263 5.886278 4.652597
v 0.068744 6.948275 4.824600
v 0.077902 6.960370 5.029863
v 0.091448 6.606773 5.228002
v 0.085402 6.877129 5.178432
v 0.059186 6.577129 4.638232
v 0.061516 6.857749 4.678929
v -0.037182 2.342815 5.132367
v -0.004304 3.481596 5.165664
v 0.061753 -2.502977 5.139188
v 0.063185 -1.335509 5.056263
v 0.093480 -0.239909 5.005055
v 0.025149 0.907458 4.993784
v -0.024234 4.773089 5.210840
v 0.012309 5.909288 5.211564
v 0.051785 -5.023302 5.182959
v 0.060939 -3.409848 5.176807
v -0.066205 2.172360 4.643126
v -0.009842 3.470817 4.710288
v 0.060270 -2.378905 4.036990
v 0.063398 -1.212332 4.245133
v 0.090784 -0.133054 4.401065
v 0.037486 0.968502 4.537901
v -0.038254 4.768440 4.740651
v -0.015165 5.886680 4.752259
v 0.072579 6.852705 4.856001
v 0.074811 6.850919 5.004551
v 0.079892 6.589525 5.131970
v 0.076317 6.813666 5.103947
v 0.071553 6.563876 4.734856
v 0.071096 6.799209 4.757374
v 0.041064 2.341576 5.129576
v -0.103551 2.343268 5.228734
v 0.077449 3.481178 5.163327
v -0.074154 3.482057 5.280732
v 0.133518 -2.503216 5.142550
v 0.002139 -2.502312 5.232585
v 0.138114 -1.335680 5.057628
v 0.000334 -1.335507 5.150629
v 0.170835 -0.239415 5.006221
v 0.028249 -0.239710 5.101361
v 0.103627 0.905467 4.992416
v -0.040976 0.908959 5.092122
v 0.058047 4.773330 5.208733
v -0.094771 4.773332 5.326259
v 0.094213 5.909488 5.209291
v -0.057821 5.909488 5.310091
v 0.057775 -5.036803 5.231007
v 0.109269 -5.023302 5.196366
v 0.006404 -5.023302 5.265565
v 0.127578 -3.409848 5.184055
v 0.006404 -3.409848 5.265571
v -0.141448 2.175768 4.640332
v -0.002689 2.175768 4.549900
v -0.086104 3.472610 4.708071
v 0.054674 3.472610 4.616324
v -0.005779 -2.369816 4.028946
v 0.114760 -2.369817 3.950387
v 0.052597 -2.991684 3.862820
v -0.005807 -1.204630 4.238901
v 0.120989 -1.204629 4.156266
v 0.019215 -0.126573 4.396194
v 0.150698 -0.126573 4.310505
v -0.036157 0.973654 4.534220
v 0.099439 0.973654 4.445850
v -0.115023 4.768963 4.738654
v 0.025132 4.768963 4.645652
v -0.092247 5.886480 4.750128
v 0.042219 5.886479 4.654448
v -0.001917 6.900490 4.887602
v 0.143240 6.900490 4.792999
v 0.001546 6.905644 5.065963
v 0.151168 6.905645 4.968451
v 0.161840 6.598148 5.129748
v 0.009384 6.598149 5.230170
v 0.157158 6.845398 5.091456
v 0.004549 6.845398 5.190917
v -0.005090 6.570503 4.732791
v 0.135800 6.570501 4.640282
v -0.004790 6.828479 4.764487
v 0.137403 6.828479 4.671816
v 0.115672 -4.321153 5.192061
v 0.067089 -4.321153 5.276820
v 0.006404 -4.321153 5.265567
v 0.054986 -4.321153 5.180809
v 0.109803 -4.964666 5.196007
v 0.064155 -4.964666 5.278792
v 0.006404 -4.964666 5.265565
v 0.052052 -4.964665 5.182780
vt 0.812695 0.202796
vt 0.812129 0.197395
vt 0.812323 0.195204
vt 0.813068 0.202510
vt 0.811574 0.203629
vt 0.811202 0.196049
vt 0.811077 0.193507
vt 0.812679 0.208623
vt 0.813066 0.210370
vt 0.810452 0.204456
vt 0.810467 0.198624
vt 0.811945 0.211203
vt 0.810079 0.196864
vt 0.812069 0.213727
vt 0.810077 0.204723
vt 0.811018 0.209852
vt 0.810823 0.212030
vt 0.972873 0.161953
vt 0.973477 0.174367
vt 0.970336 0.173819
vt 0.969852 0.161323
vt 0.974846 0.162433
vt 0.975545 0.174812
vt 0.973536 0.186447
vt 0.970523 0.186134
vt 0.966669 0.173228
vt 0.966315 0.160624
vt 0.969294 0.156915
vt 0.971944 0.157371
vt 0.975503 0.186737
vt 0.973623 0.157702
vt 0.972828 0.190029
vt 0.970189 0.189997
vt 0.966997 0.185817
vt 0.963024 0.172653
vt 0.962798 0.159938
vt 0.966163 0.156402
vt 0.974499 0.190107
vt 0.967072 0.189991
vt 0.963490 0.185513
vt 0.959751 0.172124
vt 0.959860 0.159300
vt 0.963042 0.155896
vt 0.963964 0.189995
vt 0.960193 0.185239
vt 0.957708 0.171612
vt 0.957707 0.158785
vt 0.960630 0.155410
vt 0.961074 0.189996
vt 0.958413 0.184870
vt 0.958647 0.155083
vt 0.959587 0.189863
vt 0.960188 0.202952
vt 0.962460 0.202716
vt 0.962603 0.215038
vt 0.960454 0.215036
vt 0.959383 0.199388
vt 0.962022 0.198862
vt 0.965177 0.202442
vt 0.965187 0.215041
vt 0.962455 0.227550
vt 0.960184 0.227468
vt 0.958808 0.203108
vt 0.959170 0.215034
vt 0.957714 0.199764
vt 0.965140 0.198264
vt 0.967895 0.202169
vt 0.967774 0.215044
vt 0.965172 0.227657
vt 0.962016 0.231973
vt 0.959377 0.232076
vt 0.958803 0.227435
vt 0.968248 0.197674
vt 0.969895 0.201905
vt 0.969805 0.215034
vt 0.967889 0.227767
vt 0.965133 0.231884
vt 0.957707 0.232199
vt 0.970648 0.197123
vt 0.971234 0.215045
vt 0.971582 0.201769
vt 0.970258 0.227859
vt 0.968242 0.231804
vt 0.972623 0.196743
vt 0.971578 0.227874
vt 0.971133 0.231728
vt 0.972616 0.231555
vt 0.822173 0.222503
vt 0.835686 0.222345
vt 0.828863 0.245082
vt 0.815278 0.245214
vt 0.830070 0.198103
vt 0.843617 0.197925
vt 0.848473 0.222172
vt 0.841692 0.244933
vt 0.825627 0.264275
vt 0.811773 0.264393
vt 0.809780 0.245270
vt 0.816705 0.222582
vt 0.842717 0.177899
vt 0.856253 0.177753
vt 0.856452 0.197762
vt 0.824562 0.198176
vt 0.851767 0.222120
vt 0.844981 0.244877
vt 0.838736 0.264133
vt 0.837187 0.282291
vt 0.822989 0.282427
vt 0.806192 0.264442
vt 0.846488 0.160367
vt 0.859857 0.160232
vt 0.869093 0.177642
vt 0.837212 0.177955
vt 0.859758 0.197724
vt 0.842126 0.264074
vt 0.850665 0.282146
vt 0.845343 0.303115
vt 0.831003 0.303249
vt 0.817293 0.282477
vt 0.842217 0.143010
vt 0.855381 0.142872
vt 0.872508 0.160116
vt 0.841051 0.160417
vt 0.872416 0.177633
vt 0.854194 0.282094
vt 0.858963 0.302981
vt 0.832818 0.324605
vt 0.818437 0.324741
vt 0.825261 0.303293
vt 0.839201 0.124553
vt 0.852133 0.124411
vt 0.867816 0.142760
vt 0.836851 0.143063
vt 0.875758 0.160093
vt 0.862541 0.302936
vt 0.846393 0.324473
vt 0.829100 0.344533
vt 0.814610 0.344671
vt 0.812680 0.324791
vt 0.838511 0.105379
vt 0.851186 0.105241
vt 0.864346 0.124297
vt 0.833913 0.124614
vt 0.870986 0.142745
vt 0.849877 0.324434
vt 0.842739 0.344401
vt 0.842167 0.361707
vt 0.827809 0.361842
vt 0.808817 0.344724
vt 0.839087 0.086365
vt 0.851439 0.086225
vt 0.863134 0.105120
vt 0.833300 0.105432
vt 0.867450 0.124287
vt 0.846227 0.344365
vt 0.855639 0.361576
vt 0.855239 0.375287
vt 0.841055 0.375403
vt 0.822031 0.361893
vt 0.839772 0.069441
vt 0.851728 0.069324
vt 0.863064 0.086104
vt 0.833985 0.086418
vt 0.866140 0.105095
vt 0.859038 0.361538
vt 0.868587 0.375139
vt 0.858583 0.384368
vt 0.844298 0.384434
vt 0.835345 0.375399
vt 0.839531 0.056657
vt 0.850960 0.056547
vt 0.862949 0.069216
vt 0.834804 0.069490
vt 0.865964 0.086082
vt 0.871991 0.375048
vt 0.872146 0.384168
vt 0.857762 0.389997
vt 0.843461 0.389983
vt 0.838606 0.384277
vt 0.839221 0.044080
vt 0.850084 0.043976
vt 0.861652 0.056445
vt 0.834739 0.056702
vt 0.865709 0.069191
vt 0.875715 0.383922
vt 0.871395 0.389715
vt 0.857196 0.393232
vt 0.842987 0.393108
vt 0.837814 0.389582
vt 0.838882 0.026831
vt 0.849224 0.026732
vt 0.860211 0.043878
vt 0.834618 0.044124
vt 0.864234 0.056420
vt 0.875046 0.389225
vt 0.870847 0.392841
vt 0.837506 0.392382
vt 0.838611 0.011774
vt 0.848569 0.011678
vt 0.858830 0.026640
vt 0.834453 0.026874
vt 0.862604 0.043855
vt 0.874653 0.392025
vt 0.838502 0.005769
vt 0.848308 0.005675
vt 0.857792 0.011590
vt 0.834308 0.011815
vt 0.861050 0.026619
vt 0.838480 0.004551
vt 0.848256 0.004457
vt 0.857378 0.005588
vt 0.834251 0.005810
vt 0.859884 0.011569
vt 0.838468 0.003850
vt 0.848225 0.003757
vt 0.857294 0.004371
vt 0.834239 0.004592
vt 0.859420 0.005569
vt 0.857246 0.003670
vt 0.834232 0.003891
vt 0.859325 0.004351
vt 0.859271 0.003651
vt 0.892233 0.176553
vt 0.883161 0.156156
vt 0.895477 0.156327
vt 0.904419 0.176714
vt 0.889121 0.176608
vt 0.880007 0.156189
vt 0.883874 0.135140
vt 0.896294 0.135320
vt 0.908507 0.156564
vt 0.917316 0.176957
vt 0.908078 0.195894
vt 0.920107 0.196046
vt 0.880685 0.135152
vt 0.905016 0.195971
vt 0.897384 0.113942
vt 0.909883 0.114129
vt 0.909430 0.135552
vt 0.913800 0.156734
vt 0.922564 0.177147
vt 0.932845 0.196293
vt 0.920889 0.214354
vt 0.932739 0.214497
vt 0.894170 0.113935
vt 0.917884 0.214451
vt 0.905542 0.092660
vt 0.918095 0.092853
vt 0.923097 0.114356
vt 0.914760 0.135701
vt 0.938039 0.196503
vt 0.945299 0.214748
vt 0.920861 0.232109
vt 0.932516 0.232244
vt 0.902312 0.092635
vt 0.917920 0.232221
vt 0.890863 0.071402
vt 0.903278 0.071597
vt 0.931362 0.093076
vt 0.928455 0.114487
vt 0.950430 0.214976
vt 0.944879 0.232496
vt 0.915938 0.249604
vt 0.927384 0.249731
vt 0.887811 0.071366
vt 0.913065 0.249730
vt 0.882699 0.051710
vt 0.894506 0.051900
vt 0.916488 0.071815
vt 0.936738 0.093190
vt 0.949942 0.232737
vt 0.939536 0.249984
vt 0.914061 0.267285
vt 0.925288 0.267403
vt 0.880336 0.051674
vt 0.911258 0.267429
vt 0.896314 0.034900
vt 0.908069 0.035091
vt 0.907417 0.052108
vt 0.921944 0.071916
vt 0.944528 0.250237
vt 0.937221 0.267658
vt 0.913684 0.285703
vt 0.924659 0.285811
vt 0.893946 0.034857
vt 0.910964 0.285866
vt 0.913041 0.021643
vt 0.925277 0.021828
vt 0.920920 0.035296
vt 0.913259 0.052204
vt 0.942138 0.267926
vt 0.936337 0.286068
vt 0.913267 0.305408
vt 0.923926 0.305505
vt 0.910158 0.021631
vt 0.910650 0.305589
vt 0.918687 0.012685
vt 0.931192 0.012832
vt 0.938381 0.022051
vt 0.926695 0.035384
vt 0.941167 0.286353
vt 0.935285 0.305763
vt 0.916060 0.316824
vt 0.923686 0.320844
vt 0.915534 0.012797
vt 0.913960 0.320921
vt 0.918787 0.007029
vt 0.931385 0.007103
vt 0.944448 0.013100
vt 0.943880 0.022174
vt 0.940006 0.306062
vt 0.932163 0.317083
vt 0.924539 0.326184
vt 0.915495 0.007364
vt 0.919208 0.003686
vt 0.931907 0.003651
vt 0.944661 0.007446
vt 0.949848 0.013350
vt 0.935512 0.321268
vt 0.915743 0.004349
vt 0.945182 0.004105
vt 0.949993 0.007920
vt 0.950373 0.004907
vt 0.748197 0.174293
vt 0.741258 0.151500
vt 0.754157 0.151642
vt 0.761045 0.174453
vt 0.744882 0.174269
vt 0.737924 0.151471
vt 0.737752 0.132230
vt 0.750927 0.132362
vt 0.767770 0.151810
vt 0.774615 0.174657
vt 0.756067 0.198831
vt 0.768950 0.198998
vt 0.752777 0.198793
vt 0.734319 0.132207
vt 0.749018 0.114121
vt 0.762558 0.114264
vt 0.764814 0.132524
vt 0.773295 0.151866
vt 0.780114 0.174734
vt 0.782605 0.199171
vt 0.768775 0.219152
vt 0.781663 0.219272
vt 0.765488 0.219113
vt 0.745473 0.114085
vt 0.757075 0.093212
vt 0.770760 0.093347
vt 0.776827 0.114420
vt 0.770427 0.132576
vt 0.788144 0.199247
vt 0.795333 0.219379
vt 0.772593 0.236775
vt 0.785301 0.236895
vt 0.769347 0.236736
vt 0.753479 0.093167
vt 0.744445 0.071606
vt 0.758090 0.071739
vt 0.785170 0.093481
vt 0.782553 0.114469
vt 0.800863 0.219436
vt 0.798759 0.237010
vt 0.768306 0.254210
vt 0.780800 0.254328
vt 0.765125 0.254173
vt 0.740838 0.071566
vt 0.740603 0.051574
vt 0.754344 0.051707
vt 0.772407 0.071874
vt 0.790940 0.093526
vt 0.804221 0.237061
vt 0.794034 0.254439
vt 0.765277 0.272741
vt 0.777546 0.272859
vt 0.762173 0.272712
vt 0.736955 0.051536
vt 0.753802 0.034323
vt 0.767386 0.034455
vt 0.768720 0.051844
vt 0.778216 0.071924
vt 0.799427 0.254493
vt 0.790559 0.272977
vt 0.764568 0.292024
vt 0.776573 0.292148
vt 0.761558 0.291987
vt 0.750234 0.034284
vt 0.767131 0.020805
vt 0.780573 0.020954
vt 0.781617 0.034590
vt 0.774547 0.051897
vt 0.795873 0.273040
vt 0.789323 0.292271
vt 0.765148 0.311131
vt 0.776827 0.311254
vt 0.762247 0.311093
vt 0.763611 0.020712
vt 0.770503 0.012038
vt 0.784131 0.012240
vt 0.794697 0.021069
vt 0.787419 0.034640
vt 0.794557 0.292325
vt 0.789256 0.311375
vt 0.765840 0.328130
vt 0.777116 0.328239
vt 0.763069 0.328103
vt 0.766888 0.011791
vt 0.769776 0.006953
vt 0.783470 0.007236
vt 0.798450 0.012306
vt 0.800435 0.021065
vt 0.794380 0.311431
vt 0.789133 0.328355
vt 0.765598 0.340977
vt 0.776342 0.341080
vt 0.763004 0.340952
vt 0.766093 0.006460
vt 0.769612 0.004467
vt 0.783328 0.004859
vt 0.797825 0.007222
vt 0.804178 0.012148
vt 0.794124 0.328403
vt 0.787827 0.341190
vt 0.765287 0.353615
vt 0.775463 0.353712
vt 0.762882 0.353592
vt 0.765784 0.003647
vt 0.797603 0.004735
vt 0.803506 0.006819
vt 0.792641 0.341236
vt 0.786378 0.353817
vt 0.774600 0.371039
vt 0.764947 0.370947
vt 0.762716 0.370926
vt 0.803110 0.004005
vt 0.791003 0.353862
vt 0.784991 0.371139
vt 0.773941 0.386167
vt 0.764674 0.386077
vt 0.762571 0.386057
vt 0.789442 0.371182
vt 0.783948 0.386262
vt 0.773678 0.392198
vt 0.764564 0.392110
vt 0.762513 0.392091
vt 0.788271 0.386304
vt 0.783532 0.392292
vt 0.773625 0.393422
vt 0.764543 0.393335
vt 0.762501 0.393315
vt 0.787804 0.392333
vt 0.783448 0.393516
vt 0.764529 0.394039
vt 0.773594 0.394126
vt 0.762494 0.394019
vt 0.787709 0.393557
vt 0.783399 0.394220
vt 0.787654 0.394261
vt 0.935176 0.386277
vt 0.948085 0.386034
vt 0.939140 0.406497
vt 0.926098 0.406735
vt 0.951029 0.366876
vt 0.963781 0.366628
vt 0.960281 0.385872
vt 0.951467 0.406327
vt 0.939961 0.427579
vt 0.926814 0.427812
vt 0.920800 0.406904
vt 0.929922 0.386467
vt 0.963848 0.348361
vt 0.976419 0.348110
vt 0.975821 0.366477
vt 0.945831 0.367086
vt 0.963397 0.385928
vt 0.954625 0.406360
vt 0.952393 0.427400
vt 0.953564 0.448839
vt 0.940338 0.449067
vt 0.921479 0.427961
vt 0.963817 0.330562
vt 0.976191 0.330310
vt 0.988279 0.347968
vt 0.958712 0.348589
vt 0.978885 0.366554
vt 0.955584 0.427411
vt 0.966076 0.448652
vt 0.961785 0.470179
vt 0.948506 0.470402
vt 0.934975 0.449197
vt 0.958886 0.313025
vt 0.971049 0.312772
vt 0.987856 0.330175
vt 0.958748 0.330803
vt 0.991286 0.348064
vt 0.969292 0.448644
vt 0.974349 0.469985
vt 0.947323 0.491486
vt 0.934112 0.491703
vt 0.943125 0.470516
vt 0.957002 0.295295
vt 0.968946 0.295039
vt 0.982504 0.312645
vt 0.953888 0.313279
vt 0.990800 0.330287
vt 0.977583 0.469961
vt 0.959710 0.491291
vt 0.940078 0.511206
vt 0.927075 0.511417
vt 0.928610 0.491804
vt 0.956620 0.276825
vt 0.968308 0.276568
vt 0.980183 0.294921
vt 0.952079 0.295563
vt 0.985380 0.312771
vt 0.962776 0.491254
vt 0.951777 0.511019
vt 0.953543 0.528051
vt 0.940641 0.528257
vt 0.921129 0.511514
vt 0.956197 0.257069
vt 0.967567 0.256812
vt 0.979293 0.276460
vt 0.951786 0.277110
vt 0.982988 0.295065
vt 0.954083 0.510983
vt 0.965186 0.527862
vt 0.969632 0.541238
vt 0.956552 0.541460
vt 0.934752 0.528347
vt 0.958445 0.245759
vt 0.966621 0.241599
vt 0.978234 0.256715
vt 0.951471 0.257369
vt 0.982015 0.276623
vt 0.967531 0.527819
vt 0.981813 0.541053
vt 0.975039 0.549909
vt 0.961798 0.550176
vt 0.950979 0.541584
vt 0.954784 0.242023
vt 0.965373 0.236755
vt 0.974562 0.245499
vt 0.980854 0.256896
vt 0.984732 0.541041
vt 0.987526 0.549762
vt 0.974945 0.555046
vt 0.961656 0.555390
vt 0.956359 0.550427
vt 0.976357 0.241676
vt 0.990704 0.549873
vt 0.987554 0.554973
vt 0.975052 0.557625
vt 0.961766 0.558079
vt 0.956320 0.555864
vt 0.990850 0.555308
vt 0.987762 0.557660
vt 0.956569 0.558882
vt 0.991231 0.558324
vn 0.040336 -0.092183 0.994925
vn 0.568431 -0.053558 0.820985
vn 0.560222 -0.042489 0.827252
vn 0.013824 -0.072893 0.997244
vn 0.820267 -0.019467 0.571649
vn 0.816131 -0.016412 0.577634
vn 0.799439 -0.051875 0.598503
vn 0.531957 -0.053046 0.845108
vn -0.116198 -0.039529 0.992439
vn 0.575111 -0.062901 0.815654
vn 0.050376 -0.036765 0.998053
vn 0.855847 -0.070444 0.512409
vn 0.899882 -0.001490 0.436131
vn 0.616065 -0.017890 0.787492
vn 0.170158 -0.030744 0.984937
vn -0.053446 0.038732 0.997819
vn 0.564476 0.033988 0.824749
vn 0.564052 0.071006 0.822680
vn -0.039209 0.081655 0.995889
vn 0.846704 0.020429 0.531672
vn 0.838954 0.047407 0.542133
vn 0.832512 0.037541 0.552733
vn 0.562024 0.058463 0.825052
vn -0.032839 0.070435 0.996976
vn 0.557090 0.038104 0.829578
vn -0.031223 0.054771 0.998011
vn 0.824166 0.019064 0.566027
vn 0.823238 0.001583 0.567694
vn 0.557389 0.022121 0.829957
vn -0.013716 0.045867 0.998853
vn 0.577497 0.033988 0.815685
vn 0.093027 0.042077 0.994774
vn 0.843132 0.020576 0.537313
vn 0.838924 0.058822 0.541060
vn 0.578925 0.044770 0.814151
vn 0.100377 0.015839 0.994823
vn 0.563816 -0.021773 0.825613
vn 0.009395 -0.077248 0.996968
vn 0.815710 0.016643 0.578222
vn 0.547962 -0.005079 0.836488
vn -0.048078 -0.045437 0.997810
vn 0.834845 0.022380 0.550031
vn 0.794511 -0.014810 0.607069
vn 0.518042 -0.003089 0.855349
vn -0.144686 0.020910 0.989257
vn 0.554322 0.023458 0.831972
vn 0.031198 0.094582 0.995028
vn 0.823376 -0.029449 0.566732
vn 0.847811 -0.023927 0.529758
vn 0.580399 0.035700 0.813549
vn 0.132910 0.097806 0.986290
vn 0.013459 -0.962594 0.270615
vn 0.173205 -0.951954 0.252556
vn 0.546863 -0.306883 0.778951
vn -0.327166 -0.444143 0.834086
vn 0.325722 -0.917593 0.227877
vn 0.861006 -0.278340 0.425671
vn 0.874698 -0.004374 0.484649
vn 0.557047 -0.000471 0.830481
vn -0.226255 0.001004 0.974068
vn -0.147787 0.001323 0.989018
vn 0.557950 -0.000606 0.829874
vn 0.558957 -0.005343 0.829179
vn -0.106983 -0.004356 0.994251
vn 0.859997 -0.005875 0.510265
vn 0.852675 -0.009658 0.522352
vn -0.837833 -0.026158 -0.545299
vn -0.847706 0.011265 -0.530347
vn -0.565815 0.039151 -0.823602
vn -0.556696 0.022543 -0.830411
vn -0.850126 0.063869 -0.522692
vn -0.568926 0.068503 -0.819531
vn -0.064241 0.057686 -0.996266
vn -0.042941 0.064512 -0.996993
vn 0.003178 0.082874 -0.996555
vn -0.813797 0.075771 -0.576188
vn -0.535569 0.065426 -0.841953
vn -0.781498 -0.003998 -0.623894
vn -0.501161 0.009301 -0.865304
vn 0.243278 0.032114 -0.969425
vn 0.071219 0.027508 -0.997081
vn -0.850550 0.065403 -0.521811
vn -0.852844 0.091691 -0.514053
vn -0.540443 0.153431 -0.827273
vn -0.559760 0.081282 -0.824659
vn -0.843513 0.095422 -0.528565
vn -0.539919 0.148904 -0.828441
vn 0.126101 0.172280 -0.976943
vn 0.164726 0.172138 -0.971202
vn 0.137641 0.128751 -0.982078
vn -0.843787 0.088319 -0.529361
vn -0.545361 0.133073 -0.827571
vn -0.843992 0.096851 -0.527540
vn -0.549318 0.133259 -0.824919
vn 0.058017 0.140990 -0.988310
vn 0.089760 0.151335 -0.984399
vn -0.821307 0.091552 -0.563093
vn -0.528452 0.124103 -0.839843
vn -0.804391 0.033252 -0.593169
vn -0.513706 0.082718 -0.853969
vn 0.205560 0.135727 -0.969187
vn 0.136821 0.129445 -0.982102
vn -0.823842 -0.027124 -0.566171
vn -0.540507 0.034307 -0.840640
vn 0.082298 0.117766 -0.989625
vn -0.845952 -0.055506 -0.530363
vn -0.565617 -0.031602 -0.824063
vn -0.897760 0.020505 -0.440007
vn -0.618843 0.018097 -0.785307
vn -0.166222 0.012982 -0.986003
vn -0.014030 0.012503 -0.999823
vn -0.851947 0.104458 -0.513104
vn -0.574251 0.067703 -0.815875
vn -0.812100 0.094751 -0.575775
vn -0.531367 0.050495 -0.845635
vn 0.156472 -0.053028 -0.986258
vn 0.013733 -0.006855 -0.999882
vn 0.282531 0.817156 -0.502427
vn -0.320163 0.812277 -0.487547
vn -0.161405 0.955995 -0.244995
vn 0.433137 0.868474 -0.241135
vn -0.717647 0.602115 -0.349914
vn -0.643124 0.745826 -0.173594
vn -0.586704 0.809353 -0.026953
vn -0.035648 0.997901 -0.054059
vn 0.544927 0.836192 -0.061947
vn 0.110461 0.980405 0.163108
vn 0.633126 0.766115 0.110537
vn -0.502672 0.850527 0.154676
vn -0.327380 0.829922 0.451721
vn 0.314506 0.835822 0.449986
vn 0.722731 0.615460 0.314435
vn 0.573288 0.052472 0.817672
vn 0.122344 0.076396 0.989543
vn 0.839927 0.022285 0.542241
vn 0.796620 0.118177 0.592816
vn 0.536871 0.161067 0.828147
vn 0.019461 0.180317 0.983416
vn 0.497783 0.458241 0.736361
vn -0.031246 0.506873 0.861455
vn 0.784618 0.339836 0.518542
vn -0.517942 0.035091 -0.854696
vn 0.164542 -0.001425 -0.986369
vn -0.794864 0.044588 -0.605148
vn -0.816803 0.084104 -0.570753
vn -0.545169 0.122522 -0.829325
vn -0.007246 0.140505 -0.990053
vn -0.496688 0.424461 -0.757056
vn 0.063534 0.481016 -0.874407
vn -0.793130 0.300085 -0.529993
vn -0.828753 0.017023 -0.559356
vn -0.833254 0.009825 -0.552804
vn -0.576231 0.037301 -0.816435
vn -0.566716 0.054500 -0.822109
vn -0.864204 0.043919 -0.501222
vn -0.624329 0.045532 -0.779834
vn -0.173946 0.033291 -0.984192
vn -0.064546 0.066769 -0.995678
vn -0.038528 0.094725 -0.994758
vn -0.846203 0.065190 -0.528859
vn -0.639880 0.049271 -0.766894
vn -0.833836 0.006251 -0.551977
vn -0.630094 0.018360 -0.776302
vn 0.242789 0.040185 -0.969247
vn -0.013694 0.003168 -0.999901
vn -0.844593 -0.023917 -0.534875
vn -0.841878 -0.049414 -0.537401
vn -0.560097 -0.071845 -0.825306
vn -0.556230 -0.035089 -0.830287
vn -0.839629 -0.038452 -0.541797
vn -0.562186 -0.057919 -0.824980
vn 0.019045 -0.071547 -0.997255
vn 0.049917 -0.085961 -0.995047
vn 0.092075 -0.046251 -0.994677
vn -0.838828 -0.019330 -0.544054
vn -0.561695 -0.037762 -0.826482
vn -0.833048 -0.004033 -0.553186
vn -0.556024 -0.023304 -0.830839
vn 0.005882 -0.046168 -0.998916
vn -0.000137 -0.055266 -0.998472
vn -0.807428 -0.024594 -0.589453
vn -0.528282 -0.035592 -0.848323
vn -0.807480 -0.050872 -0.587698
vn -0.531662 -0.038704 -0.846072
vn 0.089734 -0.005500 -0.995951
vn 0.109683 -0.044130 -0.992986
vn -0.834511 -0.009670 -0.550907
vn -0.567640 0.021138 -0.823006
vn -0.044590 0.058092 -0.997315
vn -0.862170 -0.023375 -0.506079
vn -0.655645 0.003309 -0.755062
vn -0.865324 0.024842 -0.500598
vn -0.621131 0.018532 -0.783488
vn -0.165949 0.010874 -0.986074
vn -0.126186 0.047859 -0.990851
vn -0.815396 0.040347 -0.577496
vn -0.558917 -0.016191 -0.829066
vn -0.786137 0.002448 -0.618047
vn -0.528631 -0.049355 -0.847416
vn 0.099557 -0.128052 -0.986758
vn -0.011971 -0.097901 -0.995124
vn -0.326103 -0.917391 -0.228146
vn -0.865932 -0.274745 -0.417945
vn -0.551724 -0.305776 -0.775952
vn -0.174303 -0.951797 -0.252391
vn -0.876269 0.000629 -0.481822
vn -0.559297 -0.000468 -0.828967
vn 0.217749 -0.006964 -0.975980
vn 0.304940 -0.448867 -0.839959
vn -0.013508 -0.962686 -0.270284
vn -0.860495 0.000847 -0.509457
vn -0.851731 0.003813 -0.523965
vn -0.557744 0.004028 -0.830004
vn -0.558393 -0.000600 -0.829577
vn 0.110033 -0.004567 -0.993917
vn 0.145413 -0.009206 -0.989328
vn -0.095324 -0.099799 0.990431
vn 0.534703 -0.029784 0.844515
vn 0.524479 -0.044076 0.850282
vn -0.133235 -0.074239 0.988300
vn 0.816493 0.018535 0.577057
vn 0.805651 -0.018039 0.592116
vn 0.799136 -0.065751 0.597543
vn 0.519514 -0.065335 0.851960
vn -0.148163 -0.041166 0.988106
vn 0.553838 -0.067894 0.829852
vn 0.008653 -0.041077 0.999119
vn 0.831990 -0.074442 0.549774
vn 0.871383 0.007900 0.490540
vn 0.590044 -0.004542 0.807359
vn 0.139494 -0.016824 0.990080
vn -0.155543 -0.264263 0.951825
vn 0.543224 -0.254044 0.800231
vn 0.538632 -0.173524 0.824479
vn -0.169899 -0.205943 0.963702
vn 0.847287 -0.150319 0.509421
vn 0.852504 -0.113744 0.510195
vn 0.842488 -0.097624 0.529795
vn 0.539873 -0.149328 0.828395
vn -0.123539 -0.175242 0.976744
vn 0.536825 -0.134152 0.832960
vn -0.123534 -0.153001 0.980474
vn 0.835329 -0.091842 0.542025
vn 0.828089 -0.101453 0.551340
vn 0.532763 -0.134205 0.835555
vn -0.127180 -0.139286 0.982051
vn 0.554824 -0.123083 0.822813
vn -0.025393 -0.136960 0.990251
vn 0.845971 -0.087867 0.525940
vn 0.860889 -0.022763 0.508284
vn 0.573312 -0.071677 0.816196
vn 0.049889 -0.115139 0.992096
vn 0.550845 -0.031657 0.834007
vn -0.034180 -0.106987 0.993673
vn 0.833758 0.025533 0.551540
vn 0.545081 0.022480 0.838082
vn -0.084942 -0.031774 0.995879
vn 0.824374 0.053016 0.563558
vn 0.810607 -0.021344 0.585201
vn 0.520258 -0.018226 0.853815
vn -0.250292 -0.000262 0.968170
vn 0.574271 -0.057512 0.816643
vn -0.030534 0.025733 0.999202
vn 0.851368 -0.101641 0.514627
vn 0.867694 -0.104320 0.486029
vn 0.593871 -0.060252 0.802301
vn 0.090039 0.005915 0.995921
vn 0.741863 -0.599241 0.300914
vn 0.656002 -0.746395 0.112052
vn 0.111228 -0.979037 0.170633
vn 0.295456 -0.840979 0.453278
vn 0.602294 -0.797931 -0.023401
vn -0.005062 -0.999957 -0.007767
vn -0.607148 -0.794548 0.008038
vn -0.522425 -0.837092 0.162326
vn -0.387516 -0.804340 0.450410
vn 0.544958 -0.822327 -0.163706
vn -0.114591 -0.980547 -0.159365
vn 0.446048 -0.820505 -0.357508
vn -0.245563 -0.903862 -0.350332
vn -0.744322 -0.623476 -0.239296
vn -0.680133 -0.725382 -0.106020
vn -0.788865 -0.026305 -0.614003
vn -0.527160 -0.048672 -0.848371
vn -0.822072 -0.091698 -0.561952
vn -0.550882 -0.115921 -0.826493
vn -0.025577 -0.128953 -0.991321
vn 0.102337 -0.077494 -0.991727
vn -0.817280 -0.311038 -0.485086
vn -0.485135 -0.479496 -0.731250
vn 0.191354 -0.534805 -0.823023
vn 0.865034 -0.048387 0.499375
vn 0.584450 -0.030704 0.810848
vn 0.825827 -0.059277 0.560799
vn 0.543149 -0.082501 0.835573
vn -0.055874 -0.102602 0.993152
vn 0.096449 -0.005782 0.995321
vn 0.822365 -0.269230 0.501229
vn 0.503217 -0.388219 0.772048
vn -0.161043 -0.440956 0.882962
vn 0.991165 0.041822 -0.125870
vn 0.990304 0.055937 -0.127158
vn 0.992407 -0.039725 -0.116405
vn -0.991086 -0.042428 0.126286
vn -0.993146 0.014620 0.115966
vn -0.990374 -0.054715 0.127146
vn 0.993668 -0.063197 -0.092900
vn 0.996643 0.012967 -0.080832
vn -0.990955 0.063289 0.118336
vn -0.992342 -0.023236 0.121320
vn 0.992227 -0.010543 -0.123996
vn 0.992881 -0.010881 -0.118616
vn 0.991610 -0.012982 -0.128613
vn -0.991956 0.003987 0.126519
vn -0.992486 0.007317 0.122141
vn -0.991346 0.001050 0.131268
vn 0.991595 -0.023249 -0.127277
vn 0.991115 -0.036020 -0.128039
vn -0.992128 0.017783 0.123961
vn -0.992047 0.030433 0.122135
vn 0.992780 -0.008130 -0.119675
vn 0.990867 0.047870 -0.126062
vn -0.991624 0.005910 0.129024
vn -0.990035 -0.065237 0.124801
vn 0.988034 0.076307 -0.134036
vn -0.990812 -0.066633 0.117692
vn 0.992392 0.068725 -0.102153
vn 0.992433 -0.032833 -0.118315
vn -0.992271 -0.052182 0.112586
vn -0.992806 0.021148 0.117854
vn 0.984141 -0.128196 -0.122611
vn 0.988766 -0.094515 -0.115795
vn -0.985330 0.117231 0.124024
vn -0.984911 0.122023 0.122721
vn -0.000116 -1.000000 0.000008
vn -0.415390 -0.908148 0.052138
vn 0.413631 -0.908962 -0.051928
vn 0.980952 -0.157367 -0.113878
vn 0.992076 -0.009201 -0.125300
vn -0.992148 0.000613 0.125067
vn -0.981770 -0.152957 0.112831
vn 0.991957 -0.014468 -0.125744
vn 0.992051 -0.013333 -0.125128
vn -0.992233 0.000016 0.124395
vn -0.992148 0.000878 0.125067
vn -0.992812 -0.032348 0.115231
vn -0.989946 -0.086800 0.111685
vn -0.992664 0.028630 0.117466
vn 0.991926 0.039125 -0.120631
vn 0.991029 -0.043041 -0.126527
vn 0.988415 0.101945 -0.112444
vn -0.989876 0.064161 0.126606
vn -0.990658 -0.029797 0.133075
vn 0.991135 -0.057471 -0.119786
vn 0.993820 0.017242 -0.109654
vn -0.992973 -0.035070 0.113027
vn -0.985826 -0.141181 0.090636
vn -0.992618 -0.021228 0.119411
vn 0.992748 0.004529 -0.120127
vn 0.993068 0.015548 -0.116510
vn 0.984782 -0.103833 -0.139364
vn -0.109262 -0.976799 -0.184190
vn -0.992739 -0.013000 0.119586
vn -0.992690 0.004692 0.120602
vn 0.992819 0.008229 -0.119345
vn 0.992256 -0.010492 -0.123765
vn -0.992237 -0.000024 0.124361
vn -0.990274 -0.072105 0.118985
vn 0.992993 -0.002504 -0.118145
vn 0.993108 0.049459 -0.106255
vn -0.986707 -0.118783 0.110906
vn 0.988309 0.109752 -0.105830
vn -0.986470 -0.071689 0.147434
vn -0.987928 0.010146 0.154580
vn 0.986369 0.085245 -0.140744
vn 0.982005 -0.018773 -0.187921
vn -0.975803 0.117146 0.184624
vn -0.975170 0.143257 0.168883
vn 0.974033 -0.144086 -0.174642
vn 0.982809 -0.116670 -0.143092
vn -0.999822 0.011590 0.014911
vn -0.999690 0.005846 0.024216
vn -0.999336 0.032983 0.015473
vn 0.995966 0.061376 -0.065454
vn 0.998025 0.037390 -0.050484
vn 0.991575 0.085613 -0.097207
vn -0.997674 0.060519 0.031353
vn -0.992643 0.090919 0.079956
vn 0.998649 0.029926 -0.042492
vn 0.999446 0.015505 -0.029452
vn 0.994064 -0.030918 -0.104309
vn 0.996381 0.011851 -0.084173
vn -0.990907 0.035154 0.129879
vn -0.987855 0.011408 0.154959
vn 0.999316 0.014727 -0.033926
vn -0.985386 0.064573 0.157622
vn -0.989634 0.054544 0.132850
vn -0.996380 -0.004361 0.084904
vn 0.989564 -0.042602 -0.137655
vn 0.988067 0.016806 -0.153103
vn -0.999093 0.002752 0.042485
vn 0.985838 0.061336 -0.156078
vn 0.869355 -0.004279 0.494169
vn 0.992058 -0.009203 -0.125442
vn 0.992077 -0.010157 -0.125217
vn 0.865892 -0.004637 0.500210
vn 0.190531 -0.006774 -0.981658
vn 0.173793 -0.007316 -0.984755
vn -0.204111 0.000979 0.978947
vn 0.556429 -0.000455 0.830895
vn 0.557513 -0.000489 0.830168
vn -0.179367 0.001050 0.983782
vn -0.866984 0.000668 -0.498335
vn -0.992148 0.000674 0.125068
vn -0.871925 0.000619 -0.489640
vn -0.992148 0.000613 0.125068
vn -0.559907 -0.000448 -0.828555
vn -0.558826 -0.000483 -0.829285
vn 0.992033 -0.009204 -0.125643
vn 0.871374 -0.004310 0.490601
vn 0.200268 -0.006838 -0.979717
vn 0.555427 -0.000458 0.831565
vn -0.221052 0.000996 0.975262
vn -0.992148 0.000613 0.125069
vn -0.875244 0.000627 -0.483682
vn -0.560905 -0.000452 -0.827880
s 1
g polySurface2
usemtl aiStandardSurface2SG
f 52/88/1 215/89/2 321/90/3 218/91/4
f 215/89/2 51/94/5 216/95/6 321/90/3
f 321/90/3 216/95/6 53/106/7 217/96/8
f 218/91/4 321/90/3 217/96/8 54/97/9
f 54/97/9 217/96/8 322/107/10 221/108/11
f 217/96/8 53/106/7 219/116/12 322/107/10
f 322/107/10 219/116/12 55/126/13 220/117/14
f 221/108/11 322/107/10 220/117/14 56/118/15
f 58/160/16 222/161/17 323/151/18 225/150/19
f 222/161/17 57/172/20 223/162/21 323/151/18
f 323/151/18 223/162/21 59/152/22 224/141/23
f 225/150/19 323/151/18 224/141/23 60/140/24
f 60/140/24 224/141/23 324/131/25 228/130/26
f 224/141/23 59/152/22 226/142/27 324/131/25
f 324/131/25 226/142/27 61/132/28 227/121/29
f 228/130/26 324/131/25 227/121/29 62/120/30
f 62/120/30 227/121/29 325/111/31 231/110/32
f 227/121/29 61/132/28 229/122/33 325/111/31
f 325/111/31 229/122/33 63/112/34 230/101/35
f 231/110/32 325/111/31 230/101/35 64/100/36
f 64/100/36 230/101/35 326/93/37 233/92/38
f 230/101/35 63/112/34 232/102/39 326/93/37
f 326/93/37 232/102/39 51/94/5 215/89/2
f 233/92/38 326/93/37 215/89/2 52/88/1
f 56/118/15 220/117/14 327/127/40 236/128/41
f 220/117/14 55/126/13 234/136/42 327/127/40
f 327/127/40 234/136/42 65/146/43 235/137/44
f 236/128/41 327/127/40 235/137/44 66/138/45
f 66/138/45 235/137/44 328/147/46 239/148/47
f 235/137/44 65/146/43 237/156/48 328/147/46
f 328/147/46 237/156/48 67/166/49 238/157/50
f 239/148/47 328/147/46 238/157/50 68/158/51
f 70/8/52 240/1/53 329/4/54 243/9/55
f 240/1/53 69/2/56 241/3/57 329/4/54
f 329/215/54 241/219/57 106/216/58 242/210/59
f 243/214/55 329/215/54 242/210/59 107/209/60
f 72/180/61 244/181/62 330/171/63 246/170/64
f 244/181/62 71/192/65 245/182/66 330/171/63
f 330/171/63 245/182/66 57/172/20 222/161/17
f 246/170/64 330/171/63 222/161/17 58/160/16
f 73/223/67 247/224/68 331/225/69 250/226/70
f 247/224/68 74/229/71 248/230/72 331/225/69
f 331/225/69 248/230/72 75/239/73 249/231/74
f 250/226/70 331/225/69 249/231/74 76/232/75
f 74/229/71 251/237/76 332/238/77 248/230/72
f 251/237/76 77/247/78 252/248/79 332/238/77
f 332/238/77 252/248/79 78/259/80 253/249/81
f 248/230/72 332/238/77 253/249/81 75/239/73
f 79/303/82 254/293/83 333/294/84 257/304/85
f 254/293/83 80/283/86 255/284/87 333/294/84
f 333/294/84 255/284/87 81/292/88 256/302/89
f 257/304/85 333/294/84 256/302/89 82/312/90
f 80/283/86 258/273/91 334/274/92 255/284/87
f 258/273/91 83/263/93 259/264/94 334/274/92
f 334/274/92 259/264/94 84/272/95 260/282/96
f 255/284/87 334/274/92 260/282/96 81/292/88
f 83/263/93 261/253/97 335/254/98 259/264/94
f 261/253/97 85/243/99 262/244/100 335/254/98
f 335/254/98 262/244/100 86/252/101 263/262/102
f 259/264/94 335/254/98 263/262/102 84/272/95
f 85/243/99 264/233/103 336/234/104 262/244/100
f 264/233/103 73/223/67 250/226/70 336/234/104
f 336/234/104 250/226/70 76/232/75 265/242/105
f 262/244/100 336/234/104 265/242/105 86/252/101
f 77/247/78 266/257/106 337/258/107 252/248/79
f 266/257/106 87/267/108 267/268/109 337/258/107
f 337/258/107 267/268/109 88/279/110 268/269/111
f 252/248/79 337/258/107 268/269/111 78/259/80
f 87/267/108 269/277/112 338/278/113 267/268/109
f 269/277/112 89/287/114 270/288/115 338/278/113
f 338/278/113 270/288/115 90/299/116 271/289/117
f 267/268/109 338/278/113 271/289/117 88/279/110
f 92/18/118 272/19/119 339/20/120 275/21/121
f 272/19/119 91/24/122 273/25/123 339/20/120
f 339/20/120 273/25/123 93/34/124 274/26/125
f 275/21/121 339/20/120 274/26/125 94/27/126
f 94/27/126 274/26/125 340/35/127 278/36/128
f 274/26/125 93/34/124 276/40/129 340/35/127
f 340/35/127 276/40/129 95/45/130 277/41/131
f 278/36/128 340/35/127 277/41/131 96/42/132
f 68/158/51 238/157/50 341/167/133 281/168/134
f 238/157/50 67/166/49 279/176/135 341/167/133
f 341/167/133 279/176/135 97/186/136 280/177/137
f 281/168/134 341/167/133 280/177/137 98/178/138
f 98/178/138 280/177/137 342/187/139 283/188/140
f 280/177/137 97/186/136 282/196/141 342/187/139
f 342/46/139 282/47/141 96/42/132 277/41/131
f 283/50/140 342/46/139 277/41/131 95/45/130
f 90/299/116 270/288/115 343/298/142 286/309/143
f 270/288/115 89/287/114 284/297/144 343/298/142
f 343/298/142 284/297/144 99/307/145 285/308/146
f 286/309/143 343/298/142 285/308/146 100/317/147
f 100/317/147 285/308/146 344/316/148 288/321/149
f 285/308/146 99/307/145 287/315/150 344/316/148
f 344/23/148 287/30/150 91/24/122 272/19/119
f 288/22/149 344/23/148 272/19/119 92/18/118
f 1/324/151 289/325/152 345/326/153 292/327/154
f 289/325/152 4/330/155 290/331/156 345/326/153
f 345/326/153 290/331/156 3/340/157 291/332/158
f 292/327/154 345/326/153 291/332/158 2/333/159
f 4/330/155 293/338/160 346/339/161 290/331/156
f 293/338/160 6/348/162 294/349/163 346/339/161
f 346/339/161 294/349/163 5/360/164 295/350/165
f 290/331/156 346/339/161 295/350/165 3/340/157
f 7/404/166 296/394/167 347/395/168 299/405/169
f 296/394/167 10/384/170 297/385/171 347/395/168
f 347/395/168 297/385/171 9/393/172 298/403/173
f 299/405/169 347/395/168 298/403/173 8/413/174
f 10/384/170 300/374/175 348/375/176 297/385/171
f 300/374/175 12/364/177 301/365/178 348/375/176
f 348/375/176 301/365/178 11/373/179 302/383/180
f 297/385/171 348/375/176 302/383/180 9/393/172
f 12/364/177 303/354/181 349/355/182 301/365/178
f 303/354/181 14/344/183 304/345/184 349/355/182
f 349/355/182 304/345/184 13/353/185 305/363/186
f 301/365/178 349/355/182 305/363/186 11/373/179
f 14/344/183 306/334/187 350/335/188 304/345/184
f 306/334/187 1/324/151 292/327/154 350/335/188
f 350/335/188 292/327/154 2/333/159 307/343/189
f 304/345/184 350/335/188 307/343/189 13/353/185
f 6/348/162 308/358/190 351/359/191 294/349/163
f 308/358/190 16/368/192 309/369/193 351/359/191
f 351/359/191 309/369/193 15/380/194 310/370/195
f 294/349/163 351/359/191 310/370/195 5/360/164
f 16/368/192 311/378/196 352/379/197 309/369/193
f 311/378/196 18/388/198 312/389/199 352/379/197
f 352/379/197 312/389/199 17/400/200 313/390/201
f 309/369/193 352/379/197 313/390/201 15/380/194
f 19/16/202 314/17/203 353/15/204 317/10/205
f 314/453/203 108/449/206 315/448/207 353/454/204
f 353/454/204 315/448/207 105/452/208 316/457/209
f 317/10/205 353/15/204 316/13/209 20/11/210
f 22/424/211 318/414/212 354/415/213 320/425/214
f 318/414/212 7/404/166 299/405/169 354/415/213
f 354/415/213 299/405/169 8/413/174 319/423/215
f 320/425/214 354/415/213 319/423/215 21/431/216
f 23/459/217 109/460/218 355/461/219 112/462/220
f 109/460/218 26/465/221 110/466/222 355/461/219
f 355/461/219 110/466/222 25/477/223 111/467/224
f 112/462/220 355/461/219 111/467/224 24/468/225
f 24/468/225 111/467/224 356/478/226 115/479/227
f 111/467/224 25/477/223 113/487/228 356/478/226
f 356/478/226 113/487/228 28/497/229 114/488/230
f 115/479/227 356/478/226 114/488/230 27/489/231
f 29/531/232 116/532/233 357/522/234 119/521/235
f 116/532/233 32/543/236 117/533/237 357/522/234
f 357/522/234 117/533/237 31/523/238 118/512/239
f 119/521/235 357/522/234 118/512/239 30/511/240
f 30/511/240 118/512/239 358/502/241 122/501/242
f 118/512/239 31/523/238 120/513/243 358/502/241
f 358/502/241 120/513/243 34/503/244 121/492/245
f 122/501/242 358/502/241 121/492/245 33/491/246
f 33/491/246 121/492/245 359/482/247 125/481/248
f 121/492/245 34/503/244 123/493/249 359/482/247
f 359/482/247 123/493/249 36/483/250 124/472/251
f 125/481/248 359/482/247 124/472/251 35/471/252
f 35/471/252 124/472/251 360/464/253 127/463/254
f 124/472/251 36/483/250 126/473/255 360/464/253
f 360/464/253 126/473/255 26/465/221 109/460/218
f 127/463/254 360/464/253 109/460/218 23/459/217
f 27/489/231 114/488/230 361/498/256 130/499/257
f 114/488/230 28/497/229 128/507/258 361/498/256
f 361/498/256 128/507/258 38/517/259 129/508/260
f 130/499/257 361/498/256 129/508/260 37/509/261
f 37/509/261 129/508/260 362/518/262 133/519/263
f 129/508/260 38/517/259 131/527/264 362/518/262
f 362/518/262 131/527/264 40/537/265 132/528/266
f 133/519/263 362/518/262 132/528/266 39/529/267
f 41/53/268 134/54/269 363/55/270 137/56/271
f 134/54/269 44/59/272 135/60/273 363/55/270
f 363/55/270 135/60/273 43/69/274 136/61/275
f 137/56/271 363/55/270 136/61/275 42/62/276
f 44/59/272 138/67/277 364/68/278 135/60/273
f 138/67/277 46/74/279 139/75/280 364/68/278
f 364/68/278 139/75/280 45/82/281 140/76/282
f 135/60/273 364/68/278 140/76/282 43/69/274
f 18/388/198 141/398/283 365/399/284 312/389/199
f 141/398/283 48/408/285 142/409/286 365/399/284
f 365/399/284 142/409/286 47/420/287 143/410/288
f 312/389/199 365/399/284 143/410/288 17/400/200
f 48/408/285 144/418/289 366/419/290 142/409/286
f 144/85/289 45/82/281 139/75/280 366/80/290
f 366/80/290 139/75/280 46/74/279 145/81/291
f 142/409/286 366/419/290 145/428/291 47/420/287
f 40/537/265 146/546/292 367/538/293 132/528/266
f 146/546/292 50/552/294 147/547/295 367/538/293
f 367/538/293 147/547/295 49/548/296 148/539/297
f 132/528/266 367/538/293 148/539/297 39/529/267
f 50/552/294 149/557/298 368/553/299 147/547/295
f 149/63/298 41/53/268 137/56/271 368/64/299
f 368/64/299 137/56/271 42/62/276 150/72/300
f 147/547/295 368/553/299 150/554/300 49/548/296
f 2/333/159 291/332/158 369/341/301 152/342/302
f 291/332/158 3/340/157 151/351/303 369/341/301
f 369/105/301 151/115/303 53/106/7 216/95/6
f 152/104/302 369/105/301 216/95/6 51/94/5
f 4/330/155 289/325/152 370/329/304 154/337/305
f 289/325/152 1/324/151 153/328/306 370/329/304
f 370/98/304 153/99/306 52/88/1 218/91/4
f 154/109/305 370/98/304 218/91/4 54/97/9
f 3/340/157 295/350/165 371/361/307 151/351/303
f 295/350/165 5/360/164 155/371/308 371/361/307
f 371/125/307 155/135/308 55/126/13 219/116/12
f 151/115/303 371/125/307 219/116/12 53/106/7
f 6/348/162 293/338/160 372/347/309 156/357/310
f 293/338/160 4/330/155 154/337/305 372/347/309
f 372/119/309 154/109/305 54/97/9 221/108/11
f 156/129/310 372/119/309 221/108/11 56/118/15
f 8/413/174 298/403/173 373/412/311 158/422/312
f 298/403/173 9/393/172 157/402/313 373/412/311
f 373/174/311 157/164/313 59/152/22 223/162/21
f 158/184/312 373/174/311 223/162/21 57/172/20
f 10/384/170 296/394/167 374/396/314 160/386/315
f 296/394/167 7/404/166 159/406/316 374/396/314
f 374/163/314 159/173/316 58/160/16 225/150/19
f 160/153/315 374/163/314 225/150/19 60/140/24
f 9/393/172 302/383/180 375/392/317 157/402/313
f 302/383/180 11/373/179 161/382/318 375/392/317
f 375/154/317 161/144/318 61/132/28 226/142/27
f 157/164/313 375/154/317 226/142/27 59/152/22
f 12/364/177 300/374/175 376/376/319 162/366/320
f 300/374/175 10/384/170 160/386/315 376/376/319
f 376/143/319 160/153/315 60/140/24 228/130/26
f 162/133/320 376/143/319 228/130/26 62/120/30
f 11/373/179 305/363/186 377/372/321 161/382/318
f 305/363/186 13/353/185 163/362/322 377/372/321
f 377/134/321 163/124/322 63/112/34 229/122/33
f 161/144/318 377/134/321 229/122/33 61/132/28
f 14/344/183 303/354/181 378/356/323 164/346/324
f 303/354/181 12/364/177 162/366/320 378/356/323
f 378/123/323 162/133/320 62/120/30 231/110/32
f 164/113/324 378/123/323 231/110/32 64/100/36
f 13/353/185 307/343/189 379/352/325 163/362/322
f 307/343/189 2/333/159 152/342/302 379/352/325
f 379/114/325 152/104/302 51/94/5 232/102/39
f 163/124/322 379/114/325 232/102/39 63/112/34
f 1/324/151 306/334/187 380/336/326 153/328/306
f 306/334/187 14/344/183 164/346/324 380/336/326
f 380/103/326 164/113/324 64/100/36 233/92/38
f 153/99/306 380/103/326 233/92/38 52/88/1
f 5/360/164 310/370/195 381/381/327 155/371/308
f 310/370/195 15/380/194 165/391/328 381/381/327
f 381/145/327 165/155/328 65/146/43 234/136/42
f 155/135/308 381/145/327 234/136/42 55/126/13
f 16/368/192 308/358/190 382/367/329 166/377/330
f 308/358/190 6/348/162 156/357/310 382/367/329
f 382/139/329 156/129/310 56/118/15 236/128/41
f 166/149/330 382/139/329 236/128/41 66/138/45
f 15/380/194 313/390/201 383/401/331 165/391/328
f 313/390/201 17/400/200 167/411/332 383/401/331
f 383/165/331 167/175/332 67/166/49 237/156/48
f 165/155/328 383/165/331 237/156/48 65/146/43
f 18/388/198 311/378/196 384/387/333 168/397/334
f 311/378/196 16/368/192 166/377/330 384/387/333
f 384/159/333 166/149/330 66/138/45 239/148/47
f 168/169/334 384/159/333 239/148/47 68/158/51
f 19/16/202 317/10/205 385/5/335 170/12/336
f 317/10/205 20/11/210 169/6/337 385/5/335
f 385/5/335 169/6/337 69/2/56 240/1/53
f 170/12/336 385/5/335 240/1/53 70/8/52
f 20/11/210 316/13/209 386/7/338 169/6/337
f 316/457/209 105/452/208 171/456/339 386/458/338
f 386/222/338 171/221/339 106/216/58 241/219/57
f 169/6/337 386/7/338 241/3/57 69/2/56
f 107/209/60 172/217/340 387/220/341 243/214/55
f 172/450/340 108/449/206 314/453/203 387/455/341
f 387/14/341 314/17/203 19/16/202 170/12/336
f 243/9/55 387/14/341 170/12/336 70/8/52
f 21/431/216 319/423/215 388/430/342 173/436/343
f 319/423/215 8/413/174 158/422/312 388/430/342
f 388/194/342 158/184/312 57/172/20 245/182/66
f 173/202/343 388/194/342 245/182/66 71/192/65
f 7/404/166 318/414/212 389/416/344 159/406/316
f 318/414/212 22/424/211 174/426/345 389/416/344
f 389/183/344 174/193/345 72/180/61 246/170/64
f 159/173/316 389/183/344 246/170/64 58/160/16
f 23/459/217 112/462/220 390/469/346 176/470/347
f 112/462/220 24/468/225 175/480/348 390/469/346
f 390/228/346 175/235/348 74/229/71 247/224/68
f 176/227/347 390/228/346 247/224/68 73/223/67
f 25/477/223 110/466/222 391/476/349 178/486/350
f 110/466/222 26/465/221 177/475/351 391/476/349
f 391/240/349 177/241/351 76/232/75 249/231/74
f 178/250/350 391/240/349 249/231/74 75/239/73
f 24/468/225 115/479/227 392/490/352 175/480/348
f 115/479/227 27/489/231 179/500/353 392/490/352
f 392/245/352 179/255/353 77/247/78 251/237/76
f 175/235/348 392/245/352 251/237/76 74/229/71
f 28/497/229 113/487/228 393/496/354 180/506/355
f 113/487/228 25/477/223 178/486/350 393/496/354
f 393/260/354 178/250/350 75/239/73 253/249/81
f 180/270/355 393/260/354 253/249/81 78/259/80
f 29/531/232 119/521/235 394/534/356 182/541/357
f 119/521/235 30/511/240 181/524/358 394/534/356
f 394/296/356 181/286/358 80/283/86 254/293/83
f 182/306/357 394/296/356 254/293/83 79/303/82
f 31/523/238 117/533/237 395/544/359 184/535/360
f 117/533/237 32/543/236 183/550/361 395/544/359
f 395/311/359 183/319/361 82/312/90 256/302/89
f 184/301/360 395/311/359 256/302/89 81/292/88
f 32/543/236 116/532/233 396/542/362 183/550/361
f 116/532/233 29/531/232 182/541/357 396/542/362
f 396/313/362 182/306/357 79/303/82 257/304/85
f 183/319/361 396/313/362 257/304/85 82/312/90
f 30/511/240 122/501/242 397/514/363 181/524/358
f 122/501/242 33/491/246 185/504/364 397/514/363
f 397/276/363 185/266/364 83/263/93 258/273/91
f 181/286/358 397/276/363 258/273/91 80/283/86
f 34/503/244 120/513/243 398/525/365 186/515/366
f 120/513/243 31/523/238 184/535/360 398/525/365
f 398/291/365 184/301/360 81/292/88 260/282/96
f 186/281/366 398/291/365 260/282/96 84/272/95
f 33/491/246 125/481/248 399/494/367 185/504/364
f 125/481/248 35/471/252 187/484/368 399/494/367
f 399/256/367 187/246/368 85/243/99 261/253/97
f 185/266/364 399/256/367 261/253/97 83/263/93
f 36/483/250 123/493/249 400/505/369 188/495/370
f 123/493/249 34/503/244 186/515/366 400/505/369
f 400/271/369 186/281/366 84/272/95 263/262/102
f 188/261/370 400/271/369 263/262/102 86/252/101
f 35/471/252 127/463/254 401/474/371 187/484/368
f 127/463/254 23/459/217 176/470/347 401/474/371
f 401/236/371 176/227/347 73/223/67 264/233/103
f 187/246/368 401/236/371 264/233/103 85/243/99
f 26/465/221 126/473/255 402/485/372 177/475/351
f 126/473/255 36/483/250 188/495/370 402/485/372
f 402/251/372 188/261/370 86/252/101 265/242/105
f 177/241/351 402/251/372 265/242/105 76/232/75
f 27/489/231 130/499/257 403/510/373 179/500/353
f 130/499/257 37/509/261 189/520/374 403/510/373
f 403/265/373 189/275/374 87/267/108 266/257/106
f 179/255/353 403/265/373 266/257/106 77/247/78
f 38/517/259 128/507/258 404/516/375 190/526/376
f 128/507/258 28/497/229 180/506/355 404/516/375
f 404/280/375 180/270/355 78/259/80 268/269/111
f 190/290/376 404/280/375 268/269/111 88/279/110
f 37/509/261 133/519/263 405/530/377 189/520/374
f 133/519/263 39/529/267 191/540/378 405/530/377
f 405/285/377 191/295/378 89/287/114 269/277/112
f 189/275/374 405/285/377 269/277/112 87/267/108
f 40/537/265 131/527/264 406/536/379 192/545/380
f 131/527/264 38/517/259 190/526/376 406/536/379
f 406/300/379 190/290/376 88/279/110 271/289/117
f 192/310/380 406/300/379 271/289/117 90/299/116
f 42/62/276 136/61/275 407/70/381 194/71/382
f 136/61/275 43/69/274 193/77/383 407/70/381
f 407/33/381 193/39/383 93/34/124 273/25/123
f 194/32/382 407/33/381 273/25/123 91/24/122
f 44/59/272 134/54/269 408/58/384 196/66/385
f 134/54/269 41/53/268 195/57/386 408/58/384
f 408/28/384 195/29/386 92/18/118 275/21/121
f 196/37/385 408/28/384 275/21/121 94/27/126
f 43/69/274 140/76/282 409/83/387 193/77/383
f 140/76/282 45/82/281 197/86/388 409/83/387
f 409/44/387 197/49/388 95/45/130 276/40/129
f 193/39/383 409/44/387 276/40/129 93/34/124
f 46/74/279 138/67/277 410/73/389 198/79/390
f 138/67/277 44/59/272 196/66/385 410/73/389
f 410/43/389 196/37/385 94/27/126 278/36/128
f 198/48/390 410/43/389 278/36/128 96/42/132
f 17/400/200 143/410/288 411/421/391 167/411/332
f 143/410/288 47/420/287 199/429/392 411/421/391
f 411/185/391 199/195/392 97/186/136 279/176/135
f 167/175/332 411/185/391 279/176/135 67/166/49
f 48/408/285 141/398/283 412/407/393 200/417/394
f 141/398/283 18/388/198 168/397/334 412/407/393
f 412/179/393 168/169/334 68/158/51 281/168/134
f 200/189/394 412/179/393 281/168/134 98/178/138
f 47/420/287 145/428/291 413/435/395 199/429/392
f 145/81/291 46/74/279 198/79/390 413/84/395
f 413/51/395 198/48/390 96/42/132 282/47/141
f 199/195/392 413/203/395 282/196/141 97/186/136
f 45/82/281 144/85/289 414/87/396 197/86/388
f 144/418/289 48/408/285 200/417/394 414/427/396
f 414/197/396 200/189/394 98/178/138 283/188/140
f 197/49/388 414/52/396 283/50/140 95/45/130
f 39/529/267 148/539/297 415/549/397 191/540/378
f 148/539/297 49/548/296 201/555/398 415/549/397
f 415/305/397 201/314/398 99/307/145 284/297/144
f 191/295/378 415/305/397 284/297/144 89/287/114
f 50/552/294 146/546/292 416/551/399 202/556/400
f 146/546/292 40/537/265 192/545/380 416/551/399
f 416/318/399 192/310/380 90/299/116 286/309/143
f 202/322/400 416/318/399 286/309/143 100/317/147
f 49/548/296 150/554/300 417/558/401 201/555/398
f 150/72/300 42/62/276 194/71/382 417/78/401
f 417/38/401 194/32/382 91/24/122 287/30/150
f 201/314/398 417/320/401 287/315/150 99/307/145
f 41/53/268 149/63/298 418/65/402 195/57/386
f 149/557/298 50/552/294 202/556/400 418/559/402
f 418/323/402 202/322/400 100/317/147 288/321/149
f 195/29/386 418/31/402 288/22/149 92/18/118
f 102/206/403 203/213/404 419/208/405 205/200/406
f 203/446/404 101/442/407 204/437/408 419/441/405
f 419/441/405 204/437/408 21/431/216 173/436/343
f 205/200/406 419/208/405 173/202/343 71/192/65
f 103/198/409 206/199/410 420/191/411 207/190/412
f 206/199/410 102/206/403 205/200/406 420/191/411
f 420/191/411 205/200/406 71/192/65 244/181/62
f 207/190/412 420/191/411 244/181/62 72/180/61
f 22/424/211 208/433/413 421/434/414 174/426/345
f 208/433/413 104/439/415 209/440/416 421/434/414
f 421/201/414 209/207/416 103/198/409 207/190/412
f 174/193/345 421/201/414 207/190/412 72/180/61
f 101/442/407 210/438/417 422/432/418 204/437/408
f 210/438/417 104/439/415 208/433/413 422/432/418
f 422/432/418 208/433/413 22/424/211 320/425/214
f 204/437/408 422/432/418 320/425/214 21/431/216
f 106/216/58 171/221/339 423/218/419 212/211/420
f 171/456/339 105/452/208 211/447/421 423/451/419
f 423/451/419 211/447/421 101/442/407 203/446/404
f 212/211/420 423/218/419 203/213/404 102/206/403
f 107/209/60 242/210/59 424/205/422 213/204/423
f 242/210/59 106/216/58 212/211/420 424/205/422
f 424/205/422 212/211/420 102/206/403 206/199/410
f 213/204/423 424/205/422 206/199/410 103/198/409
f 103/198/409 209/207/416 425/212/424 213/204/423
f 209/440/416 104/439/415 214/444/425 425/445/424
f 425/445/424 214/444/425 108/449/206 172/450/340
f 213/204/423 425/212/424 172/217/340 107/209/60
f 105/452/208 315/448/207 426/443/426 211/447/421
f 315/448/207 108/449/206 214/444/425 426/443/426
f 426/443/426 214/444/425 104/439/415 210/438/417
f 211/447/421 426/443/426 210/438/417 101/442/407
g default
v -1.576995 -6.766815 -1.576995
v 1.576995 -6.766815 -1.576995
v -1.576995 -6.766815 1.576995
v 1.576995 -6.766815 1.576995
v 0.000000 -6.766815 -2.078460
v -0.000000 -6.766815 2.078460
v -2.078460 -6.766815 0.000000
v -0.000000 -6.766815 -0.000000
v 2.078460 -6.766815 -0.000000
v -0.871578 -6.766815 -1.923575
v -1.054679 -6.766815 0.000000
v -0.871578 -6.766815 1.923575
v 0.871578 -6.766815 -1.923575
v 1.054679 -6.766815 -0.000000
v 0.871578 -6.766815 1.923575
v -1.923575 -6.766815 0.871578
v -0.994369 -6.766815 0.994369
v 0.000000 -6.766815 1.054679
v 0.994369 -6.766815 0.994369
v 1.923575 -6.766815 0.871578
v -1.923575 -6.766815 -0.871578
v -0.994369 -6.766815 -0.994369
v 0.000000 -6.766815 -1.054679
v 0.994369 -6.766815 -0.994369
v 1.923575 -6.766815 -0.871578
v -2.002408 -6.732657 -2.002408
v -1.083695 -6.732657 -2.616271
v -2.616271 -6.732657 -1.083695
v 2.002408 -6.732657 -2.002408
v 2.616271 -6.732657 -1.083695
v -2.002408 -6.732657 2.002407
v -1.083695 -6.732657 2.616271
v 0.000000 -6.732657 -2.831832
v 1.083695 -6.732657 -2.616271
v -0.000000 -6.732657 2.831831
v 1.083695 -6.732657 2.616271
v -2.831831 -6.732657 0.000000
v -2.616271 -6.732657 1.083695
v 2.831831 -6.732657 0.000000
v 2.616271 -6.732657 1.083695
v 2.002408 -6.732657 2.002407
v -3.395303 6.838915 -3.395303
v -1.837524 6.838913 -4.436176
v -4.436177 6.838913 -1.837524
v 3.395303 6.838913 -3.395303
v 4.436176 6.838913 -1.837525
v -3.395303 6.838913 3.395303
v -1.837525 6.838913 4.436177
v 0.000000 6.838913 -4.801684
v 1.837524 6.838913 -4.436177
v -0.000000 6.838913 4.801684
v 1.837524 6.838913 4.436176
v -4.801684 6.838913 0.000000
v -4.436176 6.838913 1.837524
v 4.801684 6.838913 -0.000000
v 4.436177 6.838913 1.837524
v 3.395303 6.838913 3.395303
v -3.265463 1.534853 -3.265463
v -1.767256 1.534853 -4.266533
v 0.000000 1.534853 -4.618061
v 1.767256 1.534853 -4.266533
v 3.265463 1.534853 -3.265463
v 4.266533 1.534853 -1.767256
v 4.618061 1.534853 -0.000000
v 4.266533 1.534853 1.767256
v 3.265463 1.534853 3.265463
v 1.767256 1.534853 4.266532
v -0.000000 1.534853 4.618061
v -1.767256 1.534853 4.266533
v -3.265463 1.534853 3.265463
v -4.266533 1.534853 1.767256
v -4.618061 1.534853 0.000000
v -4.266533 1.534853 -1.767256
v -2.772810 -3.001406 -2.772810
v -1.500634 -3.001406 -3.622852
v 0.000000 -3.001406 -3.921346
v 1.500634 -3.001406 -3.622851
v 2.772811 -3.001406 -2.772810
v 3.622852 -3.001406 -1.500634
v 3.921346 -3.001406 -0.000000
v 3.622851 -3.001406 1.500634
v 2.772811 -3.001406 2.772810
v 1.500634 -3.001406 3.622852
v -0.000000 -3.001406 3.921346
v -1.500634 -3.001406 3.622851
v -2.772810 -3.001406 2.772811
v -3.622852 -3.001406 1.500634
v -3.921346 -3.001406 0.000000
v -3.622851 -3.001406 -1.500634
v -3.070053 -0.668260 -3.070053
v -1.661500 -0.668260 -4.011217
v 0.000000 -0.668260 -4.341710
v 1.661500 -0.668260 -4.011217
v 3.070053 -0.668260 -3.070053
v 4.011217 -0.668260 -1.661500
v 4.341710 -0.668260 -0.000000
v 4.011218 -0.668260 1.661500
v 3.070054 -0.668260 3.070052
v 1.661500 -0.668260 4.011217
v -0.000000 -0.668260 4.341710
v -1.661501 -0.668260 4.011218
v -3.070053 -0.668260 3.070054
v -4.011217 -0.668260 1.661500
v -4.341710 -0.668260 0.000000
v -4.011217 -0.668260 -1.661500
v -3.361374 4.131766 -3.361374
v -1.819163 4.131767 -4.391848
v 0.000000 4.131767 -4.753702
v 1.819163 4.131767 -4.391848
v 3.361374 4.131767 -3.361374
v 4.391848 4.131767 -1.819163
v 4.753702 4.131767 -0.000000
v 4.391848 4.131767 1.819162
v 3.361374 4.131767 3.361374
v 1.819162 4.131767 4.391848
v -0.000000 4.131767 4.753702
v -1.819163 4.131767 4.391848
v -3.361374 4.131767 3.361374
v -4.391848 4.131767 1.819163
v -4.753702 4.131767 0.000000
v -4.391848 4.131767 -1.819163
v -2.186357 -5.841903 -2.186357
v -1.183248 -5.841903 -2.856614
v 0.000000 -5.841903 -3.091977
v 1.183248 -5.841903 -2.856614
v 2.186358 -5.841903 -2.186358
v 2.856614 -5.841903 -1.183248
v 3.091977 -5.841903 -0.000000
v 2.856614 -5.841903 1.183248
v 2.186358 -5.841903 2.186357
v 1.183248 -5.841903 2.856614
v -0.000000 -5.841903 3.091977
v -1.183248 -5.841903 2.856614
v -2.186358 -5.841903 2.186358
v -2.856614 -5.841903 1.183248
v -3.091977 -5.841903 0.000000
v -2.856614 -5.841903 -1.183248
v -2.029795 -6.494937 -2.029795
v -1.098517 -6.494937 -2.652056
v 0.000000 -6.494937 -2.870563
v 1.098517 -6.494937 -2.652056
v 2.029795 -6.494937 -2.029795
v 2.652056 -6.494937 -1.098517
v 2.870563 -6.494937 -0.000000
v 2.652056 -6.494937 1.098517
v 2.029795 -6.494937 2.029795
v 1.098517 -6.494937 2.652056
v -0.000000 -6.494937 2.870563
v -1.098517 -6.494937 2.652056
v -2.029795 -6.494937 2.029795
v -2.652056 -6.494937 1.098517
v -2.870563 -6.494937 0.000000
v -2.652056 -6.494937 -1.098517
v -1.898679 -6.766815 -1.898679
v -1.027558 -6.766815 -2.480744
v 0.000000 -6.766815 -2.685137
v 1.027558 -6.766815 -2.480744
v 1.898679 -6.766815 -1.898679
v 2.480744 -6.766815 -1.027558
v 2.685137 -6.766815 0.000000
v 2.480744 -6.766815 1.027557
v 1.898679 -6.766815 1.898679
v 1.027557 -6.766815 2.480744
v -0.000000 -6.766815 2.685137
v -1.027558 -6.766815 2.480744
v -1.898679 -6.766815 1.898679
v -2.480744 -6.766815 1.027558
v -2.685137 -6.766815 0.000000
v -2.480744 -6.766815 -1.027558
v -2.234778 -7.151702 -2.234778
v -1.209453 -7.151701 -2.919879
v -2.306109 -6.622638 -2.306109
v -1.248057 -6.622638 -3.013077
v -2.919877 -7.151702 -1.209454
v -3.013077 -6.622638 -1.248057
v 2.234779 -7.151702 -2.234778
v 2.919878 -7.151702 -1.209454
v 2.306110 -6.622638 -2.306109
v 3.013077 -6.622638 -1.248057
v -2.234778 -7.151702 2.234778
v -1.209454 -7.151701 2.919877
v -1.248057 -6.622638 3.013077
v -2.306109 -6.622638 2.306110
v 0.000000 -7.151700 -3.160454
v 1.209453 -7.151701 -2.919878
v 0.000000 -6.622638 -3.261331
v 1.248057 -6.622638 -3.013077
v 0.000000 -7.151702 3.160452
v 1.209453 -7.151703 2.919877
v 1.248057 -6.622638 3.013077
v 0.000000 -6.622638 3.261331
v -3.160452 -7.151702 0.000000
v -2.919877 -7.151702 1.209454
v -3.013077 -6.622639 1.248057
v -3.261331 -6.622638 0.000000
v 3.160452 -7.151702 -0.000000
v 2.919877 -7.151702 1.209453
v 3.261331 -6.622638 -0.000000
v 3.013077 -6.622638 1.248057
v 2.234778 -7.151702 2.234778
v 2.306110 -6.622638 2.306109
v -3.547173 1.497324 -3.547172
v -1.919716 1.497325 -4.634604
v -3.644150 4.125355 -3.644150
v -1.972199 4.125354 -4.761311
v 0.000000 1.497325 -5.016458
v 0.000000 4.125354 -5.153606
v 1.919716 1.497325 -4.634604
v 1.972199 4.125354 -4.761311
v 3.547173 1.497325 -3.547173
v 3.644150 4.125354 -3.644149
v 4.634604 1.497325 -1.919716
v 4.761311 4.125354 -1.972200
v 5.016458 1.497325 -0.000000
v 5.153606 4.125354 -0.000000
v 4.634604 1.497325 1.919716
v 4.761311 4.125354 1.972199
v 3.547173 1.497325 3.547172
v 3.644149 4.125354 3.644149
v 1.919716 1.497325 4.634604
v 1.972199 4.125354 4.761311
v -0.000000 1.497325 5.016458
v -0.000000 4.125354 5.153606
v -1.919716 1.497325 4.634604
v -1.972200 4.125354 4.761311
v -3.547173 1.497325 3.547173
v -3.644150 4.125354 3.644149
v -4.634604 1.497325 1.919716
v -4.761311 4.125354 1.972199
v -5.016458 1.497325 0.000000
v -5.153606 4.125354 0.000000
v -4.634604 1.497325 -1.919716
v -4.761311 4.125354 -1.972199
v -3.047676 -3.096920 -3.047676
v -1.649390 -3.096920 -3.981981
v -3.349565 -0.729606 -3.349565
v -1.812771 -0.729606 -4.376418
v 0.000000 -3.096920 -4.310065
v 0.000000 -0.729606 -4.736999
v 1.649390 -3.096920 -3.981981
v 1.812772 -0.729606 -4.376418
v 3.047677 -3.096920 -3.047676
v 3.349565 -0.729606 -3.349565
v 3.981981 -3.096920 -1.649390
v 4.376417 -0.729606 -1.812771
v 4.310065 -3.096920 -0.000000
v 4.736999 -0.729606 -0.000000
v 3.981981 -3.096920 1.649390
v 4.376417 -0.729606 1.812771
v 3.047676 -3.096920 3.047676
v 3.349565 -0.729606 3.349565
v 1.649390 -3.096920 3.981981
v 1.812771 -0.729606 4.376418
v -0.000000 -3.096920 4.310065
v -0.000000 -0.729606 4.736999
v -1.649390 -3.096920 3.981981
v -1.812772 -0.729606 4.376418
v -3.047676 -3.096920 3.047677
v -3.349565 -0.729606 3.349565
v -3.981981 -3.096920 1.649390
v -4.376417 -0.729606 1.812771
v -4.310065 -3.096920 0.000000
v -4.736999 -0.729606 0.000000
v -3.981981 -3.096920 -1.649390
v -4.376417 -0.729606 -1.812771
v -3.607441 6.846031 -3.607441
v -1.952333 6.846031 -4.713349
v 0.000000 6.846031 -5.101693
v 1.952333 6.846031 -4.713349
v 3.607442 6.846031 -3.607442
v 4.713349 6.846031 -1.952333
v 5.101693 6.846031 -0.000000
v 4.713349 6.846031 1.952332
v 3.607441 6.846031 3.607442
v 1.952332 6.846031 4.713349
v -0.000000 6.846031 5.101693
v -1.952333 6.846031 4.713349
v -3.607442 6.846031 3.607441
v -4.713349 6.846031 1.952333
v -5.101693 6.846031 0.000000
v -4.713349 6.846031 -1.952333
v -2.453494 -5.976623 -2.453494
v -1.327821 -5.976623 -3.205644
v -0.000000 -5.976623 -3.469763
v 1.327821 -5.976623 -3.205645
v 2.453494 -5.976623 -2.453494
v 3.205644 -5.976623 -1.327821
v 3.469763 -5.976623 -0.000000
v 3.205644 -5.976623 1.327821
v 2.453494 -5.976623 2.453493
v 1.327821 -5.976623 3.205644
v 0.000000 -5.976623 3.469763
v -1.327821 -5.976623 3.205644
v -2.453494 -5.976623 2.453494
v -3.205644 -5.976623 1.327821
v -3.469764 -5.976623 0.000000
v -3.205644 -5.976623 -1.327821
v -2.282344 -7.004369 -2.282344
v -1.235195 -7.004368 -2.982027
v 0.000000 -7.004367 -3.227722
v 1.235195 -7.004368 -2.982027
v 2.282344 -7.004369 -2.282344
v 2.982026 -7.004369 -1.235196
v 3.227721 -7.004369 -0.000000
v 2.982025 -7.004369 1.235195
v 2.282344 -7.004369 2.282344
v 1.235196 -7.004370 2.982025
v 0.000000 -7.004369 3.227721
v -1.235196 -7.004368 2.982025
v -2.282344 -7.004369 2.282344
v -2.982025 -7.004369 1.235196
v -3.227720 -7.004369 0.000000
v -2.982025 -7.004369 -1.235196
v -3.645349 6.397749 -3.645348
v -1.972848 6.397750 -4.762875
v 0.000000 6.397750 -5.155302
v 1.972848 6.397750 -4.762877
v 3.645348 6.397750 -3.645349
v 4.762877 6.397750 -1.972848
v 5.155302 6.397750 -0.000000
v 4.762877 6.397750 1.972847
v 3.645349 6.397750 3.645348
v 1.972847 6.397750 4.762877
v -0.000000 6.397750 5.155302
v -1.972848 6.397750 4.762877
v -3.645349 6.397750 3.645349
v -4.762877 6.397750 1.972848
v -5.155302 6.397750 0.000000
v -4.762877 6.397750 -1.972848
v -3.362612 6.368247 -3.362612
v -4.393465 6.368247 -1.819832
v -4.755452 6.368247 0.000000
v -4.393465 6.368247 1.819832
v -3.362612 6.368247 3.362612
v -1.819832 6.368247 4.393465
v -0.000000 6.368247 4.755452
v 1.819832 6.368247 4.393465
v 3.362612 6.368247 3.362612
v 4.393465 6.368247 1.819832
v 4.755452 6.368247 -0.000000
v 4.393465 6.368247 -1.819832
v 3.362612 6.368247 -3.362612
v 1.819832 6.368247 -4.393465
v 0.000000 6.368247 -4.755452
v -1.819832 6.368247 -4.393465
v -1.801414 -6.870558 0.816227
v -0.931219 -6.870558 0.931219
v -0.816227 -6.870558 1.801414
v -1.476844 -6.870558 1.476844
v 0.000000 -6.870558 0.987699
v -0.000000 -6.870558 1.946462
v 0.931219 -6.870558 0.931219
v 0.816227 -6.870558 1.801413
v -1.801414 -6.870558 -0.816227
v -0.931219 -6.870558 -0.931218
v -0.987699 -6.870558 -0.000000
v -1.946463 -6.870558 -0.000000
v 0.000000 -6.870558 -0.987699
v 0.931219 -6.870558 -0.931219
v 0.987699 -6.870558 0.000000
v -0.000000 -6.870558 0.000000
v 1.946463 -6.870558 0.000000
v 1.801414 -6.870558 -0.816227
v 1.801414 -6.870558 0.816227
v 1.476844 -6.870558 1.476844
v -1.476844 -6.870558 -1.476844
v -0.816227 -6.870558 -1.801414
v 0.000000 -6.870558 -1.946462
v 0.816227 -6.870558 -1.801414
v 1.476844 -6.870558 -1.476844
v -1.786022 -6.907590 -1.786022
v -0.966588 -6.907590 -2.333551
v -2.333549 -6.907590 -0.966588
v 1.786022 -6.907590 -1.786022
v 2.333550 -6.907590 -0.966588
v -0.966588 -6.907590 2.333550
v -1.786022 -6.907590 1.786022
v 0.000000 -6.907590 -2.525818
v 0.966588 -6.907590 -2.333550
v 0.966588 -6.907590 2.333549
v -0.000000 -6.907590 2.525817
v -2.333549 -6.907590 0.966588
v -2.525816 -6.907590 0.000000
v 2.525816 -6.907590 0.000000
v 2.333549 -6.907590 0.966588
v 1.786022 -6.907590 1.786021
v -0.935325 -6.766815 -2.258074
v -1.491502 -6.766815 -2.232190
v -1.728256 -6.766815 -1.728256
v -2.232190 -6.766815 -1.491502
v -2.258074 -6.766815 -0.935325
v 2.258074 -6.766815 -0.935325
v 2.232190 -6.766815 -1.491502
v 1.728256 -6.766815 -1.728256
v -1.728256 -6.766815 1.728256
v -1.491502 -6.766815 2.232190
v -0.935325 -6.766815 2.258074
v 0.935325 -6.766815 -2.258074
v 0.523746 -6.766815 -2.633048
v 0.000000 -6.766815 -2.444123
v -0.000000 -6.766815 2.444123
v 0.523746 -6.766815 2.633048
v 0.935325 -6.766815 2.258074
v -2.444123 -6.766815 0.000000
v -2.633048 -6.766815 0.523746
v -2.258074 -6.766815 0.935325
v 2.258074 -6.766815 0.935325
v 2.633048 -6.766815 0.523746
v 2.444123 -6.766815 -0.000000
v -0.523746 -6.766815 -2.633048
v -0.523746 -6.766815 2.633048
v 1.491502 -6.766815 -2.232190
v 1.491502 -6.766815 2.232190
v 1.728256 -6.766815 1.728255
v -2.232190 -6.766815 1.491502
v 2.232190 -6.766815 1.491502
v -2.633048 -6.766815 -0.523746
v 2.633048 -6.766815 -0.523746
v -1.090383 -6.630183 -2.632418
v -1.594500 -6.494937 -2.386337
v -2.014766 -6.630183 -2.014766
v -1.572985 -6.732657 -2.354139
v -2.386337 -6.494937 -1.594500
v -2.632418 -6.630183 -1.090383
v -2.354139 -6.732657 -1.572985
v 2.632418 -6.630183 -1.090383
v 2.386337 -6.494937 -1.594500
v 2.014766 -6.630183 -2.014766
v 2.354139 -6.732657 -1.572985
v -2.014766 -6.630183 2.014766
v -1.594500 -6.494937 2.386337
v -1.090383 -6.630183 2.632418
v -1.572985 -6.732657 2.354139
v 1.090383 -6.630183 -2.632418
v 0.559914 -6.494937 -2.814877
v 0.000000 -6.630183 -2.849309
v 0.552359 -6.732657 -2.776896
v -0.000000 -6.630183 2.849308
v 0.559914 -6.494937 2.814877
v 1.090383 -6.630183 2.632418
v 0.552359 -6.732657 2.776896
v -2.849308 -6.630183 0.000000
v -2.814877 -6.494937 0.559914
v -2.632418 -6.630183 1.090383
v -2.776896 -6.732657 0.552359
v 2.632418 -6.630183 1.090383
v 2.814877 -6.494937 0.559914
v 2.849308 -6.630183 0.000000
v 2.776896 -6.732657 0.552359
v -0.559914 -6.494937 -2.814877
v -0.552359 -6.732657 -2.776896
v -0.559914 -6.494937 2.814877
v -0.552359 -6.732657 2.776896
v 1.594500 -6.494937 -2.386337
v 1.572985 -6.732657 -2.354139
v 1.594500 -6.494937 2.386337
v 2.014766 -6.630183 2.014766
v 1.572985 -6.732657 2.354139
v -2.386337 -6.494937 1.594500
v -2.354139 -6.732657 1.572985
v 2.386337 -6.494937 1.594500
v 2.354139 -6.732657 1.572985
v -2.814877 -6.494937 -0.559914
v -2.776896 -6.732657 -0.552359
v 2.814877 -6.494937 -0.559914
v 2.776896 -6.732657 -0.552359
v -1.800601 2.809869 -4.347035
v -2.640518 4.131767 -3.951815
v -3.327077 2.809869 -3.327077
v -2.565175 1.534854 -3.839056
v 0.000000 2.809869 -4.705197
v -0.927226 4.131767 -4.661483
v -0.900770 1.534854 -4.528475
v 1.800601 2.809869 -4.347035
v 0.927226 4.131767 -4.661483
v 0.900770 1.534854 -4.528475
v 3.327077 2.809869 -3.327077
v 2.640518 4.131767 -3.951815
v 2.565175 1.534854 -3.839056
v 4.347035 2.809869 -1.800601
v 3.951815 4.131767 -2.640518
v 3.839056 1.534854 -2.565175
v 4.705197 2.809869 -0.000000
v 4.661483 4.131767 -0.927227
v 4.528475 1.534854 -0.900770
v 4.347035 2.809869 1.800601
v 4.661483 4.131767 0.927226
v 4.528475 1.534854 0.900770
v 3.327077 2.809869 3.327076
v 3.951815 4.131767 2.640518
v 3.839056 1.534854 2.565175
v 1.800601 2.809869 4.347035
v 2.640518 4.131767 3.951815
v 2.565175 1.534854 3.839056
v -0.000000 2.809869 4.705197
v 0.927226 4.131767 4.661483
v 0.900770 1.534854 4.528475
v -1.800601 2.809869 4.347035
v -0.927227 4.131767 4.661483
v -0.900770 1.534854 4.528475
v -3.327077 2.809869 3.327077
v -2.640518 4.131767 3.951815
v -2.565175 1.534854 3.839056
v -4.347035 2.809869 1.800601
v -3.951815 4.131767 2.640518
v -3.839056 1.534854 2.565175
v -4.705197 2.809869 0.000000
v -4.661483 4.131767 0.927227
v -4.528475 1.534854 0.900770
v -4.347035 2.809869 -1.800601
v -4.661483 4.131767 -0.927226
v -4.528475 1.534854 -0.900770
v -3.951815 4.131767 -2.640518
v -3.839056 1.534854 -2.565175
v -1.598763 -1.756403 -3.859756
v -2.411671 -0.668259 -3.609321
v -2.954129 -1.756403 -2.954129
v -2.178173 -3.001406 -3.259867
v 0.000000 -1.756403 -4.177769
v -0.846866 -0.668259 -4.257484
v -0.764873 -3.001406 -3.845275
v 1.598763 -1.756403 -3.859756
v 0.846866 -0.668259 -4.257484
v 0.764873 -3.001406 -3.845275
v 2.954129 -1.756403 -2.954129
v 2.411671 -0.668259 -3.609321
v 2.178174 -3.001406 -3.259867
v 3.859756 -1.756403 -1.598763
v 3.609321 -0.668259 -2.411671
v 3.259867 -3.001406 -2.178173
v 4.177769 -1.756403 -0.000000
v 4.257484 -0.668259 -0.846866
v 3.845275 -3.001406 -0.764873
v 3.859756 -1.756403 1.598763
v 4.257484 -0.668259 0.846866
v 3.845275 -3.001406 0.764873
v 2.954129 -1.756403 2.954128
v 3.609322 -0.668259 2.411670
v 3.259867 -3.001406 2.178172
v 1.598763 -1.756403 3.859756
v 2.411671 -0.668259 3.609321
v 2.178174 -3.001406 3.259865
v -0.000000 -1.756403 4.177769
v 0.846866 -0.668259 4.257484
v 0.764873 -3.001406 3.845275
v -1.598763 -1.756403 3.859756
v -0.846866 -0.668259 4.257484
v -0.764873 -3.001406 3.845275
v -2.954129 -1.756403 2.954129
v -2.411671 -0.668259 3.609322
v -2.178173 -3.001406 3.259867
v -3.859756 -1.756403 1.598763
v -3.609321 -0.668259 2.411671
v -3.259867 -3.001406 2.178174
v -4.177769 -1.756403 0.000000
v -4.257484 -0.668259 0.846866
v -3.845275 -3.001406 0.764873
v -3.859756 -1.756403 -1.598763
v -4.257484 -0.668259 -0.846866
v -3.845275 -3.001406 -0.764873
v -3.609321 -0.668259 -2.411671
v -3.259867 -3.001406 -2.178173
v -1.719277 0.402152 -4.150702
v -3.176810 0.402152 -3.176810
v 0.000000 0.402152 -4.492686
v 1.719277 0.402152 -4.150702
v 3.176810 0.402152 -3.176810
v 4.150702 0.402152 -1.719277
v 4.492686 0.402152 -0.000000
v 4.150702 0.402152 1.719277
v 3.176810 0.402152 3.176809
v 1.719277 0.402152 4.150702
v -0.000000 0.402152 4.492686
v -1.719277 0.402152 4.150702
v -3.176810 0.402152 3.176810
v -4.150702 0.402152 1.719277
v -4.492686 0.402152 0.000000
v -4.150702 0.402152 -1.719277
v -1.822791 5.405113 -4.400608
v -2.641490 6.368246 -3.953270
v -3.368079 5.405113 -3.368079
v 0.000000 5.405113 -4.763185
v -0.927568 6.368246 -4.663200
v 1.822791 5.405113 -4.400608
v 0.927568 6.368246 -4.663200
v 3.368079 5.405113 -3.368079
v 2.641490 6.368246 -3.953270
v 4.400608 5.405113 -1.822792
v 3.953270 6.368246 -2.641490
v 4.763185 5.405113 -0.000000
v 4.663200 6.368246 -0.927568
v 4.400608 5.405113 1.822791
v 4.663200 6.368246 0.927567
v 3.368079 5.405113 3.368079
v 3.953270 6.368246 2.641490
v 1.822791 5.405113 4.400608
v 2.641490 6.368246 3.953269
v -0.000000 5.405113 4.763185
v 0.927567 6.368246 4.663200
v -1.822792 5.405113 4.400608
v -0.927568 6.368246 4.663200
v -3.368079 5.405113 3.368079
v -2.641490 6.368246 3.953270
v -4.400608 5.405113 1.822791
v -3.953270 6.368246 2.641490
v -4.763185 5.405113 0.000000
v -4.663200 6.368246 0.927568
v -4.400608 5.405113 -1.822791
v -4.663200 6.368246 -0.927568
v -3.953270 6.368246 -2.641490
v -1.336683 -4.542394 -3.227040
v -2.469869 -4.542394 -2.469869
v -1.717487 -5.841903 -2.570401
v 0.000000 -4.542394 -3.492922
v -0.603101 -5.841903 -3.031995
v 1.336683 -4.542394 -3.227039
v 0.603101 -5.841903 -3.031995
v 2.469869 -4.542394 -2.469869
v 1.717487 -5.841903 -2.570401
v 3.227040 -4.542394 -1.336683
v 2.570401 -5.841903 -1.717487
v 3.492922 -4.542394 -0.000000
v 3.031995 -5.841903 -0.603101
v 3.227040 -4.542394 1.336683
v 3.031995 -5.841903 0.603101
v 2.469869 -4.542394 2.469868
v 2.570401 -5.841903 1.717487
v 1.336683 -4.542394 3.227039
v 1.717487 -5.841903 2.570401
v -0.000000 -4.542394 3.492922
v 0.603101 -5.841903 3.031995
v -1.336683 -4.542394 3.227040
v -0.603101 -5.841903 3.031995
v -2.469869 -4.542394 2.469869
v -1.717487 -5.841903 2.570401
v -3.227040 -4.542394 1.336683
v -2.570401 -5.841903 1.717487
v -3.492922 -4.542394 0.000000
v -3.031995 -5.841903 0.603101
v -3.227039 -4.542394 -1.336683
v -3.031995 -5.841903 -0.603101
v -2.570401 -5.841903 -1.717487
v -1.116666 -6.362463 -2.695870
v -2.063330 -6.362463 -2.063330
v 0.000000 -6.362463 -2.917988
v 1.116666 -6.362463 -2.695870
v 2.063330 -6.362463 -2.063330
v 2.695870 -6.362463 -1.116666
v 2.917988 -6.362463 0.000000
v 2.695870 -6.362463 1.116666
v 2.063330 -6.362463 2.063329
v 1.116666 -6.362463 2.695870
v -0.000000 -6.362463 2.917988
v -1.116666 -6.362463 2.695870
v -2.063330 -6.362463 2.063330
v -2.695870 -6.362463 1.116666
v -2.917988 -6.362463 0.000000
v -2.695870 -6.362463 -1.116666
v -1.069884 -6.766815 -2.582928
v -1.976887 -6.766815 -1.976888
v 0.000000 -6.766815 -2.795741
v 1.069884 -6.766815 -2.582928
v 1.976887 -6.766815 -1.976888
v 2.582928 -6.766815 -1.069884
v 2.795740 -6.766815 0.000000
v 2.582928 -6.766815 1.069883
v 1.976888 -6.766815 1.976887
v 1.069883 -6.766815 2.582928
v -0.000000 -6.766815 2.795740
v -1.069884 -6.766815 2.582928
v -1.976887 -6.766815 1.976888
v -2.582928 -6.766815 1.069884
v -2.795740 -6.766815 0.000000
v -2.582928 -6.766815 -1.069884
v -2.667170 6.838914 -3.991703
v -1.894855 6.866495 -4.574585
v -2.833815 6.846031 -4.241104
v -3.501236 6.866495 -3.501236
v -0.936585 6.838914 -4.708533
v 0.000000 6.866495 -4.951496
v -0.995103 6.846031 -5.002724
v 0.936585 6.838914 -4.708535
v 1.894855 6.866495 -4.574585
v 0.995103 6.846031 -5.002724
v 2.667170 6.838914 -3.991703
v 3.501236 6.866495 -3.501236
v 2.833815 6.846031 -4.241104
v 3.991703 6.838914 -2.667170
v 4.574585 6.866495 -1.894855
v 4.241104 6.846031 -2.833815
v 4.708533 6.838914 -0.936586
v 4.951496 6.866495 -0.000000
v 5.002724 6.846031 -0.995103
v 4.708535 6.838914 0.936585
v 4.574585 6.866495 1.894854
v 5.002724 6.846031 0.995103
v 3.991703 6.838914 2.667170
v 3.501236 6.866495 3.501235
v 4.241104 6.846031 2.833815
v 2.667170 6.838914 3.991703
v 1.894854 6.866495 4.574585
v 2.833815 6.846031 4.241104
v 0.936585 6.838914 4.708533
v -0.000000 6.866495 4.951496
v 0.995103 6.846031 5.002724
v -0.936586 6.838914 4.708535
v -1.894855 6.866495 4.574585
v -0.995103 6.846031 5.002724
v -2.667170 6.838914 3.991703
v -3.501236 6.866495 3.501236
v -2.833815 6.846031 4.241104
v -3.991703 6.838914 2.667170
v -4.574585 6.866495 1.894855
v -4.241104 6.846031 2.833815
v -4.708533 6.838914 0.936585
v -4.951496 6.866495 0.000000
v -5.002724 6.846031 0.995103
v -4.708535 6.838914 -0.936585
v -4.574585 6.866495 -1.894855
v -5.002724 6.846031 -0.995103
v -3.991703 6.838914 -2.667170
v -4.241104 6.846031 -2.833815
v -2.290170 -6.819302 -2.290170
v -1.239431 -6.819301 -2.992251
v 0.000000 -6.819300 -3.238789
v 1.239431 -6.819300 -2.992251
v 2.290170 -6.819301 -2.290170
v 2.992250 -6.819301 -1.239431
v 3.238788 -6.819302 -0.000000
v 2.992250 -6.819302 1.239431
v 2.290170 -6.819301 2.290170
v 1.239431 -6.819302 2.992250
v 0.000000 -6.819302 3.238788
v -1.239431 -6.819301 2.992250
v -2.290170 -6.819302 2.290170
v -2.992250 -6.819302 1.239431
v -3.238788 -6.819302 0.000000
v -2.992250 -6.819302 -1.239431
v -3.643172 6.781301 -3.643172
v -1.971670 6.781301 -4.760032
v 0.000000 6.781301 -5.152223
v 1.971670 6.781301 -4.760032
v 3.643172 6.781301 -3.643172
v 4.760032 6.781301 -1.971670
v 5.152225 6.781301 -0.000000
v 4.760032 6.781301 1.971670
v 3.643172 6.781301 3.643172
v 1.971670 6.781301 4.760032
v -0.000000 6.781301 5.152225
v -1.971670 6.781301 4.760032
v -3.643172 6.781301 3.643172
v -4.760032 6.781301 1.971670
v -5.152225 6.781301 0.000000
v -4.760032 6.781301 -1.971670
v -3.360391 6.759506 -3.360391
v -4.390561 6.759506 -1.818630
v -4.752311 6.759506 0.000000
v -4.390561 6.759506 1.818630
v -3.360391 6.759506 3.360391
v -1.818630 6.759506 4.390561
v -0.000000 6.759506 4.752311
v 1.818629 6.759506 4.390561
v 3.360391 6.759506 3.360390
v 4.390561 6.759506 1.818629
v 4.752311 6.759506 -0.000000
v 4.390561 6.759506 -1.818630
v 3.360391 6.759506 -3.360391
v 1.818630 6.759506 -4.390561
v 0.000000 6.759506 -4.752311
v -1.818630 6.759506 -4.390561
v -1.391532 -6.870558 0.856618
v -0.856618 -6.870558 1.391532
v -1.190053 -6.870558 1.624041
v -1.624041 -6.870558 1.190053
v -0.000000 -6.870558 1.492687
v 0.466669 -6.870558 0.974151
v 0.856618 -6.870558 1.391532
v 0.414971 -6.870558 1.909638
v -1.391532 -6.870558 -0.856618
v -0.974151 -6.870558 -0.466669
v -1.492687 -6.870558 -0.000000
v -1.909638 -6.870558 -0.414971
v 0.466669 -6.870558 -0.974150
v 0.974151 -6.870558 -0.466669
v 0.491622 -6.870558 0.000000
v 0.000000 -6.870558 -0.491622
v -0.466669 -6.870558 -0.974150
v -0.491622 -6.870558 -0.000000
v -0.466669 -6.870558 0.974151
v -0.414971 -6.870558 1.909638
v 1.492687 -6.870558 0.000000
v 1.391532 -6.870558 -0.856618
v 1.909638 -6.870558 -0.414971
v 1.391532 -6.870558 0.856618
v 1.624041 -6.870558 1.190053
v 1.190053 -6.870558 1.624041
v -0.974151 -6.870558 0.466669
v -1.909638 -6.870558 0.414971
v 0.000000 -6.870558 0.491622
v 0.974151 -6.870558 0.466669
v 1.909638 -6.870558 0.414971
v -1.190053 -6.870558 -1.624041
v -0.856618 -6.870558 -1.391532
v -1.624041 -6.870558 -1.190053
v -0.414971 -6.870558 -1.909638
v 0.000000 -6.870558 -1.492687
v 0.856618 -6.870558 -1.391532
v 0.414971 -6.870558 -1.909638
v 1.190053 -6.870558 -1.624041
v 1.624041 -6.870558 -1.190053
v -1.618499 -6.870558 -1.618499
v -1.403004 -6.907590 -2.099745
v -0.875925 -6.870558 -2.114671
v -2.114670 -6.870558 -0.875925
v -2.099744 -6.907590 -1.403004
v 1.618499 -6.870558 -1.618499
v 2.099744 -6.907590 -1.403004
v 2.114671 -6.870558 -0.875925
v -0.875925 -6.870558 2.114671
v -1.403004 -6.907590 2.099745
v -1.618499 -6.870558 1.618499
v 0.000000 -6.870558 -2.288904
v 0.492670 -6.907590 -2.476818
v 0.875925 -6.870558 -2.114671
v 0.875925 -6.870558 2.114670
v 0.492670 -6.907590 2.476818
v -0.000000 -6.870558 2.288903
v -2.114670 -6.870558 0.875925
v -2.476817 -6.907590 0.492670
v -2.288903 -6.870558 0.000000
v 2.288903 -6.870558 0.000000
v 2.476817 -6.907590 0.492669
v 2.114670 -6.870558 0.875925
v -0.492670 -6.907590 -2.476819
v -0.492670 -6.907590 2.476818
v 1.403004 -6.907590 -2.099745
v 1.618499 -6.870558 1.618498
v 1.403004 -6.907590 2.099743
v -2.099744 -6.907590 1.403004
v 2.099745 -6.907590 1.403003
v -2.476817 -6.907590 -0.492669
v 2.476817 -6.907590 -0.492669
v -1.755523 -7.151702 -2.627327
v -2.278031 -7.106361 -2.278032
v -1.792888 -7.004369 -2.683248
v -1.232861 -7.106360 -2.976392
v -2.627326 -7.151702 -1.755524
v -2.976390 -7.106361 -1.232862
v -2.683247 -7.004369 -1.792889
v 2.627327 -7.151702 -1.755524
v 2.278032 -7.106361 -2.278031
v 2.683248 -7.004369 -1.792889
v 2.976391 -7.106361 -1.232862
v -1.755524 -7.151701 2.627326
v -1.232862 -7.106360 2.976390
v -1.792889 -7.004368 2.683247
v -2.278031 -7.106361 2.278031
v 0.616458 -7.151700 -3.099143
v 0.000000 -7.106359 -3.221622
v 0.629579 -7.004367 -3.165107
v 1.232861 -7.106360 -2.976392
v 0.616458 -7.151703 3.099142
v 1.232862 -7.106362 2.976390
v 0.629579 -7.004369 3.165106
v 0.000000 -7.106361 3.221621
v -3.099142 -7.151702 0.616458
v -2.976390 -7.106361 1.232862
v -3.165105 -7.004369 0.629579
v -3.221621 -7.106361 0.000000
v 3.099142 -7.151702 0.616458
v 3.221621 -7.106361 -0.000000
v 3.165106 -7.004369 0.629579
v 2.976390 -7.106361 1.232862
v -0.616458 -7.151701 -3.099143
v -0.629579 -7.004368 -3.165107
v -0.616458 -7.151701 3.099142
v -0.629579 -7.004368 3.165105
v 1.755524 -7.151701 -2.627327
v 1.792889 -7.004368 -2.683248
v 1.755523 -7.151703 2.627326
v 2.278031 -7.106361 2.278031
v 1.792889 -7.004369 2.683248
v -2.627326 -7.151702 1.755524
v -2.683247 -7.004369 1.792889
v 2.627326 -7.151702 1.755523
v 2.683248 -7.004369 1.792889
v -3.099142 -7.151702 -0.616458
v -3.165105 -7.004369 -0.629579
v 3.099142 -7.151702 -0.616458
v 3.165106 -7.004369 -0.629579
v -2.786471 1.497325 -4.170250
v -3.609468 2.786163 -3.609468
v -2.862651 4.125354 -4.284261
v -1.953430 2.786163 -4.715998
v -0.978479 1.497325 -4.919144
v -1.005229 4.125354 -5.053628
v 0.000000 2.786163 -5.104558
v 0.978479 1.497325 -4.919144
v 1.005229 4.125354 -5.053628
v 1.953430 2.786163 -4.715998
v 2.786471 1.497325 -4.170250
v 2.862651 4.125354 -4.284260
v 3.609468 2.786163 -3.609468
v 4.170250 1.497325 -2.786471
v 4.284261 4.125354 -2.862651
v 4.715998 2.786163 -1.953430
v 4.919144 1.497325 -0.978479
v 5.053628 4.125354 -1.005229
v 5.104558 2.786163 -0.000000
v 4.919144 1.497325 0.978478
v 5.053628 4.125354 1.005229
v 4.715998 2.786163 1.953430
v 4.170250 1.497325 2.786471
v 4.284260 4.125354 2.862650
v 3.609469 2.786163 3.609468
v 2.786471 1.497325 4.170248
v 2.862651 4.125354 4.284260
v 1.953430 2.786163 4.715998
v 0.978478 1.497325 4.919144
v 1.005229 4.125354 5.053628
v -0.000000 2.786163 5.104558
v -0.978479 1.497325 4.919144
v -1.005229 4.125354 5.053628
v -1.953430 2.786163 4.715998
v -2.786471 1.497325 4.170250
v -2.862651 4.125354 4.284260
v -3.609469 2.786163 3.609469
v -4.170250 1.497325 2.786471
v -4.284261 4.125354 2.862651
v -4.715998 2.786163 1.953430
v -4.919144 1.497325 0.978478
v -5.053628 4.125354 1.005229
v -5.104558 2.786163 0.000000
v -4.919144 1.497325 -0.978478
v -5.053628 4.125354 -1.005229
v -4.715998 2.786163 -1.953430
v -4.170250 1.497325 -2.786471
v -4.284260 4.125354 -2.862651
v -2.394093 -3.096920 -3.583014
v -3.231952 -1.832736 -3.231952
v -2.631241 -0.729606 -3.937931
v -1.749119 -1.832736 -4.222750
v -0.840694 -3.096920 -4.226453
v -0.923969 -0.729606 -4.645105
v 0.000000 -1.832736 -4.570671
v 0.840694 -3.096920 -4.226453
v 0.923969 -0.729606 -4.645105
v 1.749120 -1.832736 -4.222750
v 2.394094 -3.096920 -3.583014
v 2.631241 -0.729606 -3.937931
v 3.231953 -1.832736 -3.231953
v 3.583015 -3.096920 -2.394093
v 3.937931 -0.729606 -2.631241
v 4.222750 -1.832736 -1.749120
v 4.226453 -3.096920 -0.840694
v 4.645103 -0.729606 -0.923969
v 4.570670 -1.832736 -0.000000
v 4.226453 -3.096920 0.840694
v 4.645105 -0.729606 0.923969
v 4.222750 -1.832736 1.749119
v 3.583014 -3.096920 2.394092
v 3.937931 -0.729606 2.631240
v 3.231953 -1.832736 3.231952
v 2.394094 -3.096920 3.583014
v 2.631241 -0.729606 3.937930
v 1.749120 -1.832736 4.222750
v 0.840694 -3.096920 4.226453
v 0.923969 -0.729606 4.645105
v -0.000000 -1.832736 4.570671
v -0.840694 -3.096920 4.226453
v -0.923969 -0.729606 4.645105
v -1.749120 -1.832736 4.222751
v -2.394093 -3.096920 3.583015
v -2.631241 -0.729606 3.937931
v -3.231952 -1.832736 3.231953
v -3.583013 -3.096920 2.394094
v -3.937930 -0.729606 2.631241
v -4.222749 -1.832736 1.749120
v -4.226453 -3.096920 0.840694
v -4.645103 -0.729606 0.923969
v -4.570670 -1.832736 0.000000
v -4.226453 -3.096920 -0.840694
v -4.645105 -0.729606 -0.923969
v -4.222750 -1.832736 -1.749119
v -3.583014 -3.096920 -2.394093
v -3.937930 -0.729606 -2.631241
v -3.457588 0.352907 -3.457588
v -1.871233 0.352907 -4.517557
v 0.000000 0.352907 -4.889768
v 1.871233 0.352907 -4.517557
v 3.457589 0.352907 -3.457588
v 4.517557 0.352907 -1.871233
v 4.889767 0.352907 -0.000000
v 4.517557 0.352907 1.871233
v 3.457589 0.352907 3.457588
v 1.871233 0.352907 4.517557
v -0.000000 0.352907 4.889768
v -1.871233 0.352907 4.517557
v -3.457588 0.352907 3.457589
v -4.517557 0.352907 1.871233
v -4.889767 0.352907 0.000000
v -4.517557 0.352907 -1.871233
v -3.650892 5.420826 -3.650892
v -2.863593 6.397751 -4.285669
v -1.975848 5.420826 -4.770120
v -1.005560 6.397751 -5.055292
v 0.000000 5.420826 -5.163141
v 1.005560 6.397751 -5.055293
v 1.975848 5.420826 -4.770120
v 2.863593 6.397751 -4.285669
v 3.650892 5.420826 -3.650892
v 4.285669 6.397751 -2.863593
v 4.770120 5.420826 -1.975848
v 5.055293 6.397751 -1.005560
v 5.163142 5.420826 -0.000000
v 5.055293 6.397751 1.005560
v 4.770120 5.420826 1.975848
v 4.285669 6.397751 2.863592
v 3.650892 5.420826 3.650892
v 2.863592 6.397751 4.285669
v 1.975848 5.420826 4.770120
v 1.005560 6.397751 5.055293
v -0.000000 5.420826 5.163142
v -1.005560 6.397751 5.055293
v -1.975848 5.420826 4.770120
v -2.863593 6.397751 4.285669
v -3.650893 5.420826 3.650892
v -4.285669 6.397751 2.863593
v -4.770120 5.420826 1.975848
v -5.055293 6.397751 1.005560
v -5.163142 5.420826 0.000000
v -5.055293 6.397751 -1.005560
v -4.770120 5.420826 -1.975848
v -4.285669 6.397751 -2.863593
v -1.927335 -5.976623 -2.884461
v -2.739661 -4.662596 -2.739661
v -1.482694 -4.662596 -3.579539
v -0.676790 -5.976623 -3.402453
v 0.000000 -4.662596 -3.874465
v 0.676790 -5.976623 -3.402453
v 1.482694 -4.662596 -3.579540
v 1.927335 -5.976623 -2.884461
v 2.739661 -4.662596 -2.739661
v 2.884461 -5.976623 -1.927335
v 3.579540 -4.662596 -1.482694
v 3.402453 -5.976623 -0.676790
v 3.874465 -4.662596 -0.000000
v 3.402453 -5.976623 0.676790
v 3.579540 -4.662596 1.482693
v 2.884461 -5.976623 1.927335
v 2.739661 -4.662596 2.739660
v 1.927335 -5.976623 2.884461
v 1.482694 -4.662596 3.579539
v 0.676790 -5.976623 3.402453
v -0.000000 -4.662596 3.874465
v -0.676790 -5.976623 3.402453
v -1.482694 -4.662596 3.579540
v -1.927335 -5.976623 2.884461
v -2.739661 -4.662596 2.739661
v -2.884461 -5.976623 1.927335
v -3.579539 -4.662596 1.482694
v -3.402453 -5.976623 0.676790
v -3.874465 -4.662596 0.000000
v -3.402453 -5.976623 -0.676790
v -3.579539 -4.662596 -1.482693
v -2.884461 -5.976623 -1.927335
v -1.811557 -6.622638 -2.711187
v -2.334764 -6.485858 -2.334764
v -1.263565 -6.485858 -3.050516
v -0.636134 -6.622638 -3.198063
v 0.000000 -6.485858 -3.301854
v 0.636134 -6.622638 -3.198063
v 1.263565 -6.485857 -3.050516
v 1.811558 -6.622638 -2.711187
v 2.334764 -6.485858 -2.334764
v 2.711187 -6.622638 -1.811557
v 3.050516 -6.485858 -1.263565
v 3.198063 -6.622638 -0.636134
v 3.301854 -6.485858 -0.000000
v 3.198063 -6.622639 0.636134
v 3.050516 -6.485858 1.263564
v 2.711187 -6.622638 1.811557
v 2.334764 -6.485858 2.334763
v 1.811558 -6.622638 2.711187
v 1.263565 -6.485858 3.050516
v 0.636135 -6.622638 3.198063
v 0.000000 -6.485858 3.301854
v -0.636134 -6.622638 3.198063
v -1.263564 -6.485858 3.050516
v -1.811557 -6.622638 2.711187
v -2.334764 -6.485858 2.334764
v -2.711187 -6.622639 1.811558
v -3.050516 -6.485858 1.263565
v -3.198063 -6.622639 0.636134
v -3.301854 -6.485858 0.000000
v -3.198063 -6.622638 -0.636134
v -3.050515 -6.485858 -1.263564
v -2.711187 -6.622638 -1.811557
v -2.110131 -7.166816 -2.110131
v -1.141994 -7.166815 -2.757020
v 0.000000 -7.166815 -2.984176
v 1.141994 -7.166815 -2.757019
v 2.110131 -7.166816 -2.110131
v 2.757019 -7.166816 -1.141995
v 2.984173 -7.166816 0.000000
v 2.757019 -7.166816 1.141994
v 2.110131 -7.166816 2.110130
v 1.141994 -7.166816 2.757018
v 0.000000 -7.166816 2.984175
v -1.141995 -7.166815 2.757018
v -2.110131 -7.166816 2.110131
v -2.757018 -7.166816 1.141995
v -2.984173 -7.166816 0.000000
v -2.757018 -7.166816 -1.141995
v -1.734174 -6.766815 1.270755
v -1.270755 -6.766815 1.734174
v -0.914708 -6.766815 1.485897
v -1.485897 -6.766815 0.914708
v 0.443112 -6.766815 2.039138
v 0.914708 -6.766815 1.485897
v 0.498315 -6.766815 1.040212
v -0.000000 -6.766815 1.593912
v -2.039138 -6.766815 -0.443112
v -1.593912 -6.766815 0.000000
v -1.040212 -6.766815 -0.498315
v -1.485897 -6.766815 -0.914708
v 0.000000 -6.766815 -0.524961
v 0.524961 -6.766815 -0.000000
v 1.040212 -6.766815 -0.498315
v 0.498315 -6.766815 -1.040212
v -0.524961 -6.766815 -0.000000
v -0.498315 -6.766815 -1.040212
v -0.443112 -6.766815 2.039138
v -0.498315 -6.766815 1.040212
v 2.039138 -6.766815 -0.443112
v 1.485897 -6.766815 -0.914708
v 1.593912 -6.766815 -0.000000
v 1.270755 -6.766815 1.734174
v 1.734174 -6.766815 1.270755
v 1.485897 -6.766815 0.914708
v -2.039138 -6.766815 0.443112
v -1.040212 -6.766815 0.498315
v 0.000000 -6.766815 0.524961
v 1.040212 -6.766815 0.498315
v 2.039138 -6.766815 0.443112
v -1.734174 -6.766815 -1.270755
v -0.914708 -6.766815 -1.485897
v -1.270755 -6.766815 -1.734174
v 0.000000 -6.766815 -1.593912
v -0.443112 -6.766815 -2.039138
v 0.443112 -6.766815 -2.039138
v 0.914708 -6.766815 -1.485897
v 1.734174 -6.766815 -1.270755
v 1.270755 -6.766815 -1.734174
v -1.264577 -6.870558 1.264577
v 0.432379 -6.870558 1.467471
v -1.467471 -6.870558 -0.432379
v 0.485826 -6.870558 -0.485826
v -0.485826 -6.870558 -0.485826
v -0.432379 -6.870558 1.467471
v 1.467471 -6.870558 -0.432379
v 1.264577 -6.870558 1.264577
v -1.467471 -6.870558 0.432379
v -0.485826 -6.870558 0.485826
v 0.485826 -6.870558 0.485826
v 1.467471 -6.870558 0.432379
v -1.264577 -6.870558 -1.264577
v -0.432379 -6.870558 -1.467471
v 0.432379 -6.870558 -1.467471
v 1.264577 -6.870558 -1.264577
v -1.271407 -6.870558 -1.902795
v -1.902795 -6.870558 -1.271407
v 1.902795 -6.870558 -1.271407
v -1.271407 -6.870558 1.902795
v 0.446459 -6.870558 -2.244500
v 0.446459 -6.870558 2.244500
v -2.244500 -6.870558 0.446459
v 2.244500 -6.870558 0.446459
v -0.446459 -6.870558 -2.244501
v -0.446459 -6.870558 2.244500
v 1.271407 -6.870558 -1.902795
v 1.271407 -6.870558 1.902795
v -1.902795 -6.870558 1.271407
v 1.902795 -6.870558 1.271407
v -2.244500 -6.870558 -0.446459
v 2.244500 -6.870558 -0.446459
v -1.789501 -7.106361 -2.678178
v -2.678177 -7.106361 -1.789501
v 2.678178 -7.106361 -1.789501
v -1.789501 -7.106360 2.678177
v 0.628389 -7.106359 -3.159126
v 0.628390 -7.106362 3.159124
v -3.159124 -7.106361 0.628390
v 3.159124 -7.106361 0.628389
v -0.628389 -7.106360 -3.159126
v -0.628389 -7.106360 3.159124
v 1.789501 -7.106360 -2.678178
v 1.789501 -7.106362 2.678177
v -2.678177 -7.106361 1.789502
v 2.678177 -7.106361 1.789501
v -3.159124 -7.106361 -0.628389
v 3.159124 -7.106361 -0.628390
v -2.835407 2.786163 -4.243487
v -0.995663 2.786163 -5.005534
v 0.995663 2.786163 -5.005534
v 2.835407 2.786163 -4.243487
v 4.243487 2.786163 -2.835407
v 5.005535 2.786163 -0.995663
v 5.005534 2.786163 0.995662
v 4.243487 2.786163 2.835407
v 2.835407 2.786163 4.243486
v 0.995662 2.786163 5.005535
v -0.995663 2.786163 5.005534
v -2.835408 2.786163 4.243487
v -4.243487 2.786163 2.835408
v -5.005534 2.786163 0.995663
v -5.005534 2.786163 -0.995662
v -4.243487 2.786163 -2.835407
v -2.538851 -1.832735 -3.799659
v -0.891526 -1.832735 -4.482003
v 0.891526 -1.832735 -4.482003
v 2.538851 -1.832735 -3.799659
v 3.799660 -1.832735 -2.538851
v 4.482003 -1.832735 -0.891526
v 4.482003 -1.832735 0.891526
v 3.799660 -1.832735 2.538850
v 2.538851 -1.832735 3.799659
v 0.891526 -1.832735 4.482003
v -0.891526 -1.832735 4.482003
v -2.538851 -1.832735 3.799660
v -3.799659 -1.832735 2.538851
v -4.482003 -1.832735 0.891526
v -4.482003 -1.832735 -0.891526
v -3.799659 -1.832735 -2.538851
v -2.716098 0.352908 -4.064929
v -0.953767 0.352908 -4.794910
v 0.953767 0.352908 -4.794910
v 2.716099 0.352908 -4.064929
v 4.064929 0.352908 -2.716099
v 4.794909 0.352908 -0.953767
v 4.794909 0.352908 0.953767
v 4.064929 0.352908 2.716098
v 2.716099 0.352908 4.064929
v 0.953767 0.352908 4.794910
v -0.953767 0.352908 4.794910
v -2.716099 0.352908 4.064929
v -4.064929 0.352908 2.716099
v -4.794909 0.352908 0.953767
v -4.794909 0.352908 -0.953767
v -4.064929 0.352908 -2.716098
v -2.867947 5.420824 -4.292186
v -1.007089 5.420824 -5.062980
v 1.007089 5.420824 -5.062980
v 2.867948 5.420824 -4.292186
v 4.292186 5.420824 -2.867948
v 5.062980 5.420824 -1.007089
v 5.062980 5.420824 1.007089
v 4.292186 5.420824 2.867947
v 2.867947 5.420824 4.292186
v 1.007089 5.420824 5.062980
v -1.007089 5.420824 5.062980
v -2.867948 5.420824 4.292186
v -4.292186 5.420824 2.867948
v -5.062980 5.420824 1.007089
v -5.062980 5.420824 -1.007089
v -4.292186 5.420824 -2.867948
v -2.152132 -4.662596 -3.220894
v -0.755728 -4.662596 -3.799303
v 0.755728 -4.662596 -3.799303
v 2.152133 -4.662596 -3.220894
v 3.220894 -4.662596 -2.152132
v 3.799303 -4.662596 -0.755728
v 3.799303 -4.662596 0.755728
v 3.220894 -4.662596 2.152132
v 2.152133 -4.662596 3.220894
v 0.755728 -4.662596 3.799303
v -0.755728 -4.662596 3.799303
v -2.152132 -4.662596 3.220894
v -3.220894 -4.662596 2.152133
v -3.799304 -4.662596 0.755728
v -3.799303 -4.662596 -0.755728
v -3.220894 -4.662596 -2.152132
v -1.834067 -6.485858 -2.744875
v -0.644039 -6.485858 -3.237801
v 0.644039 -6.485858 -3.237801
v 1.834067 -6.485858 -2.744875
v 2.744875 -6.485858 -1.834067
v 3.237801 -6.485858 -0.644039
v 3.237801 -6.485859 0.644038
v 2.744875 -6.485858 1.834066
v 1.834067 -6.485858 2.744875
v 0.644039 -6.485858 3.237801
v -0.644038 -6.485858 3.237801
v -1.834067 -6.485858 2.744875
v -2.744875 -6.485859 1.834067
v -3.237801 -6.485858 0.644039
v -3.237801 -6.485858 -0.644038
v -2.744875 -6.485858 -1.834067
v -1.657607 -7.166816 -2.480785
v -0.582074 -7.166815 -2.926285
v 0.582074 -7.166815 -2.926285
v 1.657607 -7.166815 -2.480784
v 2.480784 -7.166816 -1.657607
v 2.926284 -7.166816 -0.582074
v 2.926284 -7.166816 0.582074
v 2.480784 -7.166816 1.657606
v 1.657607 -7.166816 2.480784
v 0.582074 -7.166816 2.926284
v -0.582074 -7.166815 2.926284
v -1.657607 -7.166815 2.480784
v -2.480784 -7.166816 1.657608
v -2.926284 -7.166816 0.582075
v -2.926284 -7.166816 -0.582074
v -2.480784 -7.166816 -1.657607
v -1.350333 -6.766815 1.350333
v 0.461700 -6.766815 1.566987
v -1.566987 -6.766815 -0.461700
v 0.518772 -6.766815 -0.518772
v -0.518772 -6.766815 -0.518772
v -0.461700 -6.766815 1.566987
v 1.566987 -6.766815 -0.461700
v 1.350333 -6.766815 1.350333
v -1.566987 -6.766815 0.461700
v -0.518772 -6.766815 0.518772
v 0.518772 -6.766815 0.518772
v 1.566987 -6.766815 0.461700
v -1.350333 -6.766815 -1.350333
v -0.461700 -6.766815 -1.566987
v 0.461700 -6.766815 -1.566987
v 1.350333 -6.766815 -1.350333
v -1.357626 -6.766815 -2.031832
v -2.031832 -6.766815 -1.357626
v 2.031832 -6.766815 -1.357626
v -1.357626 -6.766815 2.031832
v 0.476735 -6.766815 -2.396709
v 0.476735 -6.766815 2.396709
v -2.396709 -6.766815 0.476735
v 2.396709 -6.766815 0.476735
v -0.476735 -6.766815 -2.396709
v -0.476735 -6.766815 2.396709
v 1.357626 -6.766815 -2.031832
v 1.357626 -6.766815 2.031832
v -2.031832 -6.766815 1.357626
v 2.031832 -6.766815 1.357626
v -2.396709 -6.766815 -0.476735
v 2.396709 -6.766815 -0.476735
v -1.582693 -6.630183 -2.368668
v -2.368668 -6.630183 -1.582693
v 2.368668 -6.630183 -1.582693
v -1.582693 -6.630183 2.368668
v 0.555768 -6.630183 -2.794034
v 0.555768 -6.630183 2.794034
v -2.794034 -6.630183 0.555768
v 2.794034 -6.630183 0.555768
v -0.555768 -6.630183 -2.794034
v -0.555768 -6.630183 2.794034
v 1.582693 -6.630183 -2.368668
v 1.582693 -6.630183 2.368668
v -2.368668 -6.630183 1.582693
v 2.368668 -6.630183 1.582693
v -2.794034 -6.630183 -0.555768
v 2.794034 -6.630183 -0.555768
v -2.613575 2.809869 -3.911492
v -0.917766 2.809869 -4.613920
v 0.917766 2.809869 -4.613920
v 2.613576 2.809869 -3.911492
v 3.911492 2.809869 -2.613576
v 4.613920 2.809869 -0.917766
v 4.613920 2.809869 0.917765
v 3.911492 2.809869 2.613575
v 2.613575 2.809869 3.911492
v 0.917765 2.809869 4.613920
v -0.917766 2.809869 4.613920
v -2.613576 2.809869 3.911492
v -3.911492 2.809869 2.613575
v -4.613920 2.809869 0.917766
v -4.613920 2.809869 -0.917766
v -3.911492 2.809869 -2.613576
v -2.320607 -1.756403 -3.473034
v -0.814889 -1.756403 -4.096723
v 0.814889 -1.756403 -4.096723
v 2.320608 -1.756403 -3.473034
v 3.473035 -1.756403 -2.320607
v 4.096723 -1.756403 -0.814889
v 4.096723 -1.756403 0.814889
v 3.473036 -1.756403 2.320607
v 2.320608 -1.756403 3.473034
v 0.814889 -1.756403 4.096723
v -0.814889 -1.756403 4.096723
v -2.320607 -1.756403 3.473036
v -3.473034 -1.756403 2.320608
v -4.096723 -1.756403 0.814889
v -4.096723 -1.756403 -0.814889
v -3.473034 -1.756403 -2.320607
v -2.495534 0.402151 -3.734830
v -0.876315 0.402151 -4.405532
v 0.876315 0.402151 -4.405532
v 2.495534 0.402151 -3.734830
v 3.734830 0.402151 -2.495534
v 4.405532 0.402151 -0.876315
v 4.405532 0.402151 0.876315
v 3.734830 0.402151 2.495533
v 2.495534 0.402151 3.734830
v 0.876315 0.402151 4.405532
v -0.876315 0.402151 4.405532
v -2.495534 0.402151 3.734830
v -3.734830 0.402151 2.495534
v -4.405532 0.402151 0.876315
v -4.405532 0.402151 -0.876315
v -3.734830 0.402151 -2.495534
v -2.645785 5.405113 -3.959698
v -0.929076 5.405113 -4.670782
v 0.929076 5.405113 -4.670782
v 2.645785 5.405113 -3.959698
v 3.959698 5.405113 -2.645785
v 4.670782 5.405113 -0.929076
v 4.670782 5.405113 0.929076
v 3.959698 5.405113 2.645785
v 2.645785 5.405113 3.959698
v 0.929076 5.405113 4.670782
v -0.929076 5.405113 4.670782
v -2.645785 5.405113 3.959698
v -3.959698 5.405113 2.645785
v -4.670782 5.405113 0.929076
v -4.670782 5.405113 -0.929076
v -3.959698 5.405113 -2.645785
v -1.940198 -4.542394 -2.903712
v -0.681307 -4.542394 -3.425162
v 0.681307 -4.542394 -3.425162
v 1.940199 -4.542394 -2.903712
v 2.903713 -4.542394 -1.940198
v 3.425162 -4.542394 -0.681307
v 3.425162 -4.542394 0.681307
v 2.903712 -4.542394 1.940198
v 1.940199 -4.542394 2.903712
v 0.681307 -4.542394 3.425162
v -0.681307 -4.542394 3.425162
v -1.940198 -4.542394 2.903712
v -2.903712 -4.542394 1.940199
v -3.425162 -4.542394 0.681307
v -3.425162 -4.542394 -0.681307
v -2.903712 -4.542394 -1.940198
v -1.620843 -6.362463 -2.425762
v -0.569164 -6.362463 -2.861381
v 0.569164 -6.362463 -2.861381
v 1.620843 -6.362463 -2.425763
v 2.425763 -6.362463 -1.620843
v 2.861381 -6.362463 -0.569164
v 2.861381 -6.362463 0.569164
v 2.425763 -6.362463 1.620842
v 1.620843 -6.362463 2.425762
v 0.569164 -6.362463 2.861381
v -0.569164 -6.362463 2.861381
v -1.620843 -6.362463 2.425763
v -2.425762 -6.362463 1.620843
v -2.861381 -6.362463 0.569164
v -2.861381 -6.362463 -0.569164
v -2.425763 -6.362463 -1.620843
v -1.552938 -6.766815 -2.324136
v -0.545319 -6.766815 -2.741505
v 0.545319 -6.766815 -2.741505
v 1.552938 -6.766815 -2.324136
v 2.324136 -6.766815 -1.552938
v 2.741505 -6.766815 -0.545319
v 2.741505 -6.766815 0.545319
v 2.324136 -6.766815 1.552938
v 1.552938 -6.766815 2.324136
v 0.545319 -6.766815 2.741505
v -0.545319 -6.766815 2.741505
v -1.552938 -6.766815 2.324136
v -2.324136 -6.766815 1.552938
v -2.741505 -6.766815 0.545319
v -2.741505 -6.766815 -0.545319
v -2.324136 -6.766815 -1.552938
v -2.750386 6.866495 -4.116243
v -0.965807 6.866495 -4.855441
v 0.965807 6.866495 -4.855441
v 2.750386 6.866495 -4.116243
v 4.116243 6.866495 -2.750386
v 4.855441 6.866495 -0.965807
v 4.855441 6.866495 0.965807
v 4.116243 6.866495 2.750385
v 2.750386 6.866495 4.116243
v 0.965807 6.866495 4.855441
v -0.965807 6.866495 4.855441
v -2.750386 6.866495 4.116243
v -4.116243 6.866495 2.750386
v -4.855441 6.866495 0.965807
v -4.855441 6.866495 -0.965807
v -4.116243 6.866495 -2.750386
v -1.799036 -6.819301 -2.692448
v -0.631737 -6.819301 -3.175958
v 0.631737 -6.819300 -3.175958
v 1.799037 -6.819300 -2.692448
v 2.692448 -6.819301 -1.799036
v 3.175958 -6.819302 -0.631738
v 3.175958 -6.819302 0.631737
v 2.692448 -6.819301 1.799036
v 1.799037 -6.819301 2.692448
v 0.631738 -6.819302 3.175958
v -0.631737 -6.819301 3.175958
v -1.799036 -6.819301 2.692448
v -2.692448 -6.819302 1.799037
v -3.175958 -6.819302 0.631738
v -3.175958 -6.819302 -0.631738
v -2.692447 -6.819302 -1.799036
v -2.861883 6.781300 -4.283111
v -1.004959 6.781300 -5.052274
v 1.004959 6.781300 -5.052274
v 2.861883 6.781300 -4.283111
v 4.283111 6.781300 -2.861883
v 5.052274 6.781300 -1.004960
v 5.052274 6.781300 1.004959
v 4.283111 6.781300 2.861883
v 2.861883 6.781300 4.283111
v 1.004959 6.781300 5.052274
v -1.004960 6.781300 5.052274
v -2.861883 6.781300 4.283111
v -4.283111 6.781300 2.861883
v -5.052274 6.781300 1.004959
v -5.052274 6.781300 -1.004959
v -4.283111 6.781300 -2.861883
v -3.950658 6.759505 -2.639745
v -4.660118 6.759505 -0.926955
v -4.660118 6.759505 0.926955
v -3.950658 6.759505 2.639745
v -2.639745 6.759505 3.950658
v -0.926955 6.759505 4.660118
v 0.926955 6.759505 4.660118
v 2.639745 6.759505 3.950658
v 3.950658 6.759505 2.639745
v 4.660118 6.759505 0.926955
v 4.660118 6.759505 -0.926955
v 3.950658 6.759505 -2.639745
v 2.639745 6.759505 -3.950658
v 0.926955 6.759505 -4.660118
v -0.926955 6.759505 -4.660118
v -2.639745 6.759505 -3.950658
vt 0.628644 0.031284
vt 0.628637 0.034749
vt 0.625323 0.036142
vt 0.625656 0.033072
vt 0.628384 0.038665
vt 0.624589 0.039662
vt 0.621189 0.040331
vt 0.622372 0.037057
vt 0.623373 0.034536
vt 0.620634 0.047284
vt 0.624434 0.046918
vt 0.624995 0.050518
vt 0.621278 0.050730
vt 0.628664 0.046509
vt 0.629154 0.050407
vt 0.629889 0.054263
vt 0.625974 0.054010
vt 0.622508 0.054003
vt 0.642316 0.029965
vt 0.642985 0.033365
vt 0.639371 0.033072
vt 0.638868 0.029383
vt 0.643982 0.037160
vt 0.640057 0.037176
vt 0.636137 0.037439
vt 0.635729 0.033210
vt 0.635363 0.029410
vt 0.645208 0.044913
vt 0.645471 0.048832
vt 0.641397 0.049387
vt 0.641053 0.045314
vt 0.645487 0.052758
vt 0.641631 0.053493
vt 0.637734 0.053983
vt 0.637333 0.049829
vt 0.636936 0.045711
vt 0.640612 0.041250
vt 0.636538 0.041594
vt 0.644717 0.041016
vt 0.624296 0.043276
vt 0.620607 0.043779
vt 0.628400 0.042590
vt 0.638509 0.062013
vt 0.638142 0.058212
vt 0.641743 0.057652
vt 0.641954 0.061369
vt 0.645234 0.056673
vt 0.645227 0.060138
vt 0.627367 0.057324
vt 0.624296 0.056990
vt 0.630886 0.058058
vt 0.631556 0.061458
vt 0.628281 0.060274
vt 0.625761 0.059273
vt 0.632128 0.033771
vt 0.631917 0.030053
vt 0.632240 0.037930
vt 0.632474 0.042035
vt 0.632818 0.046109
vt 0.633259 0.050173
vt 0.633815 0.054247
vt 0.634500 0.058351
vt 0.635004 0.062040
vt 0.648111 0.032149
vt 0.649575 0.034432
vt 0.646504 0.034098
vt 0.645590 0.031148
vt 0.651363 0.037419
vt 0.647897 0.037412
vt 0.648876 0.040904
vt 0.649437 0.044505
vt 0.652593 0.040692
vt 0.653237 0.044138
vt 0.652682 0.051091
vt 0.649282 0.051761
vt 0.649575 0.048146
vt 0.653264 0.047643
vt 0.648548 0.055280
vt 0.648215 0.058351
vt 0.651499 0.054365
vt 0.650498 0.056886
vt 0.009694 0.665881
vt 0.009694 0.643077
vt 0.649182 0.030848
vt 0.008730 0.643077
vt 0.008730 0.665881
vt 0.009694 0.688686
vt 0.008730 0.688686
vt 0.642562 0.027293
vt 0.009694 0.620272
vt 0.009694 0.597467
vt 0.008730 0.597467
vt 0.008730 0.620272
vt 0.651799 0.057958
vt 0.009694 0.118570
vt 0.009694 0.095765
vt 0.008730 0.095765
vt 0.008730 0.118570
vt 0.009694 0.141375
vt 0.618517 0.040084
vt 0.008730 0.141375
vt 0.009694 0.437835
vt 0.009694 0.415030
vt 0.008730 0.415030
vt 0.008730 0.437835
vt 0.656105 0.043861
vt 0.009694 0.460640
vt 0.008730 0.460640
vt 0.009694 0.027352
vt 0.009694 0.734295
vt 0.008730 0.734295
vt 0.619933 0.054756
vt 0.008730 0.027352
vt 0.009694 0.050156
vt 0.008730 0.050156
vt 0.009694 0.346616
vt 0.009694 0.323812
vt 0.627891 0.028709
vt 0.008730 0.323812
vt 0.008730 0.346616
vt 0.009694 0.369421
vt 0.008730 0.369421
vt 0.009694 0.529053
vt 0.638785 0.064881
vt 0.009694 0.506249
vt 0.008730 0.506249
vt 0.008730 0.529053
vt 0.009694 0.551858
vt 0.008730 0.551858
vt 0.009694 0.209789
vt 0.009694 0.186984
vt 0.008730 0.186984
vt 0.008730 0.209789
vt 0.009694 0.232593
vt 0.624689 0.060574
vt 0.008730 0.232593
vt 0.009694 0.711490
vt 0.008730 0.711491
vt 0.009694 0.392226
vt 0.008730 0.392226
vt 0.009694 0.072961
vt 0.008730 0.072961
vt 0.009694 0.301007
vt 0.009694 0.278202
vt 0.008730 0.278202
vt 0.008730 0.301007
vt 0.009694 0.483444
vt 0.008730 0.483444
vt 0.009694 0.255398
vt 0.008730 0.255398
vt 0.009694 0.574663
vt 0.008730 0.574663
vt 0.009694 0.164179
vt 0.008730 0.164179
vt 0.002373 0.688686
vt 0.002373 0.665881
vt 0.003554 0.665881
vt 0.003554 0.688686
vt 0.002373 0.643077
vt 0.003554 0.643077
vt 0.006210 0.643077
vt 0.006210 0.665881
vt 0.006210 0.688686
vt 0.002373 0.620272
vt 0.003554 0.620272
vt 0.002373 0.597467
vt 0.003554 0.597467
vt 0.006210 0.597467
vt 0.006210 0.620272
vt 0.002373 0.141375
vt 0.002373 0.118570
vt 0.003554 0.118570
vt 0.003554 0.141375
vt 0.002373 0.095765
vt 0.003554 0.095765
vt 0.006210 0.095765
vt 0.006210 0.118570
vt 0.006210 0.141375
vt 0.002373 0.460640
vt 0.002373 0.437835
vt 0.003554 0.437835
vt 0.003554 0.460640
vt 0.002373 0.415030
vt 0.003554 0.415030
vt 0.006210 0.415030
vt 0.006210 0.437835
vt 0.006210 0.460640
vt 0.002373 0.050156
vt 0.003554 0.027352
vt 0.003554 0.050156
vt 0.002373 0.734295
vt 0.003554 0.734295
vt 0.006210 0.734295
vt 0.006210 0.027352
vt 0.006210 0.050156
vt 0.002373 0.369421
vt 0.002373 0.346616
vt 0.003554 0.346616
vt 0.003554 0.369421
vt 0.002373 0.323812
vt 0.003554 0.323812
vt 0.006210 0.323812
vt 0.006210 0.346616
vt 0.006210 0.369421
vt 0.002373 0.551858
vt 0.002373 0.529053
vt 0.003554 0.529053
vt 0.003554 0.551858
vt 0.002373 0.506249
vt 0.003554 0.506249
vt 0.006210 0.506249
vt 0.006210 0.529053
vt 0.006210 0.551858
vt 0.002373 0.232593
vt 0.002373 0.209789
vt 0.003554 0.209789
vt 0.003554 0.232593
vt 0.002373 0.186984
vt 0.003554 0.186984
vt 0.006210 0.186984
vt 0.006210 0.209789
vt 0.006210 0.232593
vt 0.002373 0.711490
vt 0.003554 0.711491
vt 0.006210 0.711490
vt 0.002373 0.392226
vt 0.003554 0.392226
vt 0.006210 0.392226
vt 0.002373 0.072961
vt 0.003554 0.072961
vt 0.006210 0.072961
vt 0.002373 0.301007
vt 0.003554 0.301007
vt 0.002373 0.278202
vt 0.003554 0.278202
vt 0.006210 0.278202
vt 0.006210 0.301007
vt 0.002373 0.483444
vt 0.003554 0.483444
vt 0.006210 0.483444
vt 0.002373 0.255398
vt 0.003554 0.255398
vt 0.006210 0.255398
vt 0.002373 0.574663
vt 0.003554 0.574663
vt 0.006210 0.574663
vt 0.002373 0.164179
vt 0.003554 0.164179
vt 0.006210 0.164179
vt 0.227581 0.688686
vt 0.227581 0.665881
vt 0.261141 0.665881
vt 0.261141 0.688686
vt 0.227581 0.643077
vt 0.261141 0.643077
vt 0.296011 0.643077
vt 0.296011 0.665881
vt 0.296011 0.688686
vt 0.227581 0.734295
vt 0.227581 0.711490
vt 0.261141 0.711490
vt 0.261141 0.734295
vt 0.296011 0.711490
vt 0.296011 0.734295
vt 0.227581 0.050156
vt 0.261141 0.027352
vt 0.261141 0.050156
vt 0.296011 0.027352
vt 0.296011 0.050156
vt 0.227581 0.095765
vt 0.227581 0.072961
vt 0.261141 0.072961
vt 0.261141 0.095765
vt 0.296011 0.072961
vt 0.296011 0.095765
vt 0.227581 0.141375
vt 0.227581 0.118570
vt 0.261141 0.118570
vt 0.261141 0.141375
vt 0.296011 0.118570
vt 0.296011 0.141375
vt 0.227581 0.186984
vt 0.227581 0.164179
vt 0.261141 0.164179
vt 0.261141 0.186984
vt 0.296011 0.164179
vt 0.296011 0.186984
vt 0.227581 0.232593
vt 0.227581 0.209789
vt 0.261141 0.209789
vt 0.261141 0.232593
vt 0.296011 0.209789
vt 0.296011 0.232593
vt 0.227581 0.278202
vt 0.227581 0.255398
vt 0.261141 0.255398
vt 0.261141 0.278202
vt 0.296011 0.255398
vt 0.296011 0.278202
vt 0.227581 0.323812
vt 0.227581 0.301007
vt 0.261141 0.301007
vt 0.261141 0.323812
vt 0.296011 0.301007
vt 0.296011 0.323812
vt 0.227581 0.369421
vt 0.227581 0.346616
vt 0.261141 0.346616
vt 0.261141 0.369421
vt 0.296011 0.346616
vt 0.296011 0.369421
vt 0.227581 0.415030
vt 0.227581 0.392226
vt 0.261141 0.392226
vt 0.261141 0.415030
vt 0.296011 0.392226
vt 0.296011 0.415030
vt 0.227581 0.460640
vt 0.227581 0.437835
vt 0.261141 0.437835
vt 0.261141 0.460640
vt 0.296011 0.437835
vt 0.296011 0.460640
vt 0.227581 0.506249
vt 0.227581 0.483444
vt 0.261141 0.483444
vt 0.261141 0.506249
vt 0.296011 0.483444
vt 0.296011 0.506249
vt 0.227581 0.551858
vt 0.227581 0.529053
vt 0.261141 0.529053
vt 0.261141 0.551858
vt 0.296011 0.529053
vt 0.296011 0.551858
vt 0.227581 0.597467
vt 0.227581 0.574663
vt 0.261141 0.574663
vt 0.261141 0.597467
vt 0.296011 0.574663
vt 0.296011 0.597467
vt 0.227581 0.620272
vt 0.261141 0.620272
vt 0.296011 0.620272
vt 0.107954 0.688686
vt 0.107954 0.665881
vt 0.140871 0.665881
vt 0.140871 0.688686
vt 0.107954 0.643077
vt 0.140871 0.643077
vt 0.169595 0.643077
vt 0.169595 0.665881
vt 0.169595 0.688686
vt 0.107954 0.734295
vt 0.107954 0.711490
vt 0.140871 0.711491
vt 0.140871 0.734295
vt 0.169595 0.711490
vt 0.169595 0.734295
vt 0.107954 0.050156
vt 0.140872 0.027352
vt 0.140872 0.050156
vt 0.169595 0.027352
vt 0.169595 0.050156
vt 0.107954 0.095766
vt 0.107954 0.072961
vt 0.140872 0.072961
vt 0.140872 0.095765
vt 0.169595 0.072961
vt 0.169595 0.095765
vt 0.107954 0.141375
vt 0.107954 0.118570
vt 0.140872 0.118570
vt 0.140871 0.141375
vt 0.169595 0.118570
vt 0.169595 0.141375
vt 0.107954 0.186984
vt 0.107954 0.164179
vt 0.140871 0.164179
vt 0.140871 0.186984
vt 0.169595 0.164179
vt 0.169595 0.186984
vt 0.107954 0.232593
vt 0.107954 0.209789
vt 0.140871 0.209789
vt 0.140871 0.232593
vt 0.169595 0.209789
vt 0.169595 0.232593
vt 0.107954 0.278202
vt 0.107954 0.255398
vt 0.140871 0.255398
vt 0.140871 0.278202
vt 0.169595 0.255398
vt 0.169595 0.278202
vt 0.107954 0.323812
vt 0.107954 0.301007
vt 0.140871 0.301007
vt 0.140871 0.323812
vt 0.169595 0.301007
vt 0.169595 0.323812
vt 0.107954 0.369421
vt 0.107954 0.346616
vt 0.140871 0.346616
vt 0.140871 0.369421
vt 0.169595 0.346616
vt 0.169595 0.369421
vt 0.107954 0.415030
vt 0.107954 0.392226
vt 0.140871 0.392226
vt 0.140871 0.415030
vt 0.169595 0.392226
vt 0.169595 0.415030
vt 0.107954 0.460640
vt 0.107954 0.437835
vt 0.140871 0.437835
vt 0.140871 0.460639
vt 0.169595 0.437835
vt 0.169595 0.460640
vt 0.107954 0.506249
vt 0.107954 0.483444
vt 0.140871 0.483444
vt 0.140871 0.506249
vt 0.169595 0.483444
vt 0.169595 0.506249
vt 0.107954 0.551858
vt 0.107954 0.529053
vt 0.140871 0.529053
vt 0.140871 0.551858
vt 0.169595 0.529053
vt 0.169595 0.551858
vt 0.107954 0.597467
vt 0.107954 0.574663
vt 0.140871 0.574663
vt 0.140871 0.597467
vt 0.169595 0.574663
vt 0.169595 0.597467
vt 0.107954 0.620272
vt 0.140871 0.620272
vt 0.169595 0.620272
vt 0.197782 0.665881
vt 0.197782 0.688686
vt 0.197782 0.643077
vt 0.197782 0.711490
vt 0.197782 0.734295
vt 0.197782 0.027352
vt 0.197782 0.050156
vt 0.197782 0.072961
vt 0.197782 0.095766
vt 0.197782 0.118570
vt 0.197782 0.141375
vt 0.197782 0.164179
vt 0.197782 0.186984
vt 0.197782 0.209789
vt 0.197782 0.232593
vt 0.197782 0.255398
vt 0.197782 0.278202
vt 0.197782 0.301007
vt 0.197782 0.323812
vt 0.197782 0.346616
vt 0.197782 0.369421
vt 0.197782 0.392226
vt 0.197782 0.415030
vt 0.197782 0.437835
vt 0.197782 0.460639
vt 0.197782 0.483444
vt 0.197782 0.506249
vt 0.197782 0.529053
vt 0.197782 0.551858
vt 0.197782 0.574663
vt 0.197782 0.597467
vt 0.197782 0.620272
vt 0.329744 0.665881
vt 0.329744 0.688686
vt 0.329744 0.643077
vt 0.355181 0.643077
vt 0.355181 0.665881
vt 0.355181 0.688686
vt 0.329744 0.711490
vt 0.329744 0.734295
vt 0.355181 0.711490
vt 0.355181 0.734295
vt 0.329744 0.027352
vt 0.329744 0.050156
vt 0.355181 0.027351
vt 0.355181 0.050156
vt 0.329744 0.072961
vt 0.329744 0.095765
vt 0.355181 0.072961
vt 0.355181 0.095765
vt 0.329744 0.118570
vt 0.329744 0.141375
vt 0.355181 0.118570
vt 0.355181 0.141375
vt 0.329744 0.164179
vt 0.329744 0.186984
vt 0.355181 0.164179
vt 0.355181 0.186984
vt 0.329744 0.209789
vt 0.329744 0.232593
vt 0.355181 0.209789
vt 0.355181 0.232593
vt 0.329744 0.255398
vt 0.329744 0.278203
vt 0.355181 0.255398
vt 0.355181 0.278203
vt 0.329744 0.301007
vt 0.329744 0.323812
vt 0.355181 0.301007
vt 0.355181 0.323812
vt 0.329744 0.346616
vt 0.329744 0.369421
vt 0.355181 0.346616
vt 0.355181 0.369421
vt 0.329744 0.392226
vt 0.329744 0.415030
vt 0.355181 0.392226
vt 0.355181 0.415030
vt 0.329744 0.437835
vt 0.329744 0.460640
vt 0.355181 0.437835
vt 0.355181 0.460640
vt 0.329744 0.483444
vt 0.329744 0.506249
vt 0.355181 0.483444
vt 0.355181 0.506249
vt 0.329744 0.529053
vt 0.329744 0.551858
vt 0.355181 0.529053
vt 0.355181 0.551858
vt 0.329744 0.574663
vt 0.329744 0.597467
vt 0.355181 0.574663
vt 0.355181 0.597467
vt 0.329744 0.620272
vt 0.355181 0.620272
vt 0.032971 0.688686
vt 0.032971 0.665881
vt 0.067186 0.665881
vt 0.067186 0.688686
vt 0.032971 0.643077
vt 0.067186 0.643077
vt 0.032971 0.734295
vt 0.032971 0.711491
vt 0.067186 0.711491
vt 0.067186 0.734295
vt 0.032971 0.050156
vt 0.067186 0.027352
vt 0.067186 0.050156
vt 0.032971 0.095765
vt 0.032971 0.072961
vt 0.067186 0.072961
vt 0.067186 0.095765
vt 0.032971 0.141375
vt 0.032971 0.118570
vt 0.067186 0.118570
vt 0.067186 0.141375
vt 0.032971 0.186984
vt 0.032971 0.164179
vt 0.067186 0.164179
vt 0.067186 0.186984
vt 0.032971 0.232593
vt 0.032971 0.209789
vt 0.067186 0.209789
vt 0.067186 0.232593
vt 0.032971 0.278202
vt 0.032971 0.255398
vt 0.067186 0.255398
vt 0.067186 0.278202
vt 0.032971 0.323812
vt 0.032971 0.301007
vt 0.067186 0.301007
vt 0.067186 0.323812
vt 0.032971 0.369421
vt 0.032971 0.346616
vt 0.067186 0.346616
vt 0.067186 0.369421
vt 0.032971 0.415030
vt 0.032971 0.392226
vt 0.067186 0.392226
vt 0.067186 0.415030
vt 0.032971 0.460640
vt 0.032971 0.437835
vt 0.067186 0.437835
vt 0.067186 0.460640
vt 0.032971 0.506249
vt 0.032971 0.483444
vt 0.067186 0.483444
vt 0.067186 0.506249
vt 0.032971 0.551858
vt 0.032971 0.529053
vt 0.067186 0.529053
vt 0.067186 0.551858
vt 0.032971 0.597467
vt 0.032971 0.574663
vt 0.067186 0.574663
vt 0.067186 0.597467
vt 0.032971 0.620272
vt 0.067186 0.620272
vt 0.016149 0.688686
vt 0.016149 0.665881
vt 0.019711 0.665881
vt 0.019711 0.688686
vt 0.016149 0.643077
vt 0.019711 0.643077
vt 0.016149 0.734295
vt 0.016149 0.711490
vt 0.019711 0.711491
vt 0.019711 0.734295
vt 0.016149 0.050156
vt 0.019711 0.027352
vt 0.019711 0.050156
vt 0.016149 0.095765
vt 0.016149 0.072961
vt 0.019711 0.072961
vt 0.019711 0.095765
vt 0.016149 0.141375
vt 0.016149 0.118570
vt 0.019711 0.118570
vt 0.019711 0.141375
vt 0.016149 0.186984
vt 0.016149 0.164179
vt 0.019711 0.164179
vt 0.019711 0.186984
vt 0.016149 0.232593
vt 0.016149 0.209789
vt 0.019711 0.209789
vt 0.019711 0.232593
vt 0.016149 0.278202
vt 0.016149 0.255398
vt 0.019711 0.255398
vt 0.019711 0.278202
vt 0.016149 0.323812
vt 0.016149 0.301007
vt 0.019711 0.301007
vt 0.019711 0.323812
vt 0.016149 0.369421
vt 0.016149 0.346616
vt 0.019711 0.346616
vt 0.019711 0.369421
vt 0.016149 0.415030
vt 0.016149 0.392226
vt 0.019711 0.392226
vt 0.019711 0.415030
vt 0.016149 0.460640
vt 0.016149 0.437835
vt 0.019711 0.437835
vt 0.019711 0.460640
vt 0.016149 0.506249
vt 0.016149 0.483444
vt 0.019711 0.483444
vt 0.019711 0.506249
vt 0.016149 0.551858
vt 0.016149 0.529053
vt 0.019711 0.529053
vt 0.019711 0.551858
vt 0.016149 0.597467
vt 0.016149 0.574663
vt 0.019711 0.574663
vt 0.019711 0.597467
vt 0.016149 0.620272
vt 0.019711 0.620272
vt 0.001980 0.665881
vt 0.001980 0.643077
vt 0.001980 0.688686
vt 0.001980 0.711490
vt 0.001980 0.734295
vt 0.001980 0.050156
vt 0.001980 0.072961
vt 0.001980 0.095765
vt 0.001980 0.118570
vt 0.001980 0.141375
vt 0.001980 0.164179
vt 0.001980 0.186984
vt 0.001980 0.209789
vt 0.001980 0.232593
vt 0.001980 0.255398
vt 0.001980 0.278202
vt 0.001980 0.301007
vt 0.001980 0.323812
vt 0.001980 0.346616
vt 0.001980 0.369421
vt 0.001980 0.392226
vt 0.001980 0.415030
vt 0.705259 0.078174
vt 0.707504 0.083182
vt 0.705162 0.087450
vt 0.702138 0.082658
vt 0.709130 0.087135
vt 0.708148 0.091296
vt 0.706719 0.096594
vt 0.702931 0.092659
vt 0.698929 0.087944
vt 0.701157 0.106079
vt 0.697214 0.109949
vt 0.692603 0.106318
vt 0.696579 0.102173
vt 0.692668 0.113066
vt 0.688185 0.109945
vt 0.682898 0.106736
vt 0.687330 0.102418
vt 0.691484 0.097826
vt 0.688787 0.064123
vt 0.693768 0.066485
vt 0.689786 0.070797
vt 0.684852 0.067911
vt 0.698271 0.069685
vt 0.694366 0.074264
vt 0.690019 0.079359
vt 0.685194 0.075479
vt 0.680137 0.071914
vt 0.671552 0.080823
vt 0.676557 0.085093
vt 0.672434 0.090045
vt 0.667672 0.085649
vt 0.681518 0.089325
vt 0.677286 0.094285
vt 0.673016 0.099290
vt 0.668424 0.095137
vt 0.664107 0.090705
vt 0.685749 0.084364
vt 0.680798 0.080241
vt 0.675705 0.076231
vt 0.704358 0.101575
vt 0.700046 0.097593
vt 0.695364 0.093001
vt 0.664764 0.108964
vt 0.660894 0.105021
vt 0.664524 0.100410
vt 0.668670 0.104386
vt 0.657777 0.100475
vt 0.660897 0.095992
vt 0.687661 0.115311
vt 0.683393 0.112969
vt 0.683707 0.116937
vt 0.679547 0.115954
vt 0.674248 0.114526
vt 0.678184 0.110738
vt 0.702142 0.073629
vt 0.698511 0.078240
vt 0.694611 0.083513
vt 0.686478 0.093556
vt 0.690601 0.088605
vt 0.677842 0.103171
vt 0.682238 0.098408
vt 0.669268 0.112165
vt 0.673249 0.107853
vt 0.679328 0.061712
vt 0.683489 0.062695
vt 0.679643 0.065681
vt 0.675375 0.063338
vt 0.674851 0.068704
vt 0.670367 0.065584
vt 0.666457 0.076477
vt 0.670433 0.072331
vt 0.661878 0.072571
vt 0.665821 0.068701
vt 0.656316 0.082055
vt 0.658678 0.077075
vt 0.662990 0.081056
vt 0.660104 0.085990
vt 0.655531 0.095468
vt 0.657874 0.091199
vt 0.653905 0.091514
vt 0.654888 0.087353
vt 0.667721 0.062286
vt 0.673262 0.060118
vt 0.666360 0.059620
vt 0.672448 0.057237
vt 0.678882 0.056080
vt 0.679118 0.059064
vt 0.685067 0.059182
vt 0.685418 0.056209
vt 0.691805 0.057602
vt 0.690881 0.060449
vt 0.654479 0.103122
vt 0.652311 0.097580
vt 0.651813 0.104482
vt 0.649430 0.098395
vt 0.648273 0.091961
vt 0.651257 0.091724
vt 0.711779 0.086925
vt 0.711661 0.092875
vt 0.714762 0.086689
vt 0.714634 0.093225
vt 0.713240 0.099611
vt 0.710393 0.098688
vt 0.652642 0.079961
vt 0.655028 0.074510
vt 0.649795 0.079038
vt 0.652415 0.073049
vt 0.656146 0.067681
vt 0.658423 0.069624
vt 0.704612 0.109026
vt 0.700322 0.113149
vt 0.706889 0.110968
vt 0.702177 0.115499
vt 0.696675 0.119030
vt 0.695315 0.116364
vt 0.701219 0.066230
vt 0.705342 0.070521
vt 0.703161 0.063953
vt 0.707692 0.068666
vt 0.711223 0.074167
vt 0.708557 0.075528
vt 0.672154 0.118200
vt 0.666703 0.115815
vt 0.671231 0.121047
vt 0.665242 0.118427
vt 0.659874 0.114696
vt 0.661817 0.112419
vt 0.662714 0.065500
vt 0.660859 0.063151
vt 0.708008 0.104139
vt 0.710620 0.105601
vt 0.651375 0.085775
vt 0.648402 0.085425
vt 0.689773 0.118532
vt 0.690588 0.121412
vt 0.684154 0.122569
vt 0.683917 0.119586
vt 0.710725 0.081069
vt 0.713605 0.080255
vt 0.677968 0.119468
vt 0.677618 0.122441
vt 0.696332 0.062835
vt 0.697794 0.060222
vt 0.657693 0.108129
vt 0.655344 0.109983
vt 0.622896 0.142129
vt 0.621027 0.141975
vt 0.622008 0.131915
vt 0.623867 0.132158
vt 0.618568 0.141775
vt 0.619561 0.131599
vt 0.621003 0.121462
vt 0.623432 0.121897
vt 0.625277 0.122229
vt 0.625323 0.111952
vt 0.627150 0.112376
vt 0.622918 0.111395
vt 0.625315 0.101433
vt 0.627689 0.102115
vt 0.629492 0.102633
vt 0.630407 0.220842
vt 0.628605 0.221361
vt 0.626201 0.211712
vt 0.628025 0.211274
vt 0.626233 0.222044
vt 0.623801 0.212289
vt 0.621779 0.202422
vt 0.624202 0.201953
vt 0.626043 0.201597
vt 0.704233 0.333744
vt 0.703138 0.335267
vt 0.695406 0.329068
vt 0.696583 0.327607
vt 0.701693 0.337273
vt 0.693855 0.330991
vt 0.686381 0.324301
vt 0.688030 0.322463
vt 0.689282 0.321066
vt 0.623318 0.181973
vt 0.621452 0.182163
vt 0.620709 0.172165
vt 0.622581 0.172060
vt 0.618997 0.182414
vt 0.618246 0.172305
vt 0.617916 0.162150
vt 0.620384 0.162122
vt 0.622258 0.162102
vt 0.675751 0.306900
vt 0.674365 0.308164
vt 0.668081 0.300533
vt 0.669526 0.299338
vt 0.672540 0.309826
vt 0.666177 0.302105
vt 0.660185 0.294101
vt 0.662161 0.292621
vt 0.663661 0.291496
vt 0.635723 0.083668
vt 0.633990 0.082950
vt 0.728577 0.350852
vt 0.729410 0.349160
vt 0.631700 0.082006
vt 0.635783 0.072675
vt 0.718493 0.348387
vt 0.719701 0.346221
vt 0.720611 0.344578
vt 0.643941 0.257691
vt 0.642260 0.258522
vt 0.638253 0.249477
vt 0.639969 0.248722
vt 0.640047 0.259616
vt 0.635993 0.250470
vt 0.632333 0.241150
vt 0.634635 0.240259
vt 0.636383 0.239582
vt 0.620492 0.152052
vt 0.622365 0.152118
vt 0.618026 0.151966
vt 0.681019 0.315480
vt 0.682340 0.314149
vt 0.679278 0.317232
vt 0.622622 0.192097
vt 0.624477 0.191824
vt 0.620180 0.192458
vt 0.656618 0.284442
vt 0.658169 0.283388
vt 0.654575 0.285828
vt 0.649343 0.277313
vt 0.651447 0.276022
vt 0.653045 0.275041
vt 0.711235 0.341001
vt 0.712241 0.339417
vt 0.709905 0.343089
vt 0.646663 0.267375
vt 0.648304 0.266468
vt 0.644502 0.268568
vt 0.630567 0.092431
vt 0.632340 0.093047
vt 0.628231 0.091620
vt 0.631421 0.230880
vt 0.633198 0.230282
vt 0.629082 0.231668
vt 0.472100 0.135199
vt 0.449388 0.134665
vt 0.450629 0.118008
vt 0.473348 0.119251
vt 0.425818 0.133947
vt 0.427055 0.116536
vt 0.428937 0.099287
vt 0.452492 0.101459
vt 0.475198 0.103361
vt 0.471496 0.167203
vt 0.448862 0.168196
vt 0.448795 0.151405
vt 0.471480 0.151190
vt 0.425370 0.169093
vt 0.425252 0.151479
vt 0.473484 0.199191
vt 0.451027 0.201810
vt 0.449604 0.185009
vt 0.472164 0.183212
vt 0.427714 0.204414
vt 0.426188 0.186751
vt 0.478104 0.230948
vt 0.455936 0.235245
vt 0.453137 0.218567
vt 0.475465 0.215112
vt 0.432920 0.239603
vt 0.429957 0.222044
vt 0.485357 0.262245
vt 0.463600 0.268236
vt 0.459426 0.251813
vt 0.481404 0.246668
vt 0.441006 0.274360
vt 0.436604 0.257054
vt 0.495215 0.292846
vt 0.473991 0.300520
vt 0.468459 0.284482
vt 0.489965 0.277646
vt 0.451946 0.308396
vt 0.446123 0.291486
vt 0.507622 0.322521
vt 0.487045 0.331838
vt 0.480192 0.316315
vt 0.501106 0.307814
vt 0.465669 0.341426
vt 0.458467 0.325054
vt 0.522493 0.351044
vt 0.502661 0.361940
vt 0.494541 0.347056
vt 0.514757 0.336940
vt 0.482058 0.373178
vt 0.473540 0.357479
vt 0.539719 0.378199
vt 0.520700 0.390588
vt 0.511388 0.376460
vt 0.530820 0.364804
vt 0.500946 0.403390
vt 0.491202 0.388492
vt 0.559161 0.403797
vt 0.540980 0.417562
vt 0.530573 0.404296
vt 0.549173 0.391202
vt 0.522107 0.431813
vt 0.511259 0.417839
vt 0.580654 0.427697
vt 0.563276 0.442686
vt 0.551893 0.430363
vt 0.569664 0.415964
vt 0.545250 0.458226
vt 0.533453 0.445284
vt 0.603992 0.449882
vt 0.587306 0.465892
vt 0.575095 0.454524
vt 0.592109 0.438997
vt 0.570007 0.482455
vt 0.557453 0.470619
vt 0.628887 0.470583
vt 0.612696 0.487424
vt 0.599862 0.476829
vt 0.616270 0.460388
vt 0.595918 0.504580
vt 0.582853 0.493749
vt 0.487796 0.040366
vt 0.465316 0.036511
vt 0.625711 0.497816
vt 0.641782 0.480556
vt 0.442230 0.032489
vt 0.446569 0.016286
vt 0.480580 0.071779
vt 0.457959 0.068751
vt 0.461450 0.052589
vt 0.484004 0.056068
vt 0.434533 0.065413
vt 0.438160 0.048837
vt 0.454951 0.085037
vt 0.477625 0.087538
vt 0.431443 0.082235
vt 0.553485 0.137578
vt 0.530954 0.136685
vt 0.532190 0.122717
vt 0.554691 0.124483
vt 0.511467 0.136100
vt 0.512715 0.121437
vt 0.514537 0.106771
vt 0.533987 0.108734
vt 0.556441 0.111371
vt 0.552727 0.163673
vt 0.530210 0.164538
vt 0.530297 0.150629
vt 0.552835 0.150645
vt 0.510754 0.165385
vt 0.510813 0.150754
vt 0.554155 0.189550
vt 0.531777 0.192192
vt 0.530706 0.178398
vt 0.553172 0.176646
vt 0.512451 0.194512
vt 0.511302 0.179977
vt 0.557753 0.215085
vt 0.535653 0.219511
vt 0.533429 0.205902
vt 0.555687 0.202368
vt 0.516572 0.223329
vt 0.514211 0.208970
vt 0.563498 0.240141
vt 0.541823 0.246343
vt 0.538455 0.232997
vt 0.560361 0.227681
vt 0.523104 0.251661
vt 0.519540 0.237567
vt 0.571361 0.264569
vt 0.550258 0.272522
vt 0.545762 0.259524
vt 0.567169 0.252441
vt 0.532019 0.279324
vt 0.527268 0.265587
vt 0.581309 0.288218
vt 0.560918 0.297879
vt 0.555315 0.285313
vt 0.576079 0.276499
vt 0.543274 0.306129
vt 0.537359 0.292845
vt 0.593305 0.310938
vt 0.573760 0.322248
vt 0.567072 0.310197
vt 0.587056 0.299702
vt 0.556811 0.331892
vt 0.549763 0.319151
vt 0.607314 0.332578
vt 0.588733 0.345467
vt 0.580985 0.334009
vt 0.600063 0.321900
vt 0.572567 0.356438
vt 0.564418 0.344326
vt 0.623306 0.352992
vt 0.605789 0.367388
vt 0.597005 0.356596
vt 0.615066 0.342945
vt 0.590467 0.379610
vt 0.581255 0.368203
vt 0.641263 0.372037
vt 0.624884 0.387886
vt 0.615086 0.377820
vt 0.632041 0.362693
vt 0.610434 0.401293
vt 0.600199 0.390642
vt 0.661187 0.389561
vt 0.645980 0.406867
vt 0.635186 0.397569
vt 0.650980 0.380998
vt 0.632379 0.421434
vt 0.621168 0.411554
vt 0.683121 0.405362
vt 0.669046 0.424259
vt 0.657270 0.415763
vt 0.671899 0.397691
vt 0.656170 0.440072
vt 0.644056 0.430933
vt 0.569019 0.058984
vt 0.546617 0.052735
vt 0.681313 0.432340
vt 0.694882 0.412513
vt 0.527116 0.048114
vt 0.531348 0.033421
vt 0.561606 0.085143
vt 0.539248 0.080745
vt 0.542683 0.066744
vt 0.565029 0.072049
vt 0.519840 0.077450
vt 0.523258 0.062788
vt 0.536347 0.094743
vt 0.558749 0.098255
vt 0.516923 0.092110
vt 0.492315 0.135639
vt 0.493566 0.120335
vt 0.495403 0.105053
vt 0.491649 0.166268
vt 0.491674 0.150955
vt 0.493484 0.196800
vt 0.492253 0.181556
vt 0.497846 0.227057
vt 0.495350 0.211975
vt 0.504731 0.256840
vt 0.500976 0.242020
vt 0.514109 0.285939
vt 0.509112 0.271487
vt 0.525930 0.314147
vt 0.519719 0.300167
vt 0.540126 0.341259
vt 0.532738 0.327852
vt 0.556611 0.367082
vt 0.548090 0.354342
vt 0.575284 0.391447
vt 0.565683 0.379455
vt 0.596025 0.414233
vt 0.585405 0.403040
vt 0.618690 0.435418
vt 0.607129 0.425020
vt 0.643069 0.455149
vt 0.630684 0.445447
vt 0.507948 0.044118
vt 0.655804 0.464565
vt 0.500739 0.074569
vt 0.504145 0.059350
vt 0.497809 0.089799
vt 0.403061 0.132992
vt 0.404307 0.114803
vt 0.385792 0.132057
vt 0.387068 0.113229
vt 0.389029 0.094608
vt 0.406223 0.096810
vt 0.402664 0.169770
vt 0.402508 0.151330
vt 0.385406 0.170136
vt 0.385237 0.151041
vt 0.405166 0.206784
vt 0.403547 0.188270
vt 0.388007 0.208474
vt 0.386329 0.189294
vt 0.410647 0.243697
vt 0.407532 0.225274
vt 0.393685 0.246725
vt 0.390462 0.227631
vt 0.419135 0.280184
vt 0.414516 0.262014
vt 0.402473 0.284548
vt 0.397694 0.265709
vt 0.430605 0.315932
vt 0.424501 0.298170
vt 0.414347 0.321616
vt 0.408031 0.303195
vt 0.444980 0.350636
vt 0.437437 0.333433
vt 0.429226 0.357609
vt 0.421421 0.339765
vt 0.462131 0.384002
vt 0.453220 0.367504
vt 0.446974 0.392221
vt 0.437755 0.375104
vt 0.481869 0.415752
vt 0.471692 0.400096
vt 0.467391 0.425162
vt 0.456867 0.408915
vt 0.503936 0.445619
vt 0.492632 0.430937
vt 0.490206 0.456158
vt 0.478522 0.440916
vt 0.527990 0.473349
vt 0.515741 0.459767
vt 0.515058 0.484949
vt 0.502406 0.470842
vt 0.553581 0.498668
vt 0.540627 0.486329
vt 0.541481 0.511247
vt 0.528109 0.498429
vt 0.580148 0.521261
vt 0.566780 0.510320
vt 0.568879 0.534477
vt 0.555103 0.523312
vt 0.420208 0.027987
vt 0.593605 0.531629
vt 0.403666 0.023622
vt 0.409356 0.007376
vt 0.411989 0.061642
vt 0.415802 0.044595
vt 0.394967 0.058222
vt 0.398946 0.040628
vt 0.408791 0.079070
vt 0.391670 0.076249
vt 0.606207 0.140807
vt 0.581920 0.139115
vt 0.583059 0.127235
vt 0.607257 0.130046
vt 0.584713 0.115358
vt 0.608781 0.119313
vt 0.605518 0.162322
vt 0.581181 0.162815
vt 0.581301 0.150981
vt 0.605634 0.151572
vt 0.606661 0.183699
vt 0.582449 0.186323
vt 0.581569 0.174600
vt 0.605866 0.173036
vt 0.609601 0.204796
vt 0.585695 0.209511
vt 0.583830 0.197965
vt 0.607912 0.194290
vt 0.614310 0.225483
vt 0.590889 0.232249
vt 0.588053 0.220944
vt 0.611739 0.215198
vt 0.620758 0.245631
vt 0.598004 0.254402
vt 0.594212 0.243406
vt 0.617321 0.235631
vt 0.628915 0.265109
vt 0.607009 0.275834
vt 0.602275 0.265216
vt 0.624628 0.255461
vt 0.638750 0.283787
vt 0.617871 0.296406
vt 0.612212 0.286235
vt 0.633628 0.274555
vt 0.650232 0.301524
vt 0.630564 0.315976
vt 0.623993 0.306323
vt 0.644290 0.292780
vt 0.663334 0.318165
vt 0.645065 0.334392
vt 0.637592 0.325336
vt 0.656584 0.309990
vt 0.678040 0.333524
vt 0.661369 0.351483
vt 0.652994 0.343113
vt 0.670489 0.326016
vt 0.694354 0.347355
vt 0.679488 0.367031
vt 0.670202 0.359464
vt 0.685997 0.340647
vt 0.712305 0.359305
vt 0.699462 0.380726
vt 0.689242 0.374132
vt 0.703124 0.353590
vt 0.620087 0.077272
vt 0.596842 0.068331
vt 0.710166 0.386736
vt 0.721906 0.364423
vt 0.613343 0.098042
vt 0.589636 0.091693
vt 0.592944 0.079958
vt 0.616428 0.087573
vt 0.586904 0.103503
vt 0.610808 0.108635
vt 0.616043 0.141572
vt 0.617048 0.131276
vt 0.618508 0.121017
vt 0.615383 0.162181
vt 0.615494 0.151881
vt 0.616477 0.182673
vt 0.615716 0.172451
vt 0.619291 0.202906
vt 0.617674 0.192830
vt 0.623798 0.222746
vt 0.621337 0.212882
vt 0.629969 0.242066
vt 0.626680 0.232478
vt 0.637774 0.260740
vt 0.633672 0.251490
vt 0.647181 0.278637
vt 0.642282 0.269792
vt 0.658154 0.295620
vt 0.652476 0.287250
vt 0.670664 0.311533
vt 0.664221 0.303719
vt 0.684684 0.326188
vt 0.677488 0.319029
vt 0.700204 0.339334
vt 0.692258 0.332966
vt 0.717246 0.350614
vt 0.708534 0.345233
vt 0.629340 0.081036
vt 0.726352 0.355386
vt 0.622874 0.100735
vt 0.625828 0.090789
vt 0.620447 0.110826
vt 0.665736 0.058396
vt 0.624754 0.132273
vt 0.626158 0.122388
vt 0.655102 0.066790
vt 0.623260 0.152150
vt 0.648489 0.078614
vt 0.623474 0.172009
vt 0.646904 0.092069
vt 0.625362 0.191694
vt 0.650589 0.105106
vt 0.628894 0.211065
vt 0.658983 0.115741
vt 0.634046 0.229996
vt 0.670807 0.122354
vt 0.640788 0.248361
vt 0.684262 0.123938
vt 0.649087 0.266035
vt 0.697300 0.120253
vt 0.658909 0.282885
vt 0.707934 0.111860
vt 0.670215 0.298767
vt 0.714547 0.100035
vt 0.682970 0.313514
vt 0.716131 0.086580
vt 0.697144 0.326910
vt 0.712446 0.073543
vt 0.712720 0.338660
vt 0.704053 0.062909
vt 0.729761 0.348334
vt 0.692228 0.056296
vt 0.633186 0.093341
vt 0.628022 0.112579
vt 0.380375 0.093387
vt 0.378382 0.112347
vt 0.375662 0.112056
vt 0.377667 0.092987
vt 0.377080 0.131511
vt 0.374350 0.131326
vt 0.001980 0.437835
vt 0.001980 0.460640
vt 0.001980 0.483444
vt 0.376517 0.150833
vt 0.373784 0.150756
vt 0.376684 0.170266
vt 0.373949 0.170295
vt 0.001980 0.506249
vt 0.001980 0.529053
vt 0.377625 0.189765
vt 0.374895 0.189903
vt 0.379327 0.209287
vt 0.376603 0.209533
vt 0.001980 0.551858
vt 0.001980 0.574663
vt 0.381826 0.228787
vt 0.379115 0.229141
vt 0.385100 0.248224
vt 0.382405 0.248686
vt 0.001980 0.597467
vt 0.001980 0.620272
vt 0.389180 0.267551
vt 0.386507 0.268122
vt 0.394037 0.286731
vt 0.391389 0.287410
vt 0.011029 0.665881
vt 0.011029 0.688686
vt 0.399694 0.305717
vt 0.397076 0.306502
vt 0.406115 0.324474
vt 0.403530 0.325365
vt 0.011029 0.643077
vt 0.011029 0.711490
vt 0.413315 0.342954
vt 0.410770 0.343950
vt 0.421252 0.361126
vt 0.418748 0.362225
vt 0.011029 0.734295
vt 0.011029 0.027352
vt 0.429933 0.378941
vt 0.427477 0.380141
vt 0.439308 0.396374
vt 0.436903 0.397674
vt 0.011029 0.050156
vt 0.011029 0.072961
vt 0.449377 0.413375
vt 0.447027 0.414772
vt 0.460082 0.429923
vt 0.457789 0.431415
vt 0.011029 0.095765
vt 0.011029 0.118570
vt 0.471410 0.445969
vt 0.469181 0.447553
vt 0.483296 0.461497
vt 0.481132 0.463172
vt 0.011029 0.141375
vt 0.011029 0.164179
vt 0.495714 0.476459
vt 0.493621 0.478221
vt 0.508589 0.490839
vt 0.506570 0.492688
vt 0.011029 0.186984
vt 0.011029 0.209789
vt 0.521883 0.504586
vt 0.519944 0.506520
vt 0.535509 0.517675
vt 0.533657 0.519696
vt 0.011029 0.232593
vt 0.011029 0.255398
vt 0.549423 0.530014
vt 0.547675 0.532129
vt 0.563559 0.541452
vt 0.561956 0.543689
vt 0.011029 0.278202
vt 0.011029 0.301007
vt 0.577972 0.551352
vt 0.399072 0.003269
vt 0.395383 0.020880
vt 0.392805 0.019952
vt 0.011029 0.323812
vt 0.011029 0.346616
vt 0.390510 0.038319
vt 0.387879 0.037562
vt 0.386432 0.056301
vt 0.383766 0.055674
vt 0.011029 0.369421
vt 0.011029 0.392226
vt 0.383070 0.074687
vt 0.380381 0.074177
vt 0.011029 0.415030
vt 0.011029 0.437835
vt 0.011029 0.460640
vt 0.011029 0.483444
vt 0.011029 0.506249
vt 0.011029 0.529053
vt 0.011029 0.551858
vt 0.011029 0.574663
vt 0.011029 0.597467
vt 0.011029 0.620272
vt 0.365168 0.665881
vt 0.365168 0.688686
vt 0.365168 0.643077
vt 0.366854 0.643077
vt 0.366854 0.665881
vt 0.366854 0.688686
vt 0.365168 0.711490
vt 0.365168 0.734295
vt 0.366854 0.711490
vt 0.366854 0.734295
vt 0.365168 0.027352
vt 0.365168 0.050156
vt 0.366854 0.050156
vt 0.365168 0.072961
vt 0.365168 0.095765
vt 0.366854 0.072961
vt 0.366854 0.095765
vt 0.365168 0.118570
vt 0.365168 0.141375
vt 0.366854 0.118570
vt 0.366854 0.141375
vt 0.365168 0.164179
vt 0.365168 0.186984
vt 0.366854 0.164179
vt 0.366854 0.186984
vt 0.365168 0.209789
vt 0.365168 0.232593
vt 0.366854 0.209789
vt 0.366854 0.232593
vt 0.365168 0.255398
vt 0.365168 0.278203
vt 0.366854 0.255398
vt 0.366854 0.278203
vt 0.365168 0.301007
vt 0.365168 0.323812
vt 0.366854 0.301007
vt 0.366854 0.323812
vt 0.365168 0.346616
vt 0.365168 0.369421
vt 0.366854 0.346616
vt 0.366854 0.369421
vt 0.365168 0.392226
vt 0.365168 0.415030
vt 0.366854 0.392226
vt 0.366854 0.415030
vt 0.365168 0.437835
vt 0.365168 0.460640
vt 0.366854 0.437835
vt 0.366854 0.460640
vt 0.365168 0.483444
vt 0.365168 0.506249
vt 0.366854 0.483444
vt 0.366854 0.506249
vt 0.365168 0.529053
vt 0.384727 0.074995
vt 0.388075 0.056680
vt 0.382043 0.093628
vt 0.392134 0.038777
vt 0.396976 0.021436
vt 0.402943 0.005178
vt 0.564557 0.540083
vt 0.550506 0.528714
vt 0.536653 0.516431
vt 0.523079 0.503396
vt 0.509833 0.489701
vt 0.497003 0.475374
vt 0.484627 0.460466
vt 0.472782 0.444994
vt 0.461492 0.429004
vt 0.450823 0.412514
vt 0.440788 0.395572
vt 0.431443 0.378201
vt 0.422792 0.360447
vt 0.414880 0.342339
vt 0.407704 0.323923
vt 0.401304 0.305231
vt 0.395666 0.286311
vt 0.390824 0.267197
vt 0.386758 0.247936
vt 0.383493 0.228566
vt 0.381002 0.209132
vt 0.379306 0.189677
vt 0.378367 0.170244
vt 0.378199 0.150877
vt 0.378760 0.131620
vt 0.380057 0.112522
vt 0.645980 0.062714
vt 0.642489 0.064148
vt 0.365168 0.551858
vt 0.635086 0.026542
vt 0.638861 0.026553
vt 0.366854 0.529053
vt 0.631309 0.064130
vt 0.627825 0.062675
vt 0.366854 0.551858
vt 0.622073 0.033464
vt 0.624750 0.030803
vt 0.365168 0.574663
vt 0.622027 0.057897
vt 0.365168 0.597467
vt 0.655354 0.051338
vt 0.653899 0.054821
vt 0.366854 0.574663
vt 0.617766 0.047561
vt 0.617777 0.043786
vt 0.366854 0.597467
vt 0.653938 0.036666
vt 0.655373 0.040158
vt 0.365168 0.620272
vt 0.635010 0.064870
vt 0.631382 0.027274
vt 0.618499 0.051264
vt 0.656094 0.047636
vt 0.619972 0.036601
vt 0.649121 0.060620
vt 0.646046 0.028748
vt 0.366854 0.620272
vt 0.651844 0.033525
vt 0.377708 0.073662
vt 0.381117 0.055042
vt 0.374975 0.092584
vt 0.385265 0.036796
vt 0.390248 0.019012
vt 0.396673 0.001992
vt 0.560380 0.545923
vt 0.545948 0.534239
vt 0.531823 0.521711
vt 0.518020 0.508447
vt 0.504564 0.494530
vt 0.491540 0.479977
vt 0.478979 0.464840
vt 0.466962 0.449132
vt 0.455508 0.432901
vt 0.444687 0.416163
vt 0.434507 0.398968
vt 0.425031 0.381337
vt 0.416255 0.363319
vt 0.408234 0.344941
vt 0.400956 0.326252
vt 0.394469 0.307284
vt 0.388751 0.288084
vt 0.383845 0.268689
vt 0.379721 0.249145
vt 0.376416 0.229492
vt 0.373891 0.209775
vt 0.372176 0.190037
vt 0.371226 0.170322
vt 0.371063 0.150675
vt 0.371634 0.131138
vt 0.372956 0.111761
vt 0.630352 0.102881
vt 0.685578 0.054845
vt 0.678773 0.054711
vt 0.636551 0.084011
vt 0.698464 0.059023
vt 0.721043 0.343794
vt 0.708770 0.067815
vt 0.704754 0.333016
vt 0.714927 0.079881
vt 0.689879 0.320399
vt 0.715998 0.093385
vt 0.676411 0.306297
vt 0.711819 0.106271
vt 0.664376 0.290959
vt 0.703028 0.116577
vt 0.653807 0.274573
vt 0.690961 0.122734
vt 0.644742 0.257294
vt 0.677457 0.123805
vt 0.637217 0.239258
vt 0.664571 0.119626
vt 0.631267 0.220594
vt 0.654265 0.110834
vt 0.626921 0.201427
vt 0.648108 0.098768
vt 0.624207 0.181883
vt 0.647038 0.085264
vt 0.623153 0.162092
vt 0.651216 0.072378
vt 0.623787 0.142202
vt 0.660008 0.062072
vt 0.672074 0.055915
vt 0.401456 0.004509
vt 0.578810 0.549945
vt 0.582698 0.544436
vt 0.575482 0.556183
vt 0.576724 0.553752
vt 0.639742 0.074523
vt 0.640534 0.074951
vt 0.624377 0.067198
vt 0.633476 0.071551
vt 0.727464 0.353078
vt 0.573613 0.045971
vt 0.601381 0.056862
vt 0.425113 0.011809
vt 0.609096 0.515135
vt 0.491833 0.024617
vt 0.512060 0.028841
vt 0.668692 0.448862
vt 0.551026 0.038719
vt 0.469392 0.020443
vt 0.638037 0.073723
vt 0.009694 0.004547
vt 0.002373 0.004547
vt 0.003554 0.004547
vt 0.006210 0.004547
vt 0.227581 0.004547
vt 0.261141 0.004547
vt 0.107954 0.004547
vt 0.140872 0.004547
vt 0.169595 0.004547
vt 0.197782 0.004547
vt 0.227581 0.027352
vt 0.296011 0.004547
vt 0.329744 0.004547
vt 0.355181 0.004547
vt 0.032971 0.004547
vt 0.067186 0.004547
vt 0.107954 0.027352
vt 0.016149 0.004547
vt 0.019711 0.004547
vt 0.032971 0.027352
vt 0.002373 0.027352
vt 0.011029 0.004547
vt 0.016149 0.027352
vt 0.365168 0.004547
vt 0.366854 0.004547
vt 0.366854 0.027351
vt 0.008730 0.004547
vt 0.001980 0.004547
vt 0.001980 0.027352
vn 0.000000 -1.000000 -0.000000
vn 0.000000 -1.000000 -0.000000
vn 0.000000 -1.000000 -0.000000
vn 0.000000 -1.000000 0.000000
vn 0.000000 -1.000000 -0.000000
vn 0.000000 -1.000000 -0.000000
vn 0.000000 -1.000000 0.000000
vn 0.000000 -1.000000 -0.000000
vn 0.000000 -1.000000 -0.000000
vn 0.000000 -1.000000 -0.000000
vn 0.000000 -1.000000 0.000000
vn 0.000000 -1.000000 -0.000000
vn 0.000000 -1.000000 -0.000000
vn 0.000000 -1.000000 -0.000000
vn 0.000000 -1.000000 -0.000000
vn 0.000000 -1.000000 -0.000000
vn 0.000000 -1.000000 -0.000000
vn 0.000000 -1.000000 -0.000000
vn 0.000000 -1.000000 -0.000000
vn 0.000000 -1.000000 -0.000000
vn 0.000000 -1.000000 -0.000000
vn 0.000000 -1.000000 -0.000000
vn 0.000000 -1.000000 0.000000
vn 0.000000 -1.000000 0.000000
vn 0.000000 -1.000000 0.000000
vn 0.000000 -1.000000 -0.000000
vn 0.000000 -1.000000 0.000000
vn 0.000000 -1.000000 -0.000000
vn 0.000000 -1.000000 0.000000
vn 0.000000 -1.000000 0.000000
vn 0.000000 -1.000000 0.000000
vn 0.000000 -1.000000 0.000000
vn 0.000000 -1.000000 0.000000
vn 0.000000 -1.000000 -0.000000
vn 0.000000 -1.000000 -0.000000
vn 0.000000 -1.000000 -0.000000
vn 0.000000 -1.000000 0.000000
vn 0.000000 -1.000000 0.000000
vn 0.000000 -1.000000 0.000000
vn 0.000000 -1.000000 0.000000
vn 0.000000 -1.000000 -0.000000
vn 0.000000 -1.000000 -0.000000
vn 0.000000 -1.000000 0.000000
vn 0.000000 -1.000000 0.000000
vn 0.000000 -1.000000 0.000000
vn 0.000000 -1.000000 0.000000
vn 0.000000 -1.000000 0.000000
vn 0.000000 -1.000000 0.000000
vn 0.000000 -1.000000 0.000000
vn 0.000000 -1.000000 -0.000000
vn 0.000000 -1.000000 0.000000
vn 0.000000 -1.000000 0.000000
vn 0.000000 -1.000000 0.000000
vn 0.000000 -1.000000 -0.000000
vn 0.000000 -1.000000 -0.000000
vn 0.000000 -1.000000 -0.000000
vn 0.000000 -1.000000 -0.000000
vn 0.000000 -1.000000 -0.000000
vn 0.000000 -1.000000 -0.000000
vn 0.000000 -1.000000 -0.000000
vn 0.000000 -1.000000 0.000000
vn 0.000000 -1.000000 0.000000
vn 0.000000 -1.000000 0.000000
vn 0.000000 -1.000000 0.000000
vn 0.000000 -1.000000 0.000000
vn 0.000000 -1.000000 -0.000000
vn 0.000000 -1.000000 -0.000000
vn 0.000000 -1.000000 0.000000
vn 0.000000 -1.000000 0.000000
vn 0.000000 -1.000000 0.000000
vn 0.000000 -1.000000 -0.000000
vn 0.000000 -1.000000 -0.000000
vn 0.000000 -1.000000 -0.000000
vn 0.000000 -1.000000 -0.000000
vn 0.000000 -1.000000 0.000000
vn 0.000000 -1.000000 -0.000000
vn 0.000000 -1.000000 0.000000
vn 0.000000 -1.000000 0.000000
vn 0.000000 -1.000000 0.000000
vn 0.000000 -1.000000 0.000000
vn 0.000000 -1.000000 -0.000000
vn 0.045621 -0.996623 0.068276
vn 0.028851 -0.997154 0.069652
vn 0.064043 -0.995890 0.064043
vn 0.289346 -0.912446 0.289346
vn 0.227292 -0.912484 0.340165
vn 0.156593 -0.912446 0.378048
vn 0.068277 -0.996623 0.045621
vn 0.069652 -0.997154 0.028851
vn 0.378048 -0.912446 0.156593
vn 0.340165 -0.912484 0.227291
vn -0.068276 -0.996623 0.045621
vn -0.069652 -0.997154 0.028851
vn -0.064043 -0.995890 0.064043
vn -0.289346 -0.912446 0.289346
vn -0.340165 -0.912483 0.227291
vn -0.378048 -0.912446 0.156593
vn 0.045621 -0.996623 -0.068277
vn 0.064043 -0.995890 -0.064043
vn 0.028851 -0.997154 -0.069652
vn 0.156593 -0.912446 -0.378048
vn 0.227291 -0.912484 -0.340165
vn 0.289346 -0.912446 -0.289345
vn -0.014214 -0.997342 0.071458
vn -0.028851 -0.997154 0.069652
vn -0.000000 -0.997395 0.072137
vn -0.000000 -0.912447 0.409196
vn -0.079814 -0.912484 0.401251
vn -0.156593 -0.912447 0.378048
vn -0.014214 -0.997342 -0.071458
vn 0.000000 -0.997395 -0.072137
vn -0.028851 -0.997154 -0.069652
vn -0.156593 -0.912446 -0.378049
vn -0.079815 -0.912483 -0.401253
vn -0.000000 -0.912446 -0.409197
vn 0.071458 -0.997342 -0.014214
vn 0.072137 -0.997395 0.000000
vn 0.069652 -0.997154 -0.028851
vn 0.378048 -0.912446 -0.156593
vn 0.401253 -0.912483 -0.079814
vn 0.409197 -0.912446 0.000000
vn -0.071458 -0.997342 -0.014214
vn -0.069652 -0.997154 -0.028851
vn -0.072137 -0.997395 -0.000000
vn -0.409197 -0.912446 -0.000000
vn -0.401253 -0.912483 -0.079814
vn -0.378048 -0.912446 -0.156593
vn 0.014214 -0.997342 0.071458
vn 0.079814 -0.912484 0.401252
vn 0.014214 -0.997342 -0.071458
vn 0.079814 -0.912484 -0.401253
vn -0.045621 -0.996623 0.068277
vn -0.227291 -0.912484 0.340165
vn -0.045621 -0.996623 -0.068277
vn -0.064043 -0.995890 -0.064043
vn -0.289346 -0.912446 -0.289346
vn -0.227292 -0.912483 -0.340166
vn 0.068277 -0.996623 -0.045621
vn 0.340165 -0.912484 -0.227291
vn -0.068277 -0.996623 -0.045621
vn -0.340166 -0.912483 -0.227291
vn 0.071458 -0.997342 0.014214
vn 0.401253 -0.912483 0.079814
vn -0.071458 -0.997342 0.014214
vn -0.401253 -0.912483 0.079814
vn -0.101357 -0.964287 -0.244698
vn -0.147021 -0.964350 -0.220033
vn -0.508877 -0.401284 -0.761587
vn -0.350549 -0.401110 -0.846301
vn -0.187282 -0.964288 -0.187283
vn -0.647731 -0.401109 -0.647731
vn -0.705846 -0.059694 -0.705846
vn -0.554580 -0.059683 -0.829987
vn -0.382001 -0.059693 -0.922232
vn -0.220032 -0.964350 -0.147021
vn -0.761587 -0.401285 -0.508876
vn -0.244695 -0.964288 -0.101356
vn -0.846300 -0.401113 -0.350549
vn -0.922232 -0.059696 -0.382001
vn -0.829988 -0.059683 -0.554580
vn 0.244697 -0.964288 -0.101356
vn 0.220033 -0.964350 -0.147021
vn 0.761588 -0.401284 -0.508877
vn 0.846301 -0.401111 -0.350549
vn 0.187282 -0.964288 -0.187283
vn 0.647731 -0.401109 -0.647731
vn 0.705846 -0.059693 -0.705846
vn 0.829988 -0.059681 -0.554580
vn 0.922232 -0.059694 -0.382000
vn -0.187282 -0.964288 0.187283
vn -0.147021 -0.964350 0.220034
vn -0.508876 -0.401284 0.761588
vn -0.647730 -0.401110 0.647731
vn -0.101357 -0.964287 0.244698
vn -0.350549 -0.401110 0.846301
vn -0.382001 -0.059695 0.922232
vn -0.554580 -0.059683 0.829987
vn -0.705846 -0.059693 0.705846
vn 0.101357 -0.964287 -0.244698
vn 0.051627 -0.964349 -0.259549
vn 0.178693 -0.401284 -0.898354
vn 0.350549 -0.401110 -0.846301
vn 0.000000 -0.964287 -0.264860
vn 0.000000 -0.401109 -0.916030
vn -0.000000 -0.059693 -0.998217
vn 0.194742 -0.059682 -0.979037
vn 0.382001 -0.059693 -0.922232
vn -0.000001 -0.964287 0.264859
vn 0.051626 -0.964350 0.259547
vn 0.178693 -0.401286 0.898353
vn -0.000000 -0.401111 0.916029
vn 0.101356 -0.964288 0.244695
vn 0.350549 -0.401111 0.846301
vn 0.382000 -0.059696 0.922232
vn 0.194742 -0.059686 0.979037
vn -0.000000 -0.059699 0.998216
vn -0.264856 -0.964288 0.000000
vn -0.259545 -0.964350 0.051627
vn -0.898353 -0.401286 0.178693
vn -0.916029 -0.401111 0.000000
vn -0.244695 -0.964288 0.101356
vn -0.846301 -0.401112 0.350549
vn -0.922232 -0.059696 0.382001
vn -0.979037 -0.059686 0.194742
vn -0.998217 -0.059698 -0.000000
vn 0.244695 -0.964288 0.101356
vn 0.259546 -0.964350 0.051627
vn 0.898353 -0.401286 0.178693
vn 0.846300 -0.401114 0.350548
vn 0.264857 -0.964288 -0.000000
vn 0.916029 -0.401112 -0.000000
vn 0.998217 -0.059699 -0.000000
vn 0.979037 -0.059687 0.194742
vn 0.922232 -0.059696 0.382000
vn -0.051627 -0.964349 -0.259549
vn -0.178693 -0.401284 -0.898354
vn -0.194742 -0.059682 -0.979037
vn -0.051628 -0.964349 0.259548
vn -0.178693 -0.401286 0.898353
vn -0.194742 -0.059686 0.979037
vn 0.147021 -0.964350 -0.220034
vn 0.508876 -0.401284 -0.761588
vn 0.554580 -0.059682 -0.829987
vn 0.147020 -0.964350 0.220031
vn 0.508876 -0.401286 0.761587
vn 0.187282 -0.964288 0.187282
vn 0.647731 -0.401111 0.647731
vn 0.705846 -0.059694 0.705846
vn 0.554579 -0.059683 0.829988
vn -0.220032 -0.964350 0.147020
vn -0.761587 -0.401286 0.508876
vn -0.829987 -0.059683 0.554580
vn 0.220032 -0.964350 0.147020
vn 0.761587 -0.401287 0.508875
vn 0.829988 -0.059683 0.554579
vn -0.259545 -0.964350 -0.051626
vn -0.898353 -0.401287 -0.178693
vn -0.979037 -0.059686 -0.194742
vn 0.259546 -0.964350 -0.051627
vn 0.898353 -0.401287 -0.178693
vn 0.979037 -0.059686 -0.194742
vn -0.381213 -0.087575 -0.920330
vn -0.553436 -0.087561 -0.828276
vn -0.554820 -0.051941 -0.830347
vn -0.382166 -0.051950 -0.922632
vn -0.704390 -0.087575 -0.704390
vn -0.706152 -0.051950 -0.706152
vn -0.706933 -0.022165 -0.706933
vn -0.555434 -0.022161 -0.831266
vn -0.382589 -0.022165 -0.923653
vn -0.000000 -0.087575 -0.996158
vn -0.194341 -0.087561 -0.977018
vn -0.194827 -0.051941 -0.979461
vn -0.000000 -0.051950 -0.998650
vn -0.195042 -0.022161 -0.980544
vn -0.000000 -0.022165 -0.999754
vn 0.381213 -0.087575 -0.920330
vn 0.194341 -0.087561 -0.977018
vn 0.194827 -0.051941 -0.979461
vn 0.382166 -0.051949 -0.922632
vn 0.195042 -0.022161 -0.980544
vn 0.382589 -0.022165 -0.923653
vn 0.704390 -0.087575 -0.704390
vn 0.553436 -0.087561 -0.828276
vn 0.554820 -0.051941 -0.830347
vn 0.706152 -0.051949 -0.706152
vn 0.555434 -0.022161 -0.831265
vn 0.706933 -0.022165 -0.706933
vn 0.920330 -0.087575 -0.381213
vn 0.828276 -0.087561 -0.553436
vn 0.830347 -0.051941 -0.554820
vn 0.922632 -0.051950 -0.382166
vn 0.831265 -0.022161 -0.555434
vn 0.923653 -0.022165 -0.382589
vn 0.996158 -0.087575 0.000000
vn 0.977018 -0.087561 -0.194341
vn 0.979462 -0.051941 -0.194827
vn 0.998650 -0.051949 0.000000
vn 0.980544 -0.022161 -0.195042
vn 0.999754 -0.022165 0.000000
vn 0.920330 -0.087575 0.381213
vn 0.977018 -0.087561 0.194341
vn 0.979461 -0.051941 0.194827
vn 0.922632 -0.051949 0.382166
vn 0.980544 -0.022161 0.195042
vn 0.923653 -0.022165 0.382589
vn 0.704390 -0.087575 0.704390
vn 0.828276 -0.087561 0.553436
vn 0.830347 -0.051941 0.554820
vn 0.706152 -0.051949 0.706152
vn 0.831265 -0.022161 0.555434
vn 0.706933 -0.022165 0.706933
vn 0.381213 -0.087575 0.920330
vn 0.553436 -0.087561 0.828276
vn 0.554820 -0.051941 0.830347
vn 0.382167 -0.051950 0.922632
vn 0.555434 -0.022161 0.831265
vn 0.382589 -0.022165 0.923653
vn 0.000000 -0.087575 0.996158
vn 0.194341 -0.087561 0.977018
vn 0.194827 -0.051941 0.979461
vn -0.000000 -0.051950 0.998650
vn 0.195042 -0.022161 0.980544
vn 0.000000 -0.022165 0.999754
vn -0.381213 -0.087575 0.920330
vn -0.194341 -0.087561 0.977018
vn -0.194827 -0.051941 0.979461
vn -0.382166 -0.051949 0.922632
vn -0.195042 -0.022162 0.980544
vn -0.382589 -0.022165 0.923653
vn -0.704390 -0.087575 0.704390
vn -0.553436 -0.087561 0.828276
vn -0.554820 -0.051941 0.830347
vn -0.706152 -0.051949 0.706152
vn -0.555434 -0.022161 0.831265
vn -0.706933 -0.022165 0.706933
vn -0.920330 -0.087575 0.381213
vn -0.828276 -0.087561 0.553436
vn -0.830347 -0.051941 0.554820
vn -0.922632 -0.051950 0.382166
vn -0.831266 -0.022161 0.555434
vn -0.923653 -0.022165 0.382589
vn -0.996158 -0.087575 0.000000
vn -0.977018 -0.087561 0.194341
vn -0.979461 -0.051941 0.194827
vn -0.998650 -0.051950 0.000000
vn -0.980544 -0.022161 0.195042
vn -0.999754 -0.022165 0.000000
vn -0.920330 -0.087575 -0.381213
vn -0.977018 -0.087561 -0.194341
vn -0.979461 -0.051941 -0.194827
vn -0.922632 -0.051949 -0.382166
vn -0.980544 -0.022162 -0.195042
vn -0.923653 -0.022165 -0.382589
vn -0.828276 -0.087561 -0.553436
vn -0.830347 -0.051941 -0.554820
vn -0.831266 -0.022161 -0.555434
vn -0.371780 -0.237010 -0.897556
vn -0.539745 -0.236979 -0.807785
vn -0.546847 -0.176509 -0.818415
vn -0.376673 -0.176535 -0.909369
vn -0.686959 -0.237010 -0.686959
vn -0.696001 -0.176535 -0.696001
vn -0.699702 -0.144339 -0.699702
vn -0.549755 -0.144313 -0.822766
vn -0.378676 -0.144338 -0.914205
vn -0.000000 -0.237010 -0.971507
vn -0.189533 -0.236979 -0.952847
vn -0.192027 -0.176509 -0.965386
vn -0.000000 -0.176535 -0.984294
vn -0.193048 -0.144313 -0.970519
vn 0.000000 -0.144338 -0.989528
vn 0.371780 -0.237010 -0.897556
vn 0.189533 -0.236979 -0.952847
vn 0.192027 -0.176509 -0.965386
vn 0.376673 -0.176535 -0.909369
vn 0.193047 -0.144313 -0.970519
vn 0.378676 -0.144338 -0.914205
vn 0.686959 -0.237010 -0.686959
vn 0.539744 -0.236979 -0.807785
vn 0.546847 -0.176509 -0.818415
vn 0.696001 -0.176535 -0.696001
vn 0.549755 -0.144313 -0.822766
vn 0.699702 -0.144338 -0.699702
vn 0.897556 -0.237010 -0.371779
vn 0.807785 -0.236979 -0.539745
vn 0.818415 -0.176509 -0.546847
vn 0.909370 -0.176535 -0.376672
vn 0.822766 -0.144313 -0.549754
vn 0.914205 -0.144338 -0.378675
vn 0.971507 -0.237010 -0.000000
vn 0.952848 -0.236979 -0.189533
vn 0.965386 -0.176509 -0.192027
vn 0.984295 -0.176534 -0.000000
vn 0.970519 -0.144313 -0.193048
vn 0.989528 -0.144338 -0.000000
vn 0.897556 -0.237010 0.371780
vn 0.952847 -0.236979 0.189533
vn 0.965386 -0.176509 0.192027
vn 0.909370 -0.176535 0.376673
vn 0.970519 -0.144313 0.193048
vn 0.914205 -0.144338 0.378676
vn 0.686959 -0.237010 0.686959
vn 0.807785 -0.236979 0.539745
vn 0.818415 -0.176509 0.546847
vn 0.696001 -0.176535 0.696001
vn 0.822766 -0.144313 0.549754
vn 0.699702 -0.144338 0.699702
vn 0.371779 -0.237010 0.897556
vn 0.539745 -0.236979 0.807785
vn 0.546847 -0.176509 0.818415
vn 0.376673 -0.176535 0.909370
vn 0.549755 -0.144313 0.822766
vn 0.378676 -0.144338 0.914205
vn 0.000000 -0.237010 0.971507
vn 0.189533 -0.236979 0.952847
vn 0.192027 -0.176509 0.965386
vn 0.000000 -0.176535 0.984294
vn 0.193048 -0.144313 0.970519
vn 0.000000 -0.144338 0.989528
vn -0.371779 -0.237010 0.897556
vn -0.189533 -0.236979 0.952848
vn -0.192026 -0.176509 0.965386
vn -0.376672 -0.176535 0.909370
vn -0.193047 -0.144313 0.970519
vn -0.378675 -0.144338 0.914205
vn -0.686959 -0.237010 0.686959
vn -0.539744 -0.236979 0.807785
vn -0.546847 -0.176509 0.818415
vn -0.696001 -0.176535 0.696001
vn -0.549755 -0.144313 0.822766
vn -0.699703 -0.144338 0.699702
vn -0.897556 -0.237010 0.371780
vn -0.807785 -0.236979 0.539744
vn -0.818415 -0.176509 0.546847
vn -0.909370 -0.176535 0.376673
vn -0.822766 -0.144313 0.549754
vn -0.914205 -0.144339 0.378675
vn -0.971507 -0.237010 0.000000
vn -0.952847 -0.236979 0.189533
vn -0.965386 -0.176509 0.192027
vn -0.984295 -0.176534 0.000000
vn -0.970519 -0.144313 0.193048
vn -0.989528 -0.144338 0.000000
vn -0.897556 -0.237010 -0.371780
vn -0.952847 -0.236979 -0.189533
vn -0.965386 -0.176509 -0.192027
vn -0.909370 -0.176535 -0.376673
vn -0.970519 -0.144313 -0.193048
vn -0.914205 -0.144338 -0.378676
vn -0.807785 -0.236979 -0.539745
vn -0.818415 -0.176509 -0.546847
vn -0.822766 -0.144313 -0.549754
vn -0.551272 -0.124149 -0.825037
vn -0.379721 -0.124170 -0.916730
vn -0.701635 -0.124170 -0.701634
vn -0.193581 -0.124149 -0.973198
vn -0.000000 -0.124170 -0.992261
vn 0.193581 -0.124149 -0.973198
vn 0.379722 -0.124170 -0.916730
vn 0.551272 -0.124149 -0.825037
vn 0.701634 -0.124170 -0.701635
vn 0.825037 -0.124149 -0.551272
vn 0.916730 -0.124170 -0.379721
vn 0.973197 -0.124150 -0.193581
vn 0.992261 -0.124170 -0.000000
vn 0.973197 -0.124150 0.193581
vn 0.916730 -0.124170 0.379721
vn 0.825037 -0.124149 0.551272
vn 0.701634 -0.124170 0.701635
vn 0.551272 -0.124149 0.825037
vn 0.379722 -0.124170 0.916730
vn 0.193581 -0.124149 0.973198
vn 0.000000 -0.124170 0.992261
vn -0.193581 -0.124149 0.973198
vn -0.379721 -0.124170 0.916730
vn -0.551272 -0.124149 0.825037
vn -0.701635 -0.124170 0.701634
vn -0.825037 -0.124150 0.551272
vn -0.916730 -0.124170 0.379721
vn -0.973197 -0.124150 0.193581
vn -0.992261 -0.124170 0.000000
vn -0.973198 -0.124150 -0.193581
vn -0.916730 -0.124170 -0.379722
vn -0.825037 -0.124150 -0.551272
vn -0.555570 -0.000745 -0.831470
vn -0.382683 -0.000745 -0.923879
vn -0.707107 -0.000745 -0.707107
vn -0.707084 0.008025 -0.707084
vn -0.555551 0.008023 -0.831444
vn -0.382671 0.008025 -0.923850
vn -0.195091 -0.000746 -0.980785
vn -0.000000 -0.000746 -1.000000
vn -0.195085 0.008024 -0.980753
vn -0.000000 0.008025 -0.999968
vn 0.195090 -0.000746 -0.980785
vn 0.382684 -0.000746 -0.923879
vn 0.195085 0.008024 -0.980754
vn 0.382672 0.008025 -0.923850
vn 0.555570 -0.000745 -0.831469
vn 0.707106 -0.000745 -0.707107
vn 0.555552 0.008023 -0.831443
vn 0.707084 0.008025 -0.707084
vn 0.831469 -0.000745 -0.555570
vn 0.923879 -0.000745 -0.382684
vn 0.831443 0.008023 -0.555552
vn 0.923850 0.008025 -0.382672
vn 0.980785 -0.000746 -0.195091
vn 1.000000 -0.000746 -0.000000
vn 0.980754 0.008023 -0.195085
vn 0.999968 0.008025 -0.000000
vn 0.980785 -0.000746 0.195091
vn 0.923879 -0.000746 0.382684
vn 0.980754 0.008024 0.195085
vn 0.923850 0.008025 0.382672
vn 0.831469 -0.000745 0.555570
vn 0.707106 -0.000745 0.707107
vn 0.831443 0.008023 0.555552
vn 0.707084 0.008025 0.707084
vn 0.555570 -0.000745 0.831470
vn 0.382684 -0.000745 0.923879
vn 0.555552 0.008023 0.831443
vn 0.382672 0.008025 0.923850
vn 0.195091 -0.000746 0.980785
vn 0.000000 -0.000746 1.000000
vn 0.195085 0.008023 0.980753
vn 0.000000 0.008025 0.999968
vn -0.195091 -0.000746 0.980785
vn -0.382684 -0.000746 0.923879
vn -0.195085 0.008024 0.980754
vn -0.382672 0.008025 0.923850
vn -0.555570 -0.000745 0.831469
vn -0.707106 -0.000745 0.707107
vn -0.555552 0.008023 0.831443
vn -0.707084 0.008025 0.707084
vn -0.831469 -0.000745 0.555570
vn -0.923879 -0.000745 0.382684
vn -0.831443 0.008023 0.555552
vn -0.923850 0.008025 0.382672
vn -0.980785 -0.000746 0.195091
vn -1.000000 -0.000746 0.000000
vn -0.980754 0.008023 0.195085
vn -0.999968 0.008024 0.000000
vn -0.980785 -0.000746 -0.195091
vn -0.923879 -0.000746 -0.382684
vn -0.980754 0.008023 -0.195085
vn -0.923850 0.008025 -0.382672
vn -0.831469 -0.000745 -0.555570
vn -0.831443 0.008023 -0.555552
vn -0.365156 -0.299171 -0.881566
vn -0.530133 -0.299122 -0.793401
vn -0.533491 -0.279115 -0.798425
vn -0.367470 -0.279159 -0.887151
vn -0.674721 -0.299171 -0.674721
vn -0.678996 -0.279159 -0.678996
vn -0.000000 -0.299171 -0.954199
vn -0.186158 -0.299123 -0.935880
vn -0.187337 -0.279115 -0.941807
vn -0.000000 -0.279159 -0.960245
vn 0.365156 -0.299171 -0.881565
vn 0.186157 -0.299123 -0.935880
vn 0.187337 -0.279115 -0.941807
vn 0.367470 -0.279159 -0.887151
vn 0.674721 -0.299171 -0.674721
vn 0.530133 -0.299122 -0.793401
vn 0.533490 -0.279115 -0.798425
vn 0.678996 -0.279159 -0.678996
vn 0.881566 -0.299171 -0.365156
vn 0.793401 -0.299123 -0.530133
vn 0.798425 -0.279115 -0.533490
vn 0.887151 -0.279159 -0.367470
vn 0.954200 -0.299171 -0.000000
vn 0.935880 -0.299123 -0.186158
vn 0.941807 -0.279115 -0.187337
vn 0.960245 -0.279159 -0.000000
vn 0.881566 -0.299171 0.365156
vn 0.935880 -0.299123 0.186158
vn 0.941806 -0.279116 0.187337
vn 0.887151 -0.279159 0.367470
vn 0.674721 -0.299171 0.674721
vn 0.793401 -0.299123 0.530133
vn 0.798425 -0.279115 0.533491
vn 0.678996 -0.279159 0.678995
vn 0.365156 -0.299171 0.881566
vn 0.530133 -0.299123 0.793400
vn 0.533491 -0.279115 0.798425
vn 0.367470 -0.279159 0.887151
vn 0.000000 -0.299171 0.954199
vn 0.186158 -0.299123 0.935880
vn 0.187337 -0.279115 0.941806
vn 0.000000 -0.279159 0.960245
vn -0.365156 -0.299171 0.881566
vn -0.186158 -0.299123 0.935880
vn -0.187337 -0.279116 0.941807
vn -0.367470 -0.279159 0.887151
vn -0.674721 -0.299171 0.674721
vn -0.530133 -0.299122 0.793401
vn -0.533490 -0.279115 0.798425
vn -0.678996 -0.279159 0.678996
vn -0.881566 -0.299171 0.365156
vn -0.793401 -0.299122 0.530133
vn -0.798425 -0.279115 0.533490
vn -0.887151 -0.279159 0.367470
vn -0.954200 -0.299171 -0.000000
vn -0.935880 -0.299123 0.186158
vn -0.941806 -0.279115 0.187337
vn -0.960245 -0.279159 -0.000000
vn -0.881565 -0.299171 -0.365156
vn -0.935880 -0.299122 -0.186158
vn -0.941807 -0.279116 -0.187337
vn -0.887151 -0.279159 -0.367470
vn -0.793401 -0.299122 -0.530133
vn -0.798425 -0.279115 -0.533491
vn -0.375902 -0.187416 -0.907509
vn -0.545732 -0.187359 -0.816746
vn -0.528679 -0.307348 -0.791224
vn -0.364153 -0.307404 -0.879145
vn -0.694578 -0.187415 -0.694577
vn -0.672868 -0.307404 -0.672868
vn -0.000000 -0.187415 -0.982281
vn -0.191635 -0.187359 -0.963417
vn -0.185647 -0.307347 -0.933313
vn -0.000000 -0.307404 -0.951579
vn 0.375902 -0.187416 -0.907509
vn 0.191635 -0.187359 -0.963417
vn 0.185647 -0.307348 -0.933313
vn 0.364154 -0.307405 -0.879144
vn 0.694578 -0.187416 -0.694577
vn 0.545732 -0.187359 -0.816746
vn 0.528679 -0.307348 -0.791224
vn 0.672868 -0.307404 -0.672868
vn 0.907509 -0.187416 -0.375902
vn 0.816746 -0.187359 -0.545732
vn 0.791224 -0.307348 -0.528679
vn 0.879145 -0.307404 -0.364153
vn 0.982281 -0.187416 -0.000000
vn 0.963417 -0.187359 -0.191635
vn 0.933313 -0.307347 -0.185647
vn 0.951579 -0.307403 -0.000000
vn 0.907509 -0.187415 0.375902
vn 0.963417 -0.187359 0.191635
vn 0.933313 -0.307347 0.185647
vn 0.879145 -0.307404 0.364153
vn 0.694578 -0.187415 0.694577
vn 0.816746 -0.187358 0.545732
vn 0.791224 -0.307348 0.528679
vn 0.672868 -0.307404 0.672868
vn 0.375903 -0.187416 0.907509
vn 0.545732 -0.187358 0.816746
vn 0.528679 -0.307348 0.791224
vn 0.364153 -0.307404 0.879145
vn 0.000000 -0.187415 0.982281
vn 0.191636 -0.187359 0.963417
vn 0.185647 -0.307347 0.933313
vn 0.000000 -0.307403 0.951579
vn -0.375902 -0.187416 0.907509
vn -0.191635 -0.187359 0.963417
vn -0.185647 -0.307347 0.933313
vn -0.364153 -0.307404 0.879145
vn -0.694577 -0.187416 0.694578
vn -0.545732 -0.187359 0.816746
vn -0.528679 -0.307348 0.791224
vn -0.672868 -0.307404 0.672868
vn -0.907509 -0.187416 0.375902
vn -0.816746 -0.187359 0.545732
vn -0.791224 -0.307348 0.528679
vn -0.879145 -0.307403 0.364153
vn -0.982281 -0.187416 -0.000000
vn -0.963417 -0.187359 0.191635
vn -0.933313 -0.307347 0.185647
vn -0.951579 -0.307404 -0.000000
vn -0.907509 -0.187415 -0.375902
vn -0.963417 -0.187359 -0.191635
vn -0.933313 -0.307348 -0.185647
vn -0.879145 -0.307404 -0.364153
vn -0.816746 -0.187358 -0.545732
vn -0.791224 -0.307348 -0.528679
vn 0.185297 -0.942741 0.277316
vn 0.235604 -0.942858 0.235604
vn 0.127508 -0.942858 0.307830
vn 0.065068 -0.942741 0.327116
vn 0.000000 -0.942859 0.333192
vn -0.065068 -0.942742 0.327115
vn -0.127508 -0.942859 0.307830
vn -0.185296 -0.942742 0.277315
vn -0.235604 -0.942858 0.235603
vn -0.277316 -0.942741 0.185296
vn -0.307831 -0.942858 0.127508
vn -0.327117 -0.942741 0.065067
vn -0.333195 -0.942858 0.000000
vn -0.327117 -0.942741 -0.065067
vn -0.307832 -0.942858 -0.127508
vn -0.277316 -0.942741 -0.185297
vn -0.235604 -0.942858 -0.235604
vn -0.185297 -0.942741 -0.277317
vn -0.127509 -0.942858 -0.307832
vn -0.065068 -0.942741 -0.327118
vn -0.000001 -0.942858 -0.333195
vn 0.065067 -0.942741 -0.327116
vn 0.127508 -0.942858 -0.307831
vn 0.185297 -0.942741 -0.277315
vn 0.235604 -0.942858 -0.235604
vn 0.277316 -0.942741 -0.185297
vn 0.307831 -0.942858 -0.127508
vn 0.327117 -0.942741 -0.065067
vn 0.333195 -0.942858 0.000000
vn 0.327117 -0.942741 0.065067
vn 0.307831 -0.942858 0.127508
vn 0.277316 -0.942741 0.185296
vn 0.000000 1.000000 -0.000000
vn 0.000000 1.000000 -0.000000
vn 0.000000 1.000000 -0.000000
vn 0.000000 1.000000 -0.000000
vn 0.000000 1.000000 -0.000000
vn 0.000000 1.000000 -0.000000
vn 0.000000 1.000000 -0.000000
vn 0.000000 1.000000 -0.000000
vn 0.000000 1.000000 -0.000000
vn 0.000000 1.000000 -0.000000
vn 0.000000 1.000000 -0.000000
vn 0.000000 1.000000 -0.000000
vn 0.000000 1.000000 -0.000000
vn 0.000000 1.000000 -0.000000
vn 0.000000 1.000000 -0.000000
vn 0.000000 1.000000 -0.000000
vn 0.000000 1.000000 -0.000000
vn 0.000000 1.000000 -0.000000
vn 0.000000 1.000000 -0.000000
vn 0.000000 1.000000 -0.000000
vn 0.000000 1.000000 -0.000000
vn 0.000000 1.000000 -0.000000
vn 0.000000 1.000000 -0.000000
vn 0.000000 1.000000 -0.000000
vn 0.000000 1.000000 -0.000000
vn 0.000000 1.000000 -0.000000
vn 0.000000 1.000000 -0.000000
vn 0.000000 1.000000 -0.000000
vn 0.000000 1.000000 -0.000000
vn 0.000000 1.000000 -0.000000
vn 0.000000 1.000000 -0.000000
vn 0.000000 1.000000 -0.000000
vn 0.000000 1.000000 -0.000000
vn 0.000000 1.000000 -0.000000
vn 0.000000 1.000000 -0.000000
vn 0.000000 1.000000 -0.000000
vn 0.000000 1.000000 -0.000000
vn 0.000000 1.000000 -0.000000
vn 0.000000 1.000000 -0.000000
vn 0.000000 1.000000 -0.000000
vn 0.000000 1.000000 -0.000000
vn 0.000000 1.000000 -0.000000
vn 0.000000 1.000000 -0.000000
vn 0.000000 1.000000 -0.000000
vn 0.000000 1.000000 -0.000000
vn 0.000000 1.000000 -0.000000
vn 0.000000 1.000000 -0.000000
vn 0.000000 1.000000 -0.000000
vn 0.000000 1.000000 -0.000000
vn 0.000000 1.000000 -0.000000
vn 0.000000 1.000000 -0.000000
vn 0.000000 1.000000 -0.000000
vn 0.000000 1.000000 -0.000000
vn 0.000000 1.000000 -0.000000
vn 0.000000 1.000000 -0.000000
vn 0.000000 1.000000 -0.000000
vn 0.000000 1.000000 -0.000000
vn 0.000000 1.000000 -0.000000
vn 0.000000 1.000000 -0.000000
vn 0.000000 1.000000 -0.000000
vn 0.000000 1.000000 -0.000000
vn 0.000000 1.000000 -0.000000
vn 0.000000 1.000000 -0.000000
vn 0.000000 1.000000 -0.000000
vn 0.000000 1.000000 -0.000000
vn 0.000000 1.000000 -0.000000
vn 0.000000 1.000000 -0.000000
vn 0.000000 1.000000 -0.000000
vn 0.000000 1.000000 -0.000000
vn 0.000000 1.000000 -0.000000
vn 0.000000 1.000000 -0.000000
vn 0.000000 1.000000 -0.000000
vn 0.000000 1.000000 -0.000000
vn 0.000000 1.000000 -0.000000
vn 0.000000 1.000000 -0.000000
vn 0.000000 1.000000 -0.000000
vn 0.000000 1.000000 -0.000000
vn 0.000000 1.000000 -0.000000
vn 0.000000 1.000000 -0.000000
vn 0.000000 1.000000 -0.000000
vn 0.000000 1.000000 -0.000000
vn 0.000000 1.000000 -0.000000
vn 0.000000 1.000000 -0.000000
vn 0.000000 1.000000 -0.000000
vn 0.000000 1.000000 -0.000000
vn 0.000000 1.000000 -0.000000
vn 0.000000 1.000000 -0.000000
vn 0.000000 1.000000 -0.000000
vn 0.000000 1.000000 -0.000000
vn 0.000000 1.000000 -0.000000
vn 0.000000 1.000000 -0.000000
vn 0.000000 1.000000 -0.000000
vn 0.000000 1.000000 -0.000000
vn 0.000000 1.000000 -0.000000
vn 0.000000 1.000000 -0.000000
vn 0.000000 1.000000 -0.000000
vn 0.000000 1.000000 -0.000000
vn 0.000000 1.000000 -0.000000
vn 0.000000 1.000000 -0.000000
vn 0.000000 1.000000 -0.000000
vn 0.000000 1.000000 -0.000000
vn 0.000000 1.000000 -0.000000
vn 0.000000 1.000000 -0.000000
vn 0.000000 1.000000 -0.000000
vn 0.000000 1.000000 -0.000000
vn 0.000000 1.000000 -0.000000
vn 0.000000 1.000000 -0.000000
vn 0.000000 1.000000 -0.000000
vn 0.000000 1.000000 -0.000000
vn 0.000000 1.000000 -0.000000
vn 0.000000 1.000000 -0.000000
vn 0.000000 1.000000 -0.000000
vn 0.000000 1.000000 -0.000000
vn 0.000000 1.000000 -0.000000
vn 0.000000 1.000000 -0.000000
vn 0.000000 1.000000 -0.000000
vn 0.000000 1.000000 -0.000000
vn 0.000000 1.000000 -0.000000
vn 0.000000 1.000000 -0.000000
vn 0.000000 1.000000 -0.000000
vn 0.000000 1.000000 -0.000000
vn 0.000000 1.000000 -0.000000
vn 0.000000 1.000000 -0.000000
vn 0.000000 1.000000 -0.000000
vn 0.000000 1.000000 -0.000000
vn 0.000000 1.000000 -0.000000
vn 0.000000 1.000000 -0.000000
vn 0.000000 1.000000 -0.000000
vn 0.000000 1.000000 -0.000000
vn 0.000000 1.000000 -0.000000
vn 0.000000 1.000000 -0.000000
vn 0.000000 1.000000 -0.000000
vn 0.000000 1.000000 -0.000000
vn 0.000000 1.000000 -0.000000
vn 0.000000 1.000000 -0.000000
vn 0.000000 1.000000 -0.000000
vn 0.000000 1.000000 -0.000000
vn 0.000000 1.000000 -0.000000
vn 0.000000 1.000000 -0.000000
vn 0.000000 1.000000 -0.000000
vn 0.000000 1.000000 -0.000000
vn 0.000000 1.000000 -0.000000
vn 0.000000 1.000000 -0.000000
vn 0.000000 1.000000 -0.000000
vn 0.000000 1.000000 -0.000000
vn 0.357670 0.355603 0.863492
vn 0.377709 0.160719 0.911869
vn 0.548350 0.160690 0.820665
vn 0.519235 0.355704 0.777091
vn 0.370471 0.250610 0.894397
vn 0.537852 0.250536 0.804952
vn 0.684542 0.250610 0.684542
vn 0.697915 0.160717 0.697915
vn 0.660888 0.355604 0.660888
vn 0.820665 0.160689 0.548350
vn 0.777090 0.355704 0.519235
vn 0.804952 0.250536 0.537852
vn 0.894397 0.250610 0.370471
vn 0.911869 0.160720 0.377708
vn 0.863492 0.355604 0.357670
vn -0.863492 0.355603 0.357670
vn -0.911869 0.160719 0.377708
vn -0.820665 0.160689 0.548350
vn -0.777091 0.355704 0.519235
vn -0.894397 0.250611 0.370471
vn -0.804952 0.250536 0.537852
vn -0.684542 0.250610 0.684542
vn -0.697915 0.160717 0.697915
vn -0.660888 0.355603 0.660888
vn 0.660888 0.355605 -0.660887
vn 0.697914 0.160718 -0.697915
vn 0.548350 0.160691 -0.820665
vn 0.519235 0.355704 -0.777090
vn 0.684542 0.250610 -0.684542
vn 0.537852 0.250536 -0.804952
vn 0.370471 0.250611 -0.894397
vn 0.377708 0.160719 -0.911869
vn 0.357670 0.355603 -0.863492
vn -0.357670 0.355603 0.863492
vn -0.377709 0.160719 0.911869
vn -0.192555 0.160690 0.968040
vn -0.182331 0.355703 0.916641
vn -0.370471 0.250610 0.894397
vn -0.188868 0.250535 0.949506
vn 0.000000 0.250609 0.968088
vn -0.000000 0.160717 0.987001
vn 0.000000 0.355603 0.934637
vn 0.000000 0.355604 -0.934637
vn 0.000000 0.160720 -0.987000
vn -0.192555 0.160692 -0.968040
vn -0.182331 0.355703 -0.916641
vn 0.000000 0.250611 -0.968088
vn -0.188868 0.250536 -0.949505
vn -0.370471 0.250611 -0.894397
vn -0.377709 0.160720 -0.911869
vn -0.357670 0.355603 -0.863492
vn 0.934637 0.355604 -0.000000
vn 0.987000 0.160719 -0.000000
vn 0.968040 0.160692 -0.192554
vn 0.916641 0.355703 -0.182331
vn 0.968088 0.250610 -0.000000
vn 0.949505 0.250536 -0.188868
vn 0.894397 0.250611 -0.370471
vn 0.911869 0.160720 -0.377708
vn 0.863492 0.355603 -0.357670
vn -0.863492 0.355605 -0.357670
vn -0.911869 0.160719 -0.377708
vn -0.968040 0.160692 -0.192554
vn -0.916641 0.355704 -0.182331
vn -0.894397 0.250610 -0.370471
vn -0.949506 0.250536 -0.188868
vn -0.968088 0.250610 0.000000
vn -0.987000 0.160720 0.000000
vn -0.934637 0.355603 0.000000
vn 0.192555 0.160690 0.968040
vn 0.182331 0.355703 0.916641
vn 0.188868 0.250535 0.949506
vn 0.192554 0.160692 -0.968040
vn 0.182330 0.355704 -0.916641
vn 0.188868 0.250536 -0.949505
vn -0.548350 0.160690 0.820665
vn -0.519235 0.355704 0.777091
vn -0.537852 0.250536 0.804952
vn -0.548350 0.160691 -0.820665
vn -0.519235 0.355703 -0.777091
vn -0.537852 0.250536 -0.804952
vn -0.684542 0.250610 -0.684542
vn -0.697915 0.160718 -0.697915
vn -0.660888 0.355604 -0.660888
vn 0.820665 0.160690 -0.548350
vn 0.777090 0.355705 -0.519235
vn 0.804952 0.250535 -0.537852
vn -0.820665 0.160689 -0.548351
vn -0.777090 0.355705 -0.519235
vn -0.804952 0.250536 -0.537852
vn 0.968040 0.160692 0.192554
vn 0.916641 0.355703 0.182330
vn 0.949506 0.250535 0.188868
vn -0.968040 0.160691 0.192554
vn -0.916641 0.355703 0.182330
vn -0.949506 0.250535 0.188868
vn 0.381214 0.087547 0.920332
vn 0.382166 0.051987 0.922630
vn 0.554819 0.051978 0.830346
vn 0.553438 0.087533 0.828278
vn 0.382588 0.022270 0.923650
vn 0.555432 0.022266 0.831263
vn 0.706931 0.022270 0.706932
vn 0.706150 0.051987 0.706151
vn 0.704392 0.087547 0.704392
vn 0.000000 0.087548 0.996160
vn 0.000000 0.051987 0.998648
vn 0.194826 0.051979 0.979459
vn 0.194341 0.087534 0.977021
vn 0.000000 0.022270 0.999752
vn 0.195042 0.022267 0.980542
vn -0.381214 0.087547 0.920332
vn -0.382166 0.051987 0.922630
vn -0.194827 0.051979 0.979460
vn -0.194341 0.087534 0.977021
vn -0.382588 0.022270 0.923650
vn -0.195042 0.022267 0.980542
vn -0.704392 0.087547 0.704392
vn -0.706151 0.051987 0.706151
vn -0.554819 0.051978 0.830346
vn -0.553438 0.087534 0.828278
vn -0.706931 0.022270 0.706932
vn -0.555432 0.022266 0.831263
vn -0.920332 0.087547 0.381214
vn -0.922630 0.051987 0.382166
vn -0.830346 0.051978 0.554819
vn -0.828278 0.087534 0.553437
vn -0.923650 0.022270 0.382588
vn -0.831263 0.022266 0.555433
vn -0.996160 0.087548 -0.000000
vn -0.998648 0.051987 0.000000
vn -0.979459 0.051979 0.194827
vn -0.977021 0.087534 0.194341
vn -0.999752 0.022271 0.000000
vn -0.980542 0.022267 0.195042
vn -0.920332 0.087547 -0.381214
vn -0.922630 0.051987 -0.382166
vn -0.979459 0.051979 -0.194827
vn -0.977021 0.087534 -0.194341
vn -0.923650 0.022270 -0.382589
vn -0.980542 0.022267 -0.195042
vn -0.704392 0.087547 -0.704392
vn -0.706150 0.051987 -0.706151
vn -0.830346 0.051978 -0.554819
vn -0.828278 0.087534 -0.553437
vn -0.706931 0.022270 -0.706931
vn -0.831263 0.022266 -0.555433
vn -0.381214 0.087547 -0.920332
vn -0.382166 0.051987 -0.922630
vn -0.554819 0.051978 -0.830346
vn -0.553438 0.087533 -0.828278
vn -0.382588 0.022270 -0.923650
vn -0.555432 0.022267 -0.831263
vn 0.000000 0.087548 -0.996160
vn -0.000000 0.051987 -0.998648
vn -0.194827 0.051979 -0.979459
vn -0.194341 0.087534 -0.977021
vn -0.000000 0.022270 -0.999752
vn -0.195042 0.022267 -0.980542
vn 0.381214 0.087547 -0.920332
vn 0.382166 0.051987 -0.922630
vn 0.194827 0.051979 -0.979459
vn 0.194341 0.087534 -0.977021
vn 0.382588 0.022270 -0.923650
vn 0.195042 0.022267 -0.980542
vn 0.704392 0.087547 -0.704392
vn 0.706151 0.051987 -0.706151
vn 0.554819 0.051978 -0.830346
vn 0.553438 0.087534 -0.828278
vn 0.706931 0.022270 -0.706931
vn 0.555433 0.022266 -0.831263
vn 0.920332 0.087547 -0.381214
vn 0.922630 0.051987 -0.382166
vn 0.830346 0.051978 -0.554819
vn 0.828278 0.087533 -0.553437
vn 0.923650 0.022270 -0.382588
vn 0.831263 0.022266 -0.555433
vn 0.996160 0.087548 0.000000
vn 0.998648 0.051987 -0.000000
vn 0.979459 0.051979 -0.194827
vn 0.977021 0.087534 -0.194341
vn 0.999752 0.022270 -0.000000
vn 0.980542 0.022267 -0.195042
vn 0.920332 0.087547 0.381214
vn 0.922630 0.051987 0.382166
vn 0.979459 0.051979 0.194827
vn 0.977021 0.087534 0.194341
vn 0.923650 0.022270 0.382589
vn 0.980542 0.022267 0.195042
vn 0.830346 0.051978 0.554819
vn 0.828278 0.087533 0.553438
vn 0.831263 0.022266 0.555433
vn 0.371807 0.236714 0.897622
vn 0.376688 0.176321 0.909405
vn 0.546869 0.176296 0.818446
vn 0.539785 0.236683 0.807845
vn 0.378682 0.144232 0.914219
vn 0.549763 0.144207 0.822779
vn 0.699713 0.144232 0.699713
vn 0.696028 0.176322 0.696028
vn 0.687010 0.236714 0.687010
vn 0.000000 0.236714 0.971579
vn -0.000000 0.176321 0.984333
vn 0.192034 0.176295 0.965424
vn 0.189547 0.236683 0.952918
vn 0.000000 0.144232 0.989544
vn 0.193051 0.144206 0.970534
vn -0.371807 0.236714 0.897622
vn -0.376688 0.176321 0.909405
vn -0.192034 0.176296 0.965424
vn -0.189547 0.236683 0.952918
vn -0.378682 0.144232 0.914219
vn -0.193051 0.144206 0.970534
vn -0.687010 0.236714 0.687010
vn -0.696028 0.176321 0.696028
vn -0.546869 0.176296 0.818446
vn -0.539785 0.236683 0.807845
vn -0.699713 0.144232 0.699713
vn -0.549763 0.144207 0.822779
vn -0.897622 0.236714 0.371807
vn -0.909405 0.176321 0.376687
vn -0.818447 0.176296 0.546868
vn -0.807845 0.236683 0.539785
vn -0.914219 0.144232 0.378682
vn -0.822779 0.144206 0.549763
vn -0.971579 0.236714 0.000000
vn -0.984333 0.176321 -0.000000
vn -0.965424 0.176296 0.192034
vn -0.952918 0.236683 0.189547
vn -0.989544 0.144232 -0.000000
vn -0.970534 0.144206 0.193050
vn -0.897622 0.236714 -0.371807
vn -0.909405 0.176321 -0.376687
vn -0.965424 0.176295 -0.192034
vn -0.952918 0.236683 -0.189547
vn -0.914220 0.144232 -0.378682
vn -0.970534 0.144206 -0.193050
vn -0.687010 0.236714 -0.687011
vn -0.696028 0.176321 -0.696028
vn -0.818447 0.176296 -0.546868
vn -0.807845 0.236683 -0.539785
vn -0.699713 0.144232 -0.699713
vn -0.822779 0.144206 -0.549763
vn -0.371807 0.236714 -0.897622
vn -0.376688 0.176321 -0.909405
vn -0.546869 0.176296 -0.818446
vn -0.539785 0.236683 -0.807845
vn -0.378682 0.144232 -0.914219
vn -0.549763 0.144207 -0.822779
vn 0.000000 0.236714 -0.971579
vn 0.000000 0.176321 -0.984333
vn -0.192034 0.176296 -0.965424
vn -0.189547 0.236683 -0.952918
vn -0.000000 0.144232 -0.989544
vn -0.193051 0.144206 -0.970534
vn 0.371807 0.236714 -0.897622
vn 0.376687 0.176322 -0.909405
vn 0.192034 0.176296 -0.965424
vn 0.189547 0.236683 -0.952918
vn 0.378682 0.144232 -0.914219
vn 0.193050 0.144206 -0.970534
vn 0.687010 0.236714 -0.687010
vn 0.696029 0.176321 -0.696028
vn 0.546868 0.176296 -0.818447
vn 0.539785 0.236683 -0.807845
vn 0.699713 0.144232 -0.699713
vn 0.549763 0.144206 -0.822779
vn 0.897622 0.236714 -0.371807
vn 0.909405 0.176321 -0.376688
vn 0.818447 0.176296 -0.546868
vn 0.807845 0.236683 -0.539785
vn 0.914219 0.144232 -0.378682
vn 0.822779 0.144207 -0.549763
vn 0.971579 0.236714 -0.000000
vn 0.984333 0.176321 0.000000
vn 0.965424 0.176296 -0.192034
vn 0.952918 0.236683 -0.189547
vn 0.989544 0.144232 0.000000
vn 0.970534 0.144206 -0.193051
vn 0.897622 0.236714 0.371807
vn 0.909405 0.176321 0.376688
vn 0.965424 0.176296 0.192034
vn 0.952918 0.236683 0.189547
vn 0.914219 0.144232 0.378682
vn 0.970534 0.144206 0.193051
vn 0.818447 0.176296 0.546868
vn 0.807845 0.236683 0.539785
vn 0.822779 0.144207 0.549763
vn 0.379725 0.124102 0.916737
vn 0.551277 0.124081 0.825044
vn 0.701641 0.124102 0.701640
vn 0.000000 0.124102 0.992270
vn 0.193582 0.124081 0.973206
vn -0.379725 0.124102 0.916737
vn -0.193582 0.124081 0.973206
vn -0.701640 0.124102 0.701641
vn -0.551277 0.124081 0.825044
vn -0.916738 0.124102 0.379725
vn -0.825044 0.124081 0.551277
vn -0.992270 0.124102 -0.000000
vn -0.973206 0.124081 0.193582
vn -0.916738 0.124102 -0.379725
vn -0.973206 0.124081 -0.193582
vn -0.701641 0.124102 -0.701640
vn -0.825044 0.124081 -0.551277
vn -0.379725 0.124102 -0.916737
vn -0.551277 0.124081 -0.825044
vn 0.000000 0.124102 -0.992270
vn -0.193582 0.124081 -0.973206
vn 0.379725 0.124102 -0.916738
vn 0.193582 0.124081 -0.973206
vn 0.701641 0.124102 -0.701640
vn 0.551277 0.124081 -0.825044
vn 0.916738 0.124102 -0.379725
vn 0.825044 0.124081 -0.551276
vn 0.992270 0.124101 0.000000
vn 0.973206 0.124081 -0.193582
vn 0.916738 0.124102 0.379725
vn 0.973206 0.124081 0.193582
vn 0.825044 0.124081 0.551277
vn 0.382683 0.000782 0.923879
vn 0.555570 0.000782 0.831469
vn 0.382671 -0.008029 0.923850
vn 0.555552 -0.008027 0.831443
vn 0.707084 -0.008028 0.707084
vn 0.707107 0.000782 0.707107
vn 0.000000 0.000782 1.000000
vn 0.195090 0.000782 0.980785
vn 0.000000 -0.008029 0.999968
vn 0.195084 -0.008027 0.980754
vn -0.382683 0.000782 0.923879
vn -0.195090 0.000782 0.980785
vn -0.382671 -0.008029 0.923850
vn -0.195084 -0.008027 0.980754
vn -0.707107 0.000782 0.707106
vn -0.555571 0.000782 0.831469
vn -0.707084 -0.008028 0.707084
vn -0.555553 -0.008027 0.831443
vn -0.923879 0.000782 0.382683
vn -0.831469 0.000782 0.555570
vn -0.923850 -0.008029 0.382671
vn -0.831443 -0.008027 0.555552
vn -1.000000 0.000782 0.000000
vn -0.980785 0.000782 0.195091
vn -0.999968 -0.008029 -0.000000
vn -0.980754 -0.008028 0.195084
vn -0.923879 0.000782 -0.382683
vn -0.980785 0.000782 -0.195090
vn -0.923850 -0.008029 -0.382671
vn -0.980754 -0.008027 -0.195084
vn -0.707106 0.000782 -0.707107
vn -0.831469 0.000782 -0.555570
vn -0.707084 -0.008028 -0.707084
vn -0.831443 -0.008027 -0.555553
vn -0.382684 0.000782 -0.923879
vn -0.555570 0.000782 -0.831469
vn -0.382671 -0.008029 -0.923850
vn -0.555553 -0.008027 -0.831443
vn -0.000000 0.000782 -1.000000
vn -0.195091 0.000782 -0.980785
vn -0.000000 -0.008029 -0.999968
vn -0.195084 -0.008027 -0.980754
vn 0.382683 0.000782 -0.923879
vn 0.195090 0.000782 -0.980785
vn 0.382671 -0.008029 -0.923850
vn 0.195084 -0.008027 -0.980754
vn 0.707107 0.000782 -0.707106
vn 0.555571 0.000782 -0.831469
vn 0.707084 -0.008028 -0.707084
vn 0.555553 -0.008027 -0.831443
vn 0.923879 0.000782 -0.382683
vn 0.831469 0.000782 -0.555570
vn 0.923850 -0.008029 -0.382671
vn 0.831443 -0.008027 -0.555552
vn 1.000000 0.000782 -0.000000
vn 0.980785 0.000782 -0.195091
vn 0.999968 -0.008029 0.000000
vn 0.980754 -0.008027 -0.195084
vn 0.923879 0.000782 0.382683
vn 0.980785 0.000782 0.195090
vn 0.923850 -0.008029 0.382671
vn 0.980754 -0.008028 0.195084
vn 0.831469 0.000782 0.555570
vn 0.831443 -0.008027 0.555553
vn 0.364982 0.300620 0.881144
vn 0.367462 0.279225 0.887133
vn 0.533480 0.279181 0.798409
vn 0.529881 0.300572 0.793021
vn 0.678982 0.279225 0.678982
vn 0.674399 0.300620 0.674399
vn 0.000000 0.300620 0.953744
vn 0.000000 0.279225 0.960226
vn 0.187333 0.279181 0.941788
vn 0.186069 0.300572 0.935433
vn -0.364982 0.300620 0.881145
vn -0.367462 0.279225 0.887133
vn -0.187333 0.279181 0.941788
vn -0.186069 0.300572 0.935433
vn -0.674399 0.300620 0.674399
vn -0.678982 0.279225 0.678982
vn -0.533480 0.279181 0.798409
vn -0.529880 0.300572 0.793022
vn -0.881145 0.300620 0.364982
vn -0.887133 0.279225 0.367462
vn -0.798409 0.279182 0.533480
vn -0.793022 0.300573 0.529880
vn -0.953744 0.300620 0.000000
vn -0.960226 0.279225 0.000000
vn -0.941788 0.279181 0.187333
vn -0.935433 0.300572 0.186069
vn -0.881145 0.300620 -0.364982
vn -0.887133 0.279225 -0.367462
vn -0.941788 0.279182 -0.187333
vn -0.935433 0.300572 -0.186069
vn -0.674399 0.300620 -0.674399
vn -0.678982 0.279225 -0.678982
vn -0.798409 0.279182 -0.533480
vn -0.793022 0.300572 -0.529880
vn -0.364982 0.300620 -0.881144
vn -0.367463 0.279225 -0.887133
vn -0.533480 0.279181 -0.798409
vn -0.529880 0.300572 -0.793022
vn 0.000000 0.300620 -0.953744
vn 0.000000 0.279225 -0.960226
vn -0.187333 0.279181 -0.941788
vn -0.186069 0.300572 -0.935433
vn 0.364982 0.300620 -0.881145
vn 0.367462 0.279225 -0.887133
vn 0.187333 0.279181 -0.941788
vn 0.186069 0.300572 -0.935433
vn 0.674399 0.300620 -0.674399
vn 0.678982 0.279225 -0.678982
vn 0.533480 0.279182 -0.798409
vn 0.529880 0.300572 -0.793022
vn 0.881145 0.300620 -0.364982
vn 0.887133 0.279225 -0.367462
vn 0.798409 0.279181 -0.533480
vn 0.793022 0.300572 -0.529880
vn 0.953744 0.300620 -0.000000
vn 0.960226 0.279225 -0.000000
vn 0.941788 0.279181 -0.187333
vn 0.935433 0.300572 -0.186069
vn 0.881144 0.300620 0.364982
vn 0.887133 0.279225 0.367463
vn 0.941788 0.279181 0.187333
vn 0.935433 0.300572 0.186069
vn 0.798409 0.279182 0.533480
vn 0.793021 0.300572 0.529880
vn 0.362453 0.320831 0.875040
vn 0.526211 0.320780 0.787529
vn 0.669727 0.320831 0.669727
vn -0.000000 0.320832 0.947136
vn 0.184780 0.320780 0.928954
vn -0.362453 0.320832 0.875040
vn -0.184780 0.320780 0.928954
vn -0.669727 0.320832 0.669726
vn -0.526210 0.320780 0.787530
vn -0.875040 0.320831 0.362453
vn -0.787530 0.320780 0.526210
vn -0.947136 0.320832 0.000000
vn -0.928954 0.320780 0.184780
vn -0.875040 0.320832 -0.362453
vn -0.928954 0.320780 -0.184780
vn -0.669727 0.320832 -0.669726
vn -0.787530 0.320780 -0.526210
vn -0.362453 0.320831 -0.875040
vn -0.526210 0.320780 -0.787530
vn 0.000000 0.320832 -0.947136
vn -0.184780 0.320780 -0.928954
vn 0.362453 0.320831 -0.875040
vn 0.184780 0.320780 -0.928954
vn 0.669726 0.320832 -0.669726
vn 0.526210 0.320780 -0.787530
vn 0.875040 0.320831 -0.362453
vn 0.787530 0.320780 -0.526210
vn 0.947136 0.320832 -0.000000
vn 0.928954 0.320780 -0.184780
vn 0.875040 0.320831 0.362453
vn 0.928954 0.320780 0.184780
vn 0.787530 0.320780 0.526211
vn 0.095633 0.968272 0.230877
vn 0.138654 0.968357 0.207510
vn 0.176706 0.968272 0.176706
vn -0.000000 0.968272 0.249899
vn 0.048689 0.968357 0.244775
vn -0.095633 0.968272 0.230877
vn -0.048689 0.968357 0.244775
vn -0.176706 0.968272 0.176706
vn -0.138654 0.968357 0.207510
vn -0.230877 0.968272 0.095633
vn -0.207510 0.968357 0.138654
vn -0.249901 0.968271 0.000000
vn -0.244776 0.968356 0.048689
vn -0.230878 0.968272 -0.095633
vn -0.244776 0.968356 -0.048689
vn -0.176706 0.968272 -0.176706
vn -0.207511 0.968357 -0.138654
vn -0.095633 0.968272 -0.230878
vn -0.138654 0.968356 -0.207511
vn 0.000000 0.968272 -0.249900
vn -0.048689 0.968356 -0.244776
vn 0.095633 0.968272 -0.230878
vn 0.048689 0.968356 -0.244776
vn 0.176706 0.968271 -0.176707
vn 0.138654 0.968356 -0.207511
vn 0.230878 0.968272 -0.095633
vn 0.207511 0.968356 -0.138654
vn 0.249900 0.968272 0.000000
vn 0.244776 0.968356 -0.048689
vn 0.230877 0.968272 0.095632
vn 0.244776 0.968356 0.048689
vn 0.207510 0.968357 0.138654
vn 0.319616 0.892017 0.319611
vn 0.251341 0.891815 0.376156
vn 0.006389 0.999934 0.009563
vn 0.007992 0.999936 0.007992
vn 0.172974 0.892016 0.417596
vn 0.004327 0.999936 0.010448
vn -0.157709 0.911134 -0.380738
vn -0.228794 0.911267 -0.342411
vn -0.291408 0.911134 -0.291404
vn 0.088260 0.891816 0.443706
vn 0.002244 0.999934 0.011283
vn 0.000000 0.892019 0.451998
vn 0.000000 0.999936 0.011308
vn 0.000000 0.911136 -0.412105
vn -0.080342 0.911268 -0.403900
vn -0.088260 0.891817 0.443704
vn -0.002244 0.999934 0.011279
vn -0.172974 0.892016 0.417598
vn -0.004327 0.999936 0.010447
vn 0.157708 0.911134 -0.380741
vn 0.080342 0.911267 -0.403902
vn -0.251341 0.891815 0.376158
vn -0.006389 0.999934 0.009564
vn -0.319616 0.892017 0.319612
vn -0.007995 0.999936 0.007995
vn 0.291407 0.911134 -0.291405
vn 0.228794 0.911266 -0.342415
vn -0.376159 0.891815 0.251336
vn -0.009562 0.999934 0.006389
vn -0.417597 0.892017 0.172972
vn -0.010445 0.999936 0.004326
vn 0.380742 0.911133 -0.157709
vn 0.342415 0.911266 -0.228793
vn -0.443707 0.891815 0.088260
vn -0.011280 0.999934 0.002244
vn -0.452003 0.892017 0.000001
vn -0.011306 0.999936 0.000000
vn 0.412111 0.911134 0.000000
vn 0.403905 0.911266 -0.080342
vn -0.443707 0.891815 -0.088259
vn -0.011280 0.999934 -0.002244
vn -0.417597 0.892016 -0.172974
vn -0.010445 0.999936 -0.004327
vn 0.380742 0.911133 0.157708
vn 0.403906 0.911266 0.080342
vn -0.376159 0.891814 -0.251339
vn -0.009562 0.999934 -0.006391
vn -0.319616 0.892016 -0.319614
vn -0.007995 0.999936 -0.007997
vn 0.291407 0.911135 0.291403
vn 0.342415 0.911266 0.228792
vn -0.251340 0.891814 -0.376159
vn -0.006389 0.999934 -0.009565
vn -0.172974 0.892016 -0.417597
vn -0.004327 0.999936 -0.010447
vn 0.157709 0.911134 0.380740
vn 0.228794 0.911267 0.342413
vn -0.088259 0.891816 -0.443705
vn -0.002244 0.999934 -0.011281
vn -0.000000 0.892017 -0.452001
vn -0.000000 0.999936 -0.011307
vn -0.000000 0.911135 0.412108
vn 0.080343 0.911268 0.403902
vn 0.088259 0.891816 -0.443706
vn 0.002244 0.999934 -0.011280
vn 0.172974 0.892017 -0.417594
vn 0.004327 0.999936 -0.010445
vn -0.157709 0.911134 0.380739
vn -0.080342 0.911266 0.403904
vn 0.251341 0.891815 -0.376156
vn 0.006389 0.999934 -0.009562
vn 0.319616 0.892016 -0.319614
vn 0.007995 0.999936 -0.007996
vn -0.291407 0.911134 0.291405
vn -0.228794 0.911266 0.342413
vn 0.376159 0.891815 -0.251337
vn 0.009562 0.999934 -0.006389
vn 0.417596 0.892017 -0.172972
vn 0.010446 0.999936 -0.004326
vn -0.380742 0.911133 0.157709
vn -0.342415 0.911266 0.228793
vn 0.443707 0.891815 -0.088260
vn 0.011280 0.999934 -0.002244
vn 0.452003 0.892017 -0.000001
vn 0.011306 0.999936 -0.000000
vn -0.412111 0.911134 0.000000
vn -0.403906 0.911266 0.080342
vn 0.443707 0.891815 0.088259
vn 0.011280 0.999934 0.002244
vn 0.417597 0.892016 0.172974
vn 0.010446 0.999936 0.004327
vn -0.380742 0.911133 -0.157708
vn -0.403906 0.911266 -0.080342
vn 0.376158 0.891815 0.251338
vn 0.009561 0.999934 0.006389
vn -0.342415 0.911266 -0.228792
vn -0.553419 -0.087922 -0.828250
vn -0.381201 -0.087941 -0.920300
vn -0.704367 -0.087942 -0.704367
vn -0.194335 -0.087922 -0.976987
vn 0.000000 -0.087942 -0.996126
vn 0.194335 -0.087922 -0.976987
vn 0.381201 -0.087941 -0.920300
vn 0.553419 -0.087922 -0.828250
vn 0.704367 -0.087942 -0.704367
vn 0.828250 -0.087922 -0.553418
vn 0.920300 -0.087942 -0.381200
vn 0.976987 -0.087924 -0.194334
vn 0.996125 -0.087944 0.000000
vn 0.976987 -0.087924 0.194335
vn 0.920300 -0.087942 0.381200
vn 0.828250 -0.087922 0.553418
vn 0.704367 -0.087942 0.704367
vn 0.553418 -0.087922 0.828250
vn 0.381200 -0.087943 0.920300
vn 0.194335 -0.087924 0.976987
vn 0.000000 -0.087944 0.996125
vn -0.194335 -0.087925 0.976987
vn -0.381201 -0.087944 0.920300
vn -0.553418 -0.087923 0.828250
vn -0.704367 -0.087942 0.704367
vn -0.828250 -0.087923 0.553418
vn -0.920300 -0.087942 0.381200
vn -0.976987 -0.087924 0.194335
vn -0.996125 -0.087944 -0.000000
vn -0.976987 -0.087924 -0.194335
vn -0.920300 -0.087942 -0.381201
vn -0.828250 -0.087922 -0.553418
vn -0.551926 0.114338 -0.826017
vn -0.380177 0.114282 -0.917826
vn -0.702474 0.114283 -0.702474
vn -0.193812 0.114339 -0.974353
vn -0.000000 0.114284 -0.993448
vn 0.193812 0.114341 -0.974353
vn 0.380177 0.114284 -0.917826
vn 0.551926 0.114339 -0.826017
vn 0.702474 0.114283 -0.702474
vn 0.826017 0.114339 -0.551926
vn 0.917826 0.114284 -0.380176
vn 0.974353 0.114340 -0.193812
vn 0.993448 0.114285 -0.000000
vn 0.974353 0.114342 0.193812
vn 0.917826 0.114284 0.380176
vn 0.826017 0.114339 0.551926
vn 0.702475 0.114283 0.702473
vn 0.551927 0.114338 0.826016
vn 0.380177 0.114283 0.917826
vn 0.193812 0.114340 0.974353
vn -0.000000 0.114284 0.993448
vn -0.193812 0.114340 0.974353
vn -0.380177 0.114284 0.917826
vn -0.551926 0.114340 0.826017
vn -0.702474 0.114284 0.702474
vn -0.826017 0.114339 0.551926
vn -0.917826 0.114283 0.380176
vn -0.974353 0.114340 0.193812
vn -0.993448 0.114284 0.000000
vn -0.974353 0.114340 -0.193812
vn -0.917826 0.114284 -0.380176
vn -0.826017 0.114339 -0.551926
vn 0.827201 0.101202 0.552717
vn 0.919129 0.101281 0.380715
vn 0.703471 0.101281 0.703471
vn 0.975750 0.101203 0.194089
vn 0.994858 0.101281 -0.000000
vn 0.975750 0.101201 -0.194089
vn 0.919129 0.101280 -0.380715
vn 0.827201 0.101202 -0.552717
vn 0.703471 0.101282 -0.703470
vn 0.552718 0.101203 -0.827200
vn 0.380716 0.101281 -0.919129
vn 0.194089 0.101202 -0.975750
vn -0.000000 0.101280 -0.994858
vn -0.194089 0.101200 -0.975750
vn -0.380715 0.101279 -0.919129
vn -0.552718 0.101202 -0.827201
vn -0.703471 0.101281 -0.703471
vn -0.827201 0.101202 -0.552717
vn -0.919129 0.101281 -0.380715
vn -0.975750 0.101202 -0.194089
vn -0.994858 0.101280 0.000000
vn -0.975750 0.101200 0.194089
vn -0.919129 0.101279 0.380715
vn -0.827201 0.101201 0.552717
vn -0.703471 0.101281 0.703471
vn -0.552718 0.101203 0.827201
vn -0.380716 0.101281 0.919129
vn -0.194089 0.101203 0.975750
vn 0.000000 0.101280 0.994858
vn 0.194089 0.101200 0.975750
vn 0.380715 0.101279 0.919129
vn 0.552718 0.101202 0.827201
s 1
g polySurface1
usemtl aiStandardSurface2SG
f 772/560/427 1197/561/428 1581/562/429 1200/563/430
f 1197/561/428 773/564/431 1198/565/432 1581/562/429
f 1581/562/429 1198/565/432 774/566/433 1199/567/434
f 1200/563/430 1581/562/429 1199/567/434 775/568/435
f 777/569/436 1201/570/437 1582/571/438 1204/572/439
f 1201/570/437 776/573/440 1202/574/441 1582/571/438
f 1582/571/438 1202/574/441 778/575/442 1203/576/443
f 1204/572/439 1582/571/438 1203/576/443 779/577/444
f 780/578/445 1205/579/446 1583/580/447 1208/581/448
f 1205/579/446 781/582/449 1206/583/450 1583/580/447
f 1583/580/447 1206/583/450 782/584/451 1207/585/452
f 1208/581/448 1583/580/447 1207/585/452 783/586/453
f 784/587/454 1209/588/455 1584/589/456 1212/590/457
f 1209/588/455 785/591/458 1210/592/459 1584/589/456
f 1584/589/456 1210/592/459 786/593/460 1211/594/461
f 1212/590/457 1584/589/456 1211/594/461 787/595/462
f 782/584/451 1206/583/450 1585/596/463 1214/597/464
f 1206/583/450 781/582/449 1213/598/465 1585/596/463
f 1585/596/463 1213/598/465 784/587/454 1212/590/457
f 1214/597/464 1585/596/463 1212/590/457 787/595/462
f 774/566/433 1198/565/432 1586/599/466 1216/600/467
f 1198/565/432 773/564/431 1215/601/468 1586/599/466
f 1586/599/466 1215/601/468 776/573/440 1201/570/437
f 1216/600/467 1586/599/466 1201/570/437 777/569/436
f 788/602/469 1217/603/470 1587/604/471 1219/605/472
f 1217/603/470 786/593/460 1210/592/459 1587/604/471
f 1587/604/471 1210/592/459 785/591/458 1218/606/473
f 1219/605/472 1587/604/471 1218/606/473 789/607/474
f 779/577/444 1203/576/443 1588/608/475 1222/609/476
f 1203/576/443 778/575/442 1220/610/477 1588/608/475
f 1588/608/475 1220/610/477 790/611/478 1221/612/479
f 1222/609/476 1588/608/475 1221/612/479 791/613/480
f 783/586/453 1207/585/452 1589/614/481 1224/615/482
f 1207/585/452 782/584/451 1223/616/483 1589/614/481
f 1589/614/481 1223/616/483 773/564/431 1197/561/428
f 1224/615/482 1589/614/481 1197/561/428 772/560/427
f 776/573/440 1215/601/468 1590/617/484 1225/618/485
f 1215/601/468 773/564/431 1223/616/483 1590/617/484
f 1590/617/484 1223/616/483 782/584/451 1214/597/464
f 1225/618/485 1590/617/484 1214/597/464 787/595/462
f 778/575/442 1202/574/441 1591/619/486 1226/620/487
f 1202/574/441 776/573/440 1225/618/485 1591/619/486
f 1591/619/486 1225/618/485 787/595/462 1211/594/461
f 1226/620/487 1591/619/486 1211/594/461 786/593/460
f 790/611/478 1220/610/477 1592/621/488 1227/622/489
f 1220/610/477 778/575/442 1226/620/487 1592/621/488
f 1592/621/488 1226/620/487 786/593/460 1217/603/470
f 1227/622/489 1592/621/488 1217/603/470 788/602/469
f 792/623/490 1228/624/491 1593/625/492 1230/626/493
f 1228/624/491 793/627/494 1229/628/495 1593/625/492
f 1593/625/492 1229/628/495 781/582/449 1205/579/446
f 1230/626/493 1593/625/492 1205/579/446 780/578/445
f 784/587/454 1213/598/465 1594/629/496 1232/630/497
f 1213/598/465 781/582/449 1229/628/495 1594/629/496
f 1594/629/496 1229/628/495 793/627/494 1231/631/498
f 1232/630/497 1594/629/496 1231/631/498 794/632/499
f 795/633/500 1233/634/501 1595/635/502 1234/636/503
f 1233/634/501 785/591/458 1209/588/455 1595/635/502
f 1595/635/502 1209/588/455 784/587/454 1232/630/497
f 1234/636/503 1595/635/502 1232/630/497 794/632/499
f 789/607/474 1218/606/473 1596/637/504 1236/638/505
f 1218/606/473 785/591/458 1233/634/501 1596/637/504
f 1596/637/504 1233/634/501 795/633/500 1235/639/506
f 1236/638/505 1596/637/504 1235/639/506 796/640/507
f 793/627/494 1228/624/491 1597/2122/508 1239/2111/509
f 1228/624/491 792/623/490 1237/643/510 1597/2122/508
f 1597/641/508 1237/642/510 797/644/511 1238/645/512
f 1239/646/509 1597/641/508 1238/645/512 798/647/513
f 792/623/490 1230/626/493 1598/2120/514 1237/643/510
f 1230/626/493 780/578/445 1240/648/515 1598/2120/514
f 1598/649/514 1240/650/515 799/651/516 1241/652/517
f 1237/642/510 1598/649/514 1241/652/517 797/644/511
f 789/607/474 1236/638/505 1599/2119/518 1244/2091/519
f 1236/638/505 796/640/507 1242/653/520 1599/2119/518
f 1599/654/518 1242/655/520 800/656/521 1243/657/522
f 1244/658/519 1599/654/518 1243/657/522 801/660/523
f 775/568/435 1199/567/434 1600/2118/524 1247/2100/525
f 1199/567/434 774/566/433 1245/659/526 1600/2118/524
f 1600/661/524 1245/662/526 802/663/527 1246/664/528
f 1247/666/525 1600/661/524 1246/664/528 803/667/529
f 795/633/500 1234/636/503 1601/2117/530 1250/2105/531
f 1234/636/503 794/632/499 1248/665/532 1601/2117/530
f 1601/668/530 1248/2207/532 804/2233/533 1249/672/534
f 1250/673/531 1601/668/530 1249/672/534 805/674/535
f 777/569/436 1204/572/439 1602/2116/536 1253/2108/537
f 1204/572/439 779/577/444 1251/671/538 1602/2116/536
f 1602/675/536 1251/676/538 806/678/539 1252/679/540
f 1253/680/537 1602/675/536 1252/679/540 807/681/541
f 783/586/453 1224/615/482 1603/2115/542 1256/2094/543
f 1224/615/482 772/560/427 1254/677/544 1603/2115/542
f 1603/682/542 1254/684/544 808/685/545 1255/686/546
f 1256/687/543 1603/682/542 1255/686/546 809/688/547
f 790/611/478 1227/622/489 1604/2114/548 1259/2097/549
f 1227/622/489 788/602/469 1257/683/550 1604/2114/548
f 1604/689/548 1257/690/550 810/691/551 1258/692/552
f 1259/693/549 1604/689/548 1258/692/552 811/695/553
f 794/632/499 1231/631/498 1605/2112/554 1248/665/532
f 1231/631/498 793/627/494 1239/2111/509 1605/2112/554
f 1605/696/554 1239/646/509 798/647/513 1260/697/555
f 1248/669/532 1605/696/554 1260/697/555 804/670/533
f 774/566/433 1216/600/467 1606/2109/556 1245/659/526
f 1216/600/467 777/569/436 1253/2108/537 1606/2109/556
f 1606/698/556 1253/680/537 807/681/541 1261/699/557
f 1245/662/526 1606/698/556 1261/699/557 802/663/527
f 796/640/507 1235/639/506 1607/2106/558 1242/653/520
f 1235/639/506 795/633/500 1250/2105/531 1607/2106/558
f 1607/700/558 1250/673/531 805/674/535 1262/701/559
f 1242/655/520 1607/700/558 1262/701/559 800/656/521
f 779/577/444 1222/609/476 1608/2103/560 1251/671/538
f 1222/609/476 791/613/480 1263/694/561 1608/2103/560
f 1608/702/560 1263/703/561 812/704/562 1264/705/563
f 1251/676/538 1608/702/560 1264/705/563 806/678/539
f 772/560/427 1200/563/430 1609/2101/564 1254/677/544
f 1200/563/430 775/568/435 1247/2100/525 1609/2101/564
f 1609/706/564 1247/666/525 803/667/529 1265/707/565
f 1254/684/544 1609/706/564 1265/707/565 808/685/545
f 791/613/480 1221/612/479 1610/2098/566 1263/694/561
f 1221/612/479 790/611/478 1259/2097/549 1610/2098/566
f 1610/708/566 1259/693/549 811/695/553 1266/709/567
f 1263/703/561 1610/708/566 1266/709/567 812/704/562
f 780/578/445 1208/581/448 1611/2095/568 1240/648/515
f 1208/581/448 783/586/453 1256/2094/543 1611/2095/568
f 1611/710/568 1256/687/543 809/688/547 1267/711/569
f 1240/650/515 1611/710/568 1267/711/569 799/651/516
f 788/602/469 1219/605/472 1612/2092/570 1257/683/550
f 1219/605/472 789/607/474 1244/2091/519 1612/2092/570
f 1612/712/570 1244/658/519 801/660/523 1268/713/571
f 1257/690/550 1612/712/570 1268/713/571 810/691/551
f 597/714/572 1269/715/573 1613/716/574 1272/717/575
f 1269/715/573 596/718/576 1270/719/577 1613/716/574
f 1613/716/574 1270/719/577 724/720/578 1271/721/579
f 1272/717/575 1613/716/574 1271/721/579 725/722/580
f 596/718/576 1273/723/581 1614/724/582 1270/719/577
f 1273/723/581 600/725/583 1274/726/584 1614/724/582
f 1614/724/582 1274/726/584 739/727/585 1275/728/586
f 1270/719/577 1614/724/582 1275/728/586 724/720/578
f 603/729/587 1276/730/588 1615/731/589 1279/732/590
f 1276/730/588 602/733/591 1277/734/592 1615/731/589
f 1615/731/589 1277/734/592 728/735/593 1278/736/594
f 1279/732/590 1615/731/589 1278/736/594 729/737/595
f 606/738/596 1280/739/597 1616/740/598 1283/741/599
f 1280/739/597 607/742/600 1281/743/601 1616/740/598
f 1616/740/598 1281/743/601 735/744/602 1282/745/603
f 1283/741/599 1616/740/598 1282/745/603 736/746/604
f 611/747/605 1284/2227/606 1617/748/607 1287/749/608
f 1284/2227/606 610/2208/609 1285/2209/610 1617/748/607
f 1617/748/607 1285/2209/610 726/2210/611 1286/753/612
f 1287/749/608 1617/748/607 1286/753/612 727/754/613
f 614/755/614 1288/756/615 1618/757/616 1291/758/617
f 1288/756/615 615/759/618 1289/760/619 1618/757/616
f 1618/757/616 1289/760/619 733/761/620 1290/762/621
f 1291/758/617 1618/757/616 1290/762/621 734/763/622
f 618/764/623 1292/765/624 1619/766/625 1295/767/626
f 1292/765/624 619/768/627 1293/769/628 1619/766/625
f 1619/766/625 1293/769/628 737/770/629 1294/771/630
f 1295/767/626 1619/766/625 1294/771/630 738/772/631
f 623/773/632 1296/774/633 1620/775/634 1299/776/635
f 1296/774/633 622/777/636 1297/778/637 1620/775/634
f 1620/775/634 1297/778/637 730/779/638 1298/780/639
f 1299/776/635 1620/775/634 1298/780/639 731/781/640
f 610/750/609 1300/782/641 1621/783/642 1285/751/610
f 1300/782/641 597/714/572 1272/717/575 1621/783/642
f 1621/783/642 1272/717/575 725/722/580 1301/784/643
f 1285/751/610 1621/783/642 1301/784/643 726/752/611
f 607/742/600 1302/785/644 1622/786/645 1281/743/601
f 1302/785/644 614/755/614 1291/758/617 1622/786/645
f 1622/786/645 1291/758/617 734/763/622 1303/787/646
f 1281/743/601 1622/786/645 1303/787/646 735/744/602
f 602/733/591 1304/788/647 1623/789/648 1277/734/592
f 1304/788/647 611/747/605 1287/749/608 1623/789/648
f 1623/789/648 1287/749/608 727/754/613 1305/790/649
f 1277/734/592 1623/789/648 1305/790/649 728/735/593
f 615/759/618 1306/791/650 1624/792/651 1289/760/619
f 1306/791/650 626/793/652 1307/794/653 1624/792/651
f 1624/792/651 1307/794/653 732/795/654 1308/796/655
f 1289/760/619 1624/792/651 1308/796/655 733/761/620
f 619/768/627 1309/797/656 1625/798/657 1293/769/628
f 1309/797/656 606/738/596 1283/741/599 1625/798/657
f 1625/798/657 1283/741/599 736/746/604 1310/799/658
f 1293/769/628 1625/798/657 1310/799/658 737/770/629
f 626/793/652 1311/800/659 1626/801/660 1307/794/653
f 1311/800/659 623/773/632 1299/776/635 1626/801/660
f 1626/801/660 1299/776/635 731/781/640 1312/802/661
f 1307/794/653 1626/801/660 1312/802/661 732/795/654
f 600/725/583 1313/803/662 1627/804/663 1274/726/584
f 1313/803/662 618/764/623 1295/767/626 1627/804/663
f 1627/804/663 1295/767/626 738/772/631 1314/805/664
f 1274/726/584 1627/804/663 1314/805/664 739/727/585
f 622/777/636 1315/806/665 1628/807/666 1297/778/637
f 1315/806/665 603/729/587 1279/732/590 1628/807/666
f 1628/807/666 1279/732/590 729/737/595 1316/808/667
f 1297/778/637 1628/807/666 1316/808/667 730/779/638
f 629/809/668 1317/810/669 1629/811/670 1320/812/671
f 1317/810/669 628/813/672 1318/814/673 1629/811/670
f 1629/811/670 1318/814/673 630/815/674 1319/816/675
f 1320/812/671 1629/811/670 1319/816/675 631/817/676
f 632/818/677 1321/819/678 1630/820/679 1323/821/680
f 1321/819/678 629/809/668 1320/812/671 1630/820/679
f 1630/820/679 1320/812/671 631/817/676 1322/822/681
f 1323/821/680 1630/820/679 1322/822/681 633/823/682
f 634/824/683 1324/2217/684 1631/825/685 1326/826/686
f 1324/2217/684 632/2211/677 1323/2212/680 1631/825/685
f 1631/825/685 1323/2212/680 633/2218/682 1325/827/687
f 1326/826/686 1631/825/685 1325/827/687 635/828/688
f 636/829/689 1327/830/690 1632/831/691 1329/832/692
f 1327/830/690 634/824/683 1326/826/686 1632/831/691
f 1632/831/691 1326/826/686 635/828/688 1328/833/693
f 1329/832/692 1632/831/691 1328/833/693 637/834/694
f 638/835/695 1330/836/696 1633/837/697 1332/838/698
f 1330/836/696 636/829/689 1329/832/692 1633/837/697
f 1633/837/697 1329/832/692 637/834/694 1331/839/699
f 1332/838/698 1633/837/697 1331/839/699 639/840/700
f 640/841/701 1333/842/702 1634/843/703 1335/844/704
f 1333/842/702 638/835/695 1332/838/698 1634/843/703
f 1634/843/703 1332/838/698 639/840/700 1334/845/705
f 1335/844/704 1634/843/703 1334/845/705 641/846/706
f 642/847/707 1336/848/708 1635/849/709 1338/850/710
f 1336/848/708 640/841/701 1335/844/704 1635/849/709
f 1635/849/709 1335/844/704 641/846/706 1337/851/711
f 1338/850/710 1635/849/709 1337/851/711 643/852/712
f 644/853/713 1339/854/714 1636/855/715 1341/856/716
f 1339/854/714 642/847/707 1338/850/710 1636/855/715
f 1636/855/715 1338/850/710 643/852/712 1340/857/717
f 1341/856/716 1636/855/715 1340/857/717 645/858/718
f 646/859/719 1342/860/720 1637/861/721 1344/862/722
f 1342/860/720 644/853/713 1341/856/716 1637/861/721
f 1637/861/721 1341/856/716 645/858/718 1343/863/723
f 1344/862/722 1637/861/721 1343/863/723 647/864/724
f 648/865/725 1345/866/726 1638/867/727 1347/868/728
f 1345/866/726 646/859/719 1344/862/722 1638/867/727
f 1638/867/727 1344/862/722 647/864/724 1346/869/729
f 1347/868/728 1638/867/727 1346/869/729 649/870/730
f 650/871/731 1348/872/732 1639/873/733 1350/874/734
f 1348/872/732 648/865/725 1347/868/728 1639/873/733
f 1639/873/733 1347/868/728 649/870/730 1349/875/735
f 1350/874/734 1639/873/733 1349/875/735 651/876/736
f 652/877/737 1351/878/738 1640/879/739 1353/880/740
f 1351/878/738 650/871/731 1350/874/734 1640/879/739
f 1640/879/739 1350/874/734 651/876/736 1352/881/741
f 1353/880/740 1640/879/739 1352/881/741 653/882/742
f 654/883/743 1354/884/744 1641/885/745 1356/886/746
f 1354/884/744 652/877/737 1353/880/740 1641/885/745
f 1641/885/745 1353/880/740 653/882/742 1355/887/747
f 1356/886/746 1641/885/745 1355/887/747 655/888/748
f 656/889/749 1357/890/750 1642/891/751 1359/892/752
f 1357/890/750 654/883/743 1356/886/746 1642/891/751
f 1642/891/751 1356/886/746 655/888/748 1358/893/753
f 1359/892/752 1642/891/751 1358/893/753 657/894/754
f 658/895/755 1360/896/756 1643/897/757 1362/898/758
f 1360/896/756 656/889/749 1359/892/752 1643/897/757
f 1643/897/757 1359/892/752 657/894/754 1361/899/759
f 1362/898/758 1643/897/757 1361/899/759 659/900/760
f 628/813/672 1363/901/761 1644/902/762 1318/814/673
f 1363/901/761 658/895/755 1362/898/758 1644/902/762
f 1644/902/762 1362/898/758 659/900/760 1364/903/763
f 1318/814/673 1644/902/762 1364/903/763 630/815/674
f 661/904/764 1365/905/765 1645/906/766 1368/907/767
f 1365/905/765 660/908/768 1366/909/769 1645/906/766
f 1645/906/766 1366/909/769 662/910/770 1367/911/771
f 1368/907/767 1645/906/766 1367/911/771 663/912/772
f 664/913/773 1369/914/774 1646/915/775 1371/916/776
f 1369/914/774 661/904/764 1368/907/767 1646/915/775
f 1646/915/775 1368/907/767 663/912/772 1370/917/777
f 1371/916/776 1646/915/775 1370/917/777 665/918/778
f 666/919/779 1372/2223/780 1647/920/781 1374/921/782
f 1372/2223/780 664/2213/773 1371/2214/776 1647/920/781
f 1647/920/781 1371/2214/776 665/2215/778 1373/922/783
f 1374/921/782 1647/920/781 1373/922/783 667/923/784
f 668/924/785 1375/925/786 1648/926/787 1377/927/788
f 1375/925/786 666/919/779 1374/921/782 1648/926/787
f 1648/926/787 1374/921/782 667/923/784 1376/928/789
f 1377/927/788 1648/926/787 1376/928/789 669/929/790
f 670/930/791 1378/931/792 1649/932/793 1380/933/794
f 1378/931/792 668/924/785 1377/927/788 1649/932/793
f 1649/932/793 1377/927/788 669/929/790 1379/934/795
f 1380/933/794 1649/932/793 1379/934/795 671/935/796
f 672/936/797 1381/937/798 1650/938/799 1383/939/800
f 1381/937/798 670/930/791 1380/933/794 1650/938/799
f 1650/938/799 1380/933/794 671/935/796 1382/940/801
f 1383/939/800 1650/938/799 1382/940/801 673/941/802
f 674/942/803 1384/943/804 1651/944/805 1386/945/806
f 1384/943/804 672/936/797 1383/939/800 1651/944/805
f 1651/944/805 1383/939/800 673/941/802 1385/946/807
f 1386/945/806 1651/944/805 1385/946/807 675/947/808
f 676/948/809 1387/949/810 1652/950/811 1389/951/812
f 1387/949/810 674/942/803 1386/945/806 1652/950/811
f 1652/950/811 1386/945/806 675/947/808 1388/952/813
f 1389/951/812 1652/950/811 1388/952/813 677/953/814
f 678/954/815 1390/955/816 1653/956/817 1392/957/818
f 1390/955/816 676/948/809 1389/951/812 1653/956/817
f 1653/956/817 1389/951/812 677/953/814 1391/958/819
f 1392/957/818 1653/956/817 1391/958/819 679/959/820
f 680/960/821 1393/961/822 1654/962/823 1395/963/824
f 1393/961/822 678/954/815 1392/957/818 1654/962/823
f 1654/962/823 1392/957/818 679/959/820 1394/964/825
f 1395/963/824 1654/962/823 1394/964/825 681/965/826
f 682/966/827 1396/967/828 1655/968/829 1398/969/830
f 1396/967/828 680/960/821 1395/963/824 1655/968/829
f 1655/968/829 1395/963/824 681/965/826 1397/970/831
f 1398/969/830 1655/968/829 1397/970/831 683/971/832
f 684/972/833 1399/973/834 1656/974/835 1401/975/836
f 1399/973/834 682/966/827 1398/969/830 1656/974/835
f 1656/974/835 1398/969/830 683/971/832 1400/976/837
f 1401/975/836 1656/974/835 1400/976/837 685/977/838
f 686/978/839 1402/979/840 1657/980/841 1404/981/842
f 1402/979/840 684/972/833 1401/975/836 1657/980/841
f 1657/980/841 1401/975/836 685/977/838 1403/982/843
f 1404/981/842 1657/980/841 1403/982/843 687/983/844
f 688/984/845 1405/985/846 1658/986/847 1407/987/848
f 1405/985/846 686/978/839 1404/981/842 1658/986/847
f 1658/986/847 1404/981/842 687/983/844 1406/988/849
f 1407/987/848 1658/986/847 1406/988/849 689/989/850
f 690/990/851 1408/991/852 1659/992/853 1410/993/854
f 1408/991/852 688/984/845 1407/987/848 1659/992/853
f 1659/992/853 1407/987/848 689/989/850 1409/994/855
f 1410/993/854 1659/992/853 1409/994/855 691/995/856
f 660/908/768 1411/996/857 1660/997/858 1366/909/769
f 1411/996/857 690/990/851 1410/993/854 1660/997/858
f 1660/997/858 1410/993/854 691/995/856 1412/998/859
f 1366/909/769 1660/997/858 1412/998/859 662/910/770
f 663/912/772 1367/911/771 1661/999/860 1414/1000/861
f 1367/911/771 662/910/770 1413/1001/862 1661/999/860
f 1661/999/860 1413/1001/862 628/813/672 1317/810/669
f 1414/1000/861 1661/999/860 1317/810/669 629/809/668
f 665/918/778 1370/917/777 1662/1002/863 1415/1003/864
f 1370/917/777 663/912/772 1414/1000/861 1662/1002/863
f 1662/1002/863 1414/1000/861 629/809/668 1321/819/678
f 1415/1003/864 1662/1002/863 1321/819/678 632/818/677
f 667/923/784 1373/922/783 1663/1004/865 1416/1005/866
f 1373/922/783 665/2215/778 1415/2216/864 1663/1004/865
f 1663/1004/865 1415/2216/864 632/2211/677 1324/2217/684
f 1416/1005/866 1663/1004/865 1324/2217/684 634/824/683
f 669/929/790 1376/928/789 1664/1006/867 1417/1007/868
f 1376/928/789 667/923/784 1416/1005/866 1664/1006/867
f 1664/1006/867 1416/1005/866 634/824/683 1327/830/690
f 1417/1007/868 1664/1006/867 1327/830/690 636/829/689
f 671/935/796 1379/934/795 1665/1008/869 1418/1009/870
f 1379/934/795 669/929/790 1417/1007/868 1665/1008/869
f 1665/1008/869 1417/1007/868 636/829/689 1330/836/696
f 1418/1009/870 1665/1008/869 1330/836/696 638/835/695
f 673/941/802 1382/940/801 1666/1010/871 1419/1011/872
f 1382/940/801 671/935/796 1418/1009/870 1666/1010/871
f 1666/1010/871 1418/1009/870 638/835/695 1333/842/702
f 1419/1011/872 1666/1010/871 1333/842/702 640/841/701
f 675/947/808 1385/946/807 1667/1012/873 1420/1013/874
f 1385/946/807 673/941/802 1419/1011/872 1667/1012/873
f 1667/1012/873 1419/1011/872 640/841/701 1336/848/708
f 1420/1013/874 1667/1012/873 1336/848/708 642/847/707
f 677/953/814 1388/952/813 1668/1014/875 1421/1015/876
f 1388/952/813 675/947/808 1420/1013/874 1668/1014/875
f 1668/1014/875 1420/1013/874 642/847/707 1339/854/714
f 1421/1015/876 1668/1014/875 1339/854/714 644/853/713
f 679/959/820 1391/958/819 1669/1016/877 1422/1017/878
f 1391/958/819 677/953/814 1421/1015/876 1669/1016/877
f 1669/1016/877 1421/1015/876 644/853/713 1342/860/720
f 1422/1017/878 1669/1016/877 1342/860/720 646/859/719
f 681/965/826 1394/964/825 1670/1018/879 1423/1019/880
f 1394/964/825 679/959/820 1422/1017/878 1670/1018/879
f 1670/1018/879 1422/1017/878 646/859/719 1345/866/726
f 1423/1019/880 1670/1018/879 1345/866/726 648/865/725
f 683/971/832 1397/970/831 1671/1020/881 1424/1021/882
f 1397/970/831 681/965/826 1423/1019/880 1671/1020/881
f 1671/1020/881 1423/1019/880 648/865/725 1348/872/732
f 1424/1021/882 1671/1020/881 1348/872/732 650/871/731
f 685/977/838 1400/976/837 1672/1022/883 1425/1023/884
f 1400/976/837 683/971/832 1424/1021/882 1672/1022/883
f 1672/1022/883 1424/1021/882 650/871/731 1351/878/738
f 1425/1023/884 1672/1022/883 1351/878/738 652/877/737
f 687/983/844 1403/982/843 1673/1024/885 1426/1025/886
f 1403/982/843 685/977/838 1425/1023/884 1673/1024/885
f 1673/1024/885 1425/1023/884 652/877/737 1354/884/744
f 1426/1025/886 1673/1024/885 1354/884/744 654/883/743
f 689/989/850 1406/988/849 1674/1026/887 1427/1027/888
f 1406/988/849 687/983/844 1426/1025/886 1674/1026/887
f 1674/1026/887 1426/1025/886 654/883/743 1357/890/750
f 1427/1027/888 1674/1026/887 1357/890/750 656/889/749
f 691/995/856 1409/994/855 1675/1028/889 1428/1029/890
f 1409/994/855 689/989/850 1427/1027/888 1675/1028/889
f 1675/1028/889 1427/1027/888 656/889/749 1360/896/756
f 1428/1029/890 1675/1028/889 1360/896/756 658/895/755
f 662/910/770 1412/998/859 1676/1030/891 1413/1001/862
f 1412/998/859 691/995/856 1428/1029/890 1676/1030/891
f 1676/1030/891 1428/1029/890 658/895/755 1363/901/761
f 1413/1001/862 1676/1030/891 1363/901/761 628/813/672
f 631/817/676 1319/816/675 1677/1031/892 1431/1032/893
f 1319/816/675 630/815/674 1429/1033/894 1677/1031/892
f 1677/1031/892 1429/1033/894 740/1034/895 1430/1035/896
f 1431/1032/893 1677/1031/892 1430/1035/896 741/1036/897
f 633/823/682 1322/822/681 1678/1037/898 1433/1038/899
f 1322/822/681 631/817/676 1431/1032/893 1678/1037/898
f 1678/1037/898 1431/1032/893 741/1036/897 1432/1039/900
f 1433/1038/899 1678/1037/898 1432/1039/900 742/1040/901
f 635/828/688 1325/827/687 1679/1041/902 1435/1042/903
f 1325/827/687 633/2218/682 1433/2219/899 1679/1041/902
f 1679/1041/902 1433/2219/899 742/2220/901 1434/1043/904
f 1435/1042/903 1679/1041/902 1434/1043/904 743/1044/905
f 637/834/694 1328/833/693 1680/1045/906 1437/1046/907
f 1328/833/693 635/828/688 1435/1042/903 1680/1045/906
f 1680/1045/906 1435/1042/903 743/1044/905 1436/1047/908
f 1437/1046/907 1680/1045/906 1436/1047/908 744/1048/909
f 639/840/700 1331/839/699 1681/1049/910 1439/1050/911
f 1331/839/699 637/834/694 1437/1046/907 1681/1049/910
f 1681/1049/910 1437/1046/907 744/1048/909 1438/1051/912
f 1439/1050/911 1681/1049/910 1438/1051/912 745/1052/913
f 641/846/706 1334/845/705 1682/1053/914 1441/1054/915
f 1334/845/705 639/840/700 1439/1050/911 1682/1053/914
f 1682/1053/914 1439/1050/911 745/1052/913 1440/1055/916
f 1441/1054/915 1682/1053/914 1440/1055/916 746/1056/917
f 643/852/712 1337/851/711 1683/1057/918 1443/1058/919
f 1337/851/711 641/846/706 1441/1054/915 1683/1057/918
f 1683/1057/918 1441/1054/915 746/1056/917 1442/1059/920
f 1443/1058/919 1683/1057/918 1442/1059/920 747/1060/921
f 645/858/718 1340/857/717 1684/1061/922 1445/1062/923
f 1340/857/717 643/852/712 1443/1058/919 1684/1061/922
f 1684/1061/922 1443/1058/919 747/1060/921 1444/1063/924
f 1445/1062/923 1684/1061/922 1444/1063/924 748/1064/925
f 647/864/724 1343/863/723 1685/1065/926 1447/1066/927
f 1343/863/723 645/858/718 1445/1062/923 1685/1065/926
f 1685/1065/926 1445/1062/923 748/1064/925 1446/1067/928
f 1447/1066/927 1685/1065/926 1446/1067/928 749/1068/929
f 649/870/730 1346/869/729 1686/1069/930 1449/1070/931
f 1346/869/729 647/864/724 1447/1066/927 1686/1069/930
f 1686/1069/930 1447/1066/927 749/1068/929 1448/1071/932
f 1449/1070/931 1686/1069/930 1448/1071/932 750/1072/933
f 651/876/736 1349/875/735 1687/1073/934 1451/1074/935
f 1349/875/735 649/870/730 1449/1070/931 1687/1073/934
f 1687/1073/934 1449/1070/931 750/1072/933 1450/1075/936
f 1451/1074/935 1687/1073/934 1450/1075/936 751/1076/937
f 653/882/742 1352/881/741 1688/1077/938 1453/1078/939
f 1352/881/741 651/876/736 1451/1074/935 1688/1077/938
f 1688/1077/938 1451/1074/935 751/1076/937 1452/1079/940
f 1453/1078/939 1688/1077/938 1452/1079/940 752/1080/941
f 655/888/748 1355/887/747 1689/1081/942 1455/1082/943
f 1355/887/747 653/882/742 1453/1078/939 1689/1081/942
f 1689/1081/942 1453/1078/939 752/1080/941 1454/1083/944
f 1455/1082/943 1689/1081/942 1454/1083/944 753/1084/945
f 657/894/754 1358/893/753 1690/1085/946 1457/1086/947
f 1358/893/753 655/888/748 1455/1082/943 1690/1085/946
f 1690/1085/946 1455/1082/943 753/1084/945 1456/1087/948
f 1457/1086/947 1690/1085/946 1456/1087/948 754/1088/949
f 659/900/760 1361/899/759 1691/1089/950 1459/1090/951
f 1361/899/759 657/894/754 1457/1086/947 1691/1089/950
f 1691/1089/950 1457/1086/947 754/1088/949 1458/1091/952
f 1459/1090/951 1691/1089/950 1458/1091/952 755/1092/953
f 630/815/674 1364/903/763 1692/1093/954 1429/1033/894
f 1364/903/763 659/900/760 1459/1090/951 1692/1093/954
f 1692/1093/954 1459/1090/951 755/1092/953 1460/1094/955
f 1429/1033/894 1692/1093/954 1460/1094/955 740/1034/895
f 709/1095/956 1461/1096/957 1693/1097/958 1463/1098/959
f 1461/1096/957 708/1099/960 1462/1100/961 1693/1097/958
f 1693/1097/958 1462/1100/961 660/908/768 1365/905/765
f 1463/1098/959 1693/1097/958 1365/905/765 661/904/764
f 710/1101/962 1464/1102/963 1694/1103/964 1465/1104/965
f 1464/1102/963 709/1095/956 1463/1098/959 1694/1103/964
f 1694/1103/964 1463/1098/959 661/904/764 1369/914/774
f 1465/1104/965 1694/1103/964 1369/914/774 664/913/773
f 711/1105/966 1466/2226/967 1695/1106/968 1467/1107/969
f 1466/2226/967 710/2221/962 1465/2222/965 1695/1106/968
f 1695/1106/968 1465/2222/965 664/2213/773 1372/2223/780
f 1467/1107/969 1695/1106/968 1372/2223/780 666/919/779
f 712/1108/970 1468/1109/971 1696/1110/972 1469/1111/973
f 1468/1109/971 711/1105/966 1467/1107/969 1696/1110/972
f 1696/1110/972 1467/1107/969 666/919/779 1375/925/786
f 1469/1111/973 1696/1110/972 1375/925/786 668/924/785
f 713/1112/974 1470/1113/975 1697/1114/976 1471/1115/977
f 1470/1113/975 712/1108/970 1469/1111/973 1697/1114/976
f 1697/1114/976 1469/1111/973 668/924/785 1378/931/792
f 1471/1115/977 1697/1114/976 1378/931/792 670/930/791
f 714/1116/978 1472/1117/979 1698/1118/980 1473/1119/981
f 1472/1117/979 713/1112/974 1471/1115/977 1698/1118/980
f 1698/1118/980 1471/1115/977 670/930/791 1381/937/798
f 1473/1119/981 1698/1118/980 1381/937/798 672/936/797
f 715/1120/982 1474/1121/983 1699/1122/984 1475/1123/985
f 1474/1121/983 714/1116/978 1473/1119/981 1699/1122/984
f 1699/1122/984 1473/1119/981 672/936/797 1384/943/804
f 1475/1123/985 1699/1122/984 1384/943/804 674/942/803
f 716/1124/986 1476/1125/987 1700/1126/988 1477/1127/989
f 1476/1125/987 715/1120/982 1475/1123/985 1700/1126/988
f 1700/1126/988 1475/1123/985 674/942/803 1387/949/810
f 1477/1127/989 1700/1126/988 1387/949/810 676/948/809
f 717/1128/990 1478/1129/991 1701/1130/992 1479/1131/993
f 1478/1129/991 716/1124/986 1477/1127/989 1701/1130/992
f 1701/1130/992 1477/1127/989 676/948/809 1390/955/816
f 1479/1131/993 1701/1130/992 1390/955/816 678/954/815
f 718/1132/994 1480/1133/995 1702/1134/996 1481/1135/997
f 1480/1133/995 717/1128/990 1479/1131/993 1702/1134/996
f 1702/1134/996 1479/1131/993 678/954/815 1393/961/822
f 1481/1135/997 1702/1134/996 1393/961/822 680/960/821
f 719/1136/998 1482/1137/999 1703/1138/1000 1483/1139/1001
f 1482/1137/999 718/1132/994 1481/1135/997 1703/1138/1000
f 1703/1138/1000 1481/1135/997 680/960/821 1396/967/828
f 1483/1139/1001 1703/1138/1000 1396/967/828 682/966/827
f 720/1140/1002 1484/1141/1003 1704/1142/1004 1485/1143/1005
f 1484/1141/1003 719/1136/998 1483/1139/1001 1704/1142/1004
f 1704/1142/1004 1483/1139/1001 682/966/827 1399/973/834
f 1485/1143/1005 1704/1142/1004 1399/973/834 684/972/833
f 721/1144/1006 1486/1145/1007 1705/1146/1008 1487/1147/1009
f 1486/1145/1007 720/1140/1002 1485/1143/1005 1705/1146/1008
f 1705/1146/1008 1485/1143/1005 684/972/833 1402/979/840
f 1487/1147/1009 1705/1146/1008 1402/979/840 686/978/839
f 722/1148/1010 1488/1149/1011 1706/1150/1012 1489/1151/1013
f 1488/1149/1011 721/1144/1006 1487/1147/1009 1706/1150/1012
f 1706/1150/1012 1487/1147/1009 686/978/839 1405/985/846
f 1489/1151/1013 1706/1150/1012 1405/985/846 688/984/845
f 723/1152/1014 1490/1153/1015 1707/1154/1016 1491/1155/1017
f 1490/1153/1015 722/1148/1010 1489/1151/1013 1707/1154/1016
f 1707/1154/1016 1489/1151/1013 688/984/845 1408/991/852
f 1491/1155/1017 1707/1154/1016 1408/991/852 690/990/851
f 708/1099/960 1492/1156/1018 1708/1157/1019 1462/1100/961
f 1492/1156/1018 723/1152/1014 1491/1155/1017 1708/1157/1019
f 1708/1157/1019 1491/1155/1017 690/990/851 1411/996/857
f 1462/1100/961 1708/1157/1019 1411/996/857 660/908/768
f 599/1158/1020 1493/1159/1021 1709/1160/1022 1495/1161/1023
f 1493/1159/1021 598/1162/1024 1494/1163/1025 1709/1160/1022
f 1709/1160/1022 1494/1163/1025 708/1099/960 1461/1096/957
f 1495/1161/1023 1709/1160/1022 1461/1096/957 709/1095/956
f 612/1164/1026 1496/1165/1027 1710/1166/1028 1497/1167/1029
f 1496/1165/1027 599/1158/1020 1495/1161/1023 1710/1166/1028
f 1710/1166/1028 1495/1161/1023 709/1095/956 1464/1102/963
f 1497/1167/1029 1710/1166/1028 1464/1102/963 710/1101/962
f 613/1168/1030 1498/2229/1031 1711/1169/1032 1499/1170/1033
f 1498/2229/1031 612/2224/1026 1497/2225/1029 1711/1169/1032
f 1711/1169/1032 1497/2225/1029 710/2221/962 1466/2226/967
f 1499/1170/1033 1711/1169/1032 1466/2226/967 711/1105/966
f 604/1171/1034 1500/1172/1035 1712/1173/1036 1501/1174/1037
f 1500/1172/1035 613/1168/1030 1499/1170/1033 1712/1173/1036
f 1712/1173/1036 1499/1170/1033 711/1105/966 1468/1109/971
f 1501/1174/1037 1712/1173/1036 1468/1109/971 712/1108/970
f 605/1175/1038 1502/1176/1039 1713/1177/1040 1503/1178/1041
f 1502/1176/1039 604/1171/1034 1501/1174/1037 1713/1177/1040
f 1713/1177/1040 1501/1174/1037 712/1108/970 1470/1113/975
f 1503/1178/1041 1713/1177/1040 1470/1113/975 713/1112/974
f 624/1179/1042 1504/1180/1043 1714/1181/1044 1505/1182/1045
f 1504/1180/1043 605/1175/1038 1503/1178/1041 1714/1181/1044
f 1714/1181/1044 1503/1178/1041 713/1112/974 1472/1117/979
f 1505/1182/1045 1714/1181/1044 1472/1117/979 714/1116/978
f 625/1183/1046 1506/1184/1047 1715/1185/1048 1507/1186/1049
f 1506/1184/1047 624/1179/1042 1505/1182/1045 1715/1185/1048
f 1715/1185/1048 1505/1182/1045 714/1116/978 1474/1121/983
f 1507/1186/1049 1715/1185/1048 1474/1121/983 715/1120/982
f 627/1187/1050 1508/1188/1051 1716/1189/1052 1509/1190/1053
f 1508/1188/1051 625/1183/1046 1507/1186/1049 1716/1189/1052
f 1716/1189/1052 1507/1186/1049 715/1120/982 1476/1125/987
f 1509/1190/1053 1716/1189/1052 1476/1125/987 716/1124/986
f 616/1191/1054 1510/1192/1055 1717/1193/1056 1511/1194/1057
f 1510/1192/1055 627/1187/1050 1509/1190/1053 1717/1193/1056
f 1717/1193/1056 1509/1190/1053 716/1124/986 1478/1129/991
f 1511/1194/1057 1717/1193/1056 1478/1129/991 717/1128/990
f 617/1195/1058 1512/1196/1059 1718/1197/1060 1513/1198/1061
f 1512/1196/1059 616/1191/1054 1511/1194/1057 1718/1197/1060
f 1718/1197/1060 1511/1194/1057 717/1128/990 1480/1133/995
f 1513/1198/1061 1718/1197/1060 1480/1133/995 718/1132/994
f 608/1199/1062 1514/1200/1063 1719/1201/1064 1515/1202/1065
f 1514/1200/1063 617/1195/1058 1513/1198/1061 1719/1201/1064
f 1719/1201/1064 1513/1198/1061 718/1132/994 1482/1137/999
f 1515/1202/1065 1719/1201/1064 1482/1137/999 719/1136/998
f 609/1203/1066 1516/1204/1067 1720/1205/1068 1517/1206/1069
f 1516/1204/1067 608/1199/1062 1515/1202/1065 1720/1205/1068
f 1720/1205/1068 1515/1202/1065 719/1136/998 1484/1141/1003
f 1517/1206/1069 1720/1205/1068 1484/1141/1003 720/1140/1002
f 620/1207/1070 1518/1208/1071 1721/1209/1072 1519/1210/1073
f 1518/1208/1071 609/1203/1066 1517/1206/1069 1721/1209/1072
f 1721/1209/1072 1517/1206/1069 720/1140/1002 1486/1145/1007
f 1519/1210/1073 1721/1209/1072 1486/1145/1007 721/1144/1006
f 621/1211/1074 1520/1212/1075 1722/1213/1076 1521/1214/1077
f 1520/1212/1075 620/1207/1070 1519/1210/1073 1722/1213/1076
f 1722/1213/1076 1519/1210/1073 721/1144/1006 1488/1149/1011
f 1521/1214/1077 1722/1213/1076 1488/1149/1011 722/1148/1010
f 601/1215/1078 1522/1216/1079 1723/1217/1080 1523/1218/1081
f 1522/1216/1079 621/1211/1074 1521/1214/1077 1723/1217/1080
f 1723/1217/1080 1521/1214/1077 722/1148/1010 1490/1153/1015
f 1523/1218/1081 1723/1217/1080 1490/1153/1015 723/1152/1014
f 598/1162/1024 1524/1219/1082 1724/1220/1083 1494/1163/1025
f 1524/1219/1082 601/1215/1078 1523/1218/1081 1724/1220/1083
f 1724/1220/1083 1523/1218/1081 723/1152/1014 1492/1156/1018
f 1494/1163/1025 1724/1220/1083 1492/1156/1018 708/1099/960
f 1725/1221/1084 1525/1222/1085 596/718/576 1269/715/573
f 1526/1223/1086 1725/1221/1084 1269/715/573 597/714/572
f 1726/1224/1087 1526/1223/1086 597/714/572 1300/782/641
f 1527/1225/1088 1726/1224/1087 1300/782/641 610/750/609
f 1727/2235/1089 1527/2234/1088 610/2208/609 1284/2227/606
f 1528/1226/1090 1727/2235/1089 1284/2227/606 611/747/605
f 1728/1227/1091 1528/1226/1090 611/747/605 1304/788/647
f 1529/1228/1092 1728/1227/1091 1304/788/647 602/733/591
f 1729/1229/1093 1529/1228/1092 602/733/591 1276/730/588
f 1530/1230/1094 1729/1229/1093 1276/730/588 603/729/587
f 1730/1231/1095 1530/1230/1094 603/729/587 1315/806/665
f 1531/1232/1096 1730/1231/1095 1315/806/665 622/777/636
f 1731/1233/1097 1531/1232/1096 622/777/636 1296/774/633
f 1532/1234/1098 1731/1233/1097 1296/774/633 623/773/632
f 1732/1235/1099 1532/1234/1098 623/773/632 1311/800/659
f 1533/1236/1100 1732/1235/1099 1311/800/659 626/793/652
f 1733/1237/1101 1533/1236/1100 626/793/652 1306/791/650
f 1534/1238/1102 1733/1237/1101 1306/791/650 615/759/618
f 1734/1239/1103 1534/1238/1102 615/759/618 1288/756/615
f 1535/1240/1104 1734/1239/1103 1288/756/615 614/755/614
f 1735/1241/1105 1535/1240/1104 614/755/614 1302/785/644
f 1536/1242/1106 1735/1241/1105 1302/785/644 607/742/600
f 1736/1906/1107 1536/1242/1106 607/742/600 1280/739/597
f 1537/1907/1108 1736/1906/1107 1280/739/597 606/738/596
f 1737/1908/1109 1537/1907/1108 606/738/596 1309/797/656
f 1538/1913/1110 1737/1908/1109 1309/797/656 619/768/627
f 1738/1914/1111 1538/1913/1110 619/768/627 1292/765/624
f 1539/1919/1112 1738/1914/1111 1292/765/624 618/764/623
f 1739/1920/1113 1539/1919/1112 618/764/623 1313/803/662
f 1540/1925/1114 1739/1920/1113 1313/803/662 600/725/583
f 1740/1926/1115 1540/1925/1114 600/725/583 1273/723/581
f 1525/1222/1085 1740/1926/1115 1273/723/581 596/718/576
f 442/1243/1116 1541/1244/1117 1741/1245/1118 1544/1246/1119
f 1541/1244/1117 429/1247/1120 1542/1248/1121 1741/1245/1118
f 1741/1245/1118 1542/1248/1121 438/1249/1122 1543/1250/1123
f 1544/1246/1119 1741/1245/1118 1543/1250/1123 443/1251/1124
f 432/1252/1125 1545/1253/1126 1742/1254/1127 1548/1255/1128
f 1545/1253/1126 441/1256/1129 1546/1257/1130 1742/1254/1127
f 1742/1254/1127 1546/1257/1130 445/1258/1131 1547/1259/1132
f 1548/1255/1128 1742/1254/1127 1547/1259/1132 444/1260/1133
f 447/1261/1134 1549/1262/1135 1743/1263/1136 1552/1264/1137
f 1549/1262/1135 433/1265/1138 1550/1266/1139 1743/1263/1136
f 1743/1263/1136 1550/1266/1139 437/1267/1140 1551/1268/1141
f 1552/1264/1137 1743/1263/1136 1551/1268/1141 448/1269/1142
f 449/1270/1143 1553/1271/1144 1744/1272/1145 1556/1273/1146
f 1553/1271/1144 434/1274/1147 1554/1275/1148 1744/1272/1145
f 1744/1272/1145 1554/1275/1148 440/1276/1149 1555/1277/1150
f 1556/1273/1146 1744/1272/1145 1555/1277/1150 450/1278/1151
f 437/1267/1140 1557/1279/1152 1745/1280/1153 1551/1268/1141
f 1557/1279/1152 434/1274/1147 1553/1271/1144 1745/1280/1153
f 1745/1280/1153 1553/1271/1144 449/1270/1143 1558/1281/1154
f 1551/1268/1141 1745/1280/1153 1558/1281/1154 448/1269/1142
f 438/1249/1122 1559/1282/1155 1746/1283/1156 1543/1250/1123
f 1559/1282/1155 432/1252/1125 1548/1255/1128 1746/1283/1156
f 1746/1283/1156 1548/1255/1128 444/1260/1133 1560/1284/1157
f 1543/1250/1123 1746/1283/1156 1560/1284/1157 443/1251/1124
f 435/1285/1158 1561/1286/1159 1747/1287/1160 1563/1288/1161
f 1561/1286/1159 451/1289/1162 1562/1290/1163 1747/1287/1160
f 1747/1287/1160 1562/1290/1163 450/1278/1151 1555/1277/1150
f 1563/1288/1161 1747/1287/1160 1555/1277/1150 440/1276/1149
f 441/1256/1129 1564/1291/1164 1748/1292/1165 1546/1257/1130
f 1564/1291/1164 430/1293/1166 1565/1294/1167 1748/1292/1165
f 1748/1292/1165 1565/1294/1167 446/1295/1168 1566/1296/1169
f 1546/1257/1130 1748/1292/1165 1566/1296/1169 445/1258/1131
f 433/1265/1138 1567/1297/1170 1749/1298/1171 1550/1266/1139
f 1567/1297/1170 442/1243/1116 1544/1246/1119 1749/1298/1171
f 1749/1298/1171 1544/1246/1119 443/1251/1124 1568/1299/1172
f 1550/1266/1139 1749/1298/1171 1568/1299/1172 437/1267/1140
f 444/1260/1133 1569/1300/1173 1750/1301/1174 1560/1284/1157
f 1569/1300/1173 434/1274/1147 1557/1279/1152 1750/1301/1174
f 1750/1301/1174 1557/1279/1152 437/1267/1140 1568/1299/1172
f 1560/1284/1157 1750/1301/1174 1568/1299/1172 443/1251/1124
f 445/1258/1131 1570/1302/1175 1751/1303/1176 1547/1259/1132
f 1570/1302/1175 440/1276/1149 1554/1275/1148 1751/1303/1176
f 1751/1303/1176 1554/1275/1148 434/1274/1147 1569/1300/1173
f 1547/1259/1132 1751/1303/1176 1569/1300/1173 444/1260/1133
f 446/1295/1168 1571/1304/1177 1752/1305/1178 1566/1296/1169
f 1571/1304/1177 435/1285/1158 1563/1288/1161 1752/1305/1178
f 1752/1305/1178 1563/1288/1161 440/1276/1149 1570/1302/1175
f 1566/1296/1169 1752/1305/1178 1570/1302/1175 445/1258/1131
f 427/1306/1179 1572/1307/1180 1753/1308/1181 1574/1309/1182
f 1572/1307/1180 447/1261/1134 1552/1264/1137 1753/1308/1181
f 1753/1308/1181 1552/1264/1137 448/1269/1142 1573/1310/1183
f 1574/1309/1182 1753/1308/1181 1573/1310/1183 436/1311/1184
f 449/1270/1143 1575/1312/1185 1754/1313/1186 1558/1281/1154
f 1575/1312/1185 431/1314/1187 1576/1315/1188 1754/1313/1186
f 1754/1313/1186 1576/1315/1188 436/1311/1184 1573/1310/1183
f 1558/1281/1154 1754/1313/1186 1573/1310/1183 448/1269/1142
f 439/1316/1189 1577/1317/1190 1755/1318/1191 1578/1319/1192
f 1577/1317/1190 431/1314/1187 1575/1312/1185 1755/1318/1191
f 1755/1318/1191 1575/1312/1185 449/1270/1143 1556/1273/1146
f 1578/1319/1192 1755/1318/1191 1556/1273/1146 450/1278/1151
f 451/1289/1162 1579/1320/1193 1756/1321/1194 1562/1290/1163
f 1579/1320/1193 428/1322/1195 1580/1323/1196 1756/1321/1194
f 1756/1321/1194 1580/1323/1196 439/1316/1189 1578/1319/1192
f 1562/1290/1163 1756/1321/1194 1578/1319/1192 450/1278/1151
f 436/1311/1184 813/1324/1197 1757/1325/1198 1574/1309/1182
f 813/1324/1197 581/1326/1199 814/1327/1200 1757/1325/1198
f 1757/1325/1198 814/1327/1200 580/1328/1201 815/1329/1202
f 1574/1309/1182 1757/1325/1198 815/1329/1202 427/1306/1179
f 427/1306/1179 815/1329/1202 1758/1330/1203 1572/1307/1180
f 815/1329/1202 580/1328/1201 816/1331/1204 1758/1330/1203
f 1758/1330/1203 816/1331/1204 595/1332/1205 817/1333/1206
f 1572/1307/1180 1758/1330/1203 817/1333/1206 447/1261/1134
f 451/1289/1162 818/1334/1207 1759/1335/1208 1579/1320/1193
f 818/1334/1207 585/1336/1209 819/1337/1210 1759/1335/1208
f 1759/1335/1208 819/1337/1210 584/1338/1211 820/1339/1212
f 1579/1320/1193 1759/1335/1208 820/1339/1212 428/1322/1195
f 429/1247/1120 821/1340/1213 1760/1341/1214 1542/1248/1121
f 821/1340/1213 592/1342/1215 822/1343/1216 1760/1341/1214
f 1760/1341/1214 822/1343/1216 591/1344/1217 823/1345/1218
f 1542/1248/1121 1760/1341/1214 823/1345/1218 438/1249/1122
f 439/1316/1189 824/1346/1219 1761/1347/1220 1577/1317/1190
f 824/1346/1219 583/1348/1221 825/1349/1222 1761/1347/1220
f 1761/1347/1220 825/1349/1222 582/1350/1223 826/1351/1224
f 1577/1317/1190 1761/1347/1220 826/1351/1224 431/1314/1187
f 432/1252/1125 827/1352/1225 1762/1353/1226 1545/1253/1126
f 827/1352/1225 590/1354/1227 828/1355/1228 1762/1353/1226
f 1762/1353/1226 828/1355/1228 589/1356/1229 829/1357/1230
f 1545/1253/1126 1762/1353/1226 829/1357/1230 441/1256/1129
f 433/1265/1138 830/1358/1231 1763/1359/1232 1567/1297/1170
f 830/1358/1231 594/1360/1233 831/1361/1234 1763/1359/1232
f 1763/1359/1232 831/1361/1234 593/1362/1235 832/1363/1236
f 1567/1297/1170 1763/1359/1232 832/1363/1236 442/1243/1116
f 446/1295/1168 833/1364/1237 1764/1365/1238 1571/1304/1177
f 833/1364/1237 587/1366/1239 834/1367/1240 1764/1365/1238
f 1764/1365/1238 834/1367/1240 586/1368/1241 835/1369/1242
f 1571/1304/1177 1764/1365/1238 835/1369/1242 435/1285/1158
f 431/1314/1187 826/1351/1224 1765/1370/1243 1576/1315/1188
f 826/1351/1224 582/1350/1223 836/1371/1244 1765/1370/1243
f 1765/1370/1243 836/1371/1244 581/1326/1199 813/1324/1197
f 1576/1315/1188 1765/1370/1243 813/1324/1197 436/1311/1184
f 438/1249/1122 823/1345/1218 1766/1372/1245 1559/1282/1155
f 823/1345/1218 591/1344/1217 837/1373/1246 1766/1372/1245
f 1766/1372/1245 837/1373/1246 590/1354/1227 827/1352/1225
f 1559/1282/1155 1766/1372/1245 827/1352/1225 432/1252/1125
f 428/1322/1195 820/1339/1212 1767/1374/1247 1580/1323/1196
f 820/1339/1212 584/1338/1211 838/1375/1248 1767/1374/1247
f 1767/1374/1247 838/1375/1248 583/1348/1221 824/1346/1219
f 1580/1323/1196 1767/1374/1247 824/1346/1219 439/1316/1189
f 441/1256/1129 829/1357/1230 1768/1376/1249 1564/1291/1164
f 829/1357/1230 589/1356/1229 839/1377/1250 1768/1376/1249
f 1768/1376/1249 839/1377/1250 588/1378/1251 840/1379/1252
f 1564/1291/1164 1768/1376/1249 840/1379/1252 430/1293/1166
f 442/1243/1116 832/1363/1236 1769/1380/1253 1541/1244/1117
f 832/1363/1236 593/1362/1235 841/1381/1254 1769/1380/1253
f 1769/1380/1253 841/1381/1254 592/1342/1215 821/1340/1213
f 1541/1244/1117 1769/1380/1253 821/1340/1213 429/1247/1120
f 430/1293/1166 840/1379/1252 1770/1382/1255 1565/1294/1167
f 840/1379/1252 588/1378/1251 842/1383/1256 1770/1382/1255
f 1770/1382/1255 842/1383/1256 587/1366/1239 833/1364/1237
f 1565/1294/1167 1770/1382/1255 833/1364/1237 446/1295/1168
f 447/1261/1134 817/1333/1206 1771/1384/1257 1549/1262/1135
f 817/1333/1206 595/1332/1205 843/1385/1258 1771/1384/1257
f 1771/1384/1257 843/1385/1258 594/1360/1233 830/1358/1231
f 1549/1262/1135 1771/1384/1257 830/1358/1231 433/1265/1138
f 435/1285/1158 835/1369/1242 1772/1386/1259 1561/1286/1159
f 835/1369/1242 586/1368/1241 844/1387/1260 1772/1386/1259
f 1772/1386/1259 844/1387/1260 585/1336/1209 818/1334/1207
f 1561/1286/1159 1772/1386/1259 818/1334/1207 451/1289/1162
f 453/1388/1261 845/1389/1262 1773/1390/1263 848/1391/1264
f 845/1389/1262 565/1392/1265 846/1393/1266 1773/1390/1263
f 1773/1390/1263 846/1393/1266 564/1394/1267 847/1395/1268
f 848/1391/1264 1773/1390/1263 847/1395/1268 452/1396/1269
f 452/1396/1269 847/1395/1268 1774/1397/1270 851/1398/1271
f 847/1395/1268 564/1394/1267 849/1399/1272 1774/1397/1270
f 1774/1397/1270 849/1399/1272 579/1400/1273 850/1401/1274
f 851/1398/1271 1774/1397/1270 850/1401/1274 454/1402/1275
f 456/1403/1276 852/1404/1277 1775/1405/1278 855/1406/1279
f 852/1404/1277 569/1407/1280 853/1408/1281 1775/1405/1278
f 1775/1405/1278 853/1408/1281 568/1409/1282 854/1410/1283
f 855/1406/1279 1775/1405/1278 854/1410/1283 455/1411/1284
f 457/1412/1285 856/1413/1286 1776/1414/1287 859/1415/1288
f 856/1413/1286 576/1416/1289 857/1417/1290 1776/1414/1287
f 1776/1414/1287 857/1417/1290 575/1418/1291 858/1419/1292
f 859/1415/1288 1776/1414/1287 858/1419/1292 458/1420/1293
f 460/1421/1294 860/1422/1295 1777/1423/1296 863/1424/1297
f 860/1422/1295 567/1425/1298 861/1426/1299 1777/1423/1296
f 1777/1423/1296 861/1426/1299 566/1427/1300 862/1428/1301
f 863/1424/1297 1777/1423/1296 862/1428/1301 459/1429/1302
f 461/1430/1303 864/1431/1304 1778/1432/1305 867/1433/1306
f 864/1431/1304 574/1434/1307 865/1435/1308 1778/1432/1305
f 1778/1432/1305 865/1435/1308 573/1436/1309 866/1437/1310
f 867/1433/1306 1778/1432/1305 866/1437/1310 462/1438/1311
f 463/1439/1312 868/1440/1313 1779/2206/1314 871/2192/1315
f 868/1440/1313 578/1443/1316 869/1444/1317 1779/2206/1314
f 1779/1441/1314 869/2196/1317 577/1445/1318 870/1446/1319
f 871/1442/1315 1779/1441/1314 870/1446/1319 464/1447/1320
f 466/1448/1321 872/1449/1322 1780/1450/1323 875/1451/1324
f 872/1449/1322 571/1452/1325 873/1453/1326 1780/1450/1323
f 1780/1450/1323 873/1453/1326 570/1454/1327 874/1455/1328
f 875/1451/1324 1780/1450/1323 874/1455/1328 465/1456/1329
f 459/1429/1302 862/1428/1301 1781/1457/1330 877/1458/1331
f 862/1428/1301 566/1427/1300 876/1459/1332 1781/1457/1330
f 1781/1457/1330 876/1459/1332 565/1392/1265 845/1389/1262
f 877/1458/1331 1781/1457/1330 845/1389/1262 453/1388/1261
f 458/1420/1293 858/1419/1292 1782/1460/1333 879/1461/1334
f 858/1419/1292 575/1418/1291 878/1462/1335 1782/1460/1333
f 1782/1460/1333 878/1462/1335 574/1434/1307 864/1431/1304
f 879/1461/1334 1782/1460/1333 864/1431/1304 461/1430/1303
f 455/1411/1284 854/1410/1283 1783/1463/1336 881/1464/1337
f 854/1410/1283 568/1409/1282 880/1465/1338 1783/1463/1336
f 1783/1463/1336 880/1465/1338 567/1425/1298 860/1422/1295
f 881/1464/1337 1783/1463/1336 860/1422/1295 460/1421/1294
f 462/1438/1311 866/1437/1310 1784/1466/1339 884/1467/1340
f 866/1437/1310 573/1436/1309 882/1468/1341 1784/1466/1339
f 1784/1466/1339 882/1468/1341 572/1469/1342 883/1470/1343
f 884/1467/1340 1784/1466/1339 883/1470/1343 467/1471/1344
f 464/1447/1320 870/1446/1319 1785/1472/1345 886/1473/1346
f 870/1446/1319 577/1445/1318 885/1474/1347 1785/1472/1345
f 1785/1472/1345 885/1474/1347 576/1416/1289 856/1413/1286
f 886/1473/1346 1785/1472/1345 856/1413/1286 457/1412/1285
f 467/1471/1344 883/1470/1343 1786/1475/1348 888/1476/1349
f 883/1470/1343 572/1469/1342 887/1477/1350 1786/1475/1348
f 1786/1475/1348 887/1477/1350 571/1452/1325 872/1449/1322
f 888/1476/1349 1786/1475/1348 872/1449/1322 466/1448/1321
f 454/1402/1275 850/1401/1274 1787/1478/1351 890/1479/1352
f 850/1401/1274 579/1400/1273 889/1480/1353 1787/1478/1351
f 1787/1478/1351 889/1480/1353 578/1443/1316 868/1440/1313
f 890/1479/1352 1787/1478/1351 868/1440/1313 463/1439/1312
f 465/1456/1329 874/1455/1328 1788/1481/1354 892/1482/1355
f 874/1455/1328 570/1454/1327 891/1483/1356 1788/1481/1354
f 1788/1481/1354 891/1483/1356 569/1407/1280 852/1404/1277
f 892/1482/1355 1788/1481/1354 852/1404/1277 456/1403/1276
f 485/1484/1357 893/1485/1358 1789/1486/1359 896/1487/1360
f 893/1485/1358 533/1488/1361 894/1489/1362 1789/1486/1359
f 1789/1486/1359 894/1489/1362 532/1490/1363 895/1491/1364
f 896/1487/1360 1789/1486/1359 895/1491/1364 484/1492/1365
f 486/1493/1366 897/1494/1367 1790/1495/1368 899/1496/1369
f 897/1494/1367 534/1497/1370 898/1498/1371 1790/1495/1368
f 1790/1495/1368 898/1498/1371 533/1488/1361 893/1485/1358
f 899/1496/1369 1790/1495/1368 893/1485/1358 485/1484/1357
f 487/1499/1372 900/1500/1373 1791/1501/1374 902/1502/1375
f 900/1500/1373 535/1503/1376 901/1504/1377 1791/1501/1374
f 1791/1501/1374 901/1504/1377 534/1497/1370 897/1494/1367
f 902/1502/1375 1791/1501/1374 897/1494/1367 486/1493/1366
f 488/1505/1378 903/1506/1379 1792/1507/1380 905/1508/1381
f 903/1506/1379 536/1509/1382 904/1510/1383 1792/1507/1380
f 1792/1507/1380 904/1510/1383 535/1503/1376 900/1500/1373
f 905/1508/1381 1792/1507/1380 900/1500/1373 487/1499/1372
f 489/1511/1384 906/1512/1385 1793/1513/1386 908/1514/1387
f 906/1512/1385 537/1515/1388 907/1516/1389 1793/1513/1386
f 1793/1513/1386 907/1516/1389 536/1509/1382 903/1506/1379
f 908/1514/1387 1793/1513/1386 903/1506/1379 488/1505/1378
f 490/1517/1390 909/1518/1391 1794/1519/1392 911/1520/1393
f 909/1518/1391 538/1521/1394 910/1522/1395 1794/1519/1392
f 1794/1519/1392 910/1522/1395 537/1515/1388 906/1512/1385
f 911/1520/1393 1794/1519/1392 906/1512/1385 489/1511/1384
f 491/1523/1396 912/1524/1397 1795/1525/1398 914/1526/1399
f 912/1524/1397 539/1527/1400 913/1528/1401 1795/1525/1398
f 1795/1525/1398 913/1528/1401 538/1521/1394 909/1518/1391
f 914/1526/1399 1795/1525/1398 909/1518/1391 490/1517/1390
f 492/1529/1402 915/1530/1403 1796/1531/1404 917/1532/1405
f 915/1530/1403 540/1533/1406 916/1534/1407 1796/1531/1404
f 1796/1531/1404 916/1534/1407 539/1527/1400 912/1524/1397
f 917/1532/1405 1796/1531/1404 912/1524/1397 491/1523/1396
f 493/1535/1408 918/1536/1409 1797/1537/1410 920/1538/1411
f 918/1536/1409 541/1539/1412 919/1540/1413 1797/1537/1410
f 1797/1537/1410 919/1540/1413 540/1533/1406 915/1530/1403
f 920/1538/1411 1797/1537/1410 915/1530/1403 492/1529/1402
f 494/1541/1414 921/1542/1415 1798/1543/1416 923/1544/1417
f 921/1542/1415 542/1545/1418 922/1546/1419 1798/1543/1416
f 1798/1543/1416 922/1546/1419 541/1539/1412 918/1536/1409
f 923/1544/1417 1798/1543/1416 918/1536/1409 493/1535/1408
f 495/1547/1420 924/1548/1421 1799/1549/1422 926/1550/1423
f 924/1548/1421 543/1551/1424 925/1552/1425 1799/1549/1422
f 1799/1549/1422 925/1552/1425 542/1545/1418 921/1542/1415
f 926/1550/1423 1799/1549/1422 921/1542/1415 494/1541/1414
f 496/1553/1426 927/1554/1427 1800/1555/1428 929/1556/1429
f 927/1554/1427 544/1557/1430 928/1558/1431 1800/1555/1428
f 1800/1555/1428 928/1558/1431 543/1551/1424 924/1548/1421
f 929/1556/1429 1800/1555/1428 924/1548/1421 495/1547/1420
f 497/1559/1432 930/1560/1433 1801/1561/1434 932/1562/1435
f 930/1560/1433 545/1563/1436 931/1564/1437 1801/1561/1434
f 1801/1561/1434 931/1564/1437 544/1557/1430 927/1554/1427
f 932/1562/1435 1801/1561/1434 927/1554/1427 496/1553/1426
f 498/1565/1438 933/1566/1439 1802/2205/1440 935/2201/1441
f 933/1566/1439 546/1569/1442 934/1570/1443 1802/2205/1440
f 1802/1567/1440 934/2200/1443 545/1563/1436 930/1560/1433
f 935/1568/1441 1802/1567/1440 930/1560/1433 497/1559/1432
f 499/1571/1444 936/1572/1445 1803/1573/1446 938/1574/1447
f 936/1572/1445 547/1575/1448 937/1576/1449 1803/1573/1446
f 1803/1573/1446 937/1576/1449 546/1569/1442 933/1566/1439
f 938/1574/1447 1803/1573/1446 933/1566/1439 498/1565/1438
f 484/1492/1365 895/1491/1364 1804/1577/1450 940/1578/1451
f 895/1491/1364 532/1490/1363 939/1579/1452 1804/1577/1450
f 1804/1577/1450 939/1579/1452 547/1575/1448 936/1572/1445
f 940/1578/1451 1804/1577/1450 936/1572/1445 499/1571/1444
f 501/1580/1453 941/1581/1454 1805/1582/1455 944/1583/1456
f 941/1581/1454 517/1584/1457 942/1585/1458 1805/1582/1455
f 1805/1582/1455 942/1585/1458 516/1586/1459 943/1587/1460
f 944/1583/1456 1805/1582/1455 943/1587/1460 500/1588/1461
f 502/1589/1462 945/1590/1463 1806/1591/1464 947/1592/1465
f 945/1590/1463 518/1593/1466 946/1594/1467 1806/1591/1464
f 1806/1591/1464 946/1594/1467 517/1584/1457 941/1581/1454
f 947/1592/1465 1806/1591/1464 941/1581/1454 501/1580/1453
f 503/1595/1468 948/1596/1469 1807/1597/1470 950/1598/1471
f 948/1596/1469 519/1599/1472 949/1600/1473 1807/1597/1470
f 1807/1597/1470 949/1600/1473 518/1593/1466 945/1590/1463
f 950/1598/1471 1807/1597/1470 945/1590/1463 502/1589/1462
f 504/1601/1474 951/1602/1475 1808/1603/1476 953/1604/1477
f 951/1602/1475 520/1605/1478 952/1606/1479 1808/1603/1476
f 1808/1603/1476 952/1606/1479 519/1599/1472 948/1596/1469
f 953/1604/1477 1808/1603/1476 948/1596/1469 503/1595/1468
f 505/1607/1480 954/1608/1481 1809/1609/1482 956/1610/1483
f 954/1608/1481 521/1611/1484 955/1612/1485 1809/1609/1482
f 1809/1609/1482 955/1612/1485 520/1605/1478 951/1602/1475
f 956/1610/1483 1809/1609/1482 951/1602/1475 504/1601/1474
f 506/1613/1486 957/1614/1487 1810/1615/1488 959/1616/1489
f 957/1614/1487 522/1617/1490 958/1618/1491 1810/1615/1488
f 1810/1615/1488 958/1618/1491 521/1611/1484 954/1608/1481
f 959/1616/1489 1810/1615/1488 954/1608/1481 505/1607/1480
f 507/1619/1492 960/1620/1493 1811/1621/1494 962/1622/1495
f 960/1620/1493 523/1623/1496 961/1624/1497 1811/1621/1494
f 1811/1621/1494 961/1624/1497 522/1617/1490 957/1614/1487
f 962/1622/1495 1811/1621/1494 957/1614/1487 506/1613/1486
f 508/1625/1498 963/1626/1499 1812/1627/1500 965/1628/1501
f 963/1626/1499 524/1629/1502 964/1630/1503 1812/1627/1500
f 1812/1627/1500 964/1630/1503 523/1623/1496 960/1620/1493
f 965/1628/1501 1812/1627/1500 960/1620/1493 507/1619/1492
f 509/1631/1504 966/1632/1505 1813/1633/1506 968/1634/1507
f 966/1632/1505 525/1635/1508 967/1636/1509 1813/1633/1506
f 1813/1633/1506 967/1636/1509 524/1629/1502 963/1626/1499
f 968/1634/1507 1813/1633/1506 963/1626/1499 508/1625/1498
f 510/1637/1510 969/1638/1511 1814/1639/1512 971/1640/1513
f 969/1638/1511 526/1641/1514 970/1642/1515 1814/1639/1512
f 1814/1639/1512 970/1642/1515 525/1635/1508 966/1632/1505
f 971/1640/1513 1814/1639/1512 966/1632/1505 509/1631/1504
f 511/1643/1516 972/1644/1517 1815/1645/1518 974/1646/1519
f 972/1644/1517 527/1647/1520 973/1648/1521 1815/1645/1518
f 1815/1645/1518 973/1648/1521 526/1641/1514 969/1638/1511
f 974/1646/1519 1815/1645/1518 969/1638/1511 510/1637/1510
f 512/1649/1522 975/1650/1523 1816/1651/1524 977/1652/1525
f 975/1650/1523 528/1653/1526 976/1654/1527 1816/1651/1524
f 1816/1651/1524 976/1654/1527 527/1647/1520 972/1644/1517
f 977/1652/1525 1816/1651/1524 972/1644/1517 511/1643/1516
f 513/1655/1528 978/1656/1529 1817/1657/1530 980/1658/1531
f 978/1656/1529 529/1659/1532 979/1660/1533 1817/1657/1530
f 1817/1657/1530 979/1660/1533 528/1653/1526 975/1650/1523
f 980/1658/1531 1817/1657/1530 975/1650/1523 512/1649/1522
f 514/1661/1534 981/1662/1535 1818/2204/1536 983/2197/1537
f 981/1662/1535 530/1665/1538 982/1666/1539 1818/2204/1536
f 1818/1663/1536 982/2203/1539 529/1659/1532 978/1656/1529
f 983/1664/1537 1818/1663/1536 978/1656/1529 513/1655/1528
f 515/1667/1540 984/1668/1541 1819/1669/1542 986/1670/1543
f 984/1668/1541 531/1671/1544 985/1672/1545 1819/1669/1542
f 1819/1669/1542 985/1672/1545 530/1665/1538 981/1662/1535
f 986/1670/1543 1819/1669/1542 981/1662/1535 514/1661/1534
f 500/1588/1461 943/1587/1460 1820/1673/1546 988/1674/1547
f 943/1587/1460 516/1586/1459 987/1675/1548 1820/1673/1546
f 1820/1673/1546 987/1675/1548 531/1671/1544 984/1668/1541
f 988/1674/1547 1820/1673/1546 984/1668/1541 515/1667/1540
f 517/1584/1457 989/1676/1549 1821/1677/1550 942/1585/1458
f 989/1676/1549 485/1484/1357 896/1487/1360 1821/1677/1550
f 1821/1677/1550 896/1487/1360 484/1492/1365 990/1678/1551
f 942/1585/1458 1821/1677/1550 990/1678/1551 516/1586/1459
f 518/1593/1466 991/1679/1552 1822/1680/1553 946/1594/1467
f 991/1679/1552 486/1493/1366 899/1496/1369 1822/1680/1553
f 1822/1680/1553 899/1496/1369 485/1484/1357 989/1676/1549
f 946/1594/1467 1822/1680/1553 989/1676/1549 517/1584/1457
f 519/1599/1472 992/1681/1554 1823/1682/1555 949/1600/1473
f 992/1681/1554 487/1499/1372 902/1502/1375 1823/1682/1555
f 1823/1682/1555 902/1502/1375 486/1493/1366 991/1679/1552
f 949/1600/1473 1823/1682/1555 991/1679/1552 518/1593/1466
f 520/1605/1478 993/1683/1556 1824/1684/1557 952/1606/1479
f 993/1683/1556 488/1505/1378 905/1508/1381 1824/1684/1557
f 1824/1684/1557 905/1508/1381 487/1499/1372 992/1681/1554
f 952/1606/1479 1824/1684/1557 992/1681/1554 519/1599/1472
f 521/1611/1484 994/1685/1558 1825/1686/1559 955/1612/1485
f 994/1685/1558 489/1511/1384 908/1514/1387 1825/1686/1559
f 1825/1686/1559 908/1514/1387 488/1505/1378 993/1683/1556
f 955/1612/1485 1825/1686/1559 993/1683/1556 520/1605/1478
f 522/1617/1490 995/1687/1560 1826/1688/1561 958/1618/1491
f 995/1687/1560 490/1517/1390 911/1520/1393 1826/1688/1561
f 1826/1688/1561 911/1520/1393 489/1511/1384 994/1685/1558
f 958/1618/1491 1826/1688/1561 994/1685/1558 521/1611/1484
f 523/1623/1496 996/1689/1562 1827/1690/1563 961/1624/1497
f 996/1689/1562 491/1523/1396 914/1526/1399 1827/1690/1563
f 1827/1690/1563 914/1526/1399 490/1517/1390 995/1687/1560
f 961/1624/1497 1827/1690/1563 995/1687/1560 522/1617/1490
f 524/1629/1502 997/1691/1564 1828/1692/1565 964/1630/1503
f 997/1691/1564 492/1529/1402 917/1532/1405 1828/1692/1565
f 1828/1692/1565 917/1532/1405 491/1523/1396 996/1689/1562
f 964/1630/1503 1828/1692/1565 996/1689/1562 523/1623/1496
f 525/1635/1508 998/1693/1566 1829/1694/1567 967/1636/1509
f 998/1693/1566 493/1535/1408 920/1538/1411 1829/1694/1567
f 1829/1694/1567 920/1538/1411 492/1529/1402 997/1691/1564
f 967/1636/1509 1829/1694/1567 997/1691/1564 524/1629/1502
f 526/1641/1514 999/1695/1568 1830/1696/1569 970/1642/1515
f 999/1695/1568 494/1541/1414 923/1544/1417 1830/1696/1569
f 1830/1696/1569 923/1544/1417 493/1535/1408 998/1693/1566
f 970/1642/1515 1830/1696/1569 998/1693/1566 525/1635/1508
f 527/1647/1520 1000/1697/1570 1831/1698/1571 973/1648/1521
f 1000/1697/1570 495/1547/1420 926/1550/1423 1831/1698/1571
f 1831/1698/1571 926/1550/1423 494/1541/1414 999/1695/1568
f 973/1648/1521 1831/1698/1571 999/1695/1568 526/1641/1514
f 528/1653/1526 1001/1699/1572 1832/1700/1573 976/1654/1527
f 1001/1699/1572 496/1553/1426 929/1556/1429 1832/1700/1573
f 1832/1700/1573 929/1556/1429 495/1547/1420 1000/1697/1570
f 976/1654/1527 1832/1700/1573 1000/1697/1570 527/1647/1520
f 529/1659/1532 1002/1701/1574 1833/1702/1575 979/1660/1533
f 1002/1701/1574 497/1559/1432 932/1562/1435 1833/1702/1575
f 1833/1702/1575 932/1562/1435 496/1553/1426 1001/1699/1572
f 979/1660/1533 1833/1702/1575 1001/1699/1572 528/1653/1526
f 530/1665/1538 1003/1703/1576 1834/2202/1577 982/1666/1539
f 1003/1703/1576 498/1565/1438 935/2201/1441 1834/2202/1577
f 1834/1704/1577 935/1568/1441 497/1559/1432 1002/1701/1574
f 982/2203/1539 1834/1704/1577 1002/1701/1574 529/1659/1532
f 531/1671/1544 1004/1705/1578 1835/1706/1579 985/1672/1545
f 1004/1705/1578 499/1571/1444 938/1574/1447 1835/1706/1579
f 1835/1706/1579 938/1574/1447 498/1565/1438 1003/1703/1576
f 985/1672/1545 1835/1706/1579 1003/1703/1576 530/1665/1538
f 516/1586/1459 990/1678/1551 1836/1707/1580 987/1675/1548
f 990/1678/1551 484/1492/1365 940/1578/1451 1836/1707/1580
f 1836/1707/1580 940/1578/1451 499/1571/1444 1004/1705/1578
f 987/1675/1548 1836/1707/1580 1004/1705/1578 531/1671/1544
f 533/1488/1361 1005/1708/1581 1837/1709/1582 894/1489/1362
f 1005/1708/1581 771/1710/1583 1006/1711/1584 1837/1709/1582
f 1837/1709/1582 1006/1711/1584 756/1712/1585 1007/1713/1586
f 894/1489/1362 1837/1709/1582 1007/1713/1586 532/1490/1363
f 534/1497/1370 1008/1714/1587 1838/1715/1588 898/1498/1371
f 1008/1714/1587 770/1716/1589 1009/1717/1590 1838/1715/1588
f 1838/1715/1588 1009/1717/1590 771/1710/1583 1005/1708/1581
f 898/1498/1371 1838/1715/1588 1005/1708/1581 533/1488/1361
f 535/1503/1376 1010/1718/1591 1839/1719/1592 901/1504/1377
f 1010/1718/1591 769/1720/1593 1011/1721/1594 1839/1719/1592
f 1839/1719/1592 1011/1721/1594 770/1716/1589 1008/1714/1587
f 901/1504/1377 1839/1719/1592 1008/1714/1587 534/1497/1370
f 536/1509/1382 1012/1722/1595 1840/1723/1596 904/1510/1383
f 1012/1722/1595 768/1724/1597 1013/1725/1598 1840/1723/1596
f 1840/1723/1596 1013/1725/1598 769/1720/1593 1010/1718/1591
f 904/1510/1383 1840/1723/1596 1010/1718/1591 535/1503/1376
f 537/1515/1388 1014/1726/1599 1841/1727/1600 907/1516/1389
f 1014/1726/1599 767/1728/1601 1015/1729/1602 1841/1727/1600
f 1841/1727/1600 1015/1729/1602 768/1724/1597 1012/1722/1595
f 907/1516/1389 1841/1727/1600 1012/1722/1595 536/1509/1382
f 538/1521/1394 1016/1730/1603 1842/1731/1604 910/1522/1395
f 1016/1730/1603 766/1732/1605 1017/1733/1606 1842/1731/1604
f 1842/1731/1604 1017/1733/1606 767/1728/1601 1014/1726/1599
f 910/1522/1395 1842/1731/1604 1014/1726/1599 537/1515/1388
f 539/1527/1400 1018/1734/1607 1843/1735/1608 913/1528/1401
f 1018/1734/1607 765/1736/1609 1019/1737/1610 1843/1735/1608
f 1843/1735/1608 1019/1737/1610 766/1732/1605 1016/1730/1603
f 913/1528/1401 1843/1735/1608 1016/1730/1603 538/1521/1394
f 540/1533/1406 1020/1738/1611 1844/1739/1612 916/1534/1407
f 1020/1738/1611 764/1740/1613 1021/1741/1614 1844/1739/1612
f 1844/1739/1612 1021/1741/1614 765/1736/1609 1018/1734/1607
f 916/1534/1407 1844/1739/1612 1018/1734/1607 539/1527/1400
f 541/1539/1412 1022/1742/1615 1845/1743/1616 919/1540/1413
f 1022/1742/1615 763/1744/1617 1023/1745/1618 1845/1743/1616
f 1845/1743/1616 1023/1745/1618 764/1740/1613 1020/1738/1611
f 919/1540/1413 1845/1743/1616 1020/1738/1611 540/1533/1406
f 542/1545/1418 1024/1746/1619 1846/1747/1620 922/1546/1419
f 1024/1746/1619 762/1748/1621 1025/1749/1622 1846/1747/1620
f 1846/1747/1620 1025/1749/1622 763/1744/1617 1022/1742/1615
f 922/1546/1419 1846/1747/1620 1022/1742/1615 541/1539/1412
f 543/1551/1424 1026/1750/1623 1847/1751/1624 925/1552/1425
f 1026/1750/1623 761/1752/1625 1027/1753/1626 1847/1751/1624
f 1847/1751/1624 1027/1753/1626 762/1748/1621 1024/1746/1619
f 925/1552/1425 1847/1751/1624 1024/1746/1619 542/1545/1418
f 544/1557/1430 1028/1754/1627 1848/1755/1628 928/1558/1431
f 1028/1754/1627 760/1756/1629 1029/1757/1630 1848/1755/1628
f 1848/1755/1628 1029/1757/1630 761/1752/1625 1026/1750/1623
f 928/1558/1431 1848/1755/1628 1026/1750/1623 543/1551/1424
f 545/1563/1436 1030/1758/1631 1849/1759/1632 931/1564/1437
f 1030/1758/1631 759/1760/1633 1031/1761/1634 1849/1759/1632
f 1849/1759/1632 1031/1761/1634 760/1756/1629 1028/1754/1627
f 931/1564/1437 1849/1759/1632 1028/1754/1627 544/1557/1430
f 546/1569/1442 1032/1762/1635 1850/2199/1636 934/1570/1443
f 1032/1762/1635 758/1764/1637 1033/1765/1638 1850/2199/1636
f 1850/1763/1636 1033/2189/1638 759/1760/1633 1030/1758/1631
f 934/2200/1443 1850/1763/1636 1030/1758/1631 545/1563/1436
f 547/1575/1448 1034/1766/1639 1851/1767/1640 937/1576/1449
f 1034/1766/1639 757/1768/1641 1035/1769/1642 1851/1767/1640
f 1851/1767/1640 1035/1769/1642 758/1764/1637 1032/1762/1635
f 937/1576/1449 1851/1767/1640 1032/1762/1635 546/1569/1442
f 532/1490/1363 1007/1713/1586 1852/1770/1643 939/1579/1452
f 1007/1713/1586 756/1712/1585 1036/1771/1644 1852/1770/1643
f 1852/1770/1643 1036/1771/1644 757/1768/1641 1034/1766/1639
f 939/1579/1452 1852/1770/1643 1034/1766/1639 547/1575/1448
f 549/1772/1645 1037/1773/1646 1853/1774/1647 1039/1775/1648
f 1037/1773/1646 501/1580/1453 944/1583/1456 1853/1774/1647
f 1853/1774/1647 944/1583/1456 500/1588/1461 1038/1776/1649
f 1039/1775/1648 1853/1774/1647 1038/1776/1649 548/1777/1650
f 550/1778/1651 1040/1779/1652 1854/1780/1653 1041/1781/1654
f 1040/1779/1652 502/1589/1462 947/1592/1465 1854/1780/1653
f 1854/1780/1653 947/1592/1465 501/1580/1453 1037/1773/1646
f 1041/1781/1654 1854/1780/1653 1037/1773/1646 549/1772/1645
f 551/1782/1655 1042/1783/1656 1855/1784/1657 1043/1785/1658
f 1042/1783/1656 503/1595/1468 950/1598/1471 1855/1784/1657
f 1855/1784/1657 950/1598/1471 502/1589/1462 1040/1779/1652
f 1043/1785/1658 1855/1784/1657 1040/1779/1652 550/1778/1651
f 552/1786/1659 1044/1787/1660 1856/1788/1661 1045/1789/1662
f 1044/1787/1660 504/1601/1474 953/1604/1477 1856/1788/1661
f 1856/1788/1661 953/1604/1477 503/1595/1468 1042/1783/1656
f 1045/1789/1662 1856/1788/1661 1042/1783/1656 551/1782/1655
f 553/1790/1663 1046/1791/1664 1857/1792/1665 1047/1793/1666
f 1046/1791/1664 505/1607/1480 956/1610/1483 1857/1792/1665
f 1857/1792/1665 956/1610/1483 504/1601/1474 1044/1787/1660
f 1047/1793/1666 1857/1792/1665 1044/1787/1660 552/1786/1659
f 554/1794/1667 1048/1795/1668 1858/1796/1669 1049/1797/1670
f 1048/1795/1668 506/1613/1486 959/1616/1489 1858/1796/1669
f 1858/1796/1669 959/1616/1489 505/1607/1480 1046/1791/1664
f 1049/1797/1670 1858/1796/1669 1046/1791/1664 553/1790/1663
f 555/1798/1671 1050/1799/1672 1859/1800/1673 1051/1801/1674
f 1050/1799/1672 507/1619/1492 962/1622/1495 1859/1800/1673
f 1859/1800/1673 962/1622/1495 506/1613/1486 1048/1795/1668
f 1051/1801/1674 1859/1800/1673 1048/1795/1668 554/1794/1667
f 556/1802/1675 1052/1803/1676 1860/1804/1677 1053/1805/1678
f 1052/1803/1676 508/1625/1498 965/1628/1501 1860/1804/1677
f 1860/1804/1677 965/1628/1501 507/1619/1492 1050/1799/1672
f 1053/1805/1678 1860/1804/1677 1050/1799/1672 555/1798/1671
f 557/1806/1679 1054/1807/1680 1861/1808/1681 1055/1809/1682
f 1054/1807/1680 509/1631/1504 968/1634/1507 1861/1808/1681
f 1861/1808/1681 968/1634/1507 508/1625/1498 1052/1803/1676
f 1055/1809/1682 1861/1808/1681 1052/1803/1676 556/1802/1675
f 558/1810/1683 1056/1811/1684 1862/1812/1685 1057/1813/1686
f 1056/1811/1684 510/1637/1510 971/1640/1513 1862/1812/1685
f 1862/1812/1685 971/1640/1513 509/1631/1504 1054/1807/1680
f 1057/1813/1686 1862/1812/1685 1054/1807/1680 557/1806/1679
f 559/1814/1687 1058/1815/1688 1863/1816/1689 1059/1817/1690
f 1058/1815/1688 511/1643/1516 974/1646/1519 1863/1816/1689
f 1863/1816/1689 974/1646/1519 510/1637/1510 1056/1811/1684
f 1059/1817/1690 1863/1816/1689 1056/1811/1684 558/1810/1683
f 560/1818/1691 1060/1819/1692 1864/1820/1693 1061/1821/1694
f 1060/1819/1692 512/1649/1522 977/1652/1525 1864/1820/1693
f 1864/1820/1693 977/1652/1525 511/1643/1516 1058/1815/1688
f 1061/1821/1694 1864/1820/1693 1058/1815/1688 559/1814/1687
f 561/1822/1695 1062/1823/1696 1865/1824/1697 1063/1825/1698
f 1062/1823/1696 513/1655/1528 980/1658/1531 1865/1824/1697
f 1865/1824/1697 980/1658/1531 512/1649/1522 1060/1819/1692
f 1063/1825/1698 1865/1824/1697 1060/1819/1692 560/1818/1691
f 562/1826/1699 1064/1827/1700 1866/2198/1701 1065/2194/1702
f 1064/1827/1700 514/1661/1534 983/2197/1537 1866/2198/1701
f 1866/1828/1701 983/1664/1537 513/1655/1528 1062/1823/1696
f 1065/1829/1702 1866/1828/1701 1062/1823/1696 561/1822/1695
f 563/1830/1703 1066/1831/1704 1867/1832/1705 1067/1833/1706
f 1066/1831/1704 515/1667/1540 986/1670/1543 1867/1832/1705
f 1867/1832/1705 986/1670/1543 514/1661/1534 1064/1827/1700
f 1067/1833/1706 1867/1832/1705 1064/1827/1700 562/1826/1699
f 548/1777/1650 1038/1776/1649 1868/1834/1707 1068/1835/1708
f 1038/1776/1649 500/1588/1461 988/1674/1547 1868/1834/1707
f 1868/1834/1707 988/1674/1547 515/1667/1540 1066/1831/1704
f 1068/1835/1708 1868/1834/1707 1066/1831/1704 563/1830/1703
f 565/1392/1265 1069/1836/1709 1869/1837/1710 846/1393/1266
f 1069/1836/1709 549/1772/1645 1039/1775/1648 1869/1837/1710
f 1869/1837/1710 1039/1775/1648 548/1777/1650 1070/1838/1711
f 846/1393/1266 1869/1837/1710 1070/1838/1711 564/1394/1267
f 566/1427/1300 1071/1839/1712 1870/1840/1713 876/1459/1332
f 1071/1839/1712 550/1778/1651 1041/1781/1654 1870/1840/1713
f 1870/1840/1713 1041/1781/1654 549/1772/1645 1069/1836/1709
f 876/1459/1332 1870/1840/1713 1069/1836/1709 565/1392/1265
f 567/1425/1298 1072/1841/1714 1871/1842/1715 861/1426/1299
f 1072/1841/1714 551/1782/1655 1043/1785/1658 1871/1842/1715
f 1871/1842/1715 1043/1785/1658 550/1778/1651 1071/1839/1712
f 861/1426/1299 1871/1842/1715 1071/1839/1712 566/1427/1300
f 568/1409/1282 1073/1843/1716 1872/1844/1717 880/1465/1338
f 1073/1843/1716 552/1786/1659 1045/1789/1662 1872/1844/1717
f 1872/1844/1717 1045/1789/1662 551/1782/1655 1072/1841/1714
f 880/1465/1338 1872/1844/1717 1072/1841/1714 567/1425/1298
f 569/1407/1280 1074/1845/1718 1873/1846/1719 853/1408/1281
f 1074/1845/1718 553/1790/1663 1047/1793/1666 1873/1846/1719
f 1873/1846/1719 1047/1793/1666 552/1786/1659 1073/1843/1716
f 853/1408/1281 1873/1846/1719 1073/1843/1716 568/1409/1282
f 570/1454/1327 1075/1847/1720 1874/1848/1721 891/1483/1356
f 1075/1847/1720 554/1794/1667 1049/1797/1670 1874/1848/1721
f 1874/1848/1721 1049/1797/1670 553/1790/1663 1074/1845/1718
f 891/1483/1356 1874/1848/1721 1074/1845/1718 569/1407/1280
f 571/1452/1325 1076/1849/1722 1875/1850/1723 873/1453/1326
f 1076/1849/1722 555/1798/1671 1051/1801/1674 1875/1850/1723
f 1875/1850/1723 1051/1801/1674 554/1794/1667 1075/1847/1720
f 873/1453/1326 1875/1850/1723 1075/1847/1720 570/1454/1327
f 572/1469/1342 1077/1851/1724 1876/1852/1725 887/1477/1350
f 1077/1851/1724 556/1802/1675 1053/1805/1678 1876/1852/1725
f 1876/1852/1725 1053/1805/1678 555/1798/1671 1076/1849/1722
f 887/1477/1350 1876/1852/1725 1076/1849/1722 571/1452/1325
f 573/1436/1309 1078/1853/1726 1877/1854/1727 882/1468/1341
f 1078/1853/1726 557/1806/1679 1055/1809/1682 1877/1854/1727
f 1877/1854/1727 1055/1809/1682 556/1802/1675 1077/1851/1724
f 882/1468/1341 1877/1854/1727 1077/1851/1724 572/1469/1342
f 574/1434/1307 1079/1855/1728 1878/1856/1729 865/1435/1308
f 1079/1855/1728 558/1810/1683 1057/1813/1686 1878/1856/1729
f 1878/1856/1729 1057/1813/1686 557/1806/1679 1078/1853/1726
f 865/1435/1308 1878/1856/1729 1078/1853/1726 573/1436/1309
f 575/1418/1291 1080/1857/1730 1879/1858/1731 878/1462/1335
f 1080/1857/1730 559/1814/1687 1059/1817/1690 1879/1858/1731
f 1879/1858/1731 1059/1817/1690 558/1810/1683 1079/1855/1728
f 878/1462/1335 1879/1858/1731 1079/1855/1728 574/1434/1307
f 576/1416/1289 1081/1859/1732 1880/1860/1733 857/1417/1290
f 1081/1859/1732 560/1818/1691 1061/1821/1694 1880/1860/1733
f 1880/1860/1733 1061/1821/1694 559/1814/1687 1080/1857/1730
f 857/1417/1290 1880/1860/1733 1080/1857/1730 575/1418/1291
f 577/1445/1318 1082/1861/1734 1881/1862/1735 885/1474/1347
f 1082/1861/1734 561/1822/1695 1063/1825/1698 1881/1862/1735
f 1881/1862/1735 1063/1825/1698 560/1818/1691 1081/1859/1732
f 885/1474/1347 1881/1862/1735 1081/1859/1732 576/1416/1289
f 578/1443/1316 1083/1863/1736 1882/2195/1737 869/1444/1317
f 1083/1863/1736 562/1826/1699 1065/2194/1702 1882/2195/1737
f 1882/1864/1737 1065/1829/1702 561/1822/1695 1082/1861/1734
f 869/2196/1317 1882/1864/1737 1082/1861/1734 577/1445/1318
f 579/1400/1273 1084/1865/1738 1883/1866/1739 889/1480/1353
f 1084/1865/1738 563/1830/1703 1067/1833/1706 1883/1866/1739
f 1883/1866/1739 1067/1833/1706 562/1826/1699 1083/1863/1736
f 889/1480/1353 1883/1866/1739 1083/1863/1736 578/1443/1316
f 564/1394/1267 1070/1838/1711 1884/1867/1740 849/1399/1272
f 1070/1838/1711 548/1777/1650 1068/1835/1708 1884/1867/1740
f 1884/1867/1740 1068/1835/1708 563/1830/1703 1084/1865/1738
f 849/1399/1272 1884/1867/1740 1084/1865/1738 579/1400/1273
f 581/1326/1199 1085/1868/1741 1885/2186/1742 814/1327/1200
f 1085/2184/1741 453/1388/1261 848/1391/1264 1885/1869/1742
f 1885/1869/1742 848/1391/1264 452/1396/1269 1086/1870/1743
f 814/1327/1200 1885/2186/1742 1086/2157/1743 580/1328/1201
f 582/1350/1223 1087/1871/1744 1886/2185/1745 836/1371/1244
f 1087/2182/1744 459/1429/1302 877/1458/1331 1886/1872/1745
f 1886/1872/1745 877/1458/1331 453/1388/1261 1085/2184/1741
f 836/1371/1244 1886/2185/1745 1085/1868/1741 581/1326/1199
f 583/1348/1221 1088/1873/1746 1887/2183/1747 825/1349/1222
f 1088/2180/1746 460/1421/1294 863/1424/1297 1887/1874/1747
f 1887/1874/1747 863/1424/1297 459/1429/1302 1087/2182/1744
f 825/1349/1222 1887/2183/1747 1087/1871/1744 582/1350/1223
f 584/1338/1211 1089/1875/1748 1888/2181/1749 838/1375/1248
f 1089/2178/1748 455/1411/1284 881/1464/1337 1888/1876/1749
f 1888/1876/1749 881/1464/1337 460/1421/1294 1088/2180/1746
f 838/1375/1248 1888/2181/1749 1088/1873/1746 583/1348/1221
f 585/1336/1209 1090/1877/1750 1889/2179/1751 819/1337/1210
f 1090/2176/1750 456/1403/1276 855/1406/1279 1889/1878/1751
f 1889/1878/1751 855/1406/1279 455/1411/1284 1089/2178/1748
f 819/1337/1210 1889/2179/1751 1089/1875/1748 584/1338/1211
f 586/1368/1241 1091/1879/1752 1890/2177/1753 844/1387/1260
f 1091/2174/1752 465/1456/1329 892/1482/1355 1890/1880/1753
f 1890/1880/1753 892/1482/1355 456/1403/1276 1090/2176/1750
f 844/1387/1260 1890/2177/1753 1090/1877/1750 585/1336/1209
f 587/1366/1239 1092/1881/1754 1891/2175/1755 834/1367/1240
f 1092/2172/1754 466/1448/1321 875/1451/1324 1891/1882/1755
f 1891/1882/1755 875/1451/1324 465/1456/1329 1091/2174/1752
f 834/1367/1240 1891/2175/1755 1091/1879/1752 586/1368/1241
f 588/1378/1251 1093/1883/1756 1892/2173/1757 842/1383/1256
f 1093/2170/1756 467/1471/1344 888/1476/1349 1892/1884/1757
f 1892/1884/1757 888/1476/1349 466/1448/1321 1092/2172/1754
f 842/1383/1256 1892/2173/1757 1092/1881/1754 587/1366/1239
f 589/1356/1229 1094/1885/1758 1893/2171/1759 839/1377/1250
f 1094/2168/1758 462/1438/1311 884/1467/1340 1893/1886/1759
f 1893/1886/1759 884/1467/1340 467/1471/1344 1093/2170/1756
f 839/1377/1250 1893/2171/1759 1093/1883/1756 588/1378/1251
f 590/1354/1227 1095/1887/1760 1894/2169/1761 828/1355/1228
f 1095/2166/1760 461/1430/1303 867/1433/1306 1894/1888/1761
f 1894/1888/1761 867/1433/1306 462/1438/1311 1094/2168/1758
f 828/1355/1228 1894/2169/1761 1094/1885/1758 589/1356/1229
f 591/1344/1217 1096/1889/1762 1895/2167/1763 837/1373/1246
f 1096/2164/1762 458/1420/1293 879/1461/1334 1895/1890/1763
f 1895/1890/1763 879/1461/1334 461/1430/1303 1095/2166/1760
f 837/1373/1246 1895/2167/1763 1095/1887/1760 590/1354/1227
f 592/1342/1215 1097/1891/1764 1896/2165/1765 822/1343/1216
f 1097/2162/1764 457/1412/1285 859/1415/1288 1896/1892/1765
f 1896/1892/1765 859/1415/1288 458/1420/1293 1096/2164/1762
f 822/1343/1216 1896/2165/1765 1096/1889/1762 591/1344/1217
f 593/1362/1235 1098/1893/1766 1897/2163/1767 841/1381/1254
f 1098/2160/1766 464/1447/1320 886/1473/1346 1897/1894/1767
f 1897/1894/1767 886/1473/1346 457/1412/1285 1097/2162/1764
f 841/1381/1254 1897/2163/1767 1097/1891/1764 592/1342/1215
f 594/1360/1233 1099/1895/1768 1898/2161/1769 831/1361/1234
f 1099/2158/1768 463/1439/1312 871/2192/1315 1898/2193/1769
f 1898/1896/1769 871/1442/1315 464/1447/1320 1098/2160/1766
f 831/1361/1234 1898/2161/1769 1098/1893/1766 593/1362/1235
f 595/1332/1205 1100/1897/1770 1899/2159/1771 843/1385/1258
f 1100/2155/1770 454/1402/1275 890/1479/1352 1899/1898/1771
f 1899/1898/1771 890/1479/1352 463/1439/1312 1099/2158/1768
f 843/1385/1258 1899/2159/1771 1099/1895/1768 594/1360/1233
f 580/1328/1201 1086/2157/1743 1900/2156/1772 816/1331/1204
f 1086/1870/1743 452/1396/1269 851/1398/1271 1900/1899/1772
f 1900/1899/1772 851/1398/1271 454/1402/1275 1100/2155/1770
f 816/1331/1204 1900/2156/1772 1100/1897/1770 595/1332/1205
f 468/1900/1773 1101/1901/1774 1901/1902/1775 1104/1903/1776
f 1101/1901/1774 469/1904/1777 1102/1905/1778 1901/1902/1775
f 1901/1902/1775 1102/1905/1778 693/2153/1779 1103/2154/1780
f 1104/1903/1776 1901/1902/1775 1103/2154/1780 692/2125/1781
f 469/1904/1777 1105/1909/1782 1902/1910/1783 1102/1905/1778
f 1105/1909/1782 475/1911/1784 1106/1912/1785 1902/1910/1783
f 1902/1910/1783 1106/1912/1785 694/2151/1786 1107/2152/1787
f 1102/1905/1778 1902/1910/1783 1107/2152/1787 693/2153/1779
f 475/1911/1784 1108/1915/1788 1903/1916/1789 1106/1912/1785
f 1108/1915/1788 476/1917/1790 1109/1918/1791 1903/1916/1789
f 1903/1916/1789 1109/1918/1791 695/2149/1792 1110/2150/1793
f 1106/1912/1785 1903/1916/1789 1110/2150/1793 694/2151/1786
f 476/1917/1790 1111/1921/1794 1904/1922/1795 1109/1918/1791
f 1111/1921/1794 471/1923/1796 1112/1924/1797 1904/1922/1795
f 1904/1922/1795 1112/1924/1797 696/2147/1798 1113/2148/1799
f 1109/1918/1791 1904/1922/1795 1113/2148/1799 695/2149/1792
f 471/1923/1796 1114/1927/1800 1905/1928/1801 1112/1924/1797
f 1114/1927/1800 472/1929/1802 1115/1930/1803 1905/1928/1801
f 1905/1928/1801 1115/1930/1803 697/2145/1804 1116/2146/1805
f 1112/1924/1797 1905/1928/1801 1116/2146/1805 696/2147/1798
f 472/1929/1802 1117/1933/1806 1906/1934/1807 1115/1930/1803
f 1117/1933/1806 481/1935/1808 1118/1936/1809 1906/1934/1807
f 1906/1934/1807 1118/1936/1809 698/2143/1810 1119/2144/1811
f 1115/1930/1803 1906/1934/1807 1119/2144/1811 697/2145/1804
f 481/1935/1808 1120/1939/1812 1907/1940/1813 1118/1936/1809
f 1120/1939/1812 482/1941/1814 1121/1942/1815 1907/1940/1813
f 1907/1940/1813 1121/1942/1815 699/2141/1816 1122/2142/1817
f 1118/1936/1809 1907/1940/1813 1122/2142/1817 698/2143/1810
f 482/1941/1814 1123/1945/1818 1908/1946/1819 1121/1942/1815
f 1123/1945/1818 483/1947/1820 1124/1948/1821 1908/1946/1819
f 1908/1946/1819 1124/1948/1821 700/2139/1822 1125/2140/1823
f 1121/1942/1815 1908/1946/1819 1125/2140/1823 699/2141/1816
f 483/1947/1820 1126/1951/1824 1909/1952/1825 1124/1948/1821
f 1126/1951/1824 478/1953/1826 1127/1954/1827 1909/1952/1825
f 1909/1952/1825 1127/1954/1827 701/2137/1828 1128/2138/1829
f 1124/1948/1821 1909/1952/1825 1128/2138/1829 700/2139/1822
f 478/1953/1826 1129/1957/1830 1910/1958/1831 1127/1954/1827
f 1129/1957/1830 477/1959/1832 1130/1960/1833 1910/1958/1831
f 1910/1958/1831 1130/1960/1833 702/2135/1834 1131/2136/1835
f 1127/1954/1827 1910/1958/1831 1131/2136/1835 701/2137/1828
f 477/1959/1832 1132/1963/1836 1911/1964/1837 1130/1960/1833
f 1132/1963/1836 474/1965/1838 1133/1966/1839 1911/1964/1837
f 1911/1964/1837 1133/1966/1839 703/2133/1840 1134/2134/1841
f 1130/1960/1833 1911/1964/1837 1134/2134/1841 702/2135/1834
f 474/1965/1838 1135/1969/1842 1912/1970/1843 1133/1966/1839
f 1135/1969/1842 473/1971/1844 1136/1972/1845 1912/1970/1843
f 1912/1970/1843 1136/1972/1845 704/2131/1846 1137/2132/1847
f 1133/1966/1839 1912/1970/1843 1137/2132/1847 703/2133/1840
f 473/1971/1844 1138/1975/1848 1913/1976/1849 1136/1972/1845
f 1138/1975/1848 480/1977/1850 1139/1978/1851 1913/1976/1849
f 1913/1976/1849 1139/1978/1851 705/2129/1852 1140/2130/1853
f 1136/1972/1845 1913/1976/1849 1140/2130/1853 704/2131/1846
f 480/1977/1850 1141/1981/1854 1914/2191/1855 1139/1978/1851
f 1141/2187/1854 479/1983/1856 1142/1984/1857 1914/1982/1855
f 1914/1982/1855 1142/1984/1857 706/2127/1858 1143/2128/1859
f 1139/1978/1851 1914/2191/1855 1143/2190/1859 705/2129/1852
f 479/1983/1856 1144/1987/1860 1915/1988/1861 1142/1984/1857
f 1144/1987/1860 470/1989/1862 1145/1990/1863 1915/1988/1861
f 1915/1988/1861 1145/1990/1863 707/2124/1864 1146/2126/1865
f 1142/1984/1857 1915/1988/1861 1146/2126/1865 706/2127/1858
f 470/1989/1862 1147/1993/1866 1916/1994/1867 1145/1990/1863
f 1147/1993/1866 468/1900/1773 1104/1903/1776 1916/1994/1867
f 1916/1994/1867 1104/1903/1776 692/2125/1781 1148/2123/1868
f 1145/1990/1863 1916/1994/1867 1148/2123/1868 707/2124/1864
f 725/722/580 1271/721/579 1917/1931/1869 1150/1932/1870
f 1271/721/579 724/720/578 1149/1937/1871 1917/1931/1869
f 1917/1931/1869 1149/1937/1871 598/1162/1024 1493/1159/1021
f 1150/1932/1870 1917/1931/1869 1493/1159/1021 599/1158/1020
f 726/752/611 1301/784/643 1918/1938/1872 1151/1943/1873
f 1301/784/643 725/722/580 1150/1932/1870 1918/1938/1872
f 1918/1938/1872 1150/1932/1870 599/1158/1020 1496/1165/1027
f 1151/1943/1873 1918/1938/1872 1496/1165/1027 612/1164/1026
f 727/754/613 1286/753/612 1919/1944/1874 1152/1949/1875
f 1286/753/612 726/2210/611 1151/2228/1873 1919/1944/1874
f 1919/1944/1874 1151/2228/1873 612/2224/1026 1498/2229/1031
f 1152/1949/1875 1919/1944/1874 1498/2229/1031 613/1168/1030
f 728/735/593 1305/790/649 1920/1950/1876 1153/1955/1877
f 1305/790/649 727/754/613 1152/1949/1875 1920/1950/1876
f 1920/1950/1876 1152/1949/1875 613/1168/1030 1500/1172/1035
f 1153/1955/1877 1920/1950/1876 1500/1172/1035 604/1171/1034
f 729/737/595 1278/736/594 1921/1956/1878 1154/1961/1879
f 1278/736/594 728/735/593 1153/1955/1877 1921/1956/1878
f 1921/1956/1878 1153/1955/1877 604/1171/1034 1502/1176/1039
f 1154/1961/1879 1921/1956/1878 1502/1176/1039 605/1175/1038
f 730/779/638 1316/808/667 1922/1962/1880 1155/1967/1881
f 1316/808/667 729/737/595 1154/1961/1879 1922/1962/1880
f 1922/1962/1880 1154/1961/1879 605/1175/1038 1504/1180/1043
f 1155/1967/1881 1922/1962/1880 1504/1180/1043 624/1179/1042
f 731/781/640 1298/780/639 1923/1968/1882 1156/1973/1883
f 1298/780/639 730/779/638 1155/1967/1881 1923/1968/1882
f 1923/1968/1882 1155/1967/1881 624/1179/1042 1506/1184/1047
f 1156/1973/1883 1923/1968/1882 1506/1184/1047 625/1183/1046
f 732/795/654 1312/802/661 1924/1974/1884 1157/1979/1885
f 1312/802/661 731/781/640 1156/1973/1883 1924/1974/1884
f 1924/1974/1884 1156/1973/1883 625/1183/1046 1508/1188/1051
f 1157/1979/1885 1924/1974/1884 1508/1188/1051 627/1187/1050
f 733/761/620 1308/796/655 1925/1980/1886 1158/1985/1887
f 1308/796/655 732/795/654 1157/1979/1885 1925/1980/1886
f 1925/1980/1886 1157/1979/1885 627/1187/1050 1510/1192/1055
f 1158/1985/1887 1925/1980/1886 1510/1192/1055 616/1191/1054
f 734/763/622 1290/762/621 1926/1986/1888 1159/1991/1889
f 1290/762/621 733/761/620 1158/1985/1887 1926/1986/1888
f 1926/1986/1888 1158/1985/1887 616/1191/1054 1512/1196/1059
f 1159/1991/1889 1926/1986/1888 1512/1196/1059 617/1195/1058
f 735/744/602 1303/787/646 1927/1992/1890 1160/1995/1891
f 1303/787/646 734/763/622 1159/1991/1889 1927/1992/1890
f 1927/1992/1890 1159/1991/1889 617/1195/1058 1514/1200/1063
f 1160/1995/1891 1927/1992/1890 1514/1200/1063 608/1199/1062
f 736/746/604 1282/745/603 1928/1996/1892 1161/1997/1893
f 1282/745/603 735/744/602 1160/1995/1891 1928/1996/1892
f 1928/1996/1892 1160/1995/1891 608/1199/1062 1516/1204/1067
f 1161/1997/1893 1928/1996/1892 1516/1204/1067 609/1203/1066
f 737/770/629 1310/799/658 1929/1998/1894 1162/1999/1895
f 1310/799/658 736/746/604 1161/1997/1893 1929/1998/1894
f 1929/1998/1894 1161/1997/1893 609/1203/1066 1518/1208/1071
f 1162/1999/1895 1929/1998/1894 1518/1208/1071 620/1207/1070
f 738/772/631 1294/771/630 1930/2000/1896 1163/2001/1897
f 1294/771/630 737/770/629 1162/1999/1895 1930/2000/1896
f 1930/2000/1896 1162/1999/1895 620/1207/1070 1520/1212/1075
f 1163/2001/1897 1930/2000/1896 1520/1212/1075 621/1211/1074
f 739/727/585 1314/805/664 1931/2002/1898 1164/2003/1899
f 1314/805/664 738/772/631 1163/2001/1897 1931/2002/1898
f 1931/2002/1898 1163/2001/1897 621/1211/1074 1522/1216/1079
f 1164/2003/1899 1931/2002/1898 1522/1216/1079 601/1215/1078
f 724/720/578 1275/728/586 1932/2004/1900 1149/1937/1871
f 1275/728/586 739/727/585 1164/2003/1899 1932/2004/1900
f 1932/2004/1900 1164/2003/1899 601/1215/1078 1524/1219/1082
f 1149/1937/1871 1932/2004/1900 1524/1219/1082 598/1162/1024
f 741/1036/897 1430/1035/896 1933/2005/1901 1166/2006/1902
f 1430/1035/896 740/1034/895 1165/2007/1903 1933/2005/1901
f 1933/2005/1901 1165/2007/1903 692/2008/1781 1103/2009/1780
f 1166/2006/1902 1933/2005/1901 1103/2009/1780 693/2010/1779
f 742/1040/901 1432/1039/900 1934/2011/1904 1167/2012/1905
f 1432/1039/900 741/1036/897 1166/2006/1902 1934/2011/1904
f 1934/2011/1904 1166/2006/1902 693/2010/1779 1107/2013/1787
f 1167/2012/1905 1934/2011/1904 1107/2013/1787 694/2014/1786
f 743/1044/905 1434/1043/904 1935/2015/1906 1168/2016/1907
f 1434/1043/904 742/2220/901 1167/2230/1905 1935/2015/1906
f 1935/2015/1906 1167/2230/1905 694/2231/1786 1110/2232/1793
f 1168/2016/1907 1935/2015/1906 1110/2232/1793 695/2017/1792
f 744/1048/909 1436/1047/908 1936/2018/1908 1169/2019/1909
f 1436/1047/908 743/1044/905 1168/2016/1907 1936/2018/1908
f 1936/2018/1908 1168/2016/1907 695/2017/1792 1113/2020/1799
f 1169/2019/1909 1936/2018/1908 1113/2020/1799 696/2021/1798
f 745/1052/913 1438/1051/912 1937/2022/1910 1170/2023/1911
f 1438/1051/912 744/1048/909 1169/2019/1909 1937/2022/1910
f 1937/2022/1910 1169/2019/1909 696/2021/1798 1116/2024/1805
f 1170/2023/1911 1937/2022/1910 1116/2024/1805 697/2025/1804
f 746/1056/917 1440/1055/916 1938/2026/1912 1171/2027/1913
f 1440/1055/916 745/1052/913 1170/2023/1911 1938/2026/1912
f 1938/2026/1912 1170/2023/1911 697/2025/1804 1119/2028/1811
f 1171/2027/1913 1938/2026/1912 1119/2028/1811 698/2029/1810
f 747/1060/921 1442/1059/920 1939/2030/1914 1172/2031/1915
f 1442/1059/920 746/1056/917 1171/2027/1913 1939/2030/1914
f 1939/2030/1914 1171/2027/1913 698/2029/1810 1122/2032/1817
f 1172/2031/1915 1939/2030/1914 1122/2032/1817 699/2033/1816
f 748/1064/925 1444/1063/924 1940/2034/1916 1173/2035/1917
f 1444/1063/924 747/1060/921 1172/2031/1915 1940/2034/1916
f 1940/2034/1916 1172/2031/1915 699/2033/1816 1125/2036/1823
f 1173/2035/1917 1940/2034/1916 1125/2036/1823 700/2037/1822
f 749/1068/929 1446/1067/928 1941/2038/1918 1174/2039/1919
f 1446/1067/928 748/1064/925 1173/2035/1917 1941/2038/1918
f 1941/2038/1918 1173/2035/1917 700/2037/1822 1128/2040/1829
f 1174/2039/1919 1941/2038/1918 1128/2040/1829 701/2041/1828
f 750/1072/933 1448/1071/932 1942/2042/1920 1175/2043/1921
f 1448/1071/932 749/1068/929 1174/2039/1919 1942/2042/1920
f 1942/2042/1920 1174/2039/1919 701/2041/1828 1131/2044/1835
f 1175/2043/1921 1942/2042/1920 1131/2044/1835 702/2045/1834
f 751/1076/937 1450/1075/936 1943/2046/1922 1176/2047/1923
f 1450/1075/936 750/1072/933 1175/2043/1921 1943/2046/1922
f 1943/2046/1922 1175/2043/1921 702/2045/1834 1134/2048/1841
f 1176/2047/1923 1943/2046/1922 1134/2048/1841 703/2049/1840
f 752/1080/941 1452/1079/940 1944/2050/1924 1177/2051/1925
f 1452/1079/940 751/1076/937 1176/2047/1923 1944/2050/1924
f 1944/2050/1924 1176/2047/1923 703/2049/1840 1137/2052/1847
f 1177/2051/1925 1944/2050/1924 1137/2052/1847 704/2053/1846
f 753/1084/945 1454/1083/944 1945/2054/1926 1178/2055/1927
f 1454/1083/944 752/1080/941 1177/2051/1925 1945/2054/1926
f 1945/2054/1926 1177/2051/1925 704/2053/1846 1140/2056/1853
f 1178/2055/1927 1945/2054/1926 1140/2056/1853 705/2057/1852
f 754/1088/949 1456/1087/948 1946/2058/1928 1179/2093/1929
f 1456/1087/948 753/1084/945 1178/2055/1927 1946/2058/1928
f 1946/2058/1928 1178/2055/1927 705/2057/1852 1143/2096/1859
f 1179/2093/1929 1946/2058/1928 1143/2096/1859 706/2099/1858
f 755/1092/953 1458/1091/952 1947/2102/1930 1180/2104/1931
f 1458/1091/952 754/1088/949 1179/2093/1929 1947/2102/1930
f 1947/2102/1930 1179/2093/1929 706/2099/1858 1146/2107/1865
f 1180/2104/1931 1947/2102/1930 1146/2107/1865 707/2110/1864
f 740/1034/895 1460/1094/955 1948/2113/1932 1165/2007/1903
f 1460/1094/955 755/1092/953 1180/2104/1931 1948/2113/1932
f 1948/2113/1932 1180/2104/1931 707/2110/1864 1148/2121/1868
f 1165/2007/1903 1948/2113/1932 1148/2121/1868 692/2008/1781
f 757/1768/1641 1036/1771/1644 1949/2059/1933 1182/2060/1934
f 1036/1771/1644 756/1712/1585 1181/2061/1935 1949/2059/1933
f 1949/2059/1933 1181/2061/1935 468/1900/1773 1147/1993/1866
f 1182/2060/1934 1949/2059/1933 1147/1993/1866 470/1989/1862
f 758/1764/1637 1035/1769/1642 1950/2062/1936 1183/2063/1937
f 1035/1769/1642 757/1768/1641 1182/2060/1934 1950/2062/1936
f 1950/2062/1936 1182/2060/1934 470/1989/1862 1144/1987/1860
f 1183/2063/1937 1950/2062/1936 1144/1987/1860 479/1983/1856
f 759/1760/1633 1033/2189/1638 1951/2188/1938 1184/2065/1939
f 1033/1765/1638 758/1764/1637 1183/2063/1937 1951/2064/1938
f 1951/2064/1938 1183/2063/1937 479/1983/1856 1141/2187/1854
f 1184/2065/1939 1951/2188/1938 1141/1981/1854 480/1977/1850
f 760/1756/1629 1031/1761/1634 1952/2066/1940 1185/2067/1941
f 1031/1761/1634 759/1760/1633 1184/2065/1939 1952/2066/1940
f 1952/2066/1940 1184/2065/1939 480/1977/1850 1138/1975/1848
f 1185/2067/1941 1952/2066/1940 1138/1975/1848 473/1971/1844
f 761/1752/1625 1029/1757/1630 1953/2068/1942 1186/2069/1943
f 1029/1757/1630 760/1756/1629 1185/2067/1941 1953/2068/1942
f 1953/2068/1942 1185/2067/1941 473/1971/1844 1135/1969/1842
f 1186/2069/1943 1953/2068/1942 1135/1969/1842 474/1965/1838
f 762/1748/1621 1027/1753/1626 1954/2070/1944 1187/2071/1945
f 1027/1753/1626 761/1752/1625 1186/2069/1943 1954/2070/1944
f 1954/2070/1944 1186/2069/1943 474/1965/1838 1132/1963/1836
f 1187/2071/1945 1954/2070/1944 1132/1963/1836 477/1959/1832
f 763/1744/1617 1025/1749/1622 1955/2072/1946 1188/2073/1947
f 1025/1749/1622 762/1748/1621 1187/2071/1945 1955/2072/1946
f 1955/2072/1946 1187/2071/1945 477/1959/1832 1129/1957/1830
f 1188/2073/1947 1955/2072/1946 1129/1957/1830 478/1953/1826
f 764/1740/1613 1023/1745/1618 1956/2074/1948 1189/2075/1949
f 1023/1745/1618 763/1744/1617 1188/2073/1947 1956/2074/1948
f 1956/2074/1948 1188/2073/1947 478/1953/1826 1126/1951/1824
f 1189/2075/1949 1956/2074/1948 1126/1951/1824 483/1947/1820
f 765/1736/1609 1021/1741/1614 1957/2076/1950 1190/2077/1951
f 1021/1741/1614 764/1740/1613 1189/2075/1949 1957/2076/1950
f 1957/2076/1950 1189/2075/1949 483/1947/1820 1123/1945/1818
f 1190/2077/1951 1957/2076/1950 1123/1945/1818 482/1941/1814
f 766/1732/1605 1019/1737/1610 1958/2078/1952 1191/2079/1953
f 1019/1737/1610 765/1736/1609 1190/2077/1951 1958/2078/1952
f 1958/2078/1952 1190/2077/1951 482/1941/1814 1120/1939/1812
f 1191/2079/1953 1958/2078/1952 1120/1939/1812 481/1935/1808
f 767/1728/1601 1017/1733/1606 1959/2080/1954 1192/2081/1955
f 1017/1733/1606 766/1732/1605 1191/2079/1953 1959/2080/1954
f 1959/2080/1954 1191/2079/1953 481/1935/1808 1117/1933/1806
f 1192/2081/1955 1959/2080/1954 1117/1933/1806 472/1929/1802
f 768/1724/1597 1015/1729/1602 1960/2082/1956 1193/2083/1957
f 1015/1729/1602 767/1728/1601 1192/2081/1955 1960/2082/1956
f 1960/2082/1956 1192/2081/1955 472/1929/1802 1114/1927/1800
f 1193/2083/1957 1960/2082/1956 1114/1927/1800 471/1923/1796
f 769/1720/1593 1013/1725/1598 1961/2084/1958 1194/2085/1959
f 1013/1725/1598 768/1724/1597 1193/2083/1957 1961/2084/1958
f 1961/2084/1958 1193/2083/1957 471/1923/1796 1111/1921/1794
f 1194/2085/1959 1961/2084/1958 1111/1921/1794 476/1917/1790
f 770/1716/1589 1011/1721/1594 1962/2086/1960 1195/2087/1961
f 1011/1721/1594 769/1720/1593 1194/2085/1959 1962/2086/1960
f 1962/2086/1960 1194/2085/1959 476/1917/1790 1108/1915/1788
f 1195/2087/1961 1962/2086/1960 1108/1915/1788 475/1911/1784
f 771/1710/1583 1009/1717/1590 1963/2088/1962 1196/2089/1963
f 1009/1717/1590 770/1716/1589 1195/2087/1961 1963/2088/1962
f 1963/2088/1962 1195/2087/1961 475/1911/1784 1105/1909/1782
f 1196/2089/1963 1963/2088/1962 1105/1909/1782 469/1904/1777
f 756/1712/1585 1006/1711/1584 1964/2090/1964 1181/2061/1935
f 1006/1711/1584 771/1710/1583 1196/2089/1963 1964/2090/1964
f 1964/2090/1964 1196/2089/1963 469/1904/1777 1101/1901/1774
f 1181/2061/1935 1964/2090/1964 1101/1901/1774 468/1900/1773
f 1725/1221/1084 1238/645/512 797/644/511 1525/1222/1085
f 1526/1223/1086 798/647/513 1238/645/512 1725/1221/1084
f 1740/1926/1115 1241/652/517 799/651/516 1540/1925/1114
f 1525/1222/1085 797/644/511 1241/652/517 1740/1926/1115
f 1729/1229/1093 1243/657/522 800/656/521 1529/1228/1092
f 1530/1230/1094 801/660/523 1243/657/522 1729/1229/1093
f 1736/1906/1107 1246/664/528 802/663/527 1536/1242/1106
f 1537/1907/1108 803/667/529 1246/664/528 1736/1906/1107
f 1727/2235/1089 1249/672/534 804/2233/533 1527/2234/1088
f 1528/1226/1090 805/674/535 1249/672/534 1727/2235/1089
f 1734/1239/1103 1252/679/540 806/678/539 1534/1238/1102
f 1535/1240/1104 807/681/541 1252/679/540 1734/1239/1103
f 1738/1914/1111 1255/686/546 808/685/545 1538/1913/1110
f 1539/1919/1112 809/688/547 1255/686/546 1738/1914/1111
f 1731/1233/1097 1258/692/552 810/691/551 1531/1232/1096
f 1532/1234/1098 811/695/553 1258/692/552 1731/1233/1097
f 1726/1224/1087 1260/697/555 798/647/513 1526/1223/1086
f 1527/1225/1088 804/670/533 1260/697/555 1726/1224/1087
f 1735/1241/1105 1261/699/557 807/681/541 1535/1240/1104
f 1536/1242/1106 802/663/527 1261/699/557 1735/1241/1105
f 1728/1227/1091 1262/701/559 805/674/535 1528/1226/1090
f 1529/1228/1092 800/656/521 1262/701/559 1728/1227/1091
f 1733/1237/1101 1264/705/563 812/704/562 1533/1236/1100
f 1534/1238/1102 806/678/539 1264/705/563 1733/1237/1101
f 1737/1908/1109 1265/707/565 803/667/529 1537/1907/1108
f 1538/1913/1110 808/685/545 1265/707/565 1737/1908/1109
f 1732/1235/1099 1266/709/567 811/695/553 1532/1234/1098
f 1533/1236/1100 812/704/562 1266/709/567 1732/1235/1099
f 1739/1920/1113 1267/711/569 809/688/547 1539/1919/1112
f 1540/1925/1114 799/651/516 1267/711/569 1739/1920/1113
f 1730/1231/1095 1268/713/571 801/660/523 1530/1230/1094
f 1531/1232/1096 810/691/551 1268/713/571 1730/1231/1095
g default
v 4.887875 3.257910 0.583258
v 8.940679 2.984050 0.652139
v 4.887875 3.257910 -0.583258
v 8.940679 2.984050 -0.652139
v 7.962807 -2.858562 0.652139
v 7.962807 -2.858562 -0.652139
v 3.942937 -3.855907 0.583258
v 3.942937 -3.855907 -0.583258
v 7.334740 3.984823 0.652139
v 7.334740 3.984823 -0.652139
v 9.345608 0.799765 0.652139
v 9.345609 0.799765 -0.652139
v 8.200316 3.819777 0.652139
v 8.200316 3.819777 -0.652139
v 6.361701 -3.807882 0.652139
v 6.361701 -3.807882 -0.652139
v 9.061565 -1.370694 0.652139
v 9.061565 -1.370694 -0.652139
v 4.802301 4.708162 0.583258
v 7.445451 4.777814 0.652139
v 7.445451 4.777814 -0.652139
v 4.802301 4.708162 -0.583258
v 9.573760 3.382471 0.652139
v 9.573760 3.382471 -0.652139
v 10.076852 0.835452 0.652139
v 10.076852 0.835452 -0.652139
v 8.457996 -3.405599 0.652139
v 8.457996 -3.405598 -0.652139
v 6.632819 -4.485976 0.652139
v 6.632819 -4.485977 -0.652139
v 8.543382 4.486939 0.652139
v 8.543382 4.486939 -0.652139
v 9.743778 -1.660126 0.652139
v 9.743778 -1.660126 -0.652139
v 3.590701 -5.132452 0.583258
v 3.590701 -5.132453 -0.583258
v 5.602016 3.716036 0.652139
v 5.602017 4.796154 0.652139
v 5.602017 4.796154 -0.652139
v 5.602016 3.716036 -0.652139
v 5.001817 3.259039 0.652139
v 4.934323 4.771132 0.652139
v 4.934323 4.771132 -0.652139
v 5.001816 3.259039 -0.652139
v 6.057530 3.811626 0.652139
v 6.071138 4.801514 0.652139
v 6.071138 4.801514 -0.652139
v 6.057530 3.811626 -0.652139
v 4.887276 3.036731 0.000000
v 5.010252 2.942891 0.000000
v 5.602016 3.507641 0.000000
v 6.055830 3.618469 0.000000
v 7.320905 3.819564 0.000000
v 8.157442 3.681211 0.000000
v 8.861561 2.924038 0.000000
v 9.254222 0.795306 0.000000
v 8.976306 -1.334522 0.000000
v 7.900922 -2.790196 0.000000
v 6.327818 -3.723138 0.000000
v 3.936602 -3.701983 0.000000
v 3.537027 -5.150095 0.000000
v 6.649143 -4.526806 0.000000
v 8.487812 -3.438535 0.000000
v 9.784855 -1.677554 0.000000
v 10.120881 0.837600 0.000000
v 9.611879 3.406273 0.000000
v 8.564038 4.526095 0.000000
v 7.452115 4.824345 0.000000
v 6.071958 4.859840 0.000000
v 5.602018 4.859840 0.000000
v 4.930259 4.859840 0.000000
v 4.789052 4.755605 0.000000
v 5.031725 -4.143437 0.652139
v 4.947008 -4.990387 0.652139
v 4.943250 -5.036518 0.000000
v 4.947008 -4.990387 -0.652139
v 5.031725 -4.143437 -0.652139
v 5.043654 -4.032725 -0.000000
v 4.008707 -5.236245 0.000000
v 4.020325 -5.190593 0.652139
v 4.340680 -3.970692 0.652139
v 4.388387 -3.790436 0.000000
v 4.340680 -3.970692 -0.652139
v 4.020325 -5.190593 -0.652139
v 5.310660 3.539297 0.652139
v 5.299000 4.786479 0.652139
v 5.298297 4.859840 0.000000
v 5.299000 4.786479 -0.652139
v 5.310660 3.539297 -0.652139
v 5.312117 3.289141 0.000000
v 5.298368 4.852504 0.374376
v 5.103224 4.859840 0.000000
v 5.105498 4.778479 0.652139
v 5.143265 3.393036 -0.652139
v 5.147986 3.107874 0.000000
v 5.311972 3.341796 0.374376
v 4.887342 3.096710 -0.367332
v 5.009409 3.011785 -0.374376
v 5.311972 3.341796 -0.374376
v 5.602016 3.549999 -0.374376
v 6.055999 3.658141 -0.374376
v 7.322288 3.855483 -0.374376
v 8.161728 3.711245 -0.374376
v 8.869473 2.933035 -0.374376
v 9.263361 0.795751 -0.374376
v 8.984832 -1.338140 -0.374376
v 7.907111 -2.797034 -0.374376
v 6.331206 -3.731613 -0.374376
v 5.042461 -4.043796 -0.374376
v 3.937367 -3.721183 -0.367332
v 6.647511 -4.522722 -0.374376
v 4.943626 -5.031905 -0.374376
v 5.720255 -4.792441 -0.652139
v 8.484831 -3.435243 -0.374376
v 7.574405 -4.025036 -0.652139
v 9.780747 -1.675811 -0.374376
v 9.202967 -2.626328 -0.652139
v 10.116479 0.837385 -0.374376
v 10.029003 -0.487920 -0.652139
v 9.608066 3.403893 -0.374376
v 9.916548 2.214368 -0.652139
v 8.561973 4.522180 -0.374376
v 9.083795 4.102942 -0.652139
v 7.451449 4.819692 -0.374376
v 8.030122 4.689185 -0.652139
v 6.071876 4.854007 -0.374376
v 5.602017 4.853471 -0.374376
v 5.746276 4.798416 -0.652139
v 4.930666 4.850969 -0.374376
v 5.298368 4.852504 -0.374376
v 5.105498 4.778479 -0.652139
v 4.835581 4.759948 -0.643585
v 4.790702 4.751588 -0.367332
v 4.788082 4.504651 0.000000
v 4.804749 4.525230 0.643585
v 4.804749 4.525230 -0.643585
v 4.944107 4.557564 -0.760829
v 5.300690 4.609856 -0.760829
v 6.069165 4.661091 -0.760829
v 5.602017 4.642825 -0.760829
v 7.429401 4.665788 -0.760829
v 8.493650 4.392668 -0.760829
v 9.481987 3.325167 -0.760829
v 9.970847 0.830278 -0.760829
v 9.644882 -1.618169 -0.760829
v 8.386212 -3.326298 -0.760829
v 6.593517 -4.387677 -0.760829
v 4.956470 -4.877827 -0.760829
v 3.499966 -5.005304 0.000000
v 3.578740 -5.020892 -0.643585
v 3.543695 -5.147895 -0.367332
v 3.543695 -5.147895 0.367332
v 3.578740 -5.020891 0.643585
v 4.956470 -4.877827 0.760829
v 6.593517 -4.387677 0.760829
v 8.386210 -3.326298 0.760829
v 9.644882 -1.618169 0.760829
v 9.970847 0.830278 0.760829
v 9.481987 3.325167 0.760829
v 8.493650 4.392668 0.760829
v 7.429401 4.665788 0.760829
v 6.069165 4.661091 0.760829
v 5.602017 4.642825 0.760829
v 4.944107 4.557564 0.760829
v 5.300690 4.609856 0.760829
v 4.102708 -3.837203 0.643585
v 4.050657 -5.072130 0.760829
v 3.733350 -5.181690 0.643585
v 3.716222 -5.226028 0.000000
v 4.009868 -5.231681 0.374376
v 4.009868 -5.231679 -0.374376
v 3.733349 -5.181690 -0.643585
v 4.050657 -5.072130 -0.760829
v 4.102709 -3.837202 -0.643585
v 4.383616 -3.808462 -0.374376
v 4.153489 -3.634341 0.000000
v 4.383616 -3.808462 0.374376
v 4.392559 -5.170617 0.000000
v 4.401767 -5.124564 0.652139
v 4.626737 -4.098583 0.652139
v 4.659191 -3.954643 0.000000
v 4.626737 -4.098585 -0.652139
v 4.401767 -5.124564 -0.652139
v 5.465239 3.647454 0.652139
v 5.464074 4.792393 0.652139
v 5.464003 4.859840 0.000000
v 5.464074 4.792393 -0.652139
v 5.465239 3.647454 -0.652139
v 5.465385 3.423214 0.000000
v 4.835581 4.759948 0.643585
v 4.930666 4.850970 0.374376
v 4.829445 4.849416 0.000000
v 4.790702 4.751588 0.367332
v 9.959084 2.227537 0.000000
v 9.608066 3.403893 0.374376
v 9.916548 2.214368 0.652139
v 10.116476 0.837386 0.374376
v 7.598233 -4.062526 0.000000
v 8.484831 -3.435242 0.374376
v 7.574405 -4.025037 0.652139
v 6.647511 -4.522723 0.374376
v 8.042788 4.732049 0.000000
v 7.451449 4.819692 0.374376
v 8.030122 4.689185 0.652139
v 8.561973 4.522180 0.374376
v 10.072663 -0.495972 0.000000
v 10.029001 -0.487920 0.652139
v 9.780747 -1.675811 0.374376
v 9.113811 4.135671 0.000000
v 9.083795 4.102942 0.652139
v 4.943626 -5.031905 0.374376
v 5.726200 -4.836507 0.000000
v 5.720255 -4.792441 0.652139
v 9.238949 -2.652342 0.000000
v 9.202967 -2.626328 0.652139
v 4.887342 3.096710 0.367332
v 4.931754 2.875878 0.000000
v 5.009409 3.011785 0.374376
v 4.921891 3.197725 0.643585
v 9.121832 1.966949 0.000000
v 9.263361 0.795751 0.374376
v 9.210117 1.995343 0.652139
v 8.869473 2.933035 0.374376
v 7.129213 -3.324593 0.000000
v 6.331206 -3.731613 0.374376
v 7.178670 -3.402406 0.652139
v 7.907111 -2.797034 0.374376
v 7.793470 3.801718 0.000000
v 8.161728 3.711245 0.374376
v 7.819760 3.957607 0.652139
v 7.322288 3.855483 0.374376
v 9.213260 -0.337462 0.000000
v 8.984832 -1.338140 0.374376
v 9.303880 -0.354176 0.652139
v 8.522982 3.447521 0.000000
v 8.585282 3.549403 0.652139
v 5.611839 -3.959547 0.000000
v 5.042461 -4.043796 0.374376
v 5.623763 -4.052506 0.652139
v 8.530712 -2.140310 0.000000
v 8.605395 -2.194301 0.652139
v 4.921891 3.197725 -0.643585
v 9.210117 1.995343 -0.652139
v 7.178670 -3.402406 -0.652139
v 7.819760 3.957607 -0.652139
v 9.303880 -0.354176 -0.652139
v 8.585282 3.549403 -0.652139
v 3.937367 -3.721182 0.367332
v 5.623763 -4.052506 -0.652139
v 8.605395 -2.194302 -0.652139
v 5.744914 3.756762 0.652139
v 5.746358 4.859840 0.000000
v 5.602017 4.853471 0.374376
v 5.746276 4.798416 0.652139
v 6.071876 4.854007 0.374376
v 5.744914 3.756762 -0.652139
v 5.602016 3.549999 0.374376
v 5.744744 3.556142 0.000000
v 6.055999 3.658141 0.374376
v 5.143265 3.393036 0.652139
v 4.830128 4.840660 0.373202
v 9.954830 2.226220 0.374376
v 7.595851 -4.058779 0.374376
v 8.041521 4.727763 0.374376
v 10.068297 -0.495167 0.374376
v 9.110810 4.132399 0.374376
v 5.725606 -4.832101 0.374376
v 9.235351 -2.649740 0.374376
v 4.930815 2.946666 0.373202
v 9.130661 1.970088 0.374376
v 7.134159 -3.332375 0.374376
v 7.796098 3.836202 0.374376
v 9.222321 -0.339133 0.374376
v 8.529213 3.467296 0.374376
v 5.613031 -3.968842 0.374376
v 8.538182 -2.145709 0.374376
v 5.746350 4.853697 0.374376
v 5.744761 3.596852 0.374376
v 5.103451 4.851704 0.374376
v 5.147514 3.169226 0.374376
v 4.930815 2.946666 -0.373202
v 5.147514 3.169226 -0.374376
v 5.744761 3.596852 -0.374376
v 7.796098 3.836202 -0.374376
v 8.529213 3.467296 -0.374376
v 9.130661 1.970088 -0.374376
v 9.222322 -0.339133 -0.374376
v 8.538182 -2.145709 -0.374376
v 7.134159 -3.332375 -0.374376
v 5.613031 -3.968843 -0.374376
v 5.725605 -4.832101 -0.374376
v 7.595851 -4.058777 -0.374376
v 9.235351 -2.649740 -0.374376
v 10.068297 -0.495168 -0.374376
v 9.954830 2.226220 -0.374376
v 9.110809 4.132399 -0.374376
v 8.041521 4.727763 -0.374376
v 5.746350 4.853697 -0.374376
v 5.103451 4.851704 -0.374376
v 4.830128 4.840660 -0.373202
v 4.789774 4.513131 0.373202
v 4.789774 4.513131 -0.373202
v 4.847096 4.541984 -0.749088
v 5.110973 4.582599 -0.760829
v 5.746079 4.650532 -0.760829
v 7.999626 4.585986 -0.760829
v 9.011529 4.024147 -0.760829
v 9.814142 2.182662 -0.760829
v 9.923886 -0.468531 -0.760829
v 9.116340 -2.563700 -0.760829
v 7.517038 -3.934778 -0.760829
v 5.705985 -4.686199 -0.760829
v 3.507907 -5.006677 -0.373202
v 3.507907 -5.006677 0.373202
v 5.705985 -4.686199 0.760829
v 7.517038 -3.934778 0.760829
v 9.116340 -2.563700 0.760829
v 9.923886 -0.468531 0.760829
v 9.814142 2.182662 0.760829
v 9.011529 4.024147 0.760829
v 7.999626 4.585986 0.760829
v 5.746079 4.650532 0.760829
v 5.110973 4.582599 0.760829
v 4.847096 4.541985 0.749088
v 3.762412 -5.060437 0.749088
v 3.718251 -5.221652 0.373202
v 3.718251 -5.221652 -0.373202
v 3.762412 -5.060437 -0.749088
v 4.148676 -3.654872 -0.373202
v 4.148676 -3.654871 0.373202
v 4.393480 -5.166013 0.374376
v 4.425269 -5.008851 0.760829
v 4.655946 -3.969039 0.374376
v 4.655946 -3.969039 -0.374376
v 4.425269 -5.008851 -0.760829
v 4.393480 -5.166012 -0.374376
v 5.464242 4.630011 0.760829
v 5.464010 4.853095 0.374376
v 5.464010 4.853095 -0.374376
v 5.464243 4.630011 -0.760829
v 5.465370 3.469427 -0.374376
v 5.465370 3.469427 0.374376
v 7.326439 3.906676 -0.531373
v 7.803986 3.884543 -0.531373
v 7.581042 3.859866 -0.374376
v 8.174592 3.754163 -0.531373
v 7.984110 3.786120 -0.374376
v 8.157442 3.687952 -0.193226
v 7.793470 3.809591 -0.193226
v 8.547902 3.498659 -0.531373
v 8.345608 3.613206 -0.374376
v 8.893208 2.951288 -0.531373
v 8.706012 3.248808 -0.374376
v 8.861561 2.925286 -0.193226
v 8.522982 3.451515 -0.193226
v 9.157146 1.978631 -0.531373
v 9.013064 2.495271 -0.374376
v 9.290775 0.797089 -0.531373
v 9.216135 1.392057 -0.374376
v 9.254222 0.795306 -0.193226
v 9.121832 1.967073 -0.193226
v 9.249507 -0.344148 -0.531373
v 9.266212 0.215743 -0.374376
v 9.010410 -1.348992 -0.531373
v 9.129318 -0.860039 -0.374376
v 8.976306 -1.334523 -0.193226
v 9.213260 -0.337462 -0.193226
v 8.560587 -2.161906 -0.531373
v 8.786497 -1.764600 -0.374376
v 7.925676 -2.817543 -0.531373
v 8.243763 -2.487756 -0.374376
v 7.900922 -2.790197 -0.193226
v 8.530712 -2.140309 -0.193226
v 7.148995 -3.355718 -0.531373
v 7.532099 -3.079831 -0.374376
v 6.341371 -3.757037 -0.531373
v 6.728718 -3.550892 -0.374376
v 6.327818 -3.723139 -0.193226
v 7.129213 -3.324593 -0.193226
v 5.616608 -3.996730 -0.531373
v 5.957054 -3.870763 -0.374376
v 5.038882 -4.077009 -0.531373
v 5.305910 -4.026352 -0.374376
v 5.043654 -4.032726 -0.193226
v 5.611839 -3.959547 -0.193226
v 3.936602 -3.701985 -0.193226
v 3.836530 -3.906159 -0.369680
v 3.939658 -3.778779 -0.503194
v 3.882503 -3.985915 -0.617922
v 6.642614 -4.510473 -0.531373
v 6.176449 -4.694337 -0.374376
v 5.723823 -4.818882 -0.531373
v 6.166258 -4.656082 -0.652139
v 6.649143 -4.526805 -0.193226
v 5.726200 -4.836507 -0.193226
v 4.943250 -5.036518 -0.193226
v 5.309743 -4.942472 -0.374376
v 4.944753 -5.018066 -0.531373
v 5.309081 -4.901669 -0.652139
v 8.475886 -3.425361 -0.531373
v 8.052833 -3.766858 -0.374376
v 7.588702 -4.047530 -0.531373
v 8.028646 -3.734944 -0.652139
v 8.487812 -3.438537 -0.193226
v 7.598233 -4.062526 -0.193226
v 7.124027 -4.310800 -0.374376
v 7.105665 -4.275504 -0.652139
v 9.768425 -1.670583 -0.531373
v 9.537726 -2.188233 -0.374376
v 9.224556 -2.641935 -0.531373
v 9.502832 -2.168555 -0.652139
v 9.784855 -1.677553 -0.193226
v 9.238949 -2.652340 -0.193226
v 8.881693 -3.064140 -0.374376
v 8.852062 -3.037366 -0.652139
v 10.103269 0.836741 -0.531373
v 10.120412 0.156308 -0.374376
v 10.055198 -0.492751 -0.531373
v 10.080736 0.159068 -0.652139
v 10.120881 0.837601 -0.193226
v 10.072663 -0.495972 -0.193226
v 9.956340 -1.108664 -0.374376
v 9.917926 -1.097116 -0.652139
v 9.596632 3.396752 -0.531373
v 9.803093 2.859957 -0.374376
v 9.942069 2.222269 -0.531373
v 9.766397 2.843198 -0.652139
v 9.611879 3.406273 -0.193226
v 9.959084 2.227537 -0.193226
v 10.060287 1.539693 -0.374376
v 10.021078 1.532836 -0.652139
v 8.555776 4.510433 -0.531373
v 8.835987 4.359097 -0.374376
v 9.101805 4.122580 -0.531373
v 8.813209 4.326428 -0.652139
v 8.564038 4.526095 -0.193226
v 9.113811 4.135671 -0.193226
v 9.372738 3.821018 -0.374376
v 9.341769 3.795339 -0.652139
v 7.449450 4.805733 -0.531373
v 7.763168 4.784400 -0.374376
v 8.037721 4.714904 -0.531373
v 7.754708 4.744345 -0.652139
v 7.452115 4.824345 -0.193226
v 8.042788 4.732049 -0.193226
v 8.302470 4.642712 -0.374376
v 8.287681 4.605620 -0.652139
v 6.071629 4.836510 -0.531373
v 6.071958 4.859840 -0.193226
v 5.602017 4.834365 -0.531373
v 5.746325 4.835270 -0.531373
v 5.602017 4.859840 -0.193226
v 5.746358 4.859840 -0.193226
v 5.874066 4.853826 -0.374376
v 5.873771 4.799697 -0.652139
v 4.931885 4.824357 -0.531373
v 5.010527 4.851309 -0.374376
v 5.104133 4.827296 -0.531373
v 5.013405 4.774526 -0.652139
v 4.930259 4.859840 -0.193226
v 5.103224 4.859840 -0.193226
v 5.298297 4.859840 -0.193226
v 5.298579 4.830496 -0.531373
v 4.829445 4.849500 -0.193226
v 4.804254 4.810853 -0.369680
v 4.789052 4.756435 -0.193226
v 4.871398 4.850726 -0.374376
v 4.875680 4.768698 -0.652139
v 4.832175 4.813808 -0.526676
v 4.812130 4.737615 -0.617922
v 4.795649 4.733724 -0.503194
v 4.867619 3.294673 -0.369680
v 4.784632 4.651369 0.000000
v 4.788082 4.507482 0.193226
v 4.786390 4.653151 0.369680
v 4.797674 4.314664 0.000000
v 4.799308 4.329115 0.374376
v 4.814011 4.354869 0.652139
v 4.794853 4.518747 0.526676
v 4.801182 4.644283 0.617922
v 4.799308 4.329115 -0.374376
v 4.794853 4.518747 -0.526676
v 4.814011 4.354869 -0.652139
v 4.788082 4.507482 -0.193226
v 4.786390 4.653151 -0.369680
v 4.801182 4.644283 -0.617922
v 4.938386 4.682424 -0.724599
v 4.887134 4.549266 -0.760829
v 4.840336 4.670087 -0.713864
v 4.951514 4.395879 -0.772906
v 4.856515 4.373404 -0.760829
v 4.820898 4.533475 -0.713864
v 5.299702 4.713118 -0.724599
v 5.107772 4.697118 -0.724599
v 5.301969 4.476142 -0.772906
v 5.115118 4.434306 -0.772906
v 5.021106 4.569126 -0.760829
v 6.070319 4.743188 -0.724599
v 5.872982 4.654897 -0.760829
v 5.746194 4.736991 -0.724599
v 6.067672 4.554781 -0.772906
v 5.745929 4.538575 -0.772906
v 5.602017 4.526747 -0.772906
v 5.602017 4.732467 -0.724599
v 7.417252 4.580977 -0.772906
v 7.438784 4.731282 -0.724599
v 7.976540 4.507857 -0.772906
v 8.248125 4.506398 -0.760829
v 8.455999 4.321298 -0.772906
v 7.732078 4.637195 -0.760829
v 8.017456 4.646320 -0.724599
v 8.522725 4.447783 -0.724599
v 8.956819 3.964494 -0.772906
v 9.258926 3.726643 -0.760829
v 9.412506 3.281785 -0.772906
v 8.752276 4.239037 -0.760829
v 9.053777 4.070214 -0.724599
v 9.535641 3.358670 -0.724599
v 9.736614 2.158660 -0.772906
v 9.916187 1.514491 -0.760829
v 9.890595 0.826362 -0.772906
v 9.668234 2.798365 -0.760829
v 9.874012 2.201199 -0.724599
v 10.032821 0.833303 -0.724599
v 9.844306 -0.453854 -0.772906
v 9.815164 -1.066223 -0.760829
v 9.570011 -1.586406 -0.772906
v 9.974597 0.166453 -0.760829
v 9.985342 -0.479866 -0.724599
v 9.702699 -1.642700 -0.724599
v 9.050760 -2.516286 -0.772906
v 8.772797 -2.965749 -0.760829
v 8.331866 -3.266263 -0.772906
v 9.409489 -2.115917 -0.760829
v 9.166986 -2.600315 -0.724599
v 8.428180 -3.372660 -0.724599
v 7.473608 -3.866447 -0.772906
v 7.056547 -4.181083 -0.760829
v 6.563763 -4.313260 -0.772906
v 7.963942 -3.649579 -0.760829
v 7.550577 -3.987547 -0.724599
v 6.616494 -4.445146 -0.724599
v 4.950766 -4.944256 -0.724599
v 5.307478 -4.791926 -0.760829
v 5.714311 -4.748375 -0.724599
v 4.964559 -4.789255 -0.772906
v 5.695275 -4.605432 -0.772906
v 6.138998 -4.553749 -0.760829
v 3.501837 -5.091560 0.000000
v 3.499967 -5.005305 -0.193226
v 3.509531 -5.091244 -0.369680
v 3.537027 -5.150097 -0.193226
v 3.526874 -4.876780 0.000000
v 3.534836 -4.878935 -0.374376
v 3.606493 -4.898342 -0.652139
v 3.531729 -5.010795 -0.526676
v 3.576248 -5.095821 -0.617922
v 3.563700 -5.141293 -0.503194
v 3.534836 -4.878935 0.374376
v 3.531729 -5.010795 0.526676
v 3.606493 -4.898342 0.652139
v 3.499967 -5.005304 0.193226
v 3.537027 -5.150097 0.193226
v 3.509531 -5.091244 0.369680
v 3.563701 -5.141293 0.503194
v 3.576248 -5.095821 0.617922
v 5.695275 -4.605432 0.772906
v 6.138998 -4.553749 0.760829
v 6.563763 -4.313258 0.772906
v 4.964559 -4.789257 0.772906
v 5.307478 -4.791926 0.760829
v 4.950766 -4.944256 0.724599
v 5.714311 -4.748375 0.724599
v 6.616494 -4.445147 0.724599
v 7.473608 -3.866446 0.772906
v 7.963942 -3.649578 0.760829
v 8.331866 -3.266263 0.772906
v 7.056547 -4.181083 0.760829
v 7.550577 -3.987547 0.724599
v 8.428179 -3.372660 0.724599
v 9.050760 -2.516286 0.772906
v 9.409489 -2.115917 0.760829
v 9.570011 -1.586406 0.772906
v 8.772797 -2.965749 0.760829
v 9.166987 -2.600315 0.724599
v 9.702699 -1.642700 0.724599
v 9.844306 -0.453854 0.772906
v 9.974597 0.166453 0.760829
v 9.890595 0.826362 0.772906
v 9.815164 -1.066223 0.760829
v 9.985341 -0.479866 0.724599
v 10.032821 0.833303 0.724599
v 9.736614 2.158659 0.772906
v 9.668234 2.798365 0.760829
v 9.412506 3.281784 0.772906
v 9.916187 1.514491 0.760829
v 9.874012 2.201199 0.724599
v 9.535641 3.358670 0.724599
v 8.956819 3.964494 0.772906
v 8.752276 4.239037 0.760829
v 8.455999 4.321298 0.772906
v 9.258926 3.726643 0.760829
v 9.053777 4.070214 0.724599
v 8.522725 4.447783 0.724599
v 7.976540 4.507857 0.772906
v 7.732078 4.637195 0.760829
v 7.417252 4.580977 0.772906
v 8.248125 4.506398 0.760829
v 8.017456 4.646320 0.724599
v 7.438784 4.731282 0.724599
v 6.070319 4.743188 0.724599
v 6.067672 4.554781 0.772906
v 5.602017 4.732467 0.724599
v 5.746194 4.736991 0.724599
v 5.602017 4.526747 0.772906
v 5.745929 4.538575 0.772906
v 5.872982 4.654897 0.760829
v 4.938386 4.682424 0.724599
v 5.021106 4.569126 0.760829
v 5.107772 4.697118 0.724599
v 4.951514 4.395879 0.772906
v 5.115118 4.434306 0.772906
v 5.301969 4.476142 0.772906
v 5.299702 4.713118 0.724599
v 4.856516 4.373404 0.760829
v 4.820898 4.533475 0.713864
v 4.887134 4.549266 0.760829
v 4.840336 4.670087 0.713864
v 4.292974 -4.150946 0.724599
v 4.215270 -3.893901 0.652139
v 4.046626 -4.035157 0.713864
v 4.007695 -3.826812 0.617922
v 4.031944 -5.144940 0.724599
v 3.895383 -5.073352 0.760829
v 3.744140 -5.136200 0.713864
v 3.863001 -5.194123 0.652139
v 4.078910 -4.963269 0.772906
v 3.793865 -4.942788 0.760829
v 3.656249 -5.040194 0.713864
v 3.640516 -5.157513 0.617922
v 3.610078 -5.195461 0.000000
v 3.716222 -5.226029 0.193226
v 3.614389 -5.191897 0.369680
v 3.850688 -5.240167 0.000000
v 4.008707 -5.236245 0.193226
v 3.851919 -5.235562 0.374376
v 4.013354 -5.217985 0.531373
v 3.724340 -5.208524 0.526676
v 4.013354 -5.217985 -0.531373
v 3.851919 -5.235562 -0.374376
v 3.724340 -5.208524 -0.526676
v 3.863001 -5.194123 -0.652139
v 4.008707 -5.236245 -0.193226
v 3.716222 -5.226029 -0.193226
v 3.614389 -5.191897 -0.369680
v 3.640516 -5.157513 -0.617922
v 3.793865 -4.942788 -0.760829
v 3.656249 -5.040194 -0.713864
v 4.078910 -4.963269 -0.772906
v 3.895383 -5.073353 -0.760829
v 4.031944 -5.144940 -0.724599
v 3.744140 -5.136200 -0.713864
v 4.007695 -3.826812 -0.617922
v 4.046626 -4.035157 -0.713864
v 4.215270 -3.893900 -0.652139
v 4.292974 -4.150946 -0.724599
v 4.388387 -3.790436 -0.193226
v 4.262899 -3.718636 -0.374376
v 4.153489 -3.634342 -0.193226
v 4.268191 -3.699162 0.000000
v 4.369304 -3.862539 -0.531373
v 4.134237 -3.716467 -0.526676
v 4.040791 -3.646572 -0.369680
v 4.043289 -3.625454 0.000000
v 4.369304 -3.862539 0.531373
v 4.262899 -3.718636 0.374376
v 4.134237 -3.716467 0.526676
v 4.388387 -3.790436 0.193226
v 4.153489 -3.634342 0.193226
v 4.040791 -3.646571 0.369680
v 4.186576 -5.208060 0.374376
v 4.396243 -5.152196 0.531373
v 4.196177 -5.166884 0.652139
v 4.185509 -5.212634 0.000000
v 4.392560 -5.170618 0.193226
v 4.641318 -5.111483 0.000000
v 4.642017 -5.106856 0.374376
v 4.648307 -5.065207 0.652139
v 4.665958 -4.950805 0.760829
v 4.410974 -5.078510 0.724599
v 4.446054 -4.910404 0.772906
v 4.223727 -5.049961 0.760829
v 4.808969 -4.135050 0.652139
v 4.594284 -4.242525 0.724599
v 4.474239 -4.041359 0.652139
v 4.829456 -4.021672 0.374376
v 4.646210 -4.012219 0.531373
v 4.831733 -4.009074 0.000000
v 4.659191 -3.954643 0.193226
v 4.515065 -3.878679 0.000000
v 4.510982 -3.894948 0.374376
v 4.829456 -4.021672 -0.374376
v 4.659191 -3.954643 -0.193226
v 4.808969 -4.135050 -0.652139
v 4.646210 -4.012219 -0.531373
v 4.474239 -4.041359 -0.652139
v 4.510982 -3.894948 -0.374376
v 4.594284 -4.242527 -0.724599
v 4.223727 -5.049961 -0.760829
v 4.410974 -5.078510 -0.724599
v 4.196177 -5.166884 -0.652139
v 4.446054 -4.910404 -0.772906
v 4.665958 -4.950805 -0.760829
v 4.648307 -5.065209 -0.652139
v 4.642017 -5.106856 -0.374376
v 4.396243 -5.152196 -0.531373
v 4.392560 -5.170618 -0.193226
v 4.186576 -5.208059 -0.374376
v 5.390215 3.598740 0.652139
v 5.465093 3.802312 0.724599
v 5.386227 4.620931 0.760829
v 5.464143 4.724946 0.724599
v 5.385551 4.789729 0.652139
v 5.464371 4.507078 0.772906
v 5.464003 4.859840 0.193226
v 5.385271 4.859840 0.000000
v 5.385298 4.852829 0.374376
v 5.464032 4.832862 0.531373
v 5.385298 4.852829 -0.374376
v 5.464032 4.832862 -0.531373
v 5.385551 4.789729 -0.652139
v 5.464003 4.859840 -0.193226
v 5.464143 4.724946 -0.724599
v 5.464371 4.507078 -0.772906
v 5.386227 4.620931 -0.760829
v 5.465093 3.802312 -0.724599
v 5.390215 3.598740 -0.652139
v 5.465385 3.433126 -0.193226
v 5.390798 3.362866 0.000000
v 5.390740 3.411965 -0.374376
v 5.465327 3.538681 -0.531373
v 5.390740 3.411965 0.374376
v 5.465327 3.538681 0.531373
v 5.465385 3.433126 0.193226
v 4.812131 4.737615 0.617922
v 4.832175 4.813808 0.526676
v 4.804254 4.810853 0.369680
v 4.795648 4.733725 0.503194
v 4.875681 4.768698 0.652139
v 4.931885 4.824357 0.531373
v 4.871399 4.850726 0.374376
v 4.930259 4.859840 0.193226
v 4.870922 4.859840 0.000000
v 4.829445 4.849500 0.193226
v 4.803072 4.818146 0.000000
v 4.789052 4.756435 0.193226
v 10.064645 1.540455 0.000000
v 9.959084 2.227537 0.193226
v 10.060287 1.539693 0.374376
v 10.120881 0.837601 0.193226
v 9.807171 2.861820 0.000000
v 9.611879 3.406273 0.193226
v 9.803093 2.859957 0.374376
v 9.596632 3.396752 0.531373
v 9.766397 2.843198 0.652139
v 9.942069 2.222269 0.531373
v 10.021078 1.532836 0.652139
v 10.103269 0.836741 0.531373
v 7.126067 -4.314723 0.000000
v 7.598233 -4.062526 0.193226
v 7.124027 -4.310800 0.374376
v 6.649143 -4.526806 0.193226
v 8.055520 -3.770402 0.000000
v 8.487812 -3.438537 0.193226
v 8.052833 -3.766858 0.374376
v 8.475886 -3.425361 0.531373
v 8.028646 -3.734944 0.652139
v 7.588702 -4.047531 0.531373
v 7.105665 -4.275504 0.652139
v 6.642614 -4.510473 0.531373
v 8.304113 4.646834 0.000000
v 8.042788 4.732049 0.193226
v 8.302470 4.642712 0.374376
v 8.564038 4.526095 0.193226
v 7.764108 4.788851 0.000000
v 7.452115 4.824345 0.193226
v 7.763168 4.784400 0.374376
v 7.449450 4.805733 0.531373
v 7.754708 4.744345 0.652139
v 8.037721 4.714904 0.531373
v 8.287681 4.605620 0.652139
v 8.555776 4.510433 0.531373
v 9.960608 -1.109947 0.000000
v 10.072663 -0.495972 0.193226
v 9.956340 -1.108664 0.374376
v 9.784855 -1.677553 0.193226
v 10.124821 0.156001 0.000000
v 10.120412 0.156308 0.374376
v 10.080735 0.159068 0.652139
v 10.055198 -0.492751 0.531373
v 9.917923 -1.097116 0.652139
v 9.768425 -1.670583 0.531373
v 9.376178 3.823872 0.000000
v 9.113811 4.135671 0.193226
v 9.372738 3.821018 0.374376
v 8.838518 4.362726 0.000000
v 8.835987 4.359097 0.374376
v 8.813209 4.326428 0.652139
v 9.101805 4.122580 0.531373
v 9.341769 3.795339 0.652139
v 4.944753 -5.018065 0.531373
v 5.309743 -4.942472 0.374376
v 5.723823 -4.818880 0.531373
v 5.309081 -4.901669 0.652139
v 4.943250 -5.036518 0.193226
v 5.309816 -4.947005 0.000000
v 5.726200 -4.836507 0.193226
v 6.177582 -4.698587 0.000000
v 6.176449 -4.694337 0.374376
v 6.166258 -4.656082 0.652139
v 8.884986 -3.067114 0.000000
v 9.238949 -2.652340 0.193226
v 8.881693 -3.064140 0.374376
v 9.541604 -2.190419 0.000000
v 9.537727 -2.188233 0.374376
v 9.502832 -2.168556 0.652139
v 9.224556 -2.641936 0.531373
v 8.852062 -3.037367 0.652139
v 4.887543 3.174221 0.503194
v 4.906905 2.986384 0.369680
v 4.928001 3.046319 0.526676
v 4.900138 3.216658 0.617922
v 4.887276 3.051363 0.193226
v 4.907443 2.919200 0.000000
v 4.931754 2.891979 0.193226
v 4.964570 2.889522 0.000000
v 5.010252 2.958424 0.193226
v 4.963583 2.960527 0.374376
v 5.006878 3.109736 0.531373
v 4.954695 3.214925 0.652139
v 9.004602 2.489783 0.000000
v 9.121832 1.967073 0.193226
v 9.013064 2.495271 0.374376
v 8.861561 2.925286 0.193226
v 9.207092 1.390476 0.000000
v 9.254222 0.795306 0.193226
v 9.216135 1.392057 0.374376
v 9.290775 0.797089 0.531373
v 9.297517 1.406290 0.652139
v 9.157146 1.978631 0.531373
v 9.089229 2.532678 0.652139
v 8.893208 2.951288 0.531373
v 7.526522 -3.072471 0.000000
v 7.129213 -3.324593 0.193226
v 7.532099 -3.079830 0.374376
v 7.900922 -2.790197 0.193226
v 6.724483 -3.542753 0.000000
v 6.327818 -3.723139 0.193226
v 6.728718 -3.550893 0.374376
v 6.341371 -3.757037 0.531373
v 6.766829 -3.624154 0.652139
v 7.148995 -3.355718 0.531373
v 7.582303 -3.146065 0.652139
v 7.925676 -2.817543 0.531373
v 7.579091 3.824546 0.000000
v 7.793470 3.809591 0.193226
v 7.581042 3.859866 0.374376
v 7.320905 3.827645 0.193226
v 7.980700 3.753225 0.000000
v 8.157442 3.687952 0.193226
v 7.984110 3.786120 0.374376
v 8.174592 3.754163 0.531373
v 8.014803 3.902426 0.652139
v 7.803986 3.884543 0.531373
v 7.598600 3.985134 0.652139
v 7.326439 3.906676 0.531373
v 9.257063 0.216380 0.000000
v 9.213260 -0.337461 0.193226
v 9.266212 0.215743 0.374376
v 9.120459 -0.857376 0.000000
v 8.976306 -1.334523 0.193226
v 9.129318 -0.860039 0.374376
v 9.010411 -1.348992 0.531373
v 9.209050 -0.884008 0.652139
v 9.249507 -0.344147 0.531373
v 9.348563 0.210013 0.652139
v 8.340355 3.587822 0.000000
v 8.522982 3.451515 0.193226
v 8.345608 3.613206 0.374376
v 8.698868 3.234772 0.000000
v 8.706012 3.248808 0.374376
v 8.770289 3.315214 0.652139
v 8.547902 3.498659 0.531373
v 8.392884 3.709846 0.652139
v 5.954703 -3.861941 0.000000
v 5.611839 -3.959547 0.193226
v 5.957054 -3.870763 0.374376
v 5.305923 -4.016346 0.000000
v 5.043654 -4.032726 0.193226
v 5.305910 -4.026354 0.374376
v 5.038882 -4.077010 0.531373
v 5.305797 -4.116426 0.652139
v 5.616608 -3.996730 0.531373
v 5.978206 -3.950162 0.652139
v 8.778450 -1.760062 0.000000
v 8.530712 -2.140309 0.193226
v 8.786497 -1.764600 0.374376
v 8.236929 -2.481582 0.000000
v 8.243763 -2.487756 0.374376
v 8.305264 -2.543324 0.652139
v 8.560587 -2.161906 0.531373
v 8.858921 -1.805442 0.652139
v 4.911064 3.407672 0.713864
v 4.876059 3.398710 0.617922
v 4.993382 3.466457 0.724599
v 4.993382 3.466457 -0.724599
v 4.954695 3.214925 -0.652139
v 4.911064 3.407672 -0.713864
v 4.900138 3.216658 -0.617922
v 4.876059 3.398710 -0.617922
v 4.866890 3.245713 0.000000
v 4.867619 3.294672 0.369680
v 9.298403 2.022864 0.724599
v 9.019798 3.035325 0.724599
v 9.436993 0.804225 0.724599
v 9.297517 1.406290 -0.652139
v 9.298403 2.022864 -0.724599
v 9.436993 0.804225 -0.724599
v 9.089229 2.532678 -0.652139
v 9.019798 3.035325 -0.724599
v 7.228126 -3.480218 0.724599
v 8.024692 -2.926927 0.724599
v 6.395583 -3.892626 0.724599
v 6.766829 -3.624154 -0.652139
v 7.228126 -3.480218 -0.724599
v 6.395583 -3.892626 -0.724599
v 7.582303 -3.146065 -0.652139
v 8.024692 -2.926927 -0.724599
v 7.846049 4.058384 0.724599
v 7.348576 4.093522 0.724599
v 8.243189 3.911159 0.724599
v 8.014803 3.902426 -0.652139
v 7.846049 4.058384 -0.724599
v 8.243189 3.911159 -0.724599
v 7.598600 3.985134 -0.652139
v 7.348576 4.093522 -0.724599
v 9.394501 -0.370890 0.724599
v 9.146824 -1.406865 0.724599
v 9.209050 -0.884008 -0.652139
v 9.394501 -0.370890 -0.724599
v 9.146824 -1.406865 -0.724599
v 9.348563 0.210013 -0.652139
v 8.647584 3.623324 0.724599
v 8.770289 3.315214 -0.652139
v 8.647584 3.623324 -0.724599
v 8.392884 3.709846 -0.652139
v 5.635688 -4.145463 0.724599
v 5.019795 -4.254148 0.724599
v 3.939658 -3.778779 0.503194
v 3.836530 -3.906160 0.369680
v 3.882503 -3.985915 0.617922
v 3.936602 -3.701985 0.193226
v 3.832439 -3.893416 0.000000
v 5.019795 -4.254148 -0.724599
v 5.305797 -4.116425 -0.652139
v 5.635688 -4.145464 -0.724599
v 5.978206 -3.950162 -0.652139
v 8.680076 -2.248293 0.724599
v 8.305264 -2.543324 -0.652139
v 8.680076 -2.248293 -0.724599
v 8.858921 -1.805442 -0.652139
v 5.602016 3.861669 0.724599
v 5.745085 3.897158 0.724599
v 5.868327 3.779487 0.652139
v 6.059231 3.945409 0.724599
v 5.874100 4.859840 0.000000
v 5.746358 4.859840 0.193226
v 5.874066 4.853826 0.374376
v 6.071958 4.859840 0.193226
v 5.602017 4.859840 0.193226
v 5.602017 4.834365 0.531373
v 5.746325 4.835270 0.531373
v 5.873771 4.799697 0.652139
v 6.071630 4.836510 0.531373
v 6.059231 3.945409 -0.724599
v 5.868327 3.779487 -0.652139
v 5.745085 3.897158 -0.724599
v 5.602016 3.861669 -0.724599
v 5.602016 3.614310 0.531373
v 5.744812 3.658759 0.531373
v 5.602016 3.516607 0.193226
v 5.744744 3.564745 0.193226
v 5.867647 3.582091 0.000000
v 6.055830 3.626951 0.193226
v 5.867715 3.622319 0.374376
v 6.056510 3.717785 0.531373
v 5.309203 3.708838 0.724599
v 5.138546 3.582428 0.724599
v 5.066524 3.320848 0.652139
v 5.298579 4.830496 0.531373
v 5.104133 4.827296 0.531373
v 5.298297 4.859840 0.193226
v 5.103224 4.859840 0.193226
v 5.010207 4.859840 0.000000
v 5.010527 4.851309 0.374376
v 5.013405 4.774526 0.652139
v 5.309203 3.708838 -0.724599
v 5.138546 3.582428 -0.724599
v 5.066524 3.320848 -0.652139
v 5.072498 3.084256 0.374376
v 5.146097 3.257511 0.531373
v 5.073162 3.018744 0.000000
v 5.147986 3.121555 0.193226
v 5.312117 3.300657 0.193226
v 5.311534 3.419146 0.531373
v 4.931754 2.891979 -0.193226
v 4.963583 2.960527 -0.374376
v 5.010252 2.958424 -0.193226
v 4.887276 3.051363 -0.193226
v 4.906905 2.986384 -0.369680
v 4.887543 3.174221 -0.503194
v 4.928001 3.046319 -0.526676
v 5.006878 3.109736 -0.531373
v 5.311534 3.419146 -0.531373
v 5.146097 3.257511 -0.531373
v 5.312117 3.300657 -0.193226
v 5.147986 3.121555 -0.193226
v 5.072499 3.084256 -0.374376
v 5.744744 3.564745 -0.193226
v 5.867715 3.622319 -0.374376
v 6.055830 3.626951 -0.193226
v 5.602016 3.516607 -0.193226
v 5.602016 3.614310 -0.531373
v 5.744812 3.658759 -0.531373
v 6.056510 3.717785 -0.531373
v 7.320905 3.827645 -0.193226
v 4.807801 4.786647 0.512587
v 4.872826 4.823383 0.531373
v 4.870923 4.859840 0.193226
v 4.803072 4.818478 0.193226
v 10.064645 1.540455 0.193226
v 9.807171 2.861819 0.193226
v 9.790862 2.854370 0.531373
v 10.047218 1.537407 0.531373
v 7.126067 -4.314723 0.193226
v 8.055520 -3.770401 0.193226
v 8.044771 -3.756220 0.531373
v 7.117906 -4.299035 0.531373
v 8.304113 4.646834 0.193226
v 7.764108 4.788851 0.193226
v 7.760347 4.771048 0.531373
v 8.297540 4.630349 0.531373
v 9.960608 -1.109947 0.193226
v 10.124821 0.156001 0.193226
v 10.107187 0.157227 0.531373
v 9.943535 -1.104815 0.531373
v 9.376178 3.823872 0.193226
v 8.838518 4.362726 0.193226
v 8.828394 4.348207 0.531373
v 9.362415 3.812459 0.531373
v 5.309522 -4.928871 0.531373
v 5.309816 -4.947005 0.193226
v 6.177582 -4.698587 0.193226
v 6.173053 -4.681585 0.531373
v 8.884986 -3.067114 0.193226
v 9.541604 -2.190419 0.193226
v 9.526095 -2.181674 0.531373
v 8.871817 -3.055215 0.531373
v 4.905292 3.078267 0.512587
v 4.907443 2.934867 0.193226
v 4.964570 2.905549 0.193226
v 4.960620 3.061354 0.531373
v 9.004602 2.490282 0.193226
v 9.207092 1.390475 0.193226
v 9.243262 1.396802 0.531373
v 9.038452 2.508239 0.531373
v 7.526522 -3.072472 0.193226
v 6.724483 -3.542753 0.193226
v 6.741422 -3.575314 0.531373
v 7.548833 -3.101909 0.531373
v 7.579091 3.832572 0.193226
v 7.980700 3.760714 0.193226
v 7.994342 3.832378 0.531373
v 7.586894 3.909647 0.531373
v 9.257063 0.216380 0.193226
v 9.120459 -0.857376 0.193226
v 9.155895 -0.868029 0.531373
v 9.293664 0.213833 0.531373
v 8.340355 3.593315 0.193226
v 8.698868 3.237268 0.193226
v 8.727438 3.273440 0.531373
v 8.361366 3.650912 0.531373
v 5.954703 -3.861940 0.193226
v 5.305923 -4.016345 0.193226
v 5.305872 -4.056377 0.531373
v 5.964104 -3.897229 0.531373
v 8.778450 -1.760062 0.193226
v 8.236929 -2.481582 0.193226
v 8.264263 -2.506279 0.531373
v 8.810638 -1.778214 0.531373
v 4.888978 3.407698 0.681660
v 4.944821 3.428138 0.724599
v 4.944821 3.428139 -0.724599
v 4.888978 3.407698 -0.681660
v 4.866890 3.258619 0.193226
v 4.869807 3.351202 0.512587
v 9.173859 2.572078 0.724599
v 9.387943 1.422105 0.724599
v 9.387943 1.422105 -0.724599
v 9.173859 2.572078 -0.724599
v 7.638084 -3.219660 0.724599
v 6.809174 -3.705556 0.724599
v 6.809174 -3.705556 -0.724599
v 7.638084 -3.219659 -0.724599
v 7.618109 4.089546 0.724599
v 8.048906 3.999200 0.724599
v 8.048906 3.999200 -0.724599
v 7.618109 4.089546 -0.724599
v 9.440066 0.203646 0.724599
v 9.297640 -0.910641 0.724599
v 9.297640 -0.910641 -0.724599
v 9.440066 0.203646 -0.724599
v 8.445414 3.793425 0.724599
v 8.841709 3.378182 0.724599
v 8.841709 3.378182 -0.724599
v 8.445414 3.793425 -0.724599
v 6.001706 -4.038384 0.724599
v 5.305670 -4.216507 0.724599
v 3.848799 -3.944389 0.512587
v 3.832440 -3.893416 0.193226
v 5.305670 -4.216507 -0.724599
v 6.001706 -4.038384 -0.724599
v 8.939392 -1.850821 0.724599
v 8.373600 -2.605067 0.724599
v 8.373600 -2.605067 -0.724599
v 8.939392 -1.850821 -0.724599
v 5.869007 3.917124 0.724599
v 5.874100 4.859840 0.193226
v 5.873969 4.835782 0.531373
v 5.869007 3.917124 -0.724599
v 5.867647 3.590628 0.193226
v 5.867919 3.683246 0.531373
v 5.059885 3.519987 0.724599
v 5.010207 4.859840 0.193226
v 5.011486 4.825714 0.531373
v 5.059886 3.519987 -0.724599
v 5.070507 3.177829 0.531373
v 5.073162 3.033453 0.193226
v 4.964570 2.905549 -0.193226
v 4.907443 2.934867 -0.193226
v 4.905292 3.078267 -0.512587
v 4.960620 3.061354 -0.531373
v 5.073162 3.033453 -0.193226
v 5.070507 3.177830 -0.531373
v 5.867647 3.590628 -0.193226
v 5.867919 3.683246 -0.531373
v 7.586894 3.909647 -0.531373
v 7.994342 3.832378 -0.531373
v 7.980700 3.760714 -0.193226
v 7.579091 3.832572 -0.193226
v 8.361366 3.650912 -0.531373
v 8.727438 3.273440 -0.531373
v 8.698868 3.237268 -0.193226
v 8.340355 3.593315 -0.193226
v 9.038452 2.508239 -0.531373
v 9.243263 1.396802 -0.531373
v 9.207092 1.390475 -0.193226
v 9.004602 2.490282 -0.193226
v 9.293664 0.213833 -0.531373
v 9.155895 -0.868029 -0.531373
v 9.120459 -0.857376 -0.193226
v 9.257063 0.216380 -0.193226
v 8.810638 -1.778214 -0.531373
v 8.264263 -2.506279 -0.531373
v 8.236929 -2.481582 -0.193226
v 8.778450 -1.760062 -0.193226
v 7.548833 -3.101909 -0.531373
v 6.741422 -3.575314 -0.531373
v 6.724483 -3.542753 -0.193226
v 7.526522 -3.072472 -0.193226
v 5.964104 -3.897229 -0.531373
v 5.305872 -4.056377 -0.531373
v 5.305923 -4.016345 -0.193226
v 5.954703 -3.861940 -0.193226
v 3.832439 -3.893416 -0.193226
v 3.848799 -3.944390 -0.512587
v 6.173053 -4.681585 -0.531373
v 6.177582 -4.698587 -0.193226
v 5.309816 -4.947006 -0.193226
v 5.309522 -4.928871 -0.531373
v 8.044771 -3.756219 -0.531373
v 8.055520 -3.770401 -0.193226
v 7.126067 -4.314723 -0.193226
v 7.117906 -4.299035 -0.531373
v 9.526095 -2.181674 -0.531373
v 9.541604 -2.190419 -0.193226
v 8.884986 -3.067114 -0.193226
v 8.871817 -3.055215 -0.531373
v 10.107187 0.157227 -0.531373
v 10.124821 0.156001 -0.193226
v 9.960608 -1.109947 -0.193226
v 9.943535 -1.104815 -0.531373
v 9.790862 2.854370 -0.531373
v 9.807171 2.861820 -0.193226
v 10.064645 1.540455 -0.193226
v 10.047218 1.537407 -0.531373
v 8.828394 4.348207 -0.531373
v 8.838518 4.362726 -0.193226
v 9.376178 3.823872 -0.193226
v 9.362415 3.812459 -0.531373
v 7.760347 4.771048 -0.531373
v 7.764108 4.788851 -0.193226
v 8.304113 4.646834 -0.193226
v 8.297540 4.630349 -0.531373
v 5.874100 4.859840 -0.193226
v 5.873969 4.835782 -0.531373
v 5.011486 4.825714 -0.531373
v 5.010207 4.859840 -0.193226
v 4.803072 4.818478 -0.193226
v 4.870923 4.859840 -0.193226
v 4.872826 4.823383 -0.531373
v 4.807801 4.786647 -0.512587
v 4.869807 3.351202 -0.512587
v 4.866890 3.258619 -0.193226
v 4.784632 4.653031 0.193226
v 4.797674 4.319010 0.193226
v 4.804209 4.342045 0.531373
v 4.791666 4.646866 0.512587
v 4.804209 4.342045 -0.531373
v 4.797674 4.319010 -0.193226
v 4.784632 4.653031 -0.193226
v 4.791666 4.646866 -0.512587
v 4.880438 4.677554 -0.724599
v 4.895807 4.383142 -0.772906
v 4.830349 4.364651 -0.724599
v 4.815661 4.655509 -0.681660
v 5.026935 4.413626 -0.772906
v 5.016604 4.689211 -0.724599
v 5.873444 4.739553 -0.724599
v 5.872385 4.545276 -0.772906
v 8.218176 4.431279 -0.772906
v 7.714945 4.556077 -0.772906
v 7.745308 4.699840 -0.724599
v 8.271253 4.564407 -0.724599
v 9.196207 3.674636 -0.772906
v 8.706148 4.172876 -0.772906
v 8.787899 4.290129 -0.724599
v 9.307360 3.766805 -0.724599
v 9.836780 1.500603 -0.772906
v 9.593916 2.764423 -0.772906
v 9.725625 2.824575 -0.724599
v 9.977511 1.525216 -0.724599
v 9.737367 -1.042836 -0.772906
v 9.894243 0.172044 -0.772906
v 10.036648 0.162136 -0.724599
v 9.875242 -1.084285 -0.724599
v 8.712789 -2.911530 -0.772906
v 9.338822 -2.076067 -0.772906
v 9.464061 -2.146692 -0.724599
v 8.819139 -3.007620 -0.724599
v 7.019360 -4.109599 -0.772906
v 7.914958 -3.584952 -0.772906
v 8.001771 -3.699487 -0.724599
v 7.085264 -4.236285 -0.724599
v 5.308346 -4.856335 -0.724599
v 5.306634 -4.707499 -0.772906
v 6.118360 -4.476277 -0.772906
v 6.154936 -4.613578 -0.724599
v 3.501837 -5.091560 -0.193226
v 3.526874 -4.876780 -0.193226
v 3.558722 -4.885404 -0.531373
v 3.532612 -5.090291 -0.512587
v 3.558722 -4.885404 0.531373
v 3.526874 -4.876780 0.193226
v 3.501837 -5.091560 0.193226
v 3.532612 -5.090291 0.512587
v 6.118360 -4.476277 0.772906
v 5.306634 -4.707499 0.772906
v 5.308346 -4.856335 0.724599
v 6.154936 -4.613577 0.724599
v 7.914958 -3.584951 0.772906
v 7.019360 -4.109599 0.772906
v 7.085264 -4.236285 0.724599
v 8.001771 -3.699487 0.724599
v 9.338822 -2.076067 0.772906
v 8.712789 -2.911530 0.772906
v 8.819139 -3.007619 0.724599
v 9.464061 -2.146691 0.724599
v 9.894243 0.172044 0.772906
v 9.737367 -1.042835 0.772906
v 9.875242 -1.084285 0.724599
v 10.036648 0.162136 0.724599
v 9.593916 2.764423 0.772906
v 9.836780 1.500603 0.772906
v 9.977511 1.525216 0.724599
v 9.725625 2.824575 0.724599
v 8.706148 4.172876 0.772906
v 9.196207 3.674636 0.772906
v 9.307357 3.766805 0.724599
v 8.787899 4.290129 0.724599
v 7.714946 4.556077 0.772906
v 8.218176 4.431279 0.772906
v 8.271252 4.564407 0.724599
v 7.745308 4.699840 0.724599
v 5.872385 4.545276 0.772906
v 5.873444 4.739553 0.724599
v 5.016604 4.689211 0.724599
v 5.026935 4.413626 0.772906
v 4.830349 4.364651 0.724599
v 4.895807 4.383142 0.772906
v 4.880438 4.677554 0.724599
v 4.815661 4.655509 0.681660
v 4.162348 -4.088639 0.724599
v 3.950895 -4.008544 0.681660
v 3.875315 -5.148079 0.724599
v 3.926036 -4.959678 0.772906
v 3.686112 -4.919905 0.724599
v 3.645604 -5.114954 0.681660
v 3.610078 -5.195462 0.193226
v 3.850688 -5.240167 0.193226
v 3.855613 -5.221750 0.531373
v 3.627323 -5.181205 0.512587
v 3.855613 -5.221750 -0.531373
v 3.850688 -5.240167 -0.193226
v 3.610078 -5.195462 -0.193226
v 3.627323 -5.181205 -0.512587
v 3.686112 -4.919906 -0.724599
v 3.926036 -4.959678 -0.772906
v 3.875315 -5.148079 -0.724599
v 3.645604 -5.114952 -0.681660
v 3.950895 -4.008543 -0.681660
v 4.162348 -4.088638 -0.724599
v 4.268191 -3.699162 -0.193226
v 4.247023 -3.777058 -0.531373
v 4.033293 -3.709923 -0.512587
v 4.043290 -3.625453 -0.193226
v 4.247023 -3.777058 0.531373
v 4.268191 -3.699162 0.193226
v 4.043289 -3.625453 0.193226
v 4.033293 -3.709922 0.512587
v 4.189776 -5.194334 0.531373
v 4.185509 -5.212634 0.193226
v 4.641318 -5.111484 0.193226
v 4.644113 -5.092973 0.531373
v 4.655296 -5.018932 0.724599
v 4.681174 -4.857481 0.772906
v 4.248776 -4.946256 0.772906
v 4.206844 -5.121131 0.724599
v 4.786206 -4.261025 0.724599
v 4.433413 -4.204037 0.724599
v 4.822627 -4.059464 0.531373
v 4.831733 -4.009074 0.193226
v 4.515065 -3.878680 0.193226
v 4.498734 -3.943752 0.531373
v 4.831733 -4.009074 -0.193226
v 4.822627 -4.059464 -0.531373
v 4.498735 -3.943752 -0.531373
v 4.515065 -3.878680 -0.193226
v 4.433413 -4.204038 -0.724599
v 4.786206 -4.261027 -0.724599
v 4.206844 -5.121131 -0.724599
v 4.248776 -4.946256 -0.772906
v 4.681174 -4.857480 -0.772906
v 4.655296 -5.018932 -0.724599
v 4.644113 -5.092973 -0.531373
v 4.641318 -5.111483 -0.193226
v 4.185509 -5.212634 -0.193226
v 4.189777 -5.194334 -0.531373
v 5.389633 3.760205 0.724599
v 5.385832 4.719617 0.724599
v 5.386740 4.493140 0.772906
v 5.385271 4.859840 0.193226
v 5.385383 4.831795 0.531373
v 5.385383 4.831795 -0.531373
v 5.385271 4.859840 -0.193226
v 5.386740 4.493140 -0.772906
v 5.385832 4.719617 -0.724599
v 5.389633 3.760205 -0.724599
v 5.390798 3.373496 -0.193226
v 5.390565 3.484853 -0.531373
v 5.390565 3.484853 0.531373
v 5.390798 3.373495 0.193226
vt 0.382669 0.638474
vt 0.383553 0.638373
vt 0.811565 0.675399
vt 0.813106 0.674955
vt 0.384339 0.638263
vt 0.384077 0.640607
vt 0.809661 0.673016
vt 0.810592 0.672827
vt 0.812052 0.672555
vt 0.385138 0.638188
vt 0.809461 0.676064
vt 0.386254 0.638070
vt 0.386328 0.640601
vt 0.807246 0.673305
vt 0.808655 0.673168
vt 0.807822 0.670045
vt 0.808745 0.669958
vt 0.806541 0.670116
vt 0.805851 0.666880
vt 0.807021 0.666906
vt 0.807866 0.666881
vt 0.809626 0.669856
vt 0.811003 0.669653
vt 0.808673 0.666824
vt 0.809929 0.666651
vt 0.716030 0.552301
vt 0.717676 0.566501
vt 0.713983 0.567015
vt 0.712328 0.552585
vt 0.720206 0.580534
vt 0.716507 0.581258
vt 0.713028 0.581854
vt 0.710510 0.567426
vt 0.708836 0.552825
vt 0.723216 0.593704
vt 0.719482 0.594669
vt 0.725971 0.605467
vt 0.722456 0.606765
vt 0.719139 0.607908
vt 0.716009 0.595493
vt 0.472008 0.574448
vt 0.474470 0.561977
vt 0.716212 0.608792
vt 0.466714 0.584443
vt 0.469658 0.573811
vt 0.472081 0.561517
vt 0.476341 0.548537
vt 0.477553 0.534817
vt 0.473930 0.548233
vt 0.475124 0.534662
vt 0.767993 0.426480
vt 0.759908 0.433397
vt 0.757333 0.430641
vt 0.765618 0.423549
vt 0.752083 0.441164
vt 0.749286 0.438629
vt 0.746730 0.436224
vt 0.754971 0.428012
vt 0.763443 0.420758
vt 0.744790 0.449744
vt 0.741779 0.447475
vt 0.738223 0.459026
vt 0.735016 0.457061
vt 0.732010 0.455209
vt 0.738977 0.445324
vt 0.450849 0.437307
vt 0.444155 0.429071
vt 0.729404 0.453588
vt 0.455012 0.447302
vt 0.448904 0.438766
vt 0.442299 0.430641
vt 0.437106 0.421328
vt 0.429856 0.414148
vt 0.435341 0.422998
vt 0.428184 0.415916
vt 0.743037 0.633101
vt 0.747707 0.636814
vt 0.745489 0.639852
vt 0.740577 0.635914
vt 0.752442 0.639961
vt 0.750418 0.643181
vt 0.748669 0.646260
vt 0.743526 0.642778
vt 0.738345 0.638629
vt 0.757445 0.642905
vt 0.755585 0.646278
vt 0.762880 0.646054
vt 0.761236 0.649494
vt 0.759809 0.652745
vt 0.754011 0.649466
vt 0.439056 0.620330
vt 0.443905 0.617532
vt 0.758700 0.655612
vt 0.432468 0.620817
vt 0.437877 0.618199
vt 0.442573 0.615499
vt 0.448335 0.614419
vt 0.452620 0.610771
vt 0.446838 0.612506
vt 0.450962 0.608991
vt 0.720556 0.501068
vt 0.717673 0.512890
vt 0.714024 0.512346
vt 0.716920 0.500243
vt 0.715949 0.525428
vt 0.712267 0.525178
vt 0.708787 0.524962
vt 0.710570 0.511868
vt 0.713487 0.499511
vt 0.715438 0.538592
vt 0.711734 0.538623
vt 0.708239 0.538651
vt 0.478047 0.521509
vt 0.477754 0.508736
vt 0.475617 0.521510
vt 0.475329 0.508907
vt 0.476610 0.496600
vt 0.474541 0.485177
vt 0.474205 0.496960
vt 0.472178 0.485749
vt 0.729468 0.614981
vt 0.726197 0.616690
vt 0.733691 0.622488
vt 0.730687 0.624613
vt 0.727796 0.626666
vt 0.723085 0.618267
vt 0.738298 0.628405
vt 0.735557 0.630912
vt 0.733020 0.633328
vt 0.457030 0.606327
vt 0.461365 0.600841
vt 0.455221 0.604732
vt 0.459373 0.599454
vt 0.465405 0.593959
vt 0.463251 0.592830
vt 0.401969 0.393819
vt 0.403340 0.391793
vt 0.785944 0.401647
vt 0.407627 0.398402
vt 0.794645 0.400010
vt 0.787610 0.404203
vt 0.780037 0.409016
vt 0.778362 0.406457
vt 0.414059 0.403618
vt 0.796145 0.403149
vt 0.789336 0.407239
vt 0.797554 0.406637
vt 0.791053 0.410575
vt 0.783838 0.415165
vt 0.781899 0.411977
vt 0.773908 0.417342
vt 0.771934 0.414465
vt 0.776064 0.420392
vt 0.770223 0.411924
vt 0.421005 0.409454
vt 0.732614 0.468899
vt 0.729241 0.467258
vt 0.728011 0.479264
vt 0.724494 0.477919
vt 0.721181 0.476689
vt 0.726041 0.465711
vt 0.724261 0.490026
vt 0.720591 0.488904
vt 0.717165 0.487917
vt 0.471462 0.474523
vt 0.467452 0.464507
vt 0.469172 0.475310
vt 0.465234 0.465502
vt 0.462615 0.455020
vt 0.460487 0.456195
vt 0.372648 0.611768
vt 0.371063 0.610048
vt 0.545148 0.787466
vt 0.373259 0.610892
vt 0.835430 0.643451
vt 0.542153 0.786918
vt 0.541740 0.785805
vt 0.544782 0.785776
vt 0.373840 0.610428
vt 0.832525 0.643096
vt 0.539340 0.786927
vt 0.829618 0.642907
vt 0.536575 0.787058
vt 0.536328 0.786133
vt 0.538995 0.785906
vt 0.538826 0.785163
vt 0.541625 0.784936
vt 0.536133 0.785477
vt 0.535657 0.784201
vt 0.538470 0.783719
vt 0.541391 0.783258
vt 0.544646 0.784420
vt 0.374567 0.610396
vt 0.544278 0.782052
vt 0.375795 0.610543
vt 0.462539 0.735855
vt 0.459997 0.727545
vt 0.463596 0.726330
vt 0.466025 0.734208
vt 0.457735 0.717532
vt 0.461437 0.716660
vt 0.464979 0.715901
vt 0.467035 0.725254
vt 0.469340 0.732738
vt 0.455823 0.706513
vt 0.459645 0.705911
vt 0.454468 0.695105
vt 0.458355 0.694749
vt 0.461994 0.694438
vt 0.463254 0.705389
vt 0.455580 0.545247
vt 0.454005 0.556781
vt 0.465196 0.694186
vt 0.459241 0.533571
vt 0.458163 0.545605
vt 0.456559 0.557334
vt 0.452011 0.567360
vt 0.449678 0.576336
vt 0.454515 0.568130
vt 0.452102 0.577370
vt 0.470163 0.620766
vt 0.475071 0.613638
vt 0.478196 0.615878
vt 0.473479 0.622750
vt 0.480648 0.606983
vt 0.483549 0.609462
vt 0.486280 0.611821
vt 0.481146 0.617992
vt 0.476617 0.624596
vt 0.486644 0.600914
vt 0.489305 0.603605
vt 0.492515 0.595454
vt 0.495060 0.598349
vt 0.497389 0.601132
vt 0.491792 0.606162
vt 0.421659 0.435569
vt 0.427792 0.442368
vt 0.499395 0.603639
vt 0.417332 0.427517
vt 0.423566 0.433790
vt 0.429800 0.440700
vt 0.433715 0.449638
vt 0.439198 0.457215
vt 0.435815 0.448086
vt 0.441392 0.455799
vt 0.488976 0.760248
vt 0.484112 0.758140
vt 0.486353 0.754853
vt 0.490982 0.756845
vt 0.480226 0.756130
vt 0.482669 0.753014
vt 0.484861 0.750013
vt 0.488328 0.751669
vt 0.492728 0.753555
vt 0.476919 0.754129
vt 0.479555 0.751183
vt 0.473883 0.751936
vt 0.476705 0.749177
vt 0.479290 0.746551
vt 0.481948 0.748354
vt 0.435297 0.597221
vt 0.432045 0.599351
vt 0.481510 0.744120
vt 0.440034 0.596885
vt 0.436866 0.599508
vt 0.433439 0.601756
vt 0.428176 0.601227
vt 0.423366 0.602973
vt 0.429416 0.603750
vt 0.424451 0.605594
vt 0.453825 0.683943
vt 0.457749 0.683842
vt 0.454033 0.673167
vt 0.457964 0.673353
vt 0.461646 0.673520
vt 0.461427 0.683760
vt 0.455133 0.662933
vt 0.459029 0.663421
vt 0.457035 0.653349
vt 0.460854 0.654146
vt 0.464450 0.654864
vt 0.462684 0.663858
vt 0.455796 0.500293
vt 0.456775 0.510799
vt 0.467622 0.655456
vt 0.456585 0.489846
vt 0.458377 0.499878
vt 0.459378 0.510585
vt 0.457040 0.521877
vt 0.459648 0.521856
vt 0.470924 0.749329
vt 0.473944 0.746767
vt 0.468042 0.746108
vt 0.471247 0.743772
vt 0.474227 0.741617
vt 0.476731 0.744358
vt 0.465231 0.741830
vt 0.468591 0.739792
vt 0.471750 0.737948
vt 0.447085 0.583066
vt 0.444285 0.588058
vt 0.449376 0.584410
vt 0.446398 0.589712
vt 0.441329 0.591808
vt 0.443244 0.593728
vt 0.498312 0.590806
vt 0.500775 0.593909
vt 0.504005 0.587025
vt 0.506420 0.590291
vt 0.508511 0.593391
vt 0.502963 0.596876
vt 0.509398 0.584059
vt 0.511825 0.587408
vt 0.514241 0.581779
vt 0.516739 0.585088
vt 0.518874 0.588224
vt 0.513895 0.590570
vt 0.399013 0.416119
vt 0.404110 0.419646
vt 0.520509 0.591064
vt 0.395527 0.411064
vt 0.400286 0.413789
vt 0.405578 0.417475
vt 0.409654 0.424096
vt 0.411294 0.422070
vt 0.459531 0.644464
vt 0.463243 0.645575
vt 0.462520 0.636117
vt 0.466110 0.637540
vt 0.469549 0.638827
vt 0.466756 0.646574
vt 0.466043 0.628226
vt 0.469505 0.629946
vt 0.472791 0.631519
vt 0.444018 0.464955
vt 0.448122 0.472978
vt 0.446311 0.463704
vt 0.450510 0.471920
vt 0.451467 0.481433
vt 0.453931 0.480588
vt 0.374969 0.614209
vt 0.373694 0.614362
vt 0.375693 0.613976
vt 0.382279 0.631241
vt 0.381407 0.631442
vt 0.379990 0.631839
vt 0.376479 0.614042
vt 0.377640 0.614260
vt 0.384194 0.630846
vt 0.383093 0.631072
vt 0.690575 0.711485
vt 0.689158 0.711088
vt 0.695595 0.693855
vt 0.696870 0.694007
vt 0.688286 0.710887
vt 0.694872 0.693622
vt 0.687472 0.710718
vt 0.694085 0.693688
vt 0.686371 0.710492
vt 0.692924 0.693906
vt 0.694769 0.690188
vt 0.695997 0.690041
vt 0.696724 0.690073
vt 0.697305 0.690537
vt 0.697916 0.691413
vt 0.377695 0.632506
vt 0.371418 0.613928
vt 0.821753 0.668549
vt 0.835445 0.649003
vt 0.819822 0.665936
vt 0.832659 0.647701
vt 0.817764 0.663272
vt 0.829448 0.646810
vt 0.456694 0.568933
vt 0.454205 0.578396
vt 0.458792 0.557915
vt 0.467519 0.560356
vt 0.465198 0.572233
vt 0.462416 0.582461
vt 0.460431 0.545970
vt 0.461529 0.533726
vt 0.470457 0.534347
vt 0.469302 0.547498
vt 0.611320 0.613220
vt 0.612398 0.625254
vt 0.610130 0.625619
vt 0.609032 0.613374
vt 0.614003 0.636982
vt 0.611770 0.637564
vt 0.603043 0.640005
vt 0.601260 0.627147
vt 0.600104 0.613996
vt 0.616047 0.647779
vt 0.613868 0.648582
vt 0.618461 0.657018
vt 0.616358 0.658045
vt 0.608148 0.662110
vt 0.605364 0.651882
vt 0.437691 0.446743
vt 0.443346 0.454575
vt 0.431591 0.439251
vt 0.438651 0.433604
vt 0.445084 0.441512
vt 0.451033 0.449805
vt 0.425256 0.432236
vt 0.418897 0.425844
vt 0.424987 0.419318
vt 0.431897 0.426172
vt 0.653224 0.507163
vt 0.646990 0.513437
vt 0.645300 0.511883
vt 0.651659 0.505490
vt 0.640756 0.520347
vt 0.638965 0.518898
vt 0.631905 0.513251
vt 0.638658 0.505820
vt 0.645567 0.498964
vt 0.634741 0.527733
vt 0.632865 0.526391
vt 0.629165 0.535446
vt 0.627211 0.534223
vt 0.619524 0.529454
vt 0.625472 0.521160
vt 0.430646 0.605964
vt 0.425605 0.607908
vt 0.434772 0.603875
vt 0.439936 0.611591
vt 0.435452 0.614083
vt 0.430198 0.616494
vt 0.438313 0.601509
vt 0.441620 0.598751
vt 0.447767 0.605533
vt 0.443947 0.608815
vt 0.630530 0.676533
vt 0.633698 0.679155
vt 0.632251 0.681157
vt 0.628944 0.678398
vt 0.637125 0.681404
vt 0.635792 0.683523
vt 0.630629 0.691239
vt 0.626617 0.688463
vt 0.622797 0.685182
vt 0.641149 0.683397
vt 0.639918 0.685612
vt 0.646113 0.685242
vt 0.644960 0.687556
vt 0.640366 0.696142
vt 0.635112 0.693731
vt 0.461944 0.521810
vt 0.461670 0.510351
vt 0.470653 0.509369
vt 0.470934 0.521594
vt 0.460650 0.499466
vt 0.458823 0.489260
vt 0.467617 0.486931
vt 0.469568 0.497787
vt 0.613974 0.569494
vt 0.612183 0.579527
vt 0.609909 0.579115
vt 0.611735 0.568909
vt 0.611182 0.590233
vt 0.608890 0.590000
vt 0.599906 0.589018
vt 0.600991 0.577436
vt 0.602942 0.566580
vt 0.610912 0.601504
vt 0.608616 0.601459
vt 0.599626 0.601243
vt 0.444971 0.595408
vt 0.448269 0.591192
vt 0.455580 0.596688
vt 0.451733 0.601609
vt 0.451373 0.585665
vt 0.459178 0.590449
vt 0.621188 0.664058
vt 0.619191 0.665314
vt 0.624166 0.669360
vt 0.622295 0.670840
vt 0.614984 0.676336
vt 0.611385 0.670097
vt 0.627319 0.673377
vt 0.625593 0.675057
vt 0.618831 0.681257
vt 0.412695 0.420258
vt 0.406801 0.415491
vt 0.411493 0.407580
vt 0.418115 0.413122
vt 0.401336 0.411590
vt 0.396442 0.408596
vt 0.399991 0.398415
vt 0.405370 0.402677
vt 0.373029 0.405903
vt 0.371548 0.407524
vt 0.545760 0.563248
vt 0.373378 0.403091
vt 0.541041 0.569246
vt 0.543017 0.563958
vt 0.537918 0.540003
vt 0.838065 0.401895
vt 0.376556 0.384997
vt 0.537947 0.568383
vt 0.539758 0.563755
vt 0.534893 0.567355
vt 0.536511 0.563256
vt 0.830043 0.406259
vt 0.832794 0.404453
vt 0.669219 0.491235
vt 0.665184 0.482322
vt 0.670563 0.478060
vt 0.674113 0.488242
vt 0.659061 0.487227
vt 0.663754 0.495137
vt 0.675027 0.490710
vt 0.670268 0.493435
vt 0.664977 0.497121
vt 0.657860 0.499904
vt 0.652440 0.492768
vt 0.659261 0.501716
vt 0.456113 0.479833
vt 0.452625 0.470999
vt 0.460929 0.467387
vt 0.464727 0.476846
vt 0.448346 0.462623
vt 0.456342 0.458407
vt 0.624246 0.543352
vt 0.622211 0.542271
vt 0.620048 0.551569
vt 0.617933 0.550647
vt 0.609628 0.547036
vt 0.614215 0.538055
vt 0.616627 0.560237
vt 0.614446 0.559482
vt 0.605831 0.556495
vt 0.405455 0.625671
vt 0.401854 0.626929
vt 0.397119 0.615389
vt 0.400829 0.614537
vt 0.399523 0.627728
vt 0.394688 0.615915
vt 0.396847 0.628550
vt 0.391787 0.616311
vt 0.390625 0.613268
vt 0.393574 0.612982
vt 0.396021 0.612526
vt 0.399734 0.611751
vt 0.785326 0.659098
vt 0.788691 0.660904
vt 0.787773 0.664559
vt 0.784208 0.662718
vt 0.790890 0.662032
vt 0.790122 0.665695
vt 0.789313 0.669129
vt 0.786836 0.667958
vt 0.783114 0.666062
vt 0.793410 0.663235
vt 0.792831 0.666920
vt 0.792206 0.670367
vt 0.402499 0.635641
vt 0.791497 0.673356
vt 0.398957 0.634329
vt 0.401633 0.633312
vt 0.404872 0.634710
vt 0.408520 0.633264
vt 0.403981 0.632395
vt 0.407598 0.630969
vt 0.673718 0.708197
vt 0.671042 0.707375
vt 0.675876 0.695561
vt 0.678777 0.695957
vt 0.668711 0.706576
vt 0.673445 0.695036
vt 0.665110 0.705317
vt 0.669735 0.694183
vt 0.670830 0.691397
vt 0.674544 0.692173
vt 0.676991 0.692628
vt 0.679939 0.692914
vt 0.389798 0.610241
vt 0.526152 0.762757
vt 0.528060 0.767505
vt 0.524692 0.765797
vt 0.525826 0.770403
vt 0.522636 0.768871
vt 0.523192 0.773297
vt 0.520203 0.771998
vt 0.519952 0.767743
vt 0.521872 0.764567
vt 0.517687 0.771008
vt 0.513842 0.769575
vt 0.515889 0.766170
vt 0.517641 0.762880
vt 0.523272 0.761492
vt 0.518956 0.759770
vt 0.383833 0.612395
vt 0.385245 0.615802
vt 0.381152 0.615002
vt 0.379522 0.611335
vt 0.391097 0.629761
vt 0.387434 0.630300
vt 0.385689 0.630579
vt 0.379246 0.614593
vt 0.377504 0.610863
vt 0.393243 0.636316
vt 0.393919 0.638754
vt 0.803300 0.676277
vt 0.389536 0.637393
vt 0.798709 0.672450
vt 0.803159 0.673235
vt 0.798807 0.669039
vt 0.802847 0.669888
vt 0.798848 0.665445
vt 0.802501 0.666443
vt 0.804825 0.670079
vt 0.805348 0.673356
vt 0.804291 0.666739
vt 0.805747 0.676368
vt 0.387769 0.637807
vt 0.684876 0.710226
vt 0.691318 0.694239
vt 0.683131 0.709946
vt 0.689412 0.694648
vt 0.679467 0.709408
vt 0.685320 0.695448
vt 0.686731 0.692041
vt 0.691042 0.690981
vt 0.693060 0.690509
vt 0.543353 0.778997
vt 0.540727 0.780863
vt 0.539473 0.778112
vt 0.541756 0.775758
vt 0.537745 0.781725
vt 0.534789 0.782491
vt 0.533481 0.780625
vt 0.536538 0.779457
vt 0.532886 0.775247
vt 0.535549 0.773122
vt 0.529884 0.777170
vt 0.537322 0.770307
vt 0.533688 0.785827
vt 0.533073 0.784738
vt 0.533929 0.786418
vt 0.531713 0.786789
vt 0.531411 0.786269
vt 0.530668 0.785414
vt 0.534072 0.787259
vt 0.826921 0.642795
vt 0.824444 0.642665
vt 0.531794 0.787509
vt 0.699102 0.687675
vt 0.698609 0.686960
vt 0.822205 0.642380
vt 0.697869 0.686823
vt 0.696476 0.686873
vt 0.687644 0.688738
vt 0.525808 0.785604
vt 0.524500 0.781782
vt 0.527997 0.783507
vt 0.527003 0.779356
vt 0.530607 0.781897
vt 0.532038 0.783347
vt 0.529502 0.784444
vt 0.527316 0.786086
vt 0.515378 0.774332
vt 0.511727 0.773006
vt 0.517752 0.775220
vt 0.515522 0.778394
vt 0.513245 0.777573
vt 0.509720 0.776288
vt 0.520590 0.776316
vt 0.518278 0.779317
vt 0.677872 0.689689
vt 0.516371 0.782043
vt 0.675472 0.689282
vt 0.671806 0.688553
vt 0.486931 0.763629
vt 0.484994 0.766824
vt 0.647198 0.682620
vt 0.477865 0.767250
vt 0.638519 0.678999
vt 0.475405 0.762232
vt 0.479746 0.764448
vt 0.469389 0.762546
vt 0.632266 0.674403
vt 0.468298 0.757454
vt 0.471705 0.759960
vt 0.474255 0.757102
vt 0.477753 0.759246
vt 0.471034 0.754745
vt 0.481861 0.761365
vt 0.462195 0.756840
vt 0.626278 0.667707
vt 0.461648 0.750904
vt 0.464912 0.754507
vt 0.455662 0.747815
vt 0.620885 0.655984
vt 0.455782 0.739126
vt 0.458589 0.745968
vt 0.461840 0.743933
vt 0.464791 0.748528
vt 0.459060 0.737538
vt 0.467867 0.751957
vt 0.450227 0.730967
vt 0.616557 0.636429
vt 0.450604 0.719278
vt 0.453116 0.729940
vt 0.445342 0.708365
vt 0.613926 0.613052
vt 0.446951 0.695904
vt 0.448462 0.707774
vt 0.452019 0.707147
vt 0.454042 0.718423
vt 0.450588 0.695497
vt 0.456432 0.728782
vt 0.442937 0.684362
vt 0.613784 0.590447
vt 0.446379 0.672837
vt 0.446186 0.684210
vt 0.444321 0.661539
vt 0.616512 0.570123
vt 0.449662 0.651748
vt 0.447555 0.661970
vt 0.451229 0.662439
vt 0.450091 0.672992
vt 0.453227 0.652533
vt 0.449898 0.684070
vt 0.449487 0.641198
vt 0.622436 0.552626
vt 0.455653 0.633186
vt 0.452449 0.642201
vt 0.456595 0.623132
vt 0.631359 0.536863
vt 0.463773 0.616844
vt 0.459409 0.624710
vt 0.462613 0.626444
vt 0.458963 0.634634
vt 0.466866 0.618753
vt 0.455848 0.643314
vt 0.466478 0.607447
vt 0.642764 0.522015
vt 0.475052 0.602216
vt 0.469046 0.609290
vt 0.479512 0.593706
vt 0.655015 0.509063
vt 0.487385 0.590005
vt 0.481579 0.595830
vt 0.484008 0.598273
vt 0.477760 0.604521
vt 0.489903 0.592627
vt 0.471961 0.611396
vt 0.490867 0.582465
vt 0.666445 0.499292
vt 0.498883 0.580726
vt 0.493177 0.584925
vt 0.502054 0.574515
vt 0.676094 0.493213
vt 0.509114 0.575063
vt 0.504280 0.577447
vt 0.506802 0.580678
vt 0.501422 0.583774
vt 0.511596 0.578389
vt 0.495719 0.587752
vt 0.693997 0.464641
vt 0.696470 0.463905
vt 0.699467 0.483151
vt 0.697176 0.482735
vt 0.527221 0.547191
vt 0.530137 0.562393
vt 0.529881 0.545412
vt 0.533097 0.562819
vt 0.531920 0.566413
vt 0.529378 0.565478
vt 0.527426 0.564448
vt 0.697525 0.485547
vt 0.642371 0.495563
vt 0.640699 0.493795
vt 0.782285 0.428798
vt 0.649550 0.489100
vt 0.772686 0.432048
vt 0.780382 0.426289
vt 0.787544 0.421467
vt 0.789041 0.424204
vt 0.656495 0.483264
vt 0.770389 0.429367
vt 0.778265 0.423431
vt 0.785764 0.418390
vt 0.792716 0.413979
vt 0.794235 0.417231
vt 0.798907 0.410203
vt 0.800178 0.413604
vt 0.795502 0.420110
vt 0.662927 0.478048
vt 0.801285 0.416597
vt 0.668584 0.473465
vt 0.615544 0.526951
vt 0.613509 0.525621
vt 0.753159 0.455852
vt 0.621652 0.518414
vt 0.744429 0.462813
vt 0.750672 0.454065
vt 0.757623 0.445974
vt 0.759985 0.447950
vt 0.628257 0.510289
vt 0.741427 0.460982
vt 0.747819 0.451984
vt 0.754914 0.443659
vt 0.762531 0.436107
vt 0.765041 0.438611
vt 0.767265 0.440752
vt 0.635214 0.502646
vt 0.598380 0.565399
vt 0.596017 0.564827
vt 0.734563 0.493350
vt 0.601386 0.554959
vt 0.727502 0.502850
vt 0.731472 0.492323
vt 0.734812 0.481910
vt 0.737648 0.482979
vt 0.605323 0.545151
vt 0.724159 0.501953
vt 0.727962 0.491186
vt 0.731525 0.480634
vt 0.735977 0.470551
vt 0.739097 0.472085
vt 0.741827 0.473423
vt 0.610070 0.535844
vt 0.595437 0.614312
vt 0.593008 0.614467
vt 0.725583 0.538437
vt 0.594943 0.601160
vt 0.723168 0.551660
vt 0.722583 0.538499
vt 0.723030 0.525947
vt 0.725999 0.526172
vt 0.595231 0.588556
vt 0.719719 0.551988
vt 0.719130 0.538553
vt 0.719610 0.525692
vt 0.721289 0.513476
vt 0.724656 0.514061
vt 0.727572 0.514606
vt 0.596354 0.576609
vt 0.603849 0.664092
vt 0.601574 0.664955
vt 0.733685 0.590772
vt 0.600905 0.653460
vt 0.732721 0.603016
vt 0.730544 0.591658
vt 0.727333 0.578909
vt 0.730295 0.578100
vt 0.598481 0.641166
vt 0.729449 0.604189
vt 0.726971 0.592646
vt 0.723894 0.579738
vt 0.721354 0.565934
vt 0.724799 0.565322
vt 0.727775 0.564743
vt 0.596632 0.627882
vt 0.619602 0.688640
vt 0.617945 0.690420
vt 0.745925 0.621875
vt 0.615343 0.684380
vt 0.747987 0.627850
vt 0.743676 0.623729
vt 0.739454 0.618541
vt 0.741864 0.616918
vt 0.611191 0.679103
vt 0.745566 0.630357
vt 0.741067 0.625960
vt 0.736695 0.620414
vt 0.732707 0.613314
vt 0.735732 0.611791
vt 0.738367 0.610522
vt 0.607313 0.672479
vt 0.638096 0.700464
vt 0.637068 0.702676
vt 0.763458 0.633072
vt 0.632688 0.697847
vt 0.766379 0.639310
vt 0.761513 0.636173
vt 0.756704 0.633755
vt 0.758562 0.631115
vt 0.627992 0.695148
vt 0.764643 0.642595
vt 0.759467 0.639492
vt 0.754601 0.636762
vt 0.750028 0.633836
vt 0.752266 0.631090
vt 0.754254 0.628740
vt 0.623726 0.692154
vt 0.662967 0.710616
vt 0.662045 0.712911
vt 0.787508 0.652031
vt 0.786439 0.655450
vt 0.671608 0.713975
vt 0.670778 0.716327
vt 0.793419 0.651868
vt 0.668932 0.712959
vt 0.794759 0.656091
vt 0.792556 0.654866
vt 0.794038 0.659542
vt 0.791687 0.658335
vt 0.789625 0.657222
vt 0.790579 0.653766
vt 0.791487 0.650762
vt 0.666584 0.712042
vt 0.684311 0.717716
vt 0.684237 0.720247
vt 0.804042 0.658162
vt 0.682797 0.717453
vt 0.804918 0.661096
vt 0.803689 0.660617
vt 0.802299 0.659991
vt 0.802733 0.657357
vt 0.681029 0.717040
vt 0.805259 0.663788
vt 0.803859 0.663523
vt 0.802265 0.663083
vt 0.798972 0.661878
vt 0.799364 0.658531
vt 0.799975 0.655677
vt 0.677322 0.715962
vt 0.807782 0.663901
vt 0.808894 0.663781
vt 0.807064 0.663937
vt 0.806547 0.661495
vt 0.807189 0.661544
vt 0.808141 0.661423
vt 0.806306 0.663912
vt 0.805858 0.661370
vt 0.685550 0.720297
vt 0.686488 0.720253
vt 0.685427 0.717835
vt 0.686226 0.717909
vt 0.687350 0.720159
vt 0.688444 0.719627
vt 0.687013 0.718019
vt 0.687896 0.718120
vt 0.820727 0.644361
vt 0.823262 0.645202
vt 0.813501 0.657954
vt 0.811614 0.655774
vt 0.826275 0.646060
vt 0.815580 0.660523
vt 0.811930 0.666179
vt 0.813223 0.669155
vt 0.814597 0.665131
vt 0.816222 0.668014
vt 0.817752 0.670859
vt 0.814437 0.672007
vt 0.379247 0.636051
vt 0.381291 0.634924
vt 0.380766 0.638527
vt 0.382225 0.637121
vt 0.811393 0.659798
vt 0.809908 0.657731
vt 0.689274 0.714569
vt 0.812938 0.662324
vt 0.810653 0.663360
vt 0.809534 0.660868
vt 0.808603 0.658932
vt 0.688340 0.716768
vt 0.684648 0.715590
vt 0.685716 0.715780
vt 0.685322 0.713280
vt 0.686396 0.713513
vt 0.687180 0.713719
vt 0.686487 0.715940
vt 0.687989 0.713990
vt 0.687260 0.716155
vt 0.677894 0.713992
vt 0.681507 0.714942
vt 0.678569 0.711920
vt 0.682172 0.712678
vt 0.683869 0.712999
vt 0.683202 0.715314
vt 0.663650 0.708915
vt 0.667251 0.710306
vt 0.664314 0.707274
vt 0.667912 0.708609
vt 0.670241 0.709462
vt 0.669585 0.711199
vt 0.672903 0.710374
vt 0.672244 0.712176
vt 0.639550 0.697634
vt 0.638852 0.698943
vt 0.629718 0.692576
vt 0.625626 0.689727
vt 0.621707 0.686365
vt 0.634263 0.695143
vt 0.633523 0.696386
vt 0.628918 0.693756
vt 0.624751 0.690843
vt 0.620742 0.687410
vt 0.613693 0.677295
vt 0.610002 0.670938
vt 0.606689 0.662827
vt 0.617640 0.682330
vt 0.616586 0.683275
vt 0.612549 0.678134
vt 0.608776 0.671666
vt 0.605394 0.663440
vt 0.601489 0.640436
vt 0.599681 0.627417
vt 0.598511 0.614106
vt 0.603848 0.652465
vt 0.602504 0.652957
vt 0.600113 0.640798
vt 0.598284 0.627645
vt 0.597102 0.614202
vt 0.598308 0.588844
vt 0.599405 0.577137
vt 0.601380 0.566166
vt 0.598026 0.601204
vt 0.596612 0.601176
vt 0.596896 0.588699
vt 0.598004 0.576882
vt 0.600002 0.565806
vt 0.608153 0.546395
vt 0.612792 0.537306
vt 0.618156 0.528605
vt 0.604308 0.555968
vt 0.602964 0.555503
vt 0.606851 0.545827
vt 0.611539 0.536640
vt 0.616952 0.527852
vt 0.630649 0.512246
vt 0.637476 0.504741
vt 0.644479 0.497803
vt 0.624157 0.520229
vt 0.623000 0.519402
vt 0.629544 0.511354
vt 0.636434 0.503784
vt 0.643514 0.496776
vt 0.669395 0.474969
vt 0.663809 0.479487
vt 0.669960 0.476372
vt 0.664469 0.480791
vt 0.658222 0.485838
vt 0.657460 0.484632
vt 0.651471 0.491503
vt 0.650603 0.490391
vt 0.825761 0.402261
vt 0.826922 0.403075
vt 0.824950 0.405181
vt 0.823977 0.404439
vt 0.828268 0.404246
vt 0.826090 0.406221
vt 0.823991 0.407997
vt 0.823141 0.407032
vt 0.822347 0.406395
vt 0.695303 0.461167
vt 0.693223 0.462335
vt 0.694330 0.459586
vt 0.693300 0.458684
vt 0.692679 0.460910
vt 0.692346 0.459961
vt 0.833034 0.400223
vt 0.835397 0.398555
vt 0.377330 0.382691
vt 0.830658 0.402177
vt 0.829094 0.400834
vt 0.831238 0.398674
vt 0.827790 0.399840
vt 0.829729 0.397590
vt 0.833180 0.396824
vt 0.377874 0.381266
vt 0.831350 0.395580
vt 0.378207 0.380317
vt 0.412332 0.406191
vt 0.419084 0.411857
vt 0.426076 0.418156
vt 0.400593 0.396727
vt 0.406085 0.401146
vt 0.406745 0.399841
vt 0.413095 0.404985
vt 0.401159 0.395323
vt 0.419951 0.410745
vt 0.427041 0.417129
vt 0.439907 0.432598
vt 0.446399 0.440581
vt 0.452400 0.448957
vt 0.433079 0.425093
vt 0.434121 0.424136
vt 0.441012 0.431706
vt 0.447556 0.439754
vt 0.453605 0.448203
vt 0.462405 0.466746
vt 0.466250 0.476319
vt 0.469178 0.486517
vt 0.457764 0.457657
vt 0.459018 0.456992
vt 0.463706 0.466178
vt 0.467594 0.475854
vt 0.470556 0.486156
vt 0.472252 0.509195
vt 0.472534 0.521555
vt 0.472050 0.534457
vt 0.471154 0.497488
vt 0.472555 0.497232
vt 0.473664 0.509049
vt 0.473949 0.521526
vt 0.473459 0.534552
vt 0.469073 0.560787
vt 0.466714 0.572816
vt 0.463875 0.583179
vt 0.470881 0.547767
vt 0.472278 0.547996
vt 0.470450 0.561149
vt 0.468058 0.573308
vt 0.465169 0.583791
vt 0.456871 0.597646
vt 0.452924 0.602682
vt 0.448857 0.606717
vt 0.460561 0.591289
vt 0.461788 0.592017
vt 0.458014 0.598485
vt 0.453978 0.603626
vt 0.449822 0.607761
vt 0.440847 0.612928
vt 0.436302 0.615495
vt 0.431014 0.617986
vt 0.444938 0.610079
vt 0.445813 0.611195
vt 0.441647 0.614108
vt 0.437041 0.616738
vt 0.431713 0.619295
vt 0.406915 0.629268
vt 0.406251 0.627627
vt 0.398321 0.632530
vt 0.400980 0.631552
vt 0.397662 0.630727
vt 0.400324 0.629816
vt 0.402653 0.628962
vt 0.403314 0.630659
vt 0.385917 0.635944
vt 0.387363 0.635668
vt 0.385243 0.633634
vt 0.386697 0.633353
vt 0.388393 0.633031
vt 0.389058 0.635296
vt 0.391996 0.632273
vt 0.392671 0.634346
vt 0.383385 0.634073
vt 0.382576 0.634344
vt 0.384169 0.633867
vt 0.384849 0.636134
vt 0.384078 0.636294
vt 0.383305 0.636509
vt 0.379769 0.403900
vt 0.383252 0.386924
vt 0.385950 0.388062
vt 0.382591 0.404077
vt 0.380809 0.386143
vt 0.377263 0.403701
vt 0.381485 0.407876
vt 0.378539 0.407824
vt 0.376054 0.407570
vt 0.375249 0.403295
vt 0.378635 0.385547
vt 0.374233 0.406883
vt 0.386854 0.382558
vt 0.386484 0.384225
vt 0.383726 0.383091
vt 0.383918 0.381430
vt 0.386256 0.385857
vt 0.383558 0.384713
vt 0.381186 0.383966
vt 0.381367 0.382413
vt 0.381402 0.380848
vt 0.379172 0.383381
vt 0.379491 0.381932
vt 0.379474 0.380543
vt 0.824229 0.401328
vt 0.826025 0.398761
vt 0.822104 0.400416
vt 0.823601 0.397649
vt 0.825085 0.394883
vt 0.827798 0.396275
vt 0.819340 0.399752
vt 0.820454 0.396762
vt 0.816007 0.399570
vt 0.816659 0.396404
vt 0.817146 0.393179
vt 0.821483 0.393744
vt 0.384247 0.379038
vt 0.381270 0.378562
vt 0.817256 0.390217
vt 0.378920 0.378586
vt 0.683699 0.462202
vt 0.682992 0.459863
vt 0.817262 0.407629
vt 0.686635 0.461075
vt 0.815107 0.405756
vt 0.817574 0.405260
vt 0.819642 0.405328
vt 0.818854 0.407305
vt 0.689151 0.460492
vt 0.815429 0.402772
vt 0.818327 0.402614
vt 0.820754 0.402995
vt 0.822625 0.403686
vt 0.821223 0.405793
vt 0.820037 0.407427
vt 0.691079 0.460187
vt 0.691918 0.465191
vt 0.689744 0.465787
vt 0.689367 0.463611
vt 0.691381 0.463025
vt 0.687301 0.466568
vt 0.684603 0.467706
vt 0.684297 0.465502
vt 0.686995 0.464357
vt 0.686827 0.462736
vt 0.689186 0.462057
vt 0.684069 0.463869
vt 0.691062 0.461576
vt 0.696321 0.486527
vt 0.695305 0.482939
vt 0.694500 0.487214
vt 0.693291 0.483345
vt 0.692016 0.487468
vt 0.690785 0.483544
vt 0.689069 0.487520
vt 0.687964 0.483722
vt 0.527587 0.575254
vt 0.524862 0.572927
vt 0.527387 0.571441
vt 0.530093 0.573352
vt 0.522515 0.570519
vt 0.525077 0.569509
vt 0.527051 0.568367
vt 0.529320 0.569875
vt 0.532045 0.571434
vt 0.520635 0.568007
vt 0.693099 0.490642
vt 0.695788 0.490205
vt 0.697719 0.489265
vt 0.528337 0.567153
vt 0.530684 0.568398
vt 0.533476 0.569648
vt 0.380611 0.411038
vt 0.538502 0.579026
vt 0.533316 0.579693
vt 0.535979 0.577001
vt 0.537960 0.574387
vt 0.540780 0.575839
vt 0.530533 0.577489
vt 0.533056 0.575197
vt 0.534986 0.572954
vt 0.536407 0.570924
vt 0.539388 0.572078
vt 0.542374 0.572907
vt 0.811855 0.390428
vt 0.389951 0.384334
vt 0.812331 0.393374
vt 0.806955 0.394515
vt 0.805963 0.391676
vt 0.393373 0.386791
vt 0.812409 0.396680
vt 0.812284 0.400124
vt 0.808032 0.401416
vt 0.807594 0.397836
vt 0.802185 0.399987
vt 0.801051 0.396735
vt 0.803159 0.403574
vt 0.799676 0.394037
vt 0.397303 0.389952
vt 0.396566 0.391508
vt 0.396089 0.392996
vt 0.392339 0.389954
vt 0.392730 0.388396
vt 0.395580 0.394840
vt 0.391910 0.391946
vt 0.388769 0.389707
vt 0.389126 0.387587
vt 0.389431 0.385978
vt 0.392282 0.406532
vt 0.388695 0.405207
vt 0.391419 0.409337
vt 0.387808 0.408384
vt 0.385517 0.404451
vt 0.384540 0.407977
vt 0.524870 0.588990
vt 0.523185 0.586173
vt 0.526948 0.584187
vt 0.528770 0.586926
vt 0.520934 0.583173
vt 0.518289 0.580010
vt 0.521750 0.578457
vt 0.524515 0.581376
vt 0.527686 0.579524
vt 0.530298 0.582066
vt 0.524813 0.576922
vt 0.532278 0.584684
vt 0.515593 0.576752
vt 0.513174 0.573472
vt 0.516656 0.572364
vt 0.519035 0.575435
vt 0.680014 0.491655
vt 0.679135 0.488982
vt 0.682746 0.488029
vt 0.683522 0.490901
vt 0.686783 0.490663
vt 0.519734 0.571447
vt 0.686015 0.487621
vt 0.522088 0.574216
vt 0.685037 0.484096
vt 0.681785 0.469352
vt 0.678643 0.471591
vt 0.681859 0.484851
vt 0.678272 0.486177
vt 0.674974 0.474485
vt 0.681122 0.465623
vt 0.680602 0.463979
vt 0.681427 0.467231
vt 0.678214 0.469599
vt 0.677823 0.468041
vt 0.677180 0.466436
vt 0.674465 0.472641
vt 0.673987 0.471153
vt 0.673250 0.469597
vt 0.806016 0.413716
vt 0.805065 0.410688
vt 0.809043 0.408444
vt 0.809777 0.411430
vt 0.804099 0.407223
vt 0.808469 0.405023
vt 0.812194 0.403561
vt 0.812326 0.406811
vt 0.812794 0.409661
vt 0.394234 0.629171
vt 0.388819 0.616266
vt 0.392741 0.629470
vt 0.387112 0.616088
vt 0.385786 0.612797
vt 0.387561 0.613076
vt 0.394287 0.633863
vt 0.394888 0.635773
vt 0.393613 0.631878
vt 0.395083 0.631489
vt 0.395753 0.633398
vt 0.396373 0.635261
vt 0.795855 0.664301
vt 0.795491 0.667987
vt 0.795086 0.671421
vt 0.797268 0.664868
vt 0.797051 0.668516
vt 0.796785 0.671945
vt 0.395627 0.638181
vt 0.397154 0.637648
vt 0.798726 0.654939
vt 0.675677 0.715419
vt 0.798056 0.657852
vt 0.796865 0.657225
vt 0.797581 0.654274
vt 0.674193 0.714908
vt 0.797557 0.661244
vt 0.796277 0.660645
vt 0.674812 0.713045
vt 0.675482 0.711136
vt 0.676331 0.708818
vt 0.677824 0.709116
vt 0.676952 0.711525
vt 0.676278 0.713509
vt 0.683452 0.695734
vt 0.684779 0.692443
vt 0.681745 0.695912
vt 0.683003 0.692722
vt 0.526275 0.774876
vt 0.523539 0.777580
vt 0.521148 0.780396
vt 0.528028 0.775906
vt 0.525216 0.778386
vt 0.522774 0.781042
vt 0.685623 0.689226
vt 0.683818 0.689579
vt 0.535117 0.768334
vt 0.533466 0.771225
vt 0.531502 0.769704
vt 0.533095 0.766767
vt 0.530942 0.773633
vt 0.529092 0.772325
vt 0.529582 0.764510
vt 0.386746 0.609933
vt 0.384941 0.609580
vt 0.382920 0.609092
vt 0.519178 0.783181
vt 0.680766 0.689887
vt 0.522438 0.784364
vt 0.520760 0.783766
vt 0.795563 0.653103
vt 0.673411 0.717294
vt 0.674938 0.717828
vt 0.676646 0.718400
vt 0.794561 0.674427
vt 0.399788 0.636680
vt 0.798465 0.675455
vt 0.796388 0.674959
vt 0.815230 0.408402
vt 0.679608 0.461733
vt 0.675990 0.464285
vt 0.671943 0.467520
vt 0.667213 0.471438
vt 0.689943 0.490682
vt 0.517835 0.568770
vt 0.514767 0.569384
vt 0.511204 0.570357
vt 0.506997 0.571971
vt 0.535516 0.582101
vt 0.383772 0.411019
vt 0.387033 0.411257
vt 0.390540 0.412010
vt 0.394461 0.413567
vt 0.793052 0.397418
vt 0.398611 0.387875
vt 0.394563 0.384640
vt 0.390945 0.382088
vt 0.387561 0.380218
vt 0.544011 0.569223
vt 0.372836 0.409621
vt 0.374767 0.410561
vt 0.377456 0.410998
vt 0.699006 0.487168
vt 0.526505 0.565853
vt 0.525278 0.566825
vt 0.523282 0.567446
vt 0.820908 0.407883
vt 0.691632 0.458230
vt 0.689282 0.458206
vt 0.686306 0.458683
vt 0.826236 0.392252
vt 0.829176 0.393988
vt 0.377252 0.379039
vt 0.822187 0.390882
vt 0.376223 0.379942
vt 0.375250 0.381523
vt 0.374083 0.384261
vt 0.371087 0.403507
vt 0.822083 0.409381
vt 0.821482 0.408632
vt 0.527575 0.561914
vt 0.524724 0.548482
vt 0.807710 0.659679
vt 0.689799 0.718173
vt 0.691318 0.715697
vt 0.692870 0.712152
vt 0.699146 0.693574
vt 0.819140 0.673339
vt 0.815634 0.674484
vt 0.382121 0.639981
vt 0.837253 0.651221
vt 0.823558 0.670924
vt 0.699502 0.689693
vt 0.806569 0.659832
vt 0.807090 0.659967
vt 0.805161 0.658902
vt 0.805977 0.659461
vt 0.680539 0.719593
vt 0.682505 0.720012
vt 0.788475 0.649037
vt 0.665693 0.714357
vt 0.668066 0.715287
vt 0.767898 0.636445
vt 0.750141 0.625729
vt 0.622230 0.694067
vt 0.626659 0.697180
vt 0.631509 0.699978
vt 0.735566 0.602072
vt 0.605159 0.673608
vt 0.609198 0.680490
vt 0.613534 0.685976
vt 0.726173 0.551333
vt 0.594221 0.628187
vt 0.596093 0.641626
vt 0.598555 0.654098
vt 0.730367 0.503709
vt 0.593949 0.576250
vt 0.592806 0.588386
vt 0.592513 0.601159
vt 0.747038 0.464402
vt 0.607942 0.534669
vt 0.603105 0.544156
vt 0.599096 0.554172
vt 0.774750 0.434360
vt 0.633449 0.500976
vt 0.626401 0.508719
vt 0.619707 0.516955
vt 0.661506 0.476068
vt 0.655008 0.481341
vt 0.647978 0.487249
vt 0.671542 0.495765
vt 0.496594 0.578021
vt 0.660901 0.503742
vt 0.485106 0.587765
vt 0.648897 0.515216
vt 0.472666 0.600186
vt 0.636842 0.529285
vt 0.461040 0.615167
vt 0.626539 0.544603
vt 0.452763 0.631867
vt 0.619091 0.561081
vt 0.446537 0.651038
vt 0.614763 0.579942
vt 0.443110 0.672700
vt 0.613521 0.601526
vt 0.443744 0.696291
vt 0.614982 0.624896
vt 0.447602 0.720061
vt 0.618552 0.647008
vt 0.452886 0.740536
vt 0.623478 0.662715
vt 0.458796 0.753127
vt 0.629235 0.671456
vt 0.465790 0.759900
vt 0.635267 0.676869
vt 0.473326 0.764927
vt 0.642388 0.680874
vt 0.483246 0.769692
vt 0.507897 0.779282
vt 0.513653 0.781400
vt 0.511395 0.780588
vt 0.528497 0.786492
vt 0.694532 0.687105
vt 0.692269 0.687553
vt 0.529746 0.787157
vt 0.529306 0.786788
vt 0.529840 0.787783
vt 0.494052 0.750500
vt 0.398758 0.608907
vt 0.782070 0.668950
vt 0.433497 0.623028
vt 0.378295 0.607907
vt 0.376032 0.607459
vt 0.374089 0.607228
vt 0.807876 0.676263
vt 0.388060 0.640366
vt 0.390026 0.639946
vt 0.395092 0.609635
vt 0.392692 0.610043
vt 0.788454 0.672087
vt 0.785875 0.670882
vt 0.545769 0.791427
vt 0.472575 0.639916
vt 0.469893 0.647412
vt 0.454047 0.490474
vt 0.479396 0.626211
vt 0.475711 0.632868
vt 0.510197 0.596163
vt 0.504788 0.599536
vt 0.415541 0.429417
vt 0.515515 0.593402
vt 0.476862 0.739722
vt 0.479162 0.742169
vt 0.438298 0.594756
vt 0.472323 0.731564
vt 0.474576 0.736400
vt 0.464873 0.673643
vt 0.464655 0.683685
vt 0.456635 0.533403
vt 0.465894 0.664207
vt 0.486651 0.747154
vt 0.489892 0.748734
vt 0.483952 0.745713
vt 0.488693 0.613932
vt 0.483754 0.619867
vt 0.493981 0.608461
vt 0.468136 0.715317
vt 0.470126 0.724421
vt 0.466448 0.704983
vt 0.372695 0.607178
vt 0.371955 0.607314
vt 0.371462 0.608030
vt 0.718270 0.475641
vt 0.723270 0.464391
vt 0.457048 0.445972
vt 0.710482 0.498909
vt 0.714194 0.487112
vt 0.761645 0.418295
vt 0.422576 0.407602
vt 0.415547 0.401695
vt 0.409048 0.396422
vt 0.725299 0.628425
vt 0.720329 0.619581
vt 0.468989 0.585306
vt 0.736487 0.641064
vt 0.730793 0.635507
vt 0.705735 0.524799
vt 0.707536 0.511485
vt 0.705790 0.553011
vt 0.705181 0.538683
vt 0.747314 0.649012
vt 0.741947 0.645402
vt 0.752817 0.652296
vt 0.744521 0.434089
vt 0.752967 0.425686
vt 0.736564 0.443426
vt 0.709989 0.582291
vt 0.707462 0.567746
vt 0.712989 0.596085
vt 0.385016 0.640651
vt 0.810574 0.675799
vt 0.383215 0.640513
vt 0.531592 0.789191
vt 0.529260 0.788942
vt 0.534167 0.789274
vt 0.536971 0.789333
vt 0.539994 0.789468
vt 0.543019 0.789775
vt 0.838045 0.645095
vt 0.532416 0.543544
vt 0.535235 0.541609
vt 0.835408 0.402959
vt 0.540655 0.538841
vt 0.824971 0.409668
vt 0.822543 0.410862
vt 0.827567 0.408008
vn -0.984989 0.110932 0.132254
vn -0.901560 0.322637 0.288263
vn -0.902792 0.406840 0.139456
vn -0.991049 0.114169 0.069196
vn -0.547497 0.653386 0.522814
vn -0.512790 0.820092 0.253959
vn -0.507427 0.856441 0.095011
vn -0.910689 0.409705 0.052796
vn -0.993016 0.114646 0.027847
vn -0.138380 0.789268 0.598254
vn -0.115097 0.952624 0.281531
vn -0.034148 0.806904 0.589694
vn -0.018007 0.961340 0.274774
vn -0.005951 0.994582 0.103780
vn -0.103867 0.988926 0.106008
vn -0.102112 0.994485 0.023929
vn -0.516378 0.856110 0.020740
vn -0.001012 0.999722 0.023560
vn 0.000000 1.000000 0.000000
vn -0.102445 0.994739 0.000000
vn -0.522076 0.852899 -0.000000
vn -0.915461 0.402260 0.010842
vn -0.993708 0.111862 0.005609
vn -0.918007 0.396563 -0.000000
vn -0.993924 0.110067 0.000000
vn 0.999057 0.043425 -0.000000
vn 0.993293 0.115625 0.000000
vn 0.993222 0.115631 0.011780
vn 0.998987 0.043423 0.011770
vn 0.981540 0.191258 0.000000
vn 0.981466 0.191271 0.011802
vn 0.980201 0.191014 0.052144
vn 0.991944 0.115487 0.052050
vn 0.997705 0.043365 0.052006
vn 0.959251 0.282555 0.000000
vn 0.959172 0.282576 0.011827
vn 0.912606 0.408841 0.000000
vn 0.912518 0.408863 0.011877
vn 0.911360 0.408256 0.052434
vn 0.957940 0.282173 0.052243
vn 0.949650 0.279526 0.141530
vn 0.971698 0.189274 0.141344
vn 0.903525 0.404365 0.141890
vn 0.858324 0.383238 0.341188
vn 0.901835 0.264940 0.341323
vn 0.922615 0.179482 0.341420
vn 0.983351 0.114470 0.141131
vn 0.989074 0.042981 0.141017
vn 0.933701 0.108622 0.341180
vn 0.939200 0.040794 0.340938
vn 0.375153 -0.926963 -0.000001
vn 0.439424 -0.898280 -0.000001
vn 0.439406 -0.898211 0.011791
vn 0.375135 -0.926896 0.011740
vn 0.505353 -0.862913 0.000000
vn 0.505328 -0.862846 0.011837
vn 0.504686 -0.861716 0.052322
vn 0.438878 -0.897034 0.052113
vn 0.374693 -0.925696 0.051890
vn 0.574256 -0.818676 0.000000
vn 0.574222 -0.818614 0.011854
vn 0.646709 -0.762736 -0.000000
vn 0.646667 -0.762680 0.011850
vn 0.645801 -0.761707 0.052371
vn 0.573461 -0.817555 0.052405
vn 0.568379 -0.810408 0.142073
vn 0.500290 -0.854157 0.141868
vn 0.640064 -0.755095 0.141950
vn 0.607307 -0.716769 0.342667
vn 0.539244 -0.769094 0.343091
vn 0.474804 -0.810604 0.342757
vn 0.435152 -0.889198 0.141312
vn 0.371562 -0.917683 0.140712
vn 0.413257 -0.844113 0.341602
vn 0.353072 -0.871528 0.340264
vn 0.469419 0.882975 0.000000
vn 0.367472 0.930035 -0.000000
vn 0.367427 0.929977 0.011859
vn 0.469380 0.882917 0.011812
vn 0.254342 0.967114 0.000000
vn 0.254280 0.967057 0.011961
vn 0.253674 0.965846 0.052832
vn 0.366850 0.928804 0.052383
vn 0.468743 0.881792 0.052185
vn 0.154381 0.988011 0.000000
vn 0.154282 0.987952 0.012182
vn 0.041916 0.999121 0.000000
vn 0.041738 0.999035 0.013701
vn 0.040750 0.997338 0.060475
vn 0.153567 0.986672 0.053817
vn 0.150844 0.977753 0.145759
vn 0.250713 0.957428 0.143088
vn 0.037948 0.985864 0.163192
vn 0.031461 0.921842 0.386287
vn 0.140469 0.925874 0.350750
vn 0.236537 0.908432 0.344677
vn 0.363386 0.920772 0.141878
vn 0.464591 0.874166 0.141381
vn 0.344519 0.874277 0.341974
vn 0.441028 0.830150 0.341094
vn 0.932348 -0.361562 0.000000
vn 0.971593 -0.236659 0.000000
vn 0.971519 -0.236664 0.011873
vn 0.932278 -0.361546 0.011901
vn 0.991692 -0.128637 0.000000
vn 0.991620 -0.128649 0.011828
vn 0.990332 -0.128497 0.052265
vn 0.970249 -0.236359 0.052459
vn 0.931061 -0.361057 0.052569
vn 0.999347 -0.036133 0.000000
vn 0.999277 -0.036143 0.011787
vn 0.997990 -0.036110 0.052085
vn 0.989332 -0.035817 0.141206
vn 0.981687 -0.127381 0.141652
vn 0.939381 -0.034017 0.341184
vn 0.931915 -0.120881 0.341939
vn 0.961730 -0.234253 0.142127
vn 0.922877 -0.357809 0.142376
vn 0.912777 -0.222217 0.342722
vn 0.875879 -0.339414 0.342978
vn 0.825831 0.563917 0.000000
vn 0.825759 0.563898 0.011896
vn 0.707891 0.706322 0.000000
vn 0.707841 0.706273 0.011865
vn 0.706997 0.705273 0.052388
vn 0.824756 0.563045 0.052519
vn 0.579006 0.815323 0.000000
vn 0.578968 0.815264 0.011825
vn 0.578241 0.814192 0.052225
vn 0.573276 0.807072 0.141385
vn 0.701052 0.698878 0.141759
vn 0.544611 0.766477 0.340458
vn 0.666243 0.663269 0.340873
vn 0.817770 0.557730 0.142089
vn 0.777024 0.528801 0.341471
vn 0.226059 -0.913200 0.339063
vn 0.237167 -0.961301 0.140188
vn 0.245178 -0.959172 0.140984
vn 0.233060 -0.910724 0.340976
vn 0.238798 -0.969692 0.051705
vn 0.247200 -0.967569 0.051990
vn 0.274826 -0.960092 0.051906
vn 0.272484 -0.951807 0.140772
vn 0.258871 -0.903890 0.340542
vn 0.238938 -0.970964 0.011700
vn 0.247484 -0.968821 0.011763
vn 0.238917 -0.971040 0.000001
vn 0.247509 -0.968885 0.000001
vn 0.275218 -0.961382 0.000000
vn 0.275181 -0.961321 0.011743
vn 0.318096 -0.947986 0.011721
vn 0.317701 -0.946774 0.051811
vn 0.318126 -0.948048 0.000000
vn 0.315019 -0.938626 0.140514
vn 0.299340 -0.891541 0.339928
vn 0.723044 -0.690802 0.000000
vn 0.722998 -0.690749 0.011846
vn 0.800396 -0.599472 -0.000000
vn 0.800345 -0.599423 0.011858
vn 0.799306 -0.598637 0.052384
vn 0.722045 -0.689864 0.052333
vn 0.872496 -0.488620 -0.000000
vn 0.872437 -0.488582 0.011886
vn 0.871307 -0.487921 0.052506
vn 0.863674 -0.483572 0.142218
vn 0.792305 -0.593390 0.141918
vn 0.819761 -0.458852 0.342705
vn 0.752078 -0.563283 0.342185
vn 0.715682 -0.683878 0.141812
vn 0.679250 -0.649271 0.342149
vn -0.981001 -0.122936 0.150076
vn -0.987998 -0.124933 0.090841
vn -0.937641 -0.268961 0.220202
vn -0.912112 -0.219850 0.346001
vn -0.990558 -0.127593 0.050140
vn -0.952119 -0.281501 0.119274
vn -0.394315 -0.845681 0.359637
vn -0.376941 -0.711430 0.593113
vn -0.436778 -0.463474 0.770984
vn -0.991757 -0.126458 0.020665
vn -0.959030 -0.278960 0.049419
vn -0.992072 -0.125672 -0.000000
vn -0.961274 -0.275594 -0.000000
vn -0.446874 -0.894597 -0.000001
vn -0.430338 -0.888699 0.158185
vn 0.631958 -0.761979 0.141480
vn 0.592322 -0.734042 0.332169
vn 0.641838 -0.766840 -0.000001
vn 0.763729 -0.645537 -0.000000
vn 0.754879 -0.645060 0.118556
vn 0.717556 -0.635000 0.286160
vn 0.483874 -0.650246 0.585701
vn 0.265808 -0.458565 0.847977
vn 0.618713 -0.584177 0.525292
vn 0.413256 -0.431336 0.801978
vn -0.925440 -0.378895 0.000000
vn -0.965019 -0.262180 0.000000
vn -0.964764 -0.261833 0.025956
vn -0.925311 -0.378075 0.029297
vn -0.983466 -0.181093 0.000000
vn -0.983181 -0.180937 0.024834
vn -0.977674 -0.179844 0.108670
vn -0.959250 -0.259971 0.110702
vn -0.919881 -0.374414 0.116761
vn -0.993677 -0.112275 0.000000
vn -0.993383 -0.112205 0.024515
vn -0.999096 -0.042523 0.000000
vn -0.998797 -0.042508 0.024461
vn -0.993262 -0.042280 0.107899
vn -0.987869 -0.111566 0.108019
vn -0.952208 -0.107598 0.285873
vn -0.942112 -0.173446 0.286953
vn -0.957454 -0.040784 0.285690
vn -0.793055 -0.033838 0.608210
vn -0.788621 -0.089354 0.608352
vn -0.779336 -0.144116 0.609808
vn -0.923728 -0.250446 0.289833
vn -0.884325 -0.359262 0.298162
vn -0.762162 -0.207837 0.613117
vn -0.725109 -0.296184 0.621685
vn -0.639471 0.768815 0.000000
vn -0.569308 0.822124 0.000000
vn -0.569124 0.821883 0.024646
vn -0.639270 0.768587 0.024639
vn -0.505816 0.862641 0.000000
vn -0.505642 0.862393 0.024608
vn -0.502778 0.857577 0.108520
vn -0.565964 0.817232 0.108705
vn -0.635748 0.764203 0.108710
vn -0.445289 0.895387 0.000000
vn -0.445127 0.895132 0.024512
vn -0.383026 0.923737 0.000000
vn -0.382894 0.923470 0.024411
vn -0.380668 0.918419 0.107694
vn -0.442554 0.890202 0.108106
vn -0.426326 0.858115 0.286153
vn -0.484424 0.826357 0.287173
vn -0.366704 0.885536 0.285226
vn -0.303413 0.733966 0.607646
vn -0.352697 0.710649 0.608755
vn -0.400656 0.683427 0.610248
vn -0.545415 0.787243 0.287701
vn -0.612703 0.736028 0.287849
vn -0.451041 0.650357 0.611227
vn -0.506497 0.607542 0.611844
vn 0.134025 -0.990978 0.000000
vn -0.038041 -0.999276 0.000000
vn -0.038361 -0.994802 0.094324
vn 0.132778 -0.986191 0.098980
vn -0.175884 -0.984411 0.000000
vn -0.176111 -0.980108 0.091504
vn -0.175894 -0.959685 0.219239
vn -0.039926 -0.973675 0.224418
vn 0.126741 -0.962458 0.240023
vn -0.316217 -0.948687 0.000000
vn -0.317008 -0.944560 0.085514
vn -0.420327 -0.907373 0.000000
vn -0.422262 -0.903246 0.076433
vn -0.423674 -0.884788 0.194041
vn -0.316598 -0.925202 0.209204
vn -0.303625 -0.865025 0.399429
vn -0.169602 -0.895845 0.410726
vn -0.408668 -0.828727 0.382364
vn -0.335528 -0.663145 0.669073
vn -0.248166 -0.689681 0.680260
vn -0.140747 -0.712352 0.687564
vn -0.042171 -0.907764 0.417357
vn 0.110452 -0.886180 0.449985
vn -0.040231 -0.720071 0.692733
vn 0.075609 -0.675224 0.733727
vn -0.999347 0.036137 -0.000000
vn -0.999048 0.036101 0.024501
vn -0.992004 0.126203 -0.000000
vn -0.991710 0.126123 0.024590
vn -0.986155 0.125397 0.108511
vn -0.993493 0.035872 0.108099
vn -0.972903 0.231213 -0.000000
vn -0.972617 0.231099 0.024690
vn -0.935131 0.354302 0.000000
vn -0.934853 0.354171 0.024761
vn -0.929513 0.352213 0.109322
vn -0.967117 0.229804 0.108976
vn -0.931461 0.221476 0.288667
vn -0.950161 0.120858 0.287380
vn -0.894935 0.339365 0.289693
vn -0.736727 0.279925 0.615529
vn -0.768162 0.183082 0.613521
vn -0.785101 0.100092 0.611227
vn -0.957530 0.034548 0.286257
vn -0.792449 0.028640 0.609266
vn -0.541743 -0.840544 -0.000000
vn -0.543800 -0.836751 0.064251
vn -0.704007 -0.710193 -0.000000
vn -0.705171 -0.707305 0.049533
vn -0.703188 -0.694811 0.150878
vn -0.544951 -0.820077 0.174650
vn -0.840769 -0.541394 -0.000000
vn -0.841068 -0.539665 0.036970
vn -0.836552 -0.532243 0.129992
vn -0.802740 -0.506864 0.314161
vn -0.674978 -0.656068 0.337610
vn -0.654344 -0.413157 0.633352
vn -0.549018 -0.528449 0.647550
vn -0.525240 -0.769775 0.362725
vn -0.429356 -0.615993 0.660459
vn -0.313539 0.949575 0.000000
vn -0.313511 0.949269 0.024489
vn -0.231525 0.972829 0.000000
vn -0.231753 0.972450 0.025131
vn -0.231530 0.966484 0.110918
vn -0.311946 0.943933 0.108078
vn -0.127738 0.991808 0.000000
vn -0.128448 0.991354 0.026815
vn 0.015332 0.999882 0.000000
vn 0.013830 0.999456 0.029944
vn 0.007037 0.991232 0.131946
vn -0.130710 0.984340 0.118278
vn -0.132301 0.941075 0.311246
vn -0.225301 0.929075 0.293359
vn -0.008925 0.938975 0.343869
vn -0.027470 0.727196 0.685880
vn -0.116115 0.755661 0.644589
vn -0.188379 0.761724 0.619911
vn -0.301013 0.909630 0.286294
vn -0.249469 0.752506 0.609508
vn -0.875108 0.483928 0.000000
vn -0.874837 0.483786 0.024740
vn -0.799797 0.600270 0.000000
vn -0.799542 0.600102 0.024679
vn -0.795019 0.596720 0.108946
vn -0.869834 0.481100 0.109230
vn -0.718123 0.695916 0.000000
vn -0.717894 0.695716 0.024640
vn -0.713898 0.691755 0.108745
vn -0.687864 0.666218 0.288090
vn -0.765735 0.574721 0.288696
vn -0.568044 0.549529 0.612653
vn -0.631414 0.473783 0.613877
vn -0.837517 0.463442 0.289460
vn -0.689670 0.381988 0.615175
vn -0.929146 -0.086829 0.359372
vn -0.988846 -0.072801 0.129938
vn -0.596157 -0.122469 0.793472
vn -0.559696 -0.057348 0.826711
vn -0.922669 -0.066516 0.379811
vn -0.987591 -0.065283 0.142835
vn -0.092256 -0.112435 0.989367
vn 0.076219 -0.104883 0.991559
vn 0.019485 -0.032197 0.999292
vn -0.096802 -0.036965 0.994617
vn -0.987591 -0.065283 -0.142834
vn -0.922672 -0.066516 -0.379806
vn -0.929148 -0.086829 -0.359368
vn -0.988846 -0.072801 -0.129937
vn -0.559696 -0.057348 -0.826711
vn -0.596159 -0.122470 -0.793471
vn -0.096802 -0.036965 -0.994617
vn -0.092256 -0.112434 -0.989367
vn 0.019485 -0.032197 -0.999292
vn 0.076218 -0.104883 -0.991559
vn 0.413255 -0.431336 -0.801979
vn 0.265809 -0.458564 -0.847977
vn -0.436778 -0.463474 -0.770984
vn -0.912112 -0.219850 -0.346001
vn -0.981002 -0.122935 -0.150074
vn -0.996072 -0.064432 0.060741
vn -0.995870 -0.071126 0.056425
vn -0.997638 -0.063724 0.025646
vn -0.997107 -0.071371 0.026157
vn -0.997973 -0.063077 0.008409
vn -0.997438 -0.070898 0.009502
vn -0.998027 -0.062787 0.000000
vn -0.997499 -0.070684 0.000000
vn -0.196202 -0.054514 0.979047
vn -0.182651 -0.076279 0.980214
vn -0.202855 -0.038000 0.978471
vn -0.062599 -0.012087 0.997966
vn -0.060136 -0.017359 0.998039
vn -0.055217 -0.024062 0.998184
vn -0.206356 -0.023546 0.978194
vn -0.207596 -0.008898 0.978174
vn -0.064324 -0.002778 0.997925
vn -0.063883 -0.007451 0.997930
vn -0.793055 -0.033838 -0.608209
vn -0.788622 -0.089354 -0.608351
vn -0.206356 -0.023546 -0.978194
vn -0.207596 -0.008898 -0.978174
vn -0.779336 -0.144117 -0.609807
vn -0.202855 -0.038000 -0.978471
vn -0.062599 -0.012087 -0.997966
vn -0.063883 -0.007451 -0.997930
vn -0.064324 -0.002778 -0.997925
vn -0.762162 -0.207837 -0.613117
vn -0.196202 -0.054514 -0.979047
vn -0.725109 -0.296184 -0.621685
vn -0.182651 -0.076279 -0.980214
vn -0.055217 -0.024062 -0.998184
vn -0.060136 -0.017359 -0.998039
vn -0.117839 0.169445 0.978469
vn -0.131760 0.157402 0.978705
vn -0.104771 0.178727 0.978304
vn -0.032515 0.055283 0.997941
vn -0.036567 0.052333 0.997960
vn -0.040835 0.048530 0.997987
vn -0.092075 0.186112 0.978205
vn -0.078832 0.191647 0.978293
vn -0.024370 0.059396 0.997937
vn -0.028542 0.057638 0.997929
vn -0.303413 0.733966 -0.607646
vn -0.352697 0.710649 -0.608755
vn -0.092075 0.186112 -0.978205
vn -0.078832 0.191647 -0.978293
vn -0.400656 0.683426 -0.610248
vn -0.104770 0.178727 -0.978305
vn -0.032515 0.055283 -0.997941
vn -0.028543 0.057638 -0.997930
vn -0.024370 0.059396 -0.997937
vn -0.451041 0.650357 -0.611226
vn -0.117839 0.169445 -0.978469
vn -0.506497 0.607542 -0.611844
vn -0.131760 0.157402 -0.978705
vn -0.040835 0.048530 -0.997987
vn -0.036567 0.052333 -0.997960
vn -0.015350 -0.189998 0.981664
vn 0.012433 -0.164443 0.986308
vn -0.040276 -0.186770 0.981578
vn -0.013150 -0.058438 0.998204
vn -0.005614 -0.059858 0.998191
vn 0.003310 -0.052202 0.998631
vn -0.066906 -0.179786 0.981428
vn -0.089322 -0.172369 0.980974
vn -0.027972 -0.053558 0.998173
vn -0.021119 -0.056001 0.998207
vn -0.335529 -0.663146 -0.669073
vn -0.248166 -0.689681 -0.680260
vn -0.066906 -0.179786 -0.981428
vn -0.089322 -0.172369 -0.980974
vn -0.140747 -0.712352 -0.687564
vn -0.040276 -0.186770 -0.981578
vn -0.013150 -0.058438 -0.998204
vn -0.021119 -0.056001 -0.998207
vn -0.027972 -0.053558 -0.998173
vn -0.040231 -0.720071 -0.692733
vn -0.015350 -0.189998 -0.981664
vn 0.075609 -0.675224 -0.733727
vn 0.012433 -0.164443 -0.986308
vn 0.003310 -0.052202 -0.998631
vn -0.005614 -0.059858 -0.998191
vn -0.206808 0.007491 0.978353
vn -0.203786 0.026115 0.978667
vn -0.062875 0.008254 0.997987
vn -0.063969 0.002413 0.997949
vn -0.197984 0.047465 0.979055
vn -0.188412 0.071963 0.979450
vn -0.057763 0.022265 0.998082
vn -0.060892 0.014850 0.998034
vn -0.736726 0.279924 -0.615530
vn -0.768162 0.183082 -0.613521
vn -0.197984 0.047465 -0.979055
vn -0.188412 0.071963 -0.979450
vn -0.785101 0.100092 -0.611227
vn -0.203786 0.026115 -0.978667
vn -0.062875 0.008254 -0.997987
vn -0.060892 0.014850 -0.998034
vn -0.057763 0.022265 -0.998082
vn -0.792449 0.028641 -0.609266
vn -0.206808 0.007491 -0.978353
vn -0.063970 0.002413 -0.997949
vn -0.110679 -0.156384 0.981476
vn -0.137799 -0.132970 0.981494
vn -0.041980 -0.040914 0.998280
vn -0.034242 -0.048192 0.998251
vn -0.163178 -0.104760 0.981019
vn -0.049300 -0.032521 0.998254
vn -0.654344 -0.413157 -0.633352
vn -0.163178 -0.104760 -0.981019
vn -0.549018 -0.528449 -0.647550
vn -0.137799 -0.132970 -0.981494
vn -0.041980 -0.040914 -0.998280
vn -0.049300 -0.032521 -0.998254
vn -0.429356 -0.615993 -0.660459
vn -0.110679 -0.156384 -0.981476
vn -0.034242 -0.048192 -0.998251
vn -0.064860 0.194748 0.978706
vn -0.050208 0.193320 0.979850
vn -0.015772 0.060351 0.998053
vn -0.020095 0.060594 0.997960
vn -0.034703 0.185703 0.981993
vn -0.018551 0.171577 0.984996
vn -0.007234 0.054247 0.998501
vn -0.011443 0.058220 0.998238
vn -0.653210 0.490400 0.576910
vn -0.742125 0.576313 0.342219
vn -0.915652 0.315548 0.249020
vn -0.785084 0.280988 0.551986
vn -0.770323 0.619727 0.150134
vn -0.939488 0.328696 0.096542
vn -0.953707 0.285035 0.095906
vn -0.924988 0.278152 0.258899
vn -0.787988 0.244381 0.565113
vn -0.781802 0.622641 0.033216
vn -0.943754 0.329920 0.021948
vn -0.785879 0.618380 -0.000001
vn -0.944221 0.329312 0.000001
vn -0.958085 0.286484 0.000001
vn -0.957894 0.286324 0.021383
vn -0.034703 0.185703 -0.981993
vn -0.011443 0.058220 -0.998238
vn -0.007234 0.054247 -0.998501
vn -0.018552 0.171578 -0.984996
vn -0.015772 0.060351 -0.998053
vn -0.050208 0.193320 -0.979850
vn -0.027471 0.727194 -0.685882
vn -0.116115 0.755661 -0.644589
vn -0.188379 0.761723 -0.619913
vn -0.064860 0.194748 -0.978707
vn -0.020095 0.060594 -0.997960
vn -0.249469 0.752505 -0.609510
vn -0.176368 0.097945 0.979439
vn -0.162128 0.121582 0.979251
vn -0.049952 0.037355 0.998053
vn -0.054176 0.030131 0.998077
vn -0.146771 0.141544 0.978991
vn -0.045366 0.043541 0.998021
vn -0.568044 0.549529 -0.612654
vn -0.146771 0.141544 -0.978991
vn -0.631414 0.473783 -0.613878
vn -0.162128 0.121582 -0.979251
vn -0.049952 0.037355 -0.998053
vn -0.045366 0.043541 -0.998021
vn -0.689670 0.381988 -0.615175
vn -0.176368 0.097945 -0.979439
vn -0.054176 0.030131 -0.998077
vn 0.004894 -0.055551 0.998444
vn 0.005973 -0.049301 0.998766
vn 0.021977 -0.157696 0.987243
vn 0.019381 -0.181335 0.983230
vn 0.007722 -0.047091 0.998861
vn 0.027286 -0.147105 0.988744
vn 0.011993 -0.045271 0.998903
vn 0.042010 -0.140395 0.989204
vn 0.229037 -0.589275 0.774788
vn 0.146234 -0.615251 0.774649
vn 0.111935 -0.636981 0.762710
vn 0.096028 -0.683287 0.723807
vn 0.022488 0.999747 0.000000
vn 0.000000 1.000000 0.000000
vn -0.000231 0.999872 0.015983
vn 0.022279 0.999650 0.014246
vn 0.000000 1.000000 0.000000
vn -0.000315 0.999864 0.016486
vn -0.001857 0.997344 0.072816
vn -0.001358 0.997503 0.070607
vn 0.021227 0.997791 0.062945
vn 0.000000 1.000000 0.000000
vn -0.000516 0.999853 0.017102
vn -0.003037 0.997140 0.075520
vn -0.005692 0.980575 0.196060
vn -0.009303 0.979118 0.203078
vn -0.018824 0.883568 0.467925
vn -0.011599 0.890547 0.454743
vn -0.004169 0.981713 0.190324
vn 0.018410 0.985249 0.170137
vn -0.008549 0.896012 0.443947
vn 0.012747 0.914956 0.403352
vn 0.011993 -0.045271 -0.998903
vn 0.007722 -0.047091 -0.998861
vn 0.027286 -0.147105 -0.988744
vn 0.042010 -0.140395 -0.989204
vn 0.005973 -0.049301 -0.998766
vn 0.021977 -0.157696 -0.987243
vn 0.004894 -0.055551 -0.998444
vn 0.019381 -0.181335 -0.983230
vn 0.096028 -0.683287 -0.723807
vn 0.111936 -0.636981 -0.762710
vn 0.146234 -0.615251 -0.774649
vn 0.229037 -0.589276 -0.774788
vn 0.344039 -0.801399 0.489282
vn 0.217776 -0.842542 0.492643
vn 0.401112 -0.878745 0.258683
vn 0.252931 -0.931244 0.262318
vn 0.424022 -0.899699 0.103669
vn 0.266555 -0.958034 0.105447
vn 0.429430 -0.903100 0.000000
vn 0.269653 -0.962957 0.000000
vn 0.194485 -0.975332 0.104418
vn 0.185889 -0.948041 0.258193
vn 0.196319 -0.980540 0.000000
vn 0.161160 -0.986928 0.000000
vn 0.159670 -0.982184 0.099098
vn 0.152918 -0.958598 0.240219
vn 0.162259 -0.860437 0.483033
vn 0.134880 -0.884067 0.447473
vn 0.390544 -0.472133 0.790295
vn 0.064523 -0.106010 0.992270
vn 0.087939 -0.125623 0.988173
vn 0.435896 -0.480912 0.760735
vn 0.020090 -0.035822 0.999156
vn 0.021364 -0.037384 0.999073
vn 0.020300 -0.033314 0.999239
vn 0.076791 -0.106500 0.991343
vn 0.420491 -0.440219 0.793344
vn -0.033986 0.847847 0.529151
vn -0.017311 0.971158 0.237808
vn -0.017969 0.968432 0.248628
vn -0.034984 0.835380 0.548559
vn -0.005681 0.996008 0.089086
vn -0.005906 0.995618 0.093328
vn -0.000965 0.999796 0.020196
vn -0.001003 0.999775 0.021169
vn 0.000000 1.000000 0.000000
vn 0.000000 1.000000 0.000000
vn -0.001027 0.999742 0.022704
vn -0.006045 0.994964 0.100051
vn 0.000000 1.000000 0.000000
vn -0.018330 0.963933 0.265513
vn -0.035078 0.817175 0.575321
vn 0.020300 -0.033314 -0.999239
vn 0.076791 -0.106500 -0.991343
vn 0.021365 -0.037384 -0.999072
vn 0.087940 -0.125623 -0.988173
vn 0.020090 -0.035822 -0.999156
vn 0.064523 -0.106010 -0.992269
vn 0.390543 -0.472132 -0.790295
vn 0.435897 -0.480912 -0.760734
vn 0.420489 -0.440219 -0.793344
vn 0.625028 -0.589846 0.511295
vn 0.721225 -0.635749 0.275060
vn 0.707642 -0.659392 0.253859
vn 0.622783 -0.620466 0.476617
vn 0.757362 -0.643128 0.113094
vn 0.765959 -0.642889 0.000000
vn 0.747820 -0.663902 0.000000
vn 0.739975 -0.664540 0.104033
vn 0.714788 -0.691525 0.104270
vn 0.680704 -0.685144 0.259267
vn 0.722874 -0.690979 -0.000000
vn 0.589374 -0.637895 0.495709
vn 0.631958 -0.761979 -0.141481
vn 0.754878 -0.645061 -0.118556
vn -0.430336 -0.888700 -0.158186
vn -0.394314 -0.845682 -0.359636
vn 0.592323 -0.734042 -0.332168
vn 0.717556 -0.635001 -0.286160
vn -0.959030 -0.278961 -0.049419
vn -0.991757 -0.126458 -0.020665
vn -0.990559 -0.127593 -0.050140
vn -0.952119 -0.281501 -0.119274
vn -0.937641 -0.268961 -0.220202
vn -0.376941 -0.711431 -0.593112
vn -0.987998 -0.124933 -0.090841
vn 0.483875 -0.650246 -0.585700
vn 0.618713 -0.584177 -0.525292
vn 0.589374 -0.637896 -0.495709
vn 0.622782 -0.620466 -0.476617
vn 0.680704 -0.685144 -0.259267
vn 0.707643 -0.659392 -0.253859
vn 0.714788 -0.691525 -0.104270
vn 0.739975 -0.664540 -0.104032
vn 0.757361 -0.643128 -0.113094
vn 0.721224 -0.635750 -0.275060
vn 0.625027 -0.589845 -0.511296
vn 0.194485 -0.975332 -0.104418
vn 0.159670 -0.982184 -0.099098
vn 0.266555 -0.958034 -0.105447
vn 0.252931 -0.931244 -0.262318
vn 0.185889 -0.948041 -0.258193
vn 0.152918 -0.958598 -0.240219
vn 0.424022 -0.899699 -0.103669
vn 0.401112 -0.878745 -0.258683
vn 0.217776 -0.842542 -0.492643
vn 0.344039 -0.801399 -0.489282
vn 0.162259 -0.860437 -0.483033
vn 0.134880 -0.884067 -0.447473
vn 0.132778 -0.986191 -0.098980
vn 0.126741 -0.962458 -0.240022
vn 0.110452 -0.886180 -0.449985
vn -0.042170 -0.907764 -0.417357
vn -0.169602 -0.895845 -0.410726
vn -0.175894 -0.959685 -0.219239
vn -0.039926 -0.973675 -0.224418
vn -0.303625 -0.865025 -0.399429
vn -0.408668 -0.828727 -0.382364
vn -0.423674 -0.884787 -0.194041
vn -0.316598 -0.925202 -0.209204
vn -0.317008 -0.944560 -0.085514
vn -0.176111 -0.980108 -0.091504
vn -0.422262 -0.903246 -0.076433
vn -0.038361 -0.994802 -0.094324
vn -0.525240 -0.769775 -0.362725
vn -0.674978 -0.656068 -0.337610
vn -0.703188 -0.694811 -0.150878
vn -0.544950 -0.820077 -0.174650
vn -0.802740 -0.506864 -0.314161
vn -0.884325 -0.359262 -0.298162
vn -0.919881 -0.374414 -0.116761
vn -0.836552 -0.532243 -0.129992
vn -0.841068 -0.539665 -0.036970
vn -0.705171 -0.707305 -0.049533
vn -0.925311 -0.378075 -0.029297
vn -0.543800 -0.836752 -0.064251
vn -0.923728 -0.250446 -0.289833
vn -0.942111 -0.173446 -0.286953
vn -0.977674 -0.179844 -0.108671
vn -0.959250 -0.259971 -0.110702
vn -0.952207 -0.107598 -0.285873
vn -0.957453 -0.040783 -0.285692
vn -0.993262 -0.042280 -0.107900
vn -0.987869 -0.111566 -0.108020
vn -0.993383 -0.112205 -0.024515
vn -0.983181 -0.180937 -0.024834
vn -0.998797 -0.042508 -0.024461
vn -0.964764 -0.261833 -0.025956
vn -0.957530 0.034548 -0.286257
vn -0.950162 0.120858 -0.287379
vn -0.986155 0.125396 -0.108511
vn -0.993493 0.035872 -0.108099
vn -0.931461 0.221476 -0.288667
vn -0.894935 0.339365 -0.289695
vn -0.929513 0.352213 -0.109321
vn -0.967116 0.229804 -0.108976
vn -0.972617 0.231099 -0.024690
vn -0.991710 0.126124 -0.024591
vn -0.934853 0.354171 -0.024760
vn -0.999048 0.036101 -0.024501
vn -0.837517 0.463442 -0.289461
vn -0.765735 0.574721 -0.288697
vn -0.795019 0.596720 -0.108946
vn -0.869835 0.481100 -0.109229
vn -0.687864 0.666219 -0.288090
vn -0.612703 0.736028 -0.287849
vn -0.635749 0.764203 -0.108710
vn -0.713898 0.691755 -0.108745
vn -0.717894 0.695716 -0.024640
vn -0.799542 0.600102 -0.024679
vn -0.639270 0.768587 -0.024639
vn -0.874837 0.483786 -0.024740
vn -0.545415 0.787243 -0.287700
vn -0.484423 0.826357 -0.287173
vn -0.502777 0.857577 -0.108519
vn -0.565964 0.817232 -0.108705
vn -0.426326 0.858115 -0.286155
vn -0.366703 0.885536 -0.285227
vn -0.380668 0.918419 -0.107694
vn -0.442554 0.890202 -0.108106
vn -0.445127 0.895132 -0.024511
vn -0.505641 0.862393 -0.024608
vn -0.382894 0.923470 -0.024411
vn -0.569124 0.821883 -0.024647
vn -0.301013 0.909629 -0.286296
vn -0.225301 0.929075 -0.293359
vn -0.231530 0.966484 -0.110918
vn -0.311946 0.943933 -0.108078
vn -0.132300 0.941075 -0.311246
vn -0.008926 0.938975 -0.343869
vn 0.007035 0.991232 -0.131945
vn -0.130709 0.984340 -0.118277
vn -0.128448 0.991354 -0.026813
vn -0.231752 0.972450 -0.025131
vn 0.013829 0.999456 -0.029943
vn -0.313511 0.949269 -0.024489
vn -0.787987 0.244381 -0.565115
vn -0.924988 0.278152 -0.258900
vn -0.915652 0.315547 -0.249022
vn -0.785083 0.280988 -0.551988
vn -0.953707 0.285035 -0.095908
vn -0.939488 0.328697 -0.096543
vn -0.957895 0.286323 -0.021382
vn -0.943754 0.329920 -0.021947
vn -0.781800 0.622644 -0.033217
vn -0.770321 0.619730 -0.150135
vn -0.742123 0.576315 -0.342220
vn -0.653210 0.490401 -0.576908
vn 0.353072 -0.871527 -0.340265
vn 0.371562 -0.917684 -0.140707
vn 0.315020 -0.938626 -0.140511
vn 0.299340 -0.891541 -0.339927
vn 0.374693 -0.925696 -0.051889
vn 0.317702 -0.946774 -0.051809
vn 0.274827 -0.960092 -0.051904
vn 0.272484 -0.951807 -0.140772
vn 0.258871 -0.903889 -0.340544
vn 0.375135 -0.926896 -0.011743
vn 0.318097 -0.947986 -0.011722
vn 0.275182 -0.961320 -0.011743
vn 0.247484 -0.968821 -0.011763
vn 0.247200 -0.967569 -0.051988
vn 0.238937 -0.970965 -0.011700
vn 0.238798 -0.969692 -0.051704
vn 0.245177 -0.959172 -0.140985
vn 0.233059 -0.910722 -0.340982
vn 0.237168 -0.961301 -0.140185
vn 0.226060 -0.913198 -0.339067
vn 0.607307 -0.716769 -0.342667
vn 0.640064 -0.755095 -0.141953
vn 0.568378 -0.810408 -0.142074
vn 0.539244 -0.769095 -0.343088
vn 0.645801 -0.761707 -0.052371
vn 0.573460 -0.817555 -0.052407
vn 0.504686 -0.861716 -0.052325
vn 0.500290 -0.854156 -0.141868
vn 0.474804 -0.810605 -0.342754
vn 0.646667 -0.762680 -0.011849
vn 0.574222 -0.818614 -0.011855
vn 0.505328 -0.862846 -0.011839
vn 0.439406 -0.898211 -0.011794
vn 0.438878 -0.897034 -0.052113
vn 0.435153 -0.889198 -0.141310
vn 0.413258 -0.844112 -0.341602
vn 0.875879 -0.339416 -0.342978
vn 0.922877 -0.357810 -0.142374
vn 0.863674 -0.483572 -0.142217
vn 0.819762 -0.458852 -0.342704
vn 0.931061 -0.361057 -0.052569
vn 0.871307 -0.487921 -0.052506
vn 0.799306 -0.598637 -0.052384
vn 0.792306 -0.593390 -0.141918
vn 0.752079 -0.563282 -0.342185
vn 0.932278 -0.361547 -0.011901
vn 0.872437 -0.488582 -0.011887
vn 0.800345 -0.599423 -0.011858
vn 0.722998 -0.690748 -0.011844
vn 0.722045 -0.689864 -0.052332
vn 0.715682 -0.683877 -0.141814
vn 0.679251 -0.649271 -0.342148
vn 0.939200 0.040794 -0.340938
vn 0.989073 0.042981 -0.141021
vn 0.989332 -0.035818 -0.141205
vn 0.939381 -0.034016 -0.341183
vn 0.997705 0.043365 -0.052006
vn 0.997990 -0.036111 -0.052085
vn 0.990332 -0.128498 -0.052265
vn 0.981687 -0.127381 -0.141647
vn 0.931916 -0.120880 -0.341938
vn 0.998987 0.043423 -0.011766
vn 0.999277 -0.036143 -0.011785
vn 0.991620 -0.128649 -0.011827
vn 0.971519 -0.236664 -0.011873
vn 0.970249 -0.236359 -0.052459
vn 0.961731 -0.234254 -0.142122
vn 0.912777 -0.222217 -0.342721
vn 0.858324 0.383238 -0.341186
vn 0.903524 0.404365 -0.141890
vn 0.949650 0.279526 -0.141530
vn 0.901835 0.264940 -0.341323
vn 0.911360 0.408256 -0.052434
vn 0.957940 0.282173 -0.052243
vn 0.980201 0.191014 -0.052144
vn 0.971698 0.189274 -0.141344
vn 0.922615 0.179482 -0.341420
vn 0.912518 0.408863 -0.011877
vn 0.959172 0.282576 -0.011827
vn 0.981466 0.191271 -0.011802
vn 0.993222 0.115632 -0.011778
vn 0.991944 0.115488 -0.052050
vn 0.983350 0.114471 -0.141133
vn 0.933701 0.108622 -0.341180
vn 0.441028 0.830150 -0.341094
vn 0.464591 0.874166 -0.141381
vn 0.573276 0.807072 -0.141384
vn 0.544611 0.766477 -0.340458
vn 0.468743 0.881792 -0.052185
vn 0.578242 0.814192 -0.052225
vn 0.706997 0.705273 -0.052388
vn 0.701052 0.698878 -0.141758
vn 0.666243 0.663270 -0.340871
vn 0.469380 0.882917 -0.011812
vn 0.578968 0.815264 -0.011826
vn 0.707841 0.706272 -0.011866
vn 0.825759 0.563898 -0.011897
vn 0.824756 0.563045 -0.052519
vn 0.817770 0.557731 -0.142089
vn 0.777025 0.528802 -0.341467
vn 0.031461 0.921842 -0.386287
vn 0.037948 0.985864 -0.163192
vn 0.150844 0.977753 -0.145759
vn 0.140469 0.925874 -0.350750
vn 0.040750 0.997338 -0.060475
vn 0.153567 0.986672 -0.053817
vn 0.253674 0.965846 -0.052832
vn 0.250713 0.957428 -0.143088
vn 0.236537 0.908432 -0.344677
vn 0.041738 0.999035 -0.013701
vn 0.154282 0.987952 -0.012182
vn 0.254280 0.967057 -0.011961
vn 0.367427 0.929977 -0.011859
vn 0.366850 0.928804 -0.052383
vn 0.363385 0.920772 -0.141878
vn 0.344519 0.874277 -0.341973
vn 0.012747 0.914956 -0.403351
vn 0.018410 0.985249 -0.170137
vn 0.021227 0.997791 -0.062946
vn 0.022279 0.999650 -0.014246
vn -0.018824 0.883568 -0.467925
vn -0.009303 0.979118 -0.203078
vn -0.005692 0.980575 -0.196060
vn -0.011599 0.890547 -0.454743
vn -0.003037 0.997140 -0.075520
vn -0.001857 0.997344 -0.072816
vn -0.000516 0.999854 -0.017102
vn -0.000315 0.999864 -0.016486
vn -0.000231 0.999872 -0.015983
vn -0.001358 0.997503 -0.070607
vn -0.004169 0.981713 -0.190324
vn -0.008549 0.896012 -0.443947
vn -0.034148 0.806905 -0.589694
vn -0.018007 0.961340 -0.274773
vn -0.018330 0.963933 -0.265512
vn -0.035078 0.817175 -0.575321
vn -0.005951 0.994582 -0.103780
vn -0.006046 0.994964 -0.100051
vn -0.005906 0.995618 -0.093328
vn -0.017969 0.968432 -0.248628
vn -0.034984 0.835380 -0.548559
vn -0.001012 0.999722 -0.023560
vn -0.001028 0.999742 -0.022704
vn -0.001003 0.999775 -0.021169
vn -0.000965 0.999796 -0.020196
vn -0.005681 0.996008 -0.089086
vn -0.017311 0.971158 -0.237808
vn -0.033986 0.847847 -0.529151
vn -0.915461 0.402260 -0.010842
vn -0.993708 0.111862 -0.005609
vn -0.516379 0.856109 -0.020740
vn -0.507428 0.856440 -0.095010
vn -0.910690 0.409703 -0.052796
vn -0.993016 0.114646 -0.027848
vn -0.102111 0.994485 -0.023930
vn -0.103865 0.988926 -0.106008
vn -0.115095 0.952625 -0.281530
vn -0.512793 0.820091 -0.253958
vn -0.138380 0.789268 -0.598254
vn -0.547499 0.653384 -0.522813
vn -0.902794 0.406837 -0.139455
vn -0.991049 0.114168 -0.069196
vn -0.901560 0.322636 -0.288262
vn -0.984990 0.110930 -0.132250
vn -0.995870 -0.071126 -0.056426
vn -0.997107 -0.071371 -0.026158
vn -0.997638 -0.063724 -0.025646
vn -0.996072 -0.064432 -0.060741
vn -0.997438 -0.070898 -0.009502
vn -0.997973 -0.063077 -0.008410
vn -0.999993 0.003676 0.000000
vn -0.999981 0.003915 0.004822
vn -0.999239 -0.039006 0.000000
vn -0.999216 -0.039206 0.005529
vn -0.998984 -0.039456 0.021767
vn -0.999752 0.004742 0.021778
vn -0.997640 -0.037814 0.057305
vn -0.989490 -0.028658 0.141736
vn -0.998356 0.006527 0.056945
vn -0.990014 0.024718 0.138787
vn -0.998984 -0.039456 -0.021767
vn -0.997640 -0.037814 -0.057305
vn -0.989490 -0.028659 -0.141736
vn -0.999216 -0.039206 -0.005529
vn -0.999981 0.003915 -0.004822
vn -0.999752 0.004742 -0.021778
vn -0.998356 0.006527 -0.056945
vn -0.990014 0.024718 -0.138787
vn -0.036960 0.454124 -0.890172
vn -0.149362 0.433971 -0.888459
vn -0.022375 0.165768 -0.985911
vn -0.140572 0.152674 -0.978228
vn -0.582901 0.095301 -0.806935
vn -0.576407 0.331942 -0.746706
vn -0.925361 0.007581 -0.379011
vn -0.919869 0.125459 -0.371619
vn -0.039453 0.515799 -0.855801
vn -0.039636 0.492735 -0.869276
vn -0.024982 0.198288 -0.979825
vn -0.024347 0.182780 -0.982852
vn -0.023561 0.172565 -0.984716
vn -0.038587 0.468115 -0.882825
vn 0.003963 0.646709 -0.762726
vn -0.010948 0.602097 -0.798348
vn -0.001202 0.269913 -0.962884
vn -0.007220 0.242161 -0.970209
vn -0.009615 0.236688 -0.971538
vn -0.014650 0.591204 -0.806389
vn -0.015224 0.229022 -0.973302
vn -0.023385 0.577305 -0.816193
vn 0.004791 0.291564 -0.956539
vn 0.017929 0.670223 -0.741943
vn 0.079998 0.315252 -0.945630
vn 0.119589 0.305427 -0.944676
vn 0.153787 0.289925 -0.944613
vn 0.044394 0.315574 -0.947862
vn 0.103218 0.701225 -0.705429
vn 0.178718 0.693507 -0.697931
vn 0.263137 0.669497 -0.694645
vn 0.337644 0.635958 -0.693941
vn 0.235821 0.232908 -0.943474
vn 0.274990 0.184450 -0.943588
vn 0.303078 0.132763 -0.943672
vn 0.191763 0.269477 -0.943721
vn 0.418203 0.588219 -0.692174
vn 0.512335 0.508494 -0.692059
vn 0.597366 0.404317 -0.692591
vn 0.659524 0.292399 -0.692482
vn 0.320723 0.061596 -0.945168
vn 0.324048 0.037381 -0.945302
vn 0.326146 0.014116 -0.945214
vn 0.315224 0.091054 -0.944639
vn 0.691096 0.201770 -0.694028
vn 0.705993 0.136703 -0.694900
vn 0.714276 0.082848 -0.694943
vn 0.718677 0.031174 -0.694645
vn 0.323825 -0.041660 -0.945199
vn 0.317286 -0.076746 -0.945219
vn 0.305070 -0.117733 -0.945025
vn 0.326448 -0.011681 -0.945143
vn 0.718836 -0.025932 -0.694696
vn 0.712787 -0.092198 -0.695295
vn 0.697891 -0.169514 -0.695854
vn 0.669907 -0.259204 -0.695728
vn 0.261831 -0.196279 -0.944944
vn 0.235934 -0.226041 -0.945114
vn 0.210141 -0.248715 -0.945506
vn 0.285513 -0.159609 -0.944991
vn 0.627061 -0.350808 -0.695506
vn 0.575361 -0.431058 -0.695089
vn 0.519321 -0.496829 -0.695318
vn 0.463722 -0.547893 -0.696257
vn 0.163999 -0.280233 -0.945819
vn 0.143309 -0.292468 -0.945476
vn 0.123074 -0.303086 -0.944982
vn 0.186119 -0.266057 -0.945819
vn 0.411420 -0.587287 -0.697013
vn 0.362453 -0.618962 -0.696788
vn 0.316056 -0.645291 -0.695491
vn 0.270612 -0.667333 -0.693855
vn 0.172610 -0.695390 -0.697594
vn 0.178040 -0.694499 -0.697117
vn 0.075792 -0.307006 -0.948685
vn 0.079637 -0.310918 -0.947094
vn 0.089671 -0.312287 -0.945746
vn 0.198183 -0.691058 -0.695099
vn 0.104353 -0.309867 -0.945036
vn 0.229499 -0.682710 -0.693712
vn -0.692496 -0.721421 0.000000
vn -0.968770 -0.247961 0.000000
vn -0.969095 -0.245847 -0.020365
vn -0.693450 -0.720315 -0.016531
vn -0.993274 0.115787 0.000000
vn -0.992944 0.116619 -0.021513
vn -0.988528 0.116667 -0.095926
vn -0.965535 -0.243578 -0.091718
vn -0.692734 -0.717283 -0.075005
vn -0.960856 0.103322 -0.257062
vn -0.829053 0.042471 -0.557554
vn -0.941546 -0.241577 -0.234802
vn -0.681330 -0.709641 -0.179444
vn -0.816024 -0.299768 -0.494210
vn -0.650246 -0.684110 -0.330415
vn -0.988528 0.116666 0.095926
vn -0.960856 0.103321 0.257062
vn -0.829053 0.042471 0.557554
vn -0.992944 0.116619 0.021512
vn -0.969095 -0.245847 0.020365
vn -0.965535 -0.243579 0.091718
vn -0.693450 -0.720316 0.016530
vn -0.692733 -0.717284 0.075003
vn -0.941545 -0.241579 0.234803
vn -0.816026 -0.299765 0.494209
vn -0.681327 -0.709643 0.179444
vn -0.650246 -0.684112 0.330411
vn 0.089671 -0.312287 0.945746
vn 0.104353 -0.309866 0.945036
vn 0.123074 -0.303085 0.944983
vn 0.075792 -0.307009 0.948684
vn 0.079637 -0.310918 0.947095
vn 0.178041 -0.694501 0.697116
vn 0.198183 -0.691057 0.695099
vn 0.172610 -0.695393 0.697591
vn 0.229499 -0.682710 0.693713
vn 0.270612 -0.667336 0.693853
vn 0.163998 -0.280232 0.945820
vn 0.186118 -0.266056 0.945819
vn 0.210141 -0.248716 0.945506
vn 0.143308 -0.292467 0.945477
vn 0.316056 -0.645291 0.695491
vn 0.362452 -0.618960 0.696790
vn 0.411419 -0.587284 0.697016
vn 0.463720 -0.547890 0.696261
vn 0.261831 -0.196279 0.944944
vn 0.285513 -0.159608 0.944991
vn 0.305070 -0.117733 0.945025
vn 0.235934 -0.226042 0.945114
vn 0.519319 -0.496827 0.695321
vn 0.575361 -0.431057 0.695090
vn 0.627060 -0.350806 0.695507
vn 0.669908 -0.259204 0.695727
vn 0.323826 -0.041661 0.945199
vn 0.326449 -0.011681 0.945143
vn 0.326146 0.014116 0.945214
vn 0.317286 -0.076746 0.945219
vn 0.697896 -0.169515 0.695849
vn 0.712792 -0.092199 0.695289
vn 0.718838 -0.025932 0.694693
vn 0.718678 0.031174 0.694644
vn 0.320723 0.061596 0.945168
vn 0.315224 0.091054 0.944639
vn 0.303079 0.132764 0.943672
vn 0.324048 0.037381 0.945302
vn 0.714276 0.082848 0.694943
vn 0.705993 0.136703 0.694900
vn 0.691097 0.201770 0.694028
vn 0.659524 0.292400 0.692481
vn 0.235822 0.232909 0.943473
vn 0.191763 0.269477 0.943721
vn 0.153787 0.289925 0.944613
vn 0.274992 0.184451 0.943587
vn 0.597365 0.404317 0.692592
vn 0.512336 0.508494 0.692060
vn 0.418203 0.588219 0.692174
vn 0.337644 0.635958 0.693941
vn 0.079998 0.315253 0.945630
vn 0.044394 0.315574 0.947862
vn 0.004791 0.291564 0.956539
vn 0.119590 0.305427 0.944676
vn 0.263137 0.669497 0.694645
vn 0.178718 0.693507 0.697931
vn 0.103218 0.701225 0.705429
vn 0.017929 0.670223 0.741943
vn 0.003963 0.646709 0.762726
vn -0.001202 0.269913 0.962884
vn -0.023385 0.577305 0.816193
vn -0.014650 0.591204 0.806389
vn -0.015224 0.229022 0.973302
vn -0.009615 0.236688 0.971538
vn -0.007220 0.242161 0.970209
vn -0.010948 0.602097 0.798348
vn -0.036960 0.454123 0.890172
vn -0.038587 0.468115 0.882825
vn -0.022375 0.165768 0.985911
vn -0.023560 0.172565 0.984716
vn -0.024347 0.182780 0.982852
vn -0.039636 0.492735 0.869276
vn -0.024982 0.198288 0.979825
vn -0.039453 0.515799 0.855801
vn -0.582901 0.095300 0.806935
vn -0.925360 0.007580 0.379014
vn -0.140573 0.152674 0.978228
vn -0.149363 0.433971 0.888459
vn -0.576406 0.331943 0.746706
vn -0.919869 0.125459 0.371619
vn -0.001955 0.112645 0.993633
vn -0.034238 0.044262 0.998433
vn 0.009995 0.034287 0.999362
vn 0.037902 0.107137 0.993522
vn -0.182051 0.082979 0.979781
vn -0.153199 0.149266 0.976857
vn 0.273964 0.481844 0.832328
vn 0.234381 0.472346 0.849679
vn 0.041580 0.516522 0.855264
vn -0.446863 0.209792 0.869655
vn -0.467131 0.159593 0.869666
vn -0.308853 0.542439 0.781261
vn 0.075788 -0.935870 0.344098
vn 0.055691 -0.688971 0.722646
vn -0.049556 -0.664534 0.745613
vn -0.040177 -0.932635 0.358578
vn 0.020721 -0.269569 0.962758
vn -0.049958 -0.240654 0.969325
vn -0.215693 -0.181536 0.959438
vn -0.228309 -0.608759 0.759795
vn -0.200276 -0.906469 0.371758
vn -0.511055 -0.078825 0.855926
vn -0.506230 -0.484391 0.713510
vn -0.413176 -0.834029 0.365625
vn -0.390158 -0.920748 0.000000
vn -0.390216 -0.920625 0.013458
vn -0.182675 -0.983173 0.000000
vn -0.182258 -0.983171 0.012493
vn -0.180982 -0.981895 0.055929
vn -0.390394 -0.918614 0.061165
vn -0.034910 -0.999390 0.000000
vn -0.034885 -0.999316 0.012277
vn 0.081954 -0.996636 0.000000
vn 0.081774 -0.996579 0.011927
vn 0.081413 -0.995286 0.052705
vn -0.034575 -0.997921 0.054382
vn -0.035247 -0.988319 0.148268
vn -0.183085 -0.970967 0.153956
vn 0.080277 -0.986491 0.142797
vn -0.387486 -0.908192 0.158247
vn 0.075788 -0.935869 -0.344101
vn 0.080278 -0.986491 -0.142795
vn -0.035245 -0.988319 -0.148265
vn -0.040177 -0.932635 -0.358578
vn 0.081414 -0.995286 -0.052704
vn -0.034572 -0.997922 -0.054382
vn -0.180982 -0.981895 -0.055929
vn -0.183085 -0.970968 -0.153954
vn -0.200279 -0.906468 -0.371759
vn 0.081775 -0.996579 -0.011929
vn -0.034883 -0.999316 -0.012279
vn -0.182258 -0.983171 -0.012493
vn -0.390216 -0.920625 -0.013458
vn -0.390394 -0.918614 -0.061166
vn -0.387485 -0.908193 -0.158244
vn -0.413177 -0.834027 -0.365627
vn -0.467131 0.159593 -0.869666
vn -0.182053 0.082979 -0.979781
vn -0.215694 -0.181536 -0.959438
vn -0.511055 -0.078824 -0.855926
vn -0.034238 0.044262 -0.998433
vn 0.009995 0.034287 -0.999362
vn 0.020721 -0.269569 -0.962758
vn -0.049958 -0.240655 -0.969324
vn -0.049556 -0.664534 -0.745613
vn -0.228310 -0.608759 -0.759794
vn 0.055691 -0.688971 -0.722646
vn -0.506229 -0.484387 -0.713513
vn -0.308854 0.542439 -0.781262
vn -0.446864 0.209792 -0.869655
vn 0.041579 0.516522 -0.855264
vn -0.153201 0.149265 -0.976857
vn 0.234381 0.472345 -0.849680
vn -0.001955 0.112645 -0.993633
vn 0.273964 0.481843 -0.832329
vn 0.037902 0.107137 -0.993522
vn 0.588113 0.808779 0.000000
vn 0.585591 0.809286 -0.046254
vn 0.550525 0.833297 -0.050380
vn 0.553465 0.832873 0.000000
vn 0.564065 0.800564 -0.202306
vn 0.528734 0.820129 -0.218700
vn 0.291529 0.926362 -0.238460
vn 0.309846 0.949178 -0.055283
vn 0.311438 0.950267 0.000001
vn 0.475606 0.725135 -0.497974
vn 0.436979 0.729162 -0.526661
vn 0.209411 0.804813 -0.555359
vn -0.284796 0.814449 -0.505534
vn -0.286948 0.931600 -0.223118
vn -0.291699 0.955127 -0.051429
vn -0.297739 0.954647 -0.000000
vn 0.475605 0.725135 0.497974
vn 0.436977 0.729160 0.526665
vn 0.564065 0.800564 0.202307
vn 0.528735 0.820128 0.218699
vn 0.291532 0.926362 0.238457
vn 0.209414 0.804809 0.555363
vn 0.585591 0.809286 0.046254
vn 0.550525 0.833297 0.050377
vn 0.309848 0.949178 0.055279
vn -0.291700 0.955126 0.051426
vn -0.286947 0.931601 0.223116
vn -0.284795 0.814448 0.505535
vn 0.167332 -0.976096 0.138697
vn 0.160170 -0.928474 0.335083
vn 0.168330 -0.984401 0.051182
vn 0.216623 -0.974936 0.050737
vn 0.215568 -0.966759 0.137502
vn 0.206655 -0.920172 0.332532
vn 0.168444 -0.985643 0.011582
vn 0.168527 -0.985697 0.000000
vn 0.216644 -0.976251 0.000000
vn 0.216635 -0.976185 0.011482
vn 0.236622 -0.971533 0.011561
vn 0.236587 -0.970267 0.051083
vn 0.236597 -0.971608 0.000000
vn 0.235296 -0.962011 0.138460
vn 0.225103 -0.914977 0.334881
vn 0.172463 -0.696558 0.696464
vn 0.074388 -0.301983 0.950407
vn 0.066361 -0.294430 0.953366
vn 0.158143 -0.697708 0.698709
vn -0.002515 0.048729 0.998809
vn 0.002304 0.043138 0.999066
vn 0.006667 0.038196 0.999248
vn 0.048920 -0.283722 0.957658
vn 0.121361 -0.696469 0.707250
vn -0.002054 0.153506 0.988146
vn 0.013764 0.134987 0.990752
vn 0.073815 0.673007 0.735944
vn 0.167358 0.602444 0.780418
vn 0.027535 0.119073 0.992504
vn 0.237367 0.533766 0.811635
vn 0.145754 0.909846 0.388504
vn 0.183861 0.971264 0.151136
vn 0.360261 0.917049 0.170978
vn 0.298638 0.850265 0.433434
vn 0.196765 0.979849 0.034339
vn 0.199031 0.979993 0.000000
vn 0.380754 0.924676 0.000000
vn 0.378211 0.924903 0.038879
vn 0.515990 0.855528 0.042734
vn 0.495346 0.848189 0.187637
vn 0.518493 0.855082 0.000000
vn 0.415925 0.778912 0.469363
vn 0.196765 0.979849 -0.034339
vn 0.183860 0.971264 -0.151136
vn 0.360261 0.917049 -0.170978
vn 0.378211 0.924903 -0.038879
vn 0.145753 0.909846 -0.388505
vn 0.073812 0.673005 -0.735945
vn 0.167357 0.602441 -0.780421
vn 0.298638 0.850264 -0.433436
vn 0.415926 0.778911 -0.469364
vn 0.495346 0.848189 -0.187637
vn 0.237369 0.533764 -0.811635
vn 0.515990 0.855528 -0.042734
vn 0.027535 0.119073 -0.992504
vn 0.006668 0.038196 -0.999248
vn 0.002304 0.043138 -0.999066
vn 0.013764 0.134987 -0.990752
vn -0.002055 0.153506 -0.988146
vn -0.002516 0.048729 -0.998809
vn 0.121362 -0.696469 -0.707250
vn 0.160170 -0.928474 -0.335083
vn 0.048920 -0.283722 -0.957658
vn 0.066360 -0.294429 -0.953367
vn 0.158141 -0.697706 -0.698712
vn 0.206653 -0.920173 -0.332530
vn 0.074388 -0.301982 -0.950407
vn 0.172462 -0.696553 -0.696470
vn 0.225103 -0.914977 -0.334882
vn 0.235295 -0.962012 -0.138455
vn 0.236586 -0.970267 -0.051081
vn 0.216622 -0.974936 -0.050737
vn 0.215568 -0.966760 -0.137499
vn 0.236621 -0.971533 -0.011561
vn 0.216636 -0.976185 -0.011482
vn 0.168444 -0.985643 -0.011583
vn 0.168329 -0.984401 -0.051182
vn 0.167332 -0.976096 -0.138696
vn 0.016619 -0.044806 0.998857
vn 0.063047 -0.145147 0.987399
vn 0.019250 -0.040979 0.998975
vn 0.068459 -0.127792 0.989435
vn 0.369004 -0.526606 0.765847
vn 0.317838 -0.571720 0.756383
vn -0.036931 0.540932 0.840255
vn -0.030934 0.864014 0.502517
vn -0.023470 0.209169 0.977598
vn -0.020189 0.217415 0.975871
vn -0.031636 0.559240 0.828402
vn -0.025971 0.874868 0.483665
vn 0.000000 1.000000 0.000000
vn -0.000717 0.999841 0.017823
vn -0.004221 0.996890 0.078691
vn 0.000000 1.000000 0.000000
vn -0.000864 0.999823 0.018783
vn -0.005085 0.996545 0.082894
vn -0.015532 0.974907 0.222069
vn -0.012917 0.977332 0.211320
vn -0.015531 0.974907 -0.222068
vn -0.030934 0.864014 -0.502517
vn -0.005083 0.996545 -0.082894
vn -0.004221 0.996890 -0.078691
vn -0.012917 0.977332 -0.211319
vn -0.025971 0.874868 -0.483665
vn -0.000863 0.999823 -0.018783
vn -0.000717 0.999841 -0.017824
vn -0.031636 0.559240 -0.828402
vn -0.020189 0.217415 -0.975871
vn 0.016619 -0.044806 -0.998857
vn 0.019250 -0.040979 -0.998975
vn -0.023470 0.209169 -0.977598
vn -0.036931 0.540932 -0.840255
vn 0.068459 -0.127792 -0.989435
vn 0.369004 -0.526606 -0.765847
vn 0.063047 -0.145147 -0.987399
vn 0.317838 -0.571720 -0.756383
vn 0.564238 -0.825612 -0.000000
vn 0.557399 -0.824237 -0.099698
vn 0.529745 -0.811124 -0.247887
vn 0.656897 -0.753980 -0.000000
vn 0.649324 -0.753919 -0.099927
vn 0.618496 -0.745412 -0.248644
vn 0.539394 -0.695303 -0.474982
vn 0.461121 -0.752275 -0.470584
vn 0.539394 -0.695303 0.474981
vn 0.618496 -0.745412 0.248644
vn 0.529745 -0.811124 0.247887
vn 0.461120 -0.752276 0.470584
vn 0.649324 -0.753919 0.099928
vn 0.557399 -0.824237 0.099698
s 1
g handle
usemtl aiStandardSurface2SG
f 1983/2236/1965 2709/2237/1966 3001/3837/1967 2712/3685/1968
f 2709/2237/1966 2154/2240/1969 2710/2241/1970 3001/3837/1967
f 3001/2238/1967 2710/3836/1970 2225/2242/1971 2711/2243/1972
f 2712/2239/1968 3001/2238/1967 2711/2243/1972 2157/2244/1973
f 2154/2240/1969 2713/2245/1974 3002/3835/1975 2710/2241/1970
f 2713/2245/1974 2006/2247/1976 2714/2248/1977 3002/3835/1975
f 3002/2246/1975 2714/3770/1977 2155/2249/1978 2715/2250/1979
f 2710/3836/1970 3002/2246/1975 2715/2250/1979 2225/2242/1971
f 2225/2242/1971 2715/2250/1979 3003/2251/1980 2718/2252/1981
f 2715/2250/1979 2155/2249/1978 2716/2253/1982 3003/2251/1980
f 3003/2251/1980 2716/2253/1982 2035/2254/1983 2717/2255/1984
f 2718/2252/1981 3003/2251/1980 2717/2255/1984 2156/2256/1985
f 2157/2244/1973 2711/2243/1972 3004/2257/1986 2720/2258/1987
f 2711/2243/1972 2225/2242/1971 2718/2252/1981 3004/2257/1986
f 3004/2257/1986 2718/2252/1981 2156/2256/1985 2719/2259/1988
f 2720/2258/1987 3004/2257/1986 2719/2259/1988 2036/2260/1989
f 2029/2261/1990 2721/2262/1991 3005/2263/1992 2724/2264/1993
f 2721/2262/1991 2158/2265/1994 2722/2266/1995 3005/2263/1992
f 3005/2263/1992 2722/2266/1995 2226/2267/1996 2723/2268/1997
f 2724/2264/1993 3005/2263/1992 2723/2268/1997 2161/2269/1998
f 2158/2265/1994 2725/2270/1999 3006/2271/2000 2722/2266/1995
f 2725/2270/1999 2030/2272/2001 2726/2273/2002 3006/2271/2000
f 3006/2271/2000 2726/2273/2002 2159/2274/2003 2727/2275/2004
f 2722/2266/1995 3006/2271/2000 2727/2275/2004 2226/2267/1996
f 2226/2267/1996 2727/2275/2004 3007/3834/2005 2730/3832/2006
f 2727/2275/2004 2159/2274/2003 2728/2278/2007 3007/3834/2005
f 3007/2276/2005 2728/3819/2007 1987/2279/2008 2729/2280/2009
f 2730/2277/2006 3007/2276/2005 2729/2280/2009 2160/2281/2010
f 2161/2269/1998 2723/2268/1997 3008/3833/2011 2732/3824/2012
f 2723/2268/1997 2226/2267/1996 2730/3832/2006 3008/3833/2011
f 3008/2282/2011 2730/2277/2006 2160/2281/2010 2731/2284/2013
f 2732/2283/2012 3008/2282/2011 2731/2284/2013 1989/2285/2014
f 2026/2286/2015 2733/2287/2016 3009/2288/2017 2736/2289/2018
f 2733/2287/2016 2162/2290/2019 2734/2291/2020 3009/2288/2017
f 3009/2288/2017 2734/2291/2020 2227/2292/2021 2735/2293/2022
f 2736/2289/2018 3009/2288/2017 2735/2293/2022 2165/2294/2023
f 2162/2290/2019 2737/2295/2024 3010/2296/2025 2734/2291/2020
f 2737/2295/2024 2027/2297/2026 2738/2298/2027 3010/2296/2025
f 3010/2296/2025 2738/2298/2027 2163/2299/2028 2739/2300/2029
f 2734/2291/2020 3010/2296/2025 2739/2300/2029 2227/2292/2021
f 2227/2292/2021 2739/2300/2029 3011/3831/2030 2742/3829/2031
f 2739/2300/2029 2163/2299/2028 2740/2303/2032 3011/3831/2030
f 3011/2301/2030 2740/3810/2032 1991/2304/2033 2741/2305/2034
f 2742/2302/2031 3011/2301/2030 2741/2305/2034 2164/2306/2035
f 2165/2294/2023 2735/2293/2022 3012/3830/2036 2744/3813/2037
f 2735/2293/2022 2227/2292/2021 2742/3829/2031 3012/3830/2036
f 3012/2307/2036 2742/2302/2031 2164/2306/2035 2743/2309/2038
f 2744/2308/2037 3012/2307/2036 2743/2309/2038 1993/2310/2039
f 2031/2311/2040 2745/2312/2041 3013/2313/2042 2748/2314/2043
f 2745/2312/2041 2166/2315/2044 2746/2316/2045 3013/2313/2042
f 3013/2313/2042 2746/2316/2045 2228/2317/2046 2747/2318/2047
f 2748/2314/2043 3013/2313/2042 2747/2318/2047 2169/2319/2048
f 2166/2315/2044 2749/2320/2049 3014/2321/2050 2746/2316/2045
f 2749/2320/2049 2032/2322/2051 2750/2323/2052 3014/2321/2050
f 3014/2321/2050 2750/2323/2052 2167/2324/2053 2751/2325/2054
f 2746/2316/2045 3014/2321/2050 2751/2325/2054 2228/2317/2046
f 2228/2317/2046 2751/2325/2054 3015/3828/2055 2754/3826/2056
f 2751/2325/2054 2167/2324/2053 2752/2328/2057 3015/3828/2055
f 3015/2326/2055 2752/3766/2057 1984/2329/2058 2753/2330/2059
f 2754/2327/2056 3015/2326/2055 2753/2330/2059 2168/2331/2060
f 2169/2319/2048 2747/2318/2047 3016/3827/2061 2756/3820/2062
f 2747/2318/2047 2228/2317/2046 2754/3826/2056 3016/3827/2061
f 3016/2332/2061 2754/2327/2056 2168/2331/2060 2755/2334/2063
f 2756/2333/2062 3016/2332/2061 2755/2334/2063 1995/2335/2064
f 2028/2336/2065 2757/2337/2066 3017/2338/2067 2760/2339/2068
f 2757/2337/2066 2170/2340/2069 2758/2341/2070 3017/2338/2067
f 3017/2338/2067 2758/2341/2070 2229/2342/2071 2759/2343/2072
f 2760/2339/2068 3017/2338/2067 2759/2343/2072 2172/2344/2073
f 2170/2340/2069 2761/2345/2074 3018/2346/2075 2758/2341/2070
f 2761/2345/2074 2029/2261/1990 2724/2264/1993 3018/2346/2075
f 3018/2346/2075 2724/2264/1993 2161/2269/1998 2762/2347/2076
f 2758/2341/2070 3018/2346/2075 2762/2347/2076 2229/2342/2071
f 2229/2342/2071 2762/2347/2076 3019/3825/2077 2764/3822/2078
f 2762/2347/2076 2161/2269/1998 2732/3824/2012 3019/3825/2077
f 3019/2348/2077 2732/2283/2012 1989/2285/2014 2763/2350/2079
f 2764/2349/2078 3019/2348/2077 2763/2350/2079 2171/2351/2080
f 2172/2344/2073 2759/2343/2072 3020/3823/2081 2766/3811/2082
f 2759/2343/2072 2229/2342/2071 2764/3822/2078 3020/3823/2081
f 3020/2352/2081 2764/2349/2078 2171/2351/2080 2765/2354/2083
f 2766/2353/2082 3020/2352/2081 2765/2354/2083 1997/2355/2084
f 2030/2272/2001 2767/2356/2085 3021/2357/2086 2726/2273/2002
f 2767/2356/2085 2173/2358/2087 2768/2359/2088 3021/2357/2086
f 3021/2357/2086 2768/2359/2088 2230/2360/2089 2769/2361/2090
f 2726/2273/2002 3021/2357/2086 2769/2361/2090 2159/2274/2003
f 2173/2358/2087 2770/2362/2091 3022/2363/2092 2768/2359/2088
f 2770/2362/2091 2031/2311/2040 2748/2314/2043 3022/2363/2092
f 3022/2363/2092 2748/2314/2043 2169/2319/2048 2771/2364/2093
f 2768/2359/2088 3022/2363/2092 2771/2364/2093 2230/2360/2089
f 2230/2360/2089 2771/2364/2093 3023/3821/2094 2773/3817/2095
f 2771/2364/2093 2169/2319/2048 2756/3820/2062 3023/3821/2094
f 3023/2365/2094 2756/2333/2062 1995/2335/2064 2772/2367/2096
f 2773/2366/2095 3023/2365/2094 2772/2367/2096 2174/2368/2097
f 2159/2274/2003 2769/2361/2090 3024/3818/2098 2728/2278/2007
f 2769/2361/2090 2230/2360/2089 2773/3817/2095 3024/3818/2098
f 3024/2369/2098 2773/2366/2095 2174/2368/2097 2774/2370/2099
f 2728/3819/2007 3024/2369/2098 2774/2370/2099 1987/2279/2008
f 2038/2371/2100 2775/2372/2101 3025/3816/2102 2778/2374/2103
f 2775/3649/2101 2175/2375/2104 2776/2376/2105 3025/2373/2102
f 3025/2373/2102 2776/2376/2105 2231/2377/2106 2777/2378/2107
f 2778/2374/2103 3025/3816/2102 2777/3815/2107 2177/2379/2108
f 2175/2375/2104 2779/2380/2109 3026/2381/2110 2776/2376/2105
f 2779/2380/2109 2039/2382/2111 2780/2383/2112 3026/2381/2110
f 3026/2381/2110 2780/2383/2112 2176/2384/2113 2781/2385/2114
f 2776/2376/2105 3026/2381/2110 2781/2385/2114 2231/2377/2106
f 2231/2377/2106 2781/2385/2114 3027/2386/2115 2783/2387/2116
f 2781/2385/2114 2176/2384/2113 2782/2388/2117 3027/2386/2115
f 3027/2386/2115 2782/2388/2117 2026/2286/2015 2736/2289/2018
f 2783/2387/2116 3027/2386/2115 2736/2289/2018 2165/2294/2023
f 2177/2379/2108 2777/3815/2107 3028/3814/2118 2784/2390/2119
f 2777/2378/2107 2231/2377/2106 2783/2387/2116 3028/2389/2118
f 3028/2389/2118 2783/2387/2116 2165/2294/2023 2744/3813/2037
f 2784/2390/2119 3028/3814/2118 2744/2308/2037 1993/2310/2039
f 2027/2297/2026 2785/2391/2120 3029/2392/2121 2738/2298/2027
f 2785/2391/2120 2178/2393/2122 2786/2394/2123 3029/2392/2121
f 3029/2392/2121 2786/2394/2123 2232/2395/2124 2787/2396/2125
f 2738/2298/2027 3029/2392/2121 2787/2396/2125 2163/2299/2028
f 2178/2393/2122 2788/2397/2126 3030/2398/2127 2786/2394/2123
f 2788/2397/2126 2028/2336/2065 2760/2339/2068 3030/2398/2127
f 3030/2398/2127 2760/2339/2068 2172/2344/2073 2789/2399/2128
f 2786/2394/2123 3030/2398/2127 2789/2399/2128 2232/2395/2124
f 2232/2395/2124 2789/2399/2128 3031/3812/2129 2791/3808/2130
f 2789/2399/2128 2172/2344/2073 2766/3811/2082 3031/3812/2129
f 3031/2400/2129 2766/2353/2082 1997/2355/2084 2790/2402/2131
f 2791/2401/2130 3031/2400/2129 2790/2402/2131 2179/2403/2132
f 2163/2299/2028 2787/2396/2125 3032/3809/2133 2740/2303/2032
f 2787/2396/2125 2232/2395/2124 2791/3808/2130 3032/3809/2133
f 3032/2404/2133 2791/2401/2130 2179/2403/2132 2792/2405/2134
f 2740/3810/2032 3032/2404/2133 2792/2405/2134 1991/2304/2033
f 1965/2406/2135 2793/2407/2136 3033/3807/2137 2796/2409/2138
f 2793/3777/2136 2180/3843/2139 2794/2411/2140 3033/2408/2137
f 3033/2408/2137 2794/2411/2140 2233/2412/2141 2795/2413/2142
f 2796/2409/2138 3033/3807/2137 2795/3806/2142 2183/2414/2143
f 2180/3843/2139 2797/3842/2144 3034/2416/2145 2794/2411/2140
f 2797/3842/2144 2013/3841/2146 2798/2418/2147 3034/2416/2145
f 3034/2416/2145 2798/2418/2147 2181/2419/2148 2799/2420/2149
f 2794/2411/2140 3034/2416/2145 2799/2420/2149 2233/2412/2141
f 2233/2412/2141 2799/2420/2149 3035/2421/2150 2802/2422/2151
f 2799/2420/2149 2181/2419/2148 2800/2423/2152 3035/2421/2150
f 3035/2421/2150 2800/2423/2152 2014/2424/2153 2801/2425/2154
f 2802/2422/2151 3035/2421/2150 2801/2425/2154 2182/2426/2155
f 2183/2414/2143 2795/3806/2142 3036/3805/2156 2804/2428/2157
f 2795/2413/2142 2233/2412/2141 2802/2422/2151 3036/2427/2156
f 3036/2427/2156 2802/2422/2151 2182/2426/2155 2803/2429/2158
f 2804/2428/2157 3036/3805/2156 2803/3769/2158 2005/2430/2159
f 2019/2431/2160 2805/2432/2161 3037/2433/2162 2808/2434/2163
f 2805/2432/2161 2184/2435/2164 2806/2436/2165 3037/2433/2162
f 3037/2433/2162 2806/2436/2165 2234/2437/2166 2807/2438/2167
f 2808/2434/2163 3037/2433/2162 2807/2438/2167 2187/2439/2168
f 2184/2435/2164 2809/2440/2169 3038/2441/2170 2806/2436/2165
f 2809/2440/2169 2020/2442/2171 2810/2443/2172 3038/2441/2170
f 3038/2441/2170 2810/2443/2172 2185/2444/2173 2811/2445/2174
f 2806/2436/2165 3038/2441/2170 2811/2445/2174 2234/2437/2166
f 2234/2437/2166 2811/2445/2174 3039/3804/2175 2814/3802/2176
f 2811/2445/2174 2185/2444/2173 2812/2448/2177 3039/3804/2175
f 3039/2446/2175 2812/3794/2177 1975/2449/2178 2813/2450/2179
f 2814/2447/2176 3039/2446/2175 2813/2450/2179 2186/2451/2180
f 2187/2439/2168 2807/2438/2167 3040/3803/2181 2816/3790/2182
f 2807/2438/2167 2234/2437/2166 2814/3802/2176 3040/3803/2181
f 3040/2452/2181 2814/2447/2176 2186/2451/2180 2815/2454/2183
f 2816/2453/2182 3040/2452/2181 2815/2454/2183 1966/2455/2184
f 2022/2456/2185 2817/2457/2186 3041/2458/2187 2820/2459/2188
f 2817/2457/2186 2188/2460/2189 2818/2461/2190 3041/2458/2187
f 3041/2458/2187 2818/2461/2190 2235/2462/2191 2819/2463/2192
f 2820/2459/2188 3041/2458/2187 2819/2463/2192 2191/2464/2193
f 2188/2460/2189 2821/2465/2194 3042/2466/2195 2818/2461/2190
f 2821/2465/2194 2023/2467/2196 2822/2468/2197 3042/2466/2195
f 3042/2466/2195 2822/2468/2197 2189/2469/2198 2823/2470/2199
f 2818/2461/2190 3042/2466/2195 2823/2470/2199 2235/2462/2191
f 2235/2462/2191 2823/2470/2199 3043/3801/2200 2826/3799/2201
f 2823/2470/2199 2189/2469/2198 2824/2473/2202 3043/3801/2200
f 3043/2471/2200 2824/3785/2202 1979/2474/2203 2825/2475/2204
f 2826/2472/2201 3043/2471/2200 2825/2475/2204 2190/2476/2205
f 2191/2464/2193 2819/2463/2192 3044/3800/2206 2828/3781/2207
f 2819/2463/2192 2235/2462/2191 2826/3799/2201 3044/3800/2206
f 3044/2477/2206 2826/2472/2201 2190/2476/2205 2827/2479/2208
f 2828/2478/2207 3044/2477/2206 2827/2479/2208 1969/2480/2209
f 2017/2481/2210 2829/2482/2211 3045/2483/2212 2832/2484/2213
f 2829/2482/2211 2192/2485/2214 2830/2486/2215 3045/2483/2212
f 3045/2483/2212 2830/2486/2215 2236/2487/2216 2831/2488/2217
f 2832/2484/2213 3045/2483/2212 2831/2488/2217 2195/2489/2218
f 2192/2485/2214 2833/2490/2219 3046/2491/2220 2830/2486/2215
f 2833/2490/2219 2018/2492/2221 2834/2493/2222 3046/2491/2220
f 3046/2491/2220 2834/2493/2222 2193/2494/2223 2835/2495/2224
f 2830/2486/2215 3046/2491/2220 2835/2495/2224 2236/2487/2216
f 2236/2487/2216 2835/2495/2224 3047/3798/2225 2838/3796/2226
f 2835/2495/2224 2193/2494/2223 2836/2498/2227 3047/3798/2225
f 3047/2496/2225 2836/3789/2227 1977/2499/2228 2837/2500/2229
f 2838/2497/2226 3047/2496/2225 2837/2500/2229 2194/2501/2230
f 2195/2489/2218 2831/2488/2217 3048/3797/2231 2840/3763/2232
f 2831/2488/2217 2236/2487/2216 2838/3796/2226 3048/3797/2231
f 3048/2502/2231 2838/2497/2226 2194/2501/2230 2839/2504/2233
f 2840/2503/2232 3048/2502/2231 2839/2504/2233 1973/2505/2234
f 2020/2442/2171 2841/2506/2235 3049/2507/2236 2810/2443/2172
f 2841/2506/2235 2196/2508/2237 2842/2509/2238 3049/2507/2236
f 3049/2507/2236 2842/2509/2238 2237/2510/2239 2843/2511/2240
f 2810/2443/2172 3049/2507/2236 2843/2511/2240 2185/2444/2173
f 2196/2508/2237 2844/2512/2241 3050/2513/2242 2842/2509/2238
f 2844/2512/2241 2021/2514/2243 2845/2515/2244 3050/2513/2242
f 3050/2513/2242 2845/2515/2244 2197/2516/2245 2846/2517/2246
f 2842/2509/2238 3050/2513/2242 2846/2517/2246 2237/2510/2239
f 2237/2510/2239 2846/2517/2246 3051/3795/2247 2849/3792/2248
f 2846/2517/2246 2197/2516/2245 2847/2520/2249 3051/3795/2247
f 3051/2518/2247 2847/3780/2249 1981/2521/2250 2848/2522/2251
f 2849/2519/2248 3051/2518/2247 2848/2522/2251 2198/2523/2252
f 2185/2444/2173 2843/2511/2240 3052/3793/2253 2812/2448/2177
f 2843/2511/2240 2237/2510/2239 2849/3792/2248 3052/3793/2253
f 3052/2524/2253 2849/2519/2248 2198/2523/2252 2850/2525/2254
f 2812/3794/2177 3052/2524/2253 2850/2525/2254 1975/2449/2178
f 2018/2492/2221 2851/2526/2255 3053/2527/2256 2834/2493/2222
f 2851/2526/2255 2199/2528/2257 2852/2529/2258 3053/2527/2256
f 3053/2527/2256 2852/2529/2258 2238/2530/2259 2853/2531/2260
f 2834/2493/2222 3053/2527/2256 2853/2531/2260 2193/2494/2223
f 2199/2528/2257 2854/2532/2261 3054/2533/2262 2852/2529/2258
f 2854/2532/2261 2019/2431/2160 2808/2434/2163 3054/2533/2262
f 3054/2533/2262 2808/2434/2163 2187/2439/2168 2855/2534/2263
f 2852/2529/2258 3054/2533/2262 2855/2534/2263 2238/2530/2259
f 2238/2530/2259 2855/2534/2263 3055/3791/2264 2857/3787/2265
f 2855/2534/2263 2187/2439/2168 2816/3790/2182 3055/3791/2264
f 3055/2535/2264 2816/2453/2182 1966/2455/2184 2856/2537/2266
f 2857/2536/2265 3055/2535/2264 2856/2537/2266 2200/2538/2267
f 2193/2494/2223 2853/2531/2260 3056/3788/2268 2836/2498/2227
f 2853/2531/2260 2238/2530/2259 2857/3787/2265 3056/3788/2268
f 3056/2539/2268 2857/2536/2265 2200/2538/2267 2858/2540/2269
f 2836/3789/2227 3056/2539/2268 2858/2540/2269 1977/2499/2228
f 2023/2467/2196 2859/2541/2270 3057/2542/2271 2822/2468/2197
f 2859/2541/2270 2201/2543/2272 2860/2544/2273 3057/2542/2271
f 3057/2542/2271 2860/2544/2273 2239/2545/2274 2861/2546/2275
f 2822/2468/2197 3057/2542/2271 2861/2546/2275 2189/2469/2198
f 2201/2543/2272 2862/2547/2276 3058/2548/2277 2860/2544/2273
f 2862/2547/2276 2042/2549/2278 2863/2550/2279 3058/2548/2277
f 3058/2548/2277 2863/2550/2279 2202/2551/2280 2864/2552/2281
f 2860/2544/2273 3058/2548/2277 2864/2552/2281 2239/2545/2274
f 2239/2545/2274 2864/2552/2281 3059/3786/2282 2867/3783/2283
f 2864/2552/2281 2202/2551/2280 2865/2555/2284 3059/3786/2282
f 3059/2553/2282 2865/3648/2284 2037/2556/2285 2866/2557/2286
f 2867/2554/2283 3059/2553/2282 2866/2557/2286 2203/2558/2287
f 2189/2469/2198 2861/2546/2275 3060/3784/2288 2824/2473/2202
f 2861/2546/2275 2239/2545/2274 2867/3783/2283 3060/3784/2288
f 3060/2559/2288 2867/2554/2283 2203/2558/2287 2868/2560/2289
f 2824/3785/2202 3060/2559/2288 2868/2560/2289 1979/2474/2203
f 2021/2514/2243 2869/2561/2290 3061/2562/2291 2845/2515/2244
f 2869/2561/2290 2204/2563/2292 2870/2564/2293 3061/2562/2291
f 3061/2562/2291 2870/2564/2293 2240/2565/2294 2871/2566/2295
f 2845/2515/2244 3061/2562/2291 2871/2566/2295 2197/2516/2245
f 2204/2563/2292 2872/2567/2296 3062/2568/2297 2870/2564/2293
f 2872/2567/2296 2022/2456/2185 2820/2459/2188 3062/2568/2297
f 3062/2568/2297 2820/2459/2188 2191/2464/2193 2873/2569/2298
f 2870/2564/2293 3062/2568/2297 2873/2569/2298 2240/2565/2294
f 2240/2565/2294 2873/2569/2298 3063/3782/2299 2875/3778/2300
f 2873/2569/2298 2191/2464/2193 2828/3781/2207 3063/3782/2299
f 3063/2570/2299 2828/2478/2207 1969/2480/2209 2874/2572/2301
f 2875/2571/2300 3063/2570/2299 2874/2572/2301 2205/2573/2302
f 2197/2516/2245 2871/2566/2295 3064/3779/2303 2847/2520/2249
f 2871/2566/2295 2240/2565/2294 2875/3778/2300 3064/3779/2303
f 3064/2574/2303 2875/2571/2300 2205/2573/2302 2876/2575/2304
f 2847/3780/2249 3064/2574/2303 2876/2575/2304 1981/2521/2250
f 1965/2406/2135 2796/2409/2138 3065/2576/2305 2878/2577/2306
f 2796/2409/2138 2183/2414/2143 2877/2578/2307 3065/2576/2305
f 3065/2576/2305 2877/2578/2307 2589/2579/2308 3273/2580/2309
f 2878/2577/2306 3065/2576/2305 3273/2580/2309 2442/2581/2310
f 2183/2414/2143 2804/2428/2157 3066/2582/2311 2877/2578/2307
f 2804/2428/2157 2005/2430/2159 2879/2583/2312 3066/2582/2311
f 3066/2582/2311 2879/2583/2312 2585/2584/2313 3274/2585/2314
f 2877/2578/2307 3066/2582/2311 3274/2585/2314 2589/2579/2308
f 2447/2586/2315 3199/2587/2316 3068/2588/2317 2884/2589/2318
f 3068/2588/2317 3199/2587/2316 2455/2590/2319 2882/2591/2320
f 2882/2591/2320 2455/2590/2319 3198/2592/2321 3067/2593/2322
f 3067/2593/2322 3198/2592/2321 2454/2594/2323 2880/2595/2324
f 3067/2593/2322 2880/2595/2324 2008/2596/2325 2881/2597/2326
f 2882/2591/2320 3067/2593/2322 2881/2597/2326 2206/2598/2327
f 3068/2588/2317 2882/2591/2320 2206/2598/2327 2883/2599/2328
f 2884/2589/2318 3068/2588/2317 2883/2599/2328 1967/2600/2329
f 2878/2577/2306 2442/2581/2310 3191/2601/2330 3070/2602/2331
f 3070/3686/2331 3191/3687/2330 2441/2603/2332 2886/2604/2333
f 2886/2604/2333 2441/2603/2332 3190/2605/2334 3069/2606/2335
f 3069/2606/2335 3190/2605/2334 2440/2607/2336 2885/2608/2337
f 3069/2606/2335 2885/2608/2337 2013/2417/2146 2797/2415/2144
f 2886/2604/2333 3069/2606/2335 2797/2415/2144 2180/2410/2139
f 3070/3686/2331 2886/2604/2333 2180/2410/2139 2793/3844/2136
f 2878/2577/2306 3070/2602/2331 2793/2407/2136 1965/2406/2135
f 1966/2455/2184 2815/2454/2183 3071/2609/2338 2888/2610/2339
f 2815/2454/2183 2186/2451/2180 2887/2611/2340 3071/2609/2338
f 3071/2609/2338 2887/2611/2340 2557/2612/2341 3257/2613/2342
f 2888/2610/2339 3071/2609/2338 3257/2613/2342 2559/2614/2343
f 2186/2451/2180 2813/2450/2179 3072/2615/2344 2887/2611/2340
f 2813/2450/2179 1975/2449/2178 2889/2616/2345 3072/2615/2344
f 3072/2615/2344 2889/2616/2345 2553/2617/2346 3258/2618/2347
f 2887/2611/2340 3072/2615/2344 3258/2618/2347 2557/2612/2341
f 1976/2619/2348 2890/2620/2349 3073/2621/2350 2892/2622/2351
f 2890/2620/2349 2207/2623/2352 2891/2624/2353 3073/2621/2350
f 3073/2621/2350 2891/2624/2353 2483/2625/2354 3213/2626/2355
f 2892/2622/2351 3073/2621/2350 3213/2626/2355 2485/2627/2356
f 2207/2623/2352 2893/2628/2357 3074/2629/2358 2891/2624/2353
f 2893/2628/2357 1968/2630/2359 2894/2631/2360 3074/2629/2358
f 3074/2629/2358 2894/2631/2360 2479/2632/2361 3214/2633/2362
f 2891/2624/2353 3074/2629/2358 3214/2633/2362 2483/2625/2354
f 1969/2480/2209 2827/2479/2208 3075/2634/2363 2896/2635/2364
f 2827/2479/2208 2190/2476/2205 2895/2636/2365 3075/2634/2363
f 3075/2634/2363 2895/2636/2365 2539/2637/2366 3245/2638/2367
f 2896/2635/2364 3075/2634/2363 3245/2638/2367 2541/2639/2368
f 2190/2476/2205 2825/2475/2204 3076/2640/2369 2895/2636/2365
f 2825/2475/2204 1979/2474/2203 2897/2641/2370 3076/2640/2369
f 3076/2640/2369 2897/2641/2370 2533/2642/2371 3246/2643/2372
f 2895/2636/2365 3076/2640/2369 3246/2643/2372 2539/2637/2366
f 1980/2644/2373 2898/2645/2374 3077/2646/2375 2900/2647/2376
f 2898/2645/2374 2208/2648/2377 2899/2649/2378 3077/2646/2375
f 3077/2646/2375 2899/2649/2378 2501/2650/2379 3225/2651/2380
f 2900/2647/2376 3077/2646/2375 3225/2651/2380 2503/2652/2381
f 2208/2648/2377 2901/2653/2382 3078/2654/2383 2899/2649/2378
f 2901/2653/2382 1970/2655/2384 2902/2656/2385 3078/2654/2383
f 3078/2654/2383 2902/2656/2385 2497/2657/2386 3226/2658/2387
f 2899/2649/2378 3078/2654/2383 3226/2658/2387 2501/2650/2379
f 1973/2505/2234 2839/2504/2233 3079/2659/2388 2904/2660/2389
f 2839/2504/2233 2194/2501/2230 2903/2661/2390 3079/2659/2388
f 3079/2659/2388 2903/2661/2390 2569/2662/2391 3265/2663/2392
f 2904/2660/2389 3079/2659/2388 3265/2663/2392 2571/2664/2393
f 2194/2501/2230 2837/2500/2229 3080/2665/2394 2903/2661/2390
f 2837/2500/2229 1977/2499/2228 2905/2666/2395 3080/2665/2394
f 3080/2665/2394 2905/2666/2395 2565/2667/2396 3266/2668/2397
f 2903/2661/2390 3080/2665/2394 3266/2668/2397 2569/2662/2391
f 1978/2669/2398 2906/2670/2399 3081/2671/2400 2908/2672/2401
f 2906/2670/2399 2209/2673/2402 2907/2674/2403 3081/2671/2400
f 3081/2671/2400 2907/2674/2403 2471/2675/2404 3205/2676/2405
f 2908/2672/2401 3081/2671/2400 3205/2676/2405 2473/2677/2406
f 2209/2673/2402 2909/2678/2407 3082/2679/2408 2907/2674/2403
f 2909/2678/2407 1974/2680/2409 2910/2681/2410 3082/2679/2408
f 3082/2679/2408 2910/2681/2410 2469/2682/2411 3206/2683/2412
f 2907/2674/2403 3082/2679/2408 3206/2683/2412 2471/2675/2404
f 1975/2449/2178 2850/2525/2254 3083/2684/2413 2889/2616/2345
f 2850/2525/2254 2198/2523/2252 2911/2685/2414 3083/2684/2413
f 3083/2684/2413 2911/2685/2414 2551/2686/2415 3253/2687/2416
f 2553/2617/2346 2889/2616/2345 3083/2684/2413 3253/2687/2416
f 2198/2523/2252 2848/2522/2251 3084/2688/2417 2911/2685/2414
f 2848/2522/2251 1981/2521/2250 2912/2689/2418 3084/2688/2417
f 3084/2688/2417 2912/2689/2418 2547/2690/2419 3254/2691/2420
f 2911/2685/2414 3084/2688/2417 3254/2691/2420 2551/2686/2415
f 1982/2692/2421 2913/2693/2422 3085/2694/2423 2915/2695/2424
f 2913/2693/2422 2210/2696/2425 2914/2697/2426 3085/2694/2423
f 3085/2694/2423 2914/2697/2426 2489/2698/2427 3217/2699/2428
f 2915/2695/2424 3085/2694/2423 3217/2699/2428 2491/2700/2429
f 2210/2696/2425 2916/2701/2430 3086/2702/2431 2914/2697/2426
f 2916/2701/2430 1976/2619/2348 2892/2622/2351 3086/2702/2431
f 3086/2702/2431 2892/2622/2351 2485/2627/2356 3218/2703/2432
f 2914/2697/2426 3086/2702/2431 3218/2703/2432 2489/2698/2427
f 1977/2499/2228 2858/2540/2269 3087/2704/2433 2905/2666/2395
f 2858/2540/2269 2200/2538/2267 2917/2705/2434 3087/2704/2433
f 3087/2704/2433 2917/2705/2434 2563/2706/2435 3261/2707/2436
f 2565/2667/2396 2905/2666/2395 3087/2704/2433 3261/2707/2436
f 2200/2538/2267 2856/2537/2266 3088/2708/2437 2917/2705/2434
f 2856/2537/2266 1966/2455/2184 2888/2610/2339 3088/2708/2437
f 3088/2708/2437 2888/2610/2339 2559/2614/2343 3262/2709/2438
f 2917/2705/2434 3088/2708/2437 3262/2709/2438 2563/2706/2435
f 1968/2630/2359 2918/2710/2439 3089/2711/2440 2894/2631/2360
f 2918/2710/2439 2211/2712/2441 2919/2713/2442 3089/2711/2440
f 3089/2711/2440 2919/2713/2442 2477/2714/2443 3209/2715/2444
f 2479/2632/2361 2894/2631/2360 3089/2711/2440 3209/2715/2444
f 2211/2712/2441 2920/2716/2445 3090/2717/2446 2919/2713/2442
f 2920/2716/2445 1978/2669/2398 2908/2672/2401 3090/2717/2446
f 3090/2717/2446 2908/2672/2401 2473/2677/2406 3210/2718/2447
f 2919/2713/2442 3090/2717/2446 3210/2718/2447 2477/2714/2443
f 1979/2474/2203 2868/2560/2289 3091/2719/2448 2897/2641/2370
f 2868/2560/2289 2203/2558/2287 2921/2720/2449 3091/2719/2448
f 3091/2719/2448 2921/2720/2449 2531/2721/2450 3241/2722/2451
f 2533/2642/2371 2897/2641/2370 3091/2719/2448 3241/2722/2451
f 2203/2558/2287 2866/2557/2286 3092/2723/2452 2921/2720/2449
f 2866/2557/2286 2037/2556/2285 2922/2724/2453 3092/2723/2452
f 3092/2723/2452 2922/2724/2453 2534/2725/2454 3242/2726/2455
f 2921/2720/2449 3092/2723/2452 3242/2726/2455 2531/2721/2450
f 1971/2727/2456 2923/2728/2457 3093/3673/2458 2925/2730/2459
f 2923/3654/2457 2212/2731/2460 2924/2732/2461 3093/2729/2458
f 3093/2729/2458 2924/2732/2461 2523/2733/2462 3237/3848/2463
f 2925/2730/2459 3093/3673/2458 3237/3672/2463 2525/2735/2464
f 2212/2731/2460 2926/2736/2465 3094/2737/2466 2924/2732/2461
f 2926/2736/2465 2024/2738/2467 2927/2739/2468 3094/2737/2466
f 3094/2737/2466 2927/2739/2468 2517/3845/2469 3238/3846/2470
f 2924/2732/2461 3094/2737/2466 3238/3846/2470 2523/2733/2462
f 3095/2742/2471 3230/2743/2472 2510/2744/2473 2928/2745/2474
f 2511/2746/2475 3230/2743/2472 3095/2742/2471 2930/2747/2476
f 2928/2745/2474 2041/2748/2477 2929/2749/2478 3095/2742/2471
f 3095/2742/2471 2929/2749/2478 2213/2750/2479 2930/2747/2476
f 2511/2746/2475 2930/2747/2476 3096/2751/2480 3231/2752/2481
f 2930/2747/2476 2213/2750/2479 2931/2753/2482 3096/2751/2480
f 3096/2751/2480 2931/2753/2482 1980/2644/2373 2900/2647/2376
f 3096/2751/2480 2900/2647/2376 2503/2652/2381 3231/2752/2481
f 1981/2521/2250 2876/2575/2304 3097/2754/2483 2912/2689/2418
f 2876/2575/2304 2205/2573/2302 2932/2755/2484 3097/2754/2483
f 3097/2754/2483 2932/2755/2484 2545/2756/2485 3249/2757/2486
f 2547/2690/2419 2912/2689/2418 3097/2754/2483 3249/2757/2486
f 2205/2573/2302 2874/2572/2301 3098/2758/2487 2932/2755/2484
f 2874/2572/2301 1969/2480/2209 2896/2635/2364 3098/2758/2487
f 3098/2758/2487 2896/2635/2364 2541/2639/2368 3250/2759/2488
f 2932/2755/2484 3098/2758/2487 3250/2759/2488 2545/2756/2485
f 1970/2655/2384 2933/2760/2489 3099/2761/2490 2902/2656/2385
f 2933/2760/2489 2214/2762/2491 2934/2763/2492 3099/2761/2490
f 3099/2761/2490 2934/2763/2492 2495/2764/2493 3221/2765/2494
f 2497/2657/2386 2902/2656/2385 3099/2761/2490 3221/2765/2494
f 2214/2762/2491 2935/2766/2495 3100/2767/2496 2934/2763/2492
f 2935/2766/2495 1982/2692/2421 2915/2695/2424 3100/2767/2496
f 3100/2767/2496 2915/2695/2424 2491/2700/2429 3222/2768/2497
f 2934/2763/2492 3100/2767/2496 3222/2768/2497 2495/2764/2493
f 2576/2769/2498 3269/2770/2499 3101/2771/2500 2939/2772/2501
f 3101/2771/2500 3269/2770/2499 2580/2773/2502 2937/2774/2503
f 2937/2774/2503 2580/2773/2502 2579/2775/2504 2936/2776/2505
f 2937/2774/2503 2936/2776/2505 2001/2777/2506 2215/2778/2507
f 3101/2771/2500 2937/2774/2503 2215/2778/2507 2938/2779/2508
f 2939/2772/2501 3101/2771/2500 2938/2779/2508 2009/2780/2509
f 2033/2781/2510 2940/2782/2511 3102/2783/2512 2943/2784/2513
f 2940/2782/2511 2216/2785/2514 2941/2786/2515 3102/2783/2512
f 3102/2783/2512 2941/2786/2515 2241/2787/2516 2942/2788/2517
f 2943/2784/2513 3102/2783/2512 2942/2788/2517 2219/2789/2518
f 2941/2786/2515 2216/2785/2514 2034/2790/2519 2944/2791/2520
f 2941/2786/2515 2944/2791/2520 2217/2792/2521 2241/2787/2516
f 2946/3775/2522 2241/2787/2516 2217/2792/2521 2945/2794/2523
f 2946/2793/2522 2945/3631/2523 2002/2795/2524 2218/2796/2525
f 2219/2789/2518 2942/2788/2517 3103/3776/2526 2948/3765/2527
f 2942/2788/2517 2241/2787/2516 2946/3775/2522 3103/3776/2526
f 3103/2797/2526 2946/2793/2522 2218/2796/2525 2947/2799/2528
f 2948/2798/2527 3103/2797/2526 2947/2799/2528 2010/2800/2529
f 2467/2801/2530 2466/2802/2531 2951/2803/2532 2952/2804/2533
f 2951/2803/2532 2466/2802/2531 3204/2805/2534 3104/2806/2535
f 3104/2806/2535 3204/2805/2534 2465/2807/2536 2949/2808/2537
f 3104/2806/2535 2949/2808/2537 2012/2809/2538 2950/2810/2539
f 2951/2803/2532 3104/2806/2535 2950/2810/2539 2220/2811/2540
f 2952/2804/2533 2951/2803/2532 2220/2811/2540 2004/2812/2541
f 2215/2778/2507 2001/2777/2506 2953/2813/2542 2954/3774/2543
f 2953/3618/2542 2221/2815/2544 2242/2816/2545 2954/2814/2543
f 2242/2816/2545 2221/2815/2544 2955/2817/2546 2956/2818/2547
f 2955/2817/2546 2015/2819/2548 2222/2820/2549 2956/2818/2547
f 2242/2816/2545 2956/2818/2547 3105/2821/2550 2959/2822/2551
f 2956/2818/2547 2222/2820/2549 2957/2823/2552 3105/2821/2550
f 3105/2821/2550 2957/2823/2552 2016/2824/2553 2958/2825/2554
f 2959/2822/2551 3105/2821/2550 2958/2825/2554 2223/2826/2555
f 2215/2778/2507 2954/3774/2543 3106/3773/2556 2938/2779/2508
f 2954/2814/2543 2242/2816/2545 2959/2822/2551 3106/2827/2556
f 3106/2827/2556 2959/2822/2551 2223/2826/2555 2960/2828/2557
f 2938/2779/2508 3106/3773/2556 2960/3764/2557 2009/2780/2509
f 2049/2829/2558 2961/2830/2559 2962/2831/2560 2224/2832/2561
f 2962/2831/2560 2961/2830/2559 2587/2833/2562 2586/2834/2563
f 2962/2831/2560 2586/2834/2563 3272/2835/2564 3107/2836/2565
f 3107/2836/2565 3272/2835/2564 2585/2584/2313 2879/2583/2312
f 2224/2832/2561 2962/2831/2560 3107/2836/2565 2963/2837/2566
f 2963/2837/2566 3107/2836/2565 2879/2583/2312 2005/2430/2159
f 2050/2838/2567 2964/2839/2568 2965/3772/2569 2057/2841/2570
f 2964/3632/2568 2055/2842/2571 2243/2843/2572 2965/2840/2569
f 2243/2843/2572 2055/2842/2571 2966/2844/2573 2967/2845/2574
f 2966/2844/2573 2051/2846/2575 2056/2847/2576 2967/2845/2574
f 2243/2843/2572 2967/2845/2574 3108/2848/2577 2969/2849/2578
f 2967/2845/2574 2056/2847/2576 2968/2850/2579 3108/2848/2577
f 3108/2848/2577 2968/2850/2579 2035/2254/1983 2716/2253/1982
f 2969/2849/2578 3108/2848/2577 2716/2253/1982 2155/2249/1978
f 2057/2841/2570 2965/3772/2569 3109/3771/2580 2970/2852/2581
f 2965/2840/2569 2243/2843/2572 2969/2849/2578 3109/2851/2580
f 3109/2851/2580 2969/2849/2578 2155/2249/1978 2714/3770/1977
f 2970/2852/2581 3109/3771/2580 2714/2248/1977 2006/2247/1976
f 2880/2595/2324 2454/2594/2323 3201/2853/2582 3110/2854/2583
f 3110/2854/2583 3201/2853/2582 2460/2855/2584 2972/2856/2585
f 2972/2856/2585 2460/2855/2584 2459/2857/2586 2971/2858/2587
f 2972/2856/2585 2971/2858/2587 2053/2859/2588 2058/2860/2589
f 3110/2854/2583 2972/2856/2585 2058/2860/2589 2973/2861/2590
f 2880/2595/2324 3110/2854/2583 2973/2861/2590 2008/2596/2325
f 2005/2430/2159 2803/3769/2158 3111/3768/2591 2963/2837/2566
f 2803/2429/2158 2182/2426/2155 2974/2863/2592 3111/2862/2591
f 3111/2862/2591 2974/2863/2592 2244/2864/2593 2975/2865/2594
f 2963/2837/2566 3111/3768/2591 2975/3767/2594 2224/2832/2561
f 2182/2426/2155 2801/2425/2154 3112/2866/2595 2974/2863/2592
f 2801/2425/2154 2014/2424/2153 2976/2867/2596 3112/2866/2595
f 3112/2866/2595 2976/2867/2596 2059/2868/2597 2977/2869/2598
f 2974/2863/2592 3112/2866/2595 2977/2869/2598 2244/2864/2593
f 2244/2864/2593 2977/2869/2598 2978/2870/2599 2060/2871/2600
f 2977/2869/2598 2059/2868/2597 2054/2872/2601 2978/2870/2599
f 2049/2829/2558 2224/2832/2561 2975/3767/2594 2979/3621/2602
f 2975/2865/2594 2244/2864/2593 2060/2871/2600 2979/2873/2602
f 2904/2660/2389 2571/2664/2393 2576/2769/2498 2939/2772/2501
f 2939/2772/2501 2009/2780/2509 1973/2505/2234 2904/2660/2389
f 2750/2323/2052 2032/2322/2051 2033/2781/2510 2943/2784/2513
f 2750/2323/2052 2943/2784/2513 2219/2789/2518 2167/2324/2053
f 2948/2798/2527 2010/2800/2529 1984/2329/2058 2752/3766/2057
f 2948/3765/2527 2752/2328/2057 2167/2324/2053 2219/2789/2518
f 2910/2681/2410 1974/2680/2409 2012/2809/2538 2949/2808/2537
f 2469/2682/2411 2910/2681/2410 2949/2808/2537 2465/2807/2536
f 1973/2505/2234 2009/2780/2509 2960/3764/2557 2840/2503/2232
f 2960/2828/2557 2223/2826/2555 2195/2489/2218 2840/3763/2232
f 2195/2489/2218 2223/2826/2555 2958/2825/2554 2832/2484/2213
f 2958/2825/2554 2016/2824/2553 2017/2481/2210 2832/2484/2213
f 2014/2424/2153 2800/2423/2152 3113/2874/2603 2982/2875/2604
f 2800/2423/2152 2181/2419/2148 2980/2876/2605 3113/2874/2603
f 3113/2874/2603 2980/2876/2605 2245/2877/2606 2981/2878/2607
f 2982/2875/2604 3113/2874/2603 2981/2878/2607 2062/2879/2608
f 2181/2419/2148 2798/2418/2147 3114/2880/2609 2980/2876/2605
f 2798/2418/2147 2013/3841/2146 2983/3840/2610 3114/2880/2609
f 3114/2880/2609 2983/3840/2610 2061/3838/2611 2984/2883/2612
f 2980/2876/2605 3114/2880/2609 2984/2883/2612 2245/2877/2606
f 2245/2877/2606 2984/2883/2612 3115/3762/2613 2986/3760/2614
f 2984/2883/2612 2061/3838/2611 2985/3839/2615 3115/3762/2613
f 3115/2884/2613 2985/3688/2615 1967/2600/2329 2883/2599/2328
f 2986/2885/2614 3115/2884/2613 2883/2599/2328 2206/2598/2327
f 2062/2879/2608 2981/2878/2607 3116/3761/2616 2987/3757/2617
f 2981/2878/2607 2245/2877/2606 2986/3760/2614 3116/3761/2616
f 3116/2887/2616 2986/2885/2614 2206/2598/2327 2881/2597/2326
f 2987/2888/2617 3116/2887/2616 2881/2597/2326 2008/2596/2325
f 2058/2860/2589 2053/2859/2588 2988/2889/2618 2989/3759/2619
f 2988/3624/2618 2063/2891/2620 2246/2892/2621 2989/2890/2619
f 2246/2892/2621 2063/2891/2620 2990/2893/2622 2991/2894/2623
f 2990/2893/2622 2054/2872/2601 2059/2868/2597 2991/2894/2623
f 2246/2892/2621 2991/2894/2623 3117/2895/2624 2992/2896/2625
f 2991/2894/2623 2059/2868/2597 2976/2867/2596 3117/2895/2624
f 3117/2895/2624 2976/2867/2596 2014/2424/2153 2982/2875/2604
f 2992/2896/2625 3117/2895/2624 2982/2875/2604 2062/2879/2608
f 2058/2860/2589 2989/3759/2619 3118/3758/2626 2973/2861/2590
f 2989/2890/2619 2246/2892/2621 2992/2896/2625 3118/2897/2626
f 3118/2897/2626 2992/2896/2625 2062/2879/2608 2987/3757/2617
f 2973/2861/2590 3118/3758/2626 2987/2888/2617 2008/2596/2325
f 2016/2824/2553 2957/2823/2552 3119/2898/2627 2995/2899/2628
f 2957/2823/2552 2222/2820/2549 2993/2900/2629 3119/2898/2627
f 3119/2898/2627 2993/2900/2629 2247/2901/2630 2994/2902/2631
f 2995/2899/2628 3119/2898/2627 2994/2902/2631 2065/2903/2632
f 2993/2900/2629 2222/2820/2549 2015/2819/2548 2996/2904/2633
f 2993/2900/2629 2996/2904/2633 2064/2905/2634 2247/2901/2630
f 2998/3755/2635 2247/2901/2630 2064/2905/2634 2997/2907/2636
f 2998/2906/2635 2997/3623/2636 2004/2812/2541 2220/2811/2540
f 2065/2903/2632 2994/2902/2631 3120/3756/2637 2999/3754/2638
f 2994/2902/2631 2247/2901/2630 2998/3755/2635 3120/3756/2637
f 3120/2908/2637 2998/2906/2635 2220/2811/2540 2950/2810/2539
f 2999/2909/2638 3120/2908/2637 2950/2810/2539 2012/2809/2538
f 3000/2910/2639 2017/2481/2210 2016/2824/2553 2995/2899/2628
f 3000/2910/2639 2995/2899/2628 2065/2903/2632 2066/2911/2640
f 2999/2909/2638 2012/2809/2538 1974/2680/2409 2307/2912/2641
f 2999/3754/2638 2307/3753/2641 2066/2911/2640 2065/2903/2632
f 1974/2680/2409 2909/2678/2407 3121/3752/2642 2307/2912/2641
f 2909/2678/2407 2209/2673/2402 2308/2914/2643 3121/3752/2642
f 3121/2913/2642 2308/3751/2643 2248/2915/2644 2309/2916/2645
f 2307/3753/2641 3121/2913/2642 2309/2916/2645 2066/2911/2640
f 2209/2673/2402 2906/2670/2399 3122/3750/2646 2308/2914/2643
f 2906/2670/2399 1978/2669/2398 2310/2918/2647 3122/3750/2646
f 3122/2917/2646 2310/3749/2647 2067/2919/2648 2311/2920/2649
f 2308/3751/2643 3122/2917/2646 2311/2920/2649 2248/2915/2644
f 2248/2915/2644 2311/2920/2649 3123/2921/2650 2313/2922/2651
f 2311/2920/2649 2067/2919/2648 2312/2923/2652 3123/2921/2650
f 3123/2921/2650 2312/2923/2652 2018/2492/2221 2833/2490/2219
f 2313/2922/2651 3123/2921/2650 2833/2490/2219 2192/2485/2214
f 2066/2911/2640 2309/2916/2645 3124/2924/2653 3000/2910/2639
f 2309/2916/2645 2248/2915/2644 2313/2922/2651 3124/2924/2653
f 3124/2924/2653 2313/2922/2651 2192/2485/2214 2829/2482/2211
f 3000/2910/2639 3124/2924/2653 2829/2482/2211 2017/2481/2210
f 1978/2669/2398 2920/2716/2445 3125/3748/2654 2310/2918/2647
f 2920/2716/2445 2211/2712/2441 2314/2926/2655 3125/3748/2654
f 3125/2925/2654 2314/3747/2655 2249/2927/2656 2315/2928/2657
f 2310/3749/2647 3125/2925/2654 2315/2928/2657 2067/2919/2648
f 2211/2712/2441 2918/2710/2439 3126/3746/2658 2314/2926/2655
f 2918/2710/2439 1968/2630/2359 2316/2930/2659 3126/3746/2658
f 3126/2929/2658 2316/3745/2659 2068/2931/2660 2317/2932/2661
f 2314/3747/2655 3126/2929/2658 2317/2932/2661 2249/2927/2656
f 2249/2927/2656 2317/2932/2661 3127/2933/2662 2319/2934/2663
f 2317/2932/2661 2068/2931/2660 2318/2935/2664 3127/2933/2662
f 3127/2933/2662 2318/2935/2664 2019/2431/2160 2854/2532/2261
f 2319/2934/2663 3127/2933/2662 2854/2532/2261 2199/2528/2257
f 2067/2919/2648 2315/2928/2657 3128/2936/2665 2312/2923/2652
f 2315/2928/2657 2249/2927/2656 2319/2934/2663 3128/2936/2665
f 3128/2936/2665 2319/2934/2663 2199/2528/2257 2851/2526/2255
f 2312/2923/2652 3128/2936/2665 2851/2526/2255 2018/2492/2221
f 1968/2630/2359 2893/2628/2357 3129/3744/2666 2316/2930/2659
f 2893/2628/2357 2207/2623/2352 2320/2938/2667 3129/3744/2666
f 3129/2937/2666 2320/3743/2667 2250/2939/2668 2321/2940/2669
f 2316/3745/2659 3129/2937/2666 2321/2940/2669 2068/2931/2660
f 2207/2623/2352 2890/2620/2349 3130/3742/2670 2320/2938/2667
f 2890/2620/2349 1976/2619/2348 2322/2942/2671 3130/3742/2670
f 3130/2941/2670 2322/3741/2671 2069/2943/2672 2323/2944/2673
f 2320/3743/2667 3130/2941/2670 2323/2944/2673 2250/2939/2668
f 2250/2939/2668 2323/2944/2673 3131/2945/2674 2325/2946/2675
f 2323/2944/2673 2069/2943/2672 2324/2947/2676 3131/2945/2674
f 3131/2945/2674 2324/2947/2676 2020/2442/2171 2809/2440/2169
f 2325/2946/2675 3131/2945/2674 2809/2440/2169 2184/2435/2164
f 2068/2931/2660 2321/2940/2669 3132/2948/2677 2318/2935/2664
f 2321/2940/2669 2250/2939/2668 2325/2946/2675 3132/2948/2677
f 3132/2948/2677 2325/2946/2675 2184/2435/2164 2805/2432/2161
f 2318/2935/2664 3132/2948/2677 2805/2432/2161 2019/2431/2160
f 1976/2619/2348 2916/2701/2430 3133/3740/2678 2322/2942/2671
f 2916/2701/2430 2210/2696/2425 2326/2950/2679 3133/3740/2678
f 3133/2949/2678 2326/3739/2679 2251/2951/2680 2327/2952/2681
f 2322/3741/2671 3133/2949/2678 2327/2952/2681 2069/2943/2672
f 2210/2696/2425 2913/2693/2422 3134/3738/2682 2326/2950/2679
f 2913/2693/2422 1982/2692/2421 2328/2954/2683 3134/3738/2682
f 3134/2953/2682 2328/3737/2683 2070/2955/2684 2329/2956/2685
f 2326/3739/2679 3134/2953/2682 2329/2956/2685 2251/2951/2680
f 2251/2951/2680 2329/2956/2685 3135/2957/2686 2331/2958/2687
f 2329/2956/2685 2070/2955/2684 2330/2959/2688 3135/2957/2686
f 3135/2957/2686 2330/2959/2688 2021/2514/2243 2844/2512/2241
f 2331/2958/2687 3135/2957/2686 2844/2512/2241 2196/2508/2237
f 2069/2943/2672 2327/2952/2681 3136/2960/2689 2324/2947/2676
f 2327/2952/2681 2251/2951/2680 2331/2958/2687 3136/2960/2689
f 3136/2960/2689 2331/2958/2687 2196/2508/2237 2841/2506/2235
f 2324/2947/2676 3136/2960/2689 2841/2506/2235 2020/2442/2171
f 1982/2692/2421 2935/2766/2495 3137/3736/2690 2328/2954/2683
f 2935/2766/2495 2214/2762/2491 2332/2962/2691 3137/3736/2690
f 3137/2961/2690 2332/3735/2691 2252/2963/2692 2333/2964/2693
f 2328/3737/2683 3137/2961/2690 2333/2964/2693 2070/2955/2684
f 2214/2762/2491 2933/2760/2489 3138/3734/2694 2332/2962/2691
f 2933/2760/2489 1970/2655/2384 2334/2966/2695 3138/3734/2694
f 3138/2965/2694 2334/3733/2695 2071/2967/2696 2335/2968/2697
f 2332/3735/2691 3138/2965/2694 2335/2968/2697 2252/2963/2692
f 2252/2963/2692 2335/2968/2697 3139/2969/2698 2337/2970/2699
f 2335/2968/2697 2071/2967/2696 2336/2971/2700 3139/2969/2698
f 3139/2969/2698 2336/2971/2700 2022/2456/2185 2872/2567/2296
f 2337/2970/2699 3139/2969/2698 2872/2567/2296 2204/2563/2292
f 2070/2955/2684 2333/2964/2693 3140/2972/2701 2330/2959/2688
f 2333/2964/2693 2252/2963/2692 2337/2970/2699 3140/2972/2701
f 3140/2972/2701 2337/2970/2699 2204/2563/2292 2869/2561/2290
f 2330/2959/2688 3140/2972/2701 2869/2561/2290 2021/2514/2243
f 1970/2655/2384 2901/2653/2382 3141/3732/2702 2334/2966/2695
f 2901/2653/2382 2208/2648/2377 2338/2974/2703 3141/3732/2702
f 3141/2973/2702 2338/3731/2703 2253/2975/2704 2339/2976/2705
f 2334/3733/2695 3141/2973/2702 2339/2976/2705 2071/2967/2696
f 2208/2648/2377 2898/2645/2374 3142/3730/2706 2338/2974/2703
f 2898/2645/2374 1980/2644/2373 2340/2978/2707 3142/3730/2706
f 3142/2977/2706 2340/3729/2707 2072/2979/2708 2341/2980/2709
f 2338/3731/2703 3142/2977/2706 2341/2980/2709 2253/2975/2704
f 2253/2975/2704 2341/2980/2709 3143/2981/2710 2343/2982/2711
f 2341/2980/2709 2072/2979/2708 2342/2983/2712 3143/2981/2710
f 3143/2981/2710 2342/2983/2712 2023/2467/2196 2821/2465/2194
f 2343/2982/2711 3143/2981/2710 2821/2465/2194 2188/2460/2189
f 2071/2967/2696 2339/2976/2705 3144/2984/2713 2336/2971/2700
f 2339/2976/2705 2253/2975/2704 2343/2982/2711 3144/2984/2713
f 3144/2984/2713 2343/2982/2711 2188/2460/2189 2817/2457/2186
f 2336/2971/2700 3144/2984/2713 2817/2457/2186 2022/2456/2185
f 1980/2644/2373 2931/2753/2482 3145/3728/2714 2340/2978/2707
f 2931/2753/2482 2213/2750/2479 2344/2986/2715 3145/3728/2714
f 3145/2985/2714 2344/3727/2715 2254/2987/2716 2345/2988/2717
f 2340/3729/2707 3145/2985/2714 2345/2988/2717 2072/2979/2708
f 2213/2750/2479 2929/2749/2478 3146/3726/2718 2344/2986/2715
f 2929/2749/2478 2041/2748/2477 2346/2990/2719 3146/3726/2718
f 3146/2989/2718 2346/3643/2719 2073/2991/2720 2347/2992/2721
f 2344/3727/2715 3146/2989/2718 2347/2992/2721 2254/2987/2716
f 2254/2987/2716 2347/2992/2721 3147/2993/2722 2349/2994/2723
f 2347/2992/2721 2073/2991/2720 2348/2995/2724 3147/2993/2722
f 3147/2993/2722 2348/2995/2724 2042/2549/2278 2862/2547/2276
f 2349/2994/2723 3147/2993/2722 2862/2547/2276 2201/2543/2272
f 2072/2979/2708 2345/2988/2717 3148/2996/2725 2342/2983/2712
f 2345/2988/2717 2254/2987/2716 2349/2994/2723 3148/2996/2725
f 3148/2996/2725 2349/2994/2723 2201/2543/2272 2859/2541/2270
f 2342/2983/2712 3148/2996/2725 2859/2541/2270 2023/2467/2196
f 2519/2997/2726 3235/2998/2727 3150/2999/2728 2353/3000/2729
f 3150/3676/2728 3235/3677/2727 2518/3001/2730 2351/3002/2731
f 2351/3002/2731 2518/3001/2730 3234/3003/2732 3149/3004/2733
f 3149/3004/2733 3234/3003/2732 2517/3845/2469 2927/2739/2468
f 3149/3004/2733 2927/2739/2468 2024/2738/2467 2350/3005/2734
f 2351/3002/2731 3149/3004/2733 2350/3005/2734 2074/3006/2735
f 3150/3676/2728 2351/3002/2731 2074/3006/2735 2352/3007/2736
f 2353/3000/2729 3150/2999/2728 2352/3658/2736 1972/3008/2737
f 1994/3009/2738 2354/3010/2739 3151/3725/2740 2357/3012/2741
f 2354/3719/2739 2075/3013/2742 2355/3014/2743 3151/3011/2740
f 3151/3011/2740 2355/3014/2743 2255/3015/2744 2356/3016/2745
f 2357/3012/2741 3151/3725/2740 2356/3724/2745 2077/3017/2746
f 2075/3013/2742 2358/3018/2747 3152/3019/2748 2355/3014/2743
f 2358/3018/2747 2026/2286/2015 2782/2388/2117 3152/3019/2748
f 3152/3019/2748 2782/2388/2117 2176/2384/2113 2359/3020/2749
f 2355/3014/2743 3152/3019/2748 2359/3020/2749 2255/3015/2744
f 2255/3015/2744 2359/3020/2749 3153/3021/2750 2361/3022/2751
f 2359/3020/2749 2176/2384/2113 2780/2383/2112 3153/3021/2750
f 3153/3021/2750 2780/2383/2112 2039/2382/2111 2360/3023/2752
f 2361/3022/2751 3153/3021/2750 2360/3023/2752 2076/3024/2753
f 2077/3017/2746 2356/3724/2745 3154/3723/2754 2363/3026/2755
f 2356/3016/2745 2255/3015/2744 2361/3022/2751 3154/3025/2754
f 3154/3025/2754 2361/3022/2751 2076/3024/2753 2362/3027/2756
f 2363/3026/2755 3154/3723/2754 2362/3638/2756 2040/3028/2757
f 1992/3029/2758 2364/3030/2759 3155/3722/2760 2367/3032/2761
f 2364/3715/2759 2078/3033/2762 2365/3034/2763 3155/3031/2760
f 3155/3031/2760 2365/3034/2763 2256/3035/2764 2366/3036/2765
f 2367/3032/2761 3155/3722/2760 2366/3721/2765 2079/3037/2766
f 2078/3033/2762 2368/3038/2767 3156/3039/2768 2365/3034/2763
f 2368/3038/2767 2027/2297/2026 2737/2295/2024 3156/3039/2768
f 3156/3039/2768 2737/2295/2024 2162/2290/2019 2369/3040/2769
f 2365/3034/2763 3156/3039/2768 2369/3040/2769 2256/3035/2764
f 2256/3035/2764 2369/3040/2769 3157/3041/2770 2370/3042/2771
f 2369/3040/2769 2162/2290/2019 2733/2287/2016 3157/3041/2770
f 3157/3041/2770 2733/2287/2016 2026/2286/2015 2358/3018/2747
f 2370/3042/2771 3157/3041/2770 2358/3018/2747 2075/3013/2742
f 2079/3037/2766 2366/3721/2765 3158/3720/2772 2371/3044/2773
f 2366/3036/2765 2256/3035/2764 2370/3042/2771 3158/3043/2772
f 3158/3043/2772 2370/3042/2771 2075/3013/2742 2354/3719/2739
f 2371/3044/2773 3158/3720/2772 2354/3010/2739 1994/3009/2738
f 1998/3045/2774 2372/3046/2775 3159/3718/2776 2375/3048/2777
f 2372/3711/2775 2080/3049/2778 2373/3050/2779 3159/3047/2776
f 3159/3047/2776 2373/3050/2779 2257/3051/2780 2374/3052/2781
f 2375/3048/2777 3159/3718/2776 2374/3717/2781 2081/3053/2782
f 2080/3049/2778 2376/3054/2783 3160/3055/2784 2373/3050/2779
f 2376/3054/2783 2028/2336/2065 2788/2397/2126 3160/3055/2784
f 3160/3055/2784 2788/2397/2126 2178/2393/2122 2377/3056/2785
f 2373/3050/2779 3160/3055/2784 2377/3056/2785 2257/3051/2780
f 2257/3051/2780 2377/3056/2785 3161/3057/2786 2378/3058/2787
f 2377/3056/2785 2178/2393/2122 2785/2391/2120 3161/3057/2786
f 3161/3057/2786 2785/2391/2120 2027/2297/2026 2368/3038/2767
f 2378/3058/2787 3161/3057/2786 2368/3038/2767 2078/3033/2762
f 2081/3053/2782 2374/3717/2781 3162/3716/2788 2379/3060/2789
f 2374/3052/2781 2257/3051/2780 2378/3058/2787 3162/3059/2788
f 3162/3059/2788 2378/3058/2787 2078/3033/2762 2364/3715/2759
f 2379/3060/2789 3162/3716/2788 2364/3030/2759 1992/3029/2758
f 1990/3061/2790 2380/3062/2791 3163/3714/2792 2383/3064/2793
f 2380/3707/2791 2082/3065/2794 2381/3066/2795 3163/3063/2792
f 3163/3063/2792 2381/3066/2795 2258/3067/2796 2382/3068/2797
f 2383/3064/2793 3163/3714/2792 2382/3713/2797 2083/3069/2798
f 2082/3065/2794 2384/3070/2799 3164/3071/2800 2381/3066/2795
f 2384/3070/2799 2029/2261/1990 2761/2345/2074 3164/3071/2800
f 3164/3071/2800 2761/2345/2074 2170/2340/2069 2385/3072/2801
f 2381/3066/2795 3164/3071/2800 2385/3072/2801 2258/3067/2796
f 2258/3067/2796 2385/3072/2801 3165/3073/2802 2386/3074/2803
f 2385/3072/2801 2170/2340/2069 2757/2337/2066 3165/3073/2802
f 3165/3073/2802 2757/2337/2066 2028/2336/2065 2376/3054/2783
f 2386/3074/2803 3165/3073/2802 2376/3054/2783 2080/3049/2778
f 2083/3069/2798 2382/3713/2797 3166/3712/2804 2387/3076/2805
f 2382/3068/2797 2258/3067/2796 2386/3074/2803 3166/3075/2804
f 3166/3075/2804 2386/3074/2803 2080/3049/2778 2372/3711/2775
f 2387/3076/2805 3166/3712/2804 2372/3046/2775 1998/3045/2774
f 1988/3077/2806 2388/3078/2807 3167/3710/2808 2391/3080/2809
f 2388/3703/2807 2084/3081/2810 2389/3082/2811 3167/3079/2808
f 3167/3079/2808 2389/3082/2811 2259/3083/2812 2390/3084/2813
f 2391/3080/2809 3167/3710/2808 2390/3709/2813 2085/3085/2814
f 2084/3081/2810 2392/3086/2815 3168/3087/2816 2389/3082/2811
f 2392/3086/2815 2030/2272/2001 2725/2270/1999 3168/3087/2816
f 3168/3087/2816 2725/2270/1999 2158/2265/1994 2393/3088/2817
f 2389/3082/2811 3168/3087/2816 2393/3088/2817 2259/3083/2812
f 2259/3083/2812 2393/3088/2817 3169/3089/2818 2394/3090/2819
f 2393/3088/2817 2158/2265/1994 2721/2262/1991 3169/3089/2818
f 3169/3089/2818 2721/2262/1991 2029/2261/1990 2384/3070/2799
f 2394/3090/2819 3169/3089/2818 2384/3070/2799 2082/3065/2794
f 2085/3085/2814 2390/3709/2813 3170/3708/2820 2395/3092/2821
f 2390/3084/2813 2259/3083/2812 2394/3090/2819 3170/3091/2820
f 3170/3091/2820 2394/3090/2819 2082/3065/2794 2380/3707/2791
f 2395/3092/2821 3170/3708/2820 2380/3062/2791 1990/3061/2790
f 1996/3093/2822 2396/3094/2823 3171/3706/2824 2399/3096/2825
f 2396/3699/2823 2086/3097/2826 2397/3098/2827 3171/3095/2824
f 3171/3095/2824 2397/3098/2827 2260/3099/2828 2398/3100/2829
f 2399/3096/2825 3171/3706/2824 2398/3705/2829 2087/3101/2830
f 2086/3097/2826 2400/3102/2831 3172/3103/2832 2397/3098/2827
f 2400/3102/2831 2031/2311/2040 2770/2362/2091 3172/3103/2832
f 3172/3103/2832 2770/2362/2091 2173/2358/2087 2401/3104/2833
f 2397/3098/2827 3172/3103/2832 2401/3104/2833 2260/3099/2828
f 2260/3099/2828 2401/3104/2833 3173/3105/2834 2402/3106/2835
f 2401/3104/2833 2173/2358/2087 2767/2356/2085 3173/3105/2834
f 3173/3105/2834 2767/2356/2085 2030/2272/2001 2392/3086/2815
f 2402/3106/2835 3173/3105/2834 2392/3086/2815 2084/3081/2810
f 2087/3101/2830 2398/3705/2829 3174/3704/2836 2403/3108/2837
f 2398/3100/2829 2260/3099/2828 2402/3106/2835 3174/3107/2836
f 3174/3107/2836 2402/3106/2835 2084/3081/2810 2388/3703/2807
f 2403/3108/2837 3174/3704/2836 2388/3078/2807 1988/3077/2806
f 1985/3109/2838 2404/3110/2839 3175/3702/2840 2407/3112/2841
f 2404/3698/2839 2088/3113/2842 2405/3114/2843 3175/3111/2840
f 3175/3111/2840 2405/3114/2843 2261/3115/2844 2406/3116/2845
f 2407/3112/2841 3175/3702/2840 2406/3701/2845 2089/3117/2846
f 2088/3113/2842 2408/3118/2847 3176/3119/2848 2405/3114/2843
f 2408/3118/2847 2032/2322/2051 2749/2320/2049 3176/3119/2848
f 3176/3119/2848 2749/2320/2049 2166/2315/2044 2409/3120/2849
f 2405/3114/2843 3176/3119/2848 2409/3120/2849 2261/3115/2844
f 2261/3115/2844 2409/3120/2849 3177/3121/2850 2410/3122/2851
f 2409/3120/2849 2166/2315/2044 2745/2312/2041 3177/3121/2850
f 3177/3121/2850 2745/2312/2041 2031/2311/2040 2400/3102/2831
f 2410/3122/2851 3177/3121/2850 2400/3102/2831 2086/3097/2826
f 2089/3117/2846 2406/3701/2845 3178/3700/2852 2411/3124/2853
f 2406/3116/2845 2261/3115/2844 2410/3122/2851 3178/3123/2852
f 3178/3123/2852 2410/3122/2851 2086/3097/2826 2396/3699/2823
f 2411/3124/2853 3178/3700/2852 2396/3094/2823 1996/3093/2822
f 2011/3125/2854 2412/3126/2855 2404/3110/2839 1985/3109/2838
f 2412/3695/2855 2090/3127/2856 2088/3113/2842 2404/3698/2839
f 2088/3113/2842 2090/3127/2856 2413/3128/2857 2408/3118/2847
f 2413/3128/2857 2033/2781/2510 2032/2322/2051 2408/3118/2847
f 2003/3129/2858 2414/3130/2859 2415/3697/2860 2092/3132/2861
f 2414/3626/2859 2091/3133/2862 2262/3134/2863 2415/3131/2860
f 2262/3134/2863 2091/3133/2862 2416/3135/2864 2417/3136/2865
f 2416/3135/2864 2034/2790/2519 2216/2785/2514 2417/3136/2865
f 2262/3134/2863 2417/3136/2865 3179/3137/2866 2418/3138/2867
f 2417/3136/2865 2216/2785/2514 2940/2782/2511 3179/3137/2866
f 3179/3137/2866 2940/2782/2511 2033/2781/2510 2413/3128/2857
f 2418/3138/2867 3179/3137/2866 2413/3128/2857 2090/3127/2856
f 2092/3132/2861 2415/3697/2860 3180/3696/2868 2419/3140/2869
f 2415/3131/2860 2262/3134/2863 2418/3138/2867 3180/3139/2868
f 3180/3139/2868 2418/3138/2867 2090/3127/2856 2412/3695/2855
f 2419/3140/2869 3180/3696/2868 2412/3126/2855 2011/3125/2854
f 2007/3141/2870 2420/3142/2871 3181/3694/2872 2423/3144/2873
f 2420/3691/2871 2093/3145/2874 2421/3146/2875 3181/3143/2872
f 3181/3143/2872 2421/3146/2875 2263/3147/2876 2422/3148/2877
f 2423/3144/2873 3181/3694/2872 2422/3693/2877 2095/3149/2878
f 2093/3145/2874 2424/3150/2879 3182/3151/2880 2421/3146/2875
f 2424/3150/2879 2035/2254/1983 2968/2850/2579 3182/3151/2880
f 3182/3151/2880 2968/2850/2579 2056/2847/2576 2425/3152/2881
f 2421/3146/2875 3182/3151/2880 2425/3152/2881 2263/3147/2876
f 2263/3147/2876 2425/3152/2881 2426/3153/2882 2094/3154/2883
f 2425/3152/2881 2056/2847/2576 2051/2846/2575 2426/3153/2882
f 2095/3149/2878 2422/3693/2877 2427/3629/2884 2052/3156/2885
f 2422/3148/2877 2263/3147/2876 2094/3154/2883 2427/3155/2884
f 2036/2260/1989 2719/2259/1988 3183/3157/2886 2430/3158/2887
f 2719/2259/1988 2156/2256/1985 2428/3159/2888 3183/3157/2886
f 3183/3157/2886 2428/3159/2888 2264/3160/2889 2429/3161/2890
f 2430/3158/2887 3183/3157/2886 2429/3161/2890 2097/3162/2891
f 2156/2256/1985 2717/2255/1984 3184/3163/2892 2428/3159/2888
f 2717/2255/1984 2035/2254/1983 2424/3150/2879 3184/3163/2892
f 3184/3163/2892 2424/3150/2879 2093/3145/2874 2431/3164/2893
f 2428/3159/2888 3184/3163/2892 2431/3164/2893 2264/3160/2889
f 2264/3160/2889 2431/3164/2893 3185/3692/2894 2433/3689/2895
f 2431/3164/2893 2093/3145/2874 2420/3691/2871 3185/3692/2894
f 3185/3165/2894 2420/3142/2871 2007/3141/2870 2432/3167/2896
f 2433/3166/2895 3185/3165/2894 2432/3167/2896 2096/3168/2897
f 2097/3162/2891 2429/3161/2890 3186/3690/2898 2435/3678/2899
f 2429/3161/2890 2264/3160/2889 2433/3689/2895 3186/3690/2898
f 3186/3169/2898 2433/3166/2895 2096/3168/2897 2434/3171/2900
f 2435/3170/2899 3186/3169/2898 2434/3171/2900 1986/3172/2901
f 1967/2600/2329 2985/3688/2615 3187/3682/2902 2884/2589/2318
f 2985/2886/2615 2061/2882/2611 2436/3174/2903 3187/3173/2902
f 3187/3173/2902 2436/3174/2903 2445/3175/2904 3193/3176/2905
f 2447/2586/2315 2884/2589/2318 3187/3682/2902 3193/3681/2905
f 2061/2882/2611 2983/2881/2610 3188/3177/2906 2436/3174/2903
f 2983/2881/2610 2013/2417/2146 2885/2608/2337 3188/3177/2906
f 3188/3177/2906 2885/2608/2337 2440/2607/2336 3194/3178/2907
f 2436/3174/2903 3188/3177/2906 3194/3178/2907 2445/3175/2904
f 2036/2260/1989 2437/3179/2908 3189/3180/2909 2720/2258/1987
f 2437/3179/2908 2098/3181/2910 2438/3182/2911 3189/3180/2909
f 3189/3180/2909 2438/3182/2911 2265/3183/2912 2439/3184/2913
f 2720/2258/1987 3189/3180/2909 2439/3184/2913 2157/2244/1973
f 2098/3181/2910 2440/2607/2336 3190/2605/2334 2438/3182/2911
f 2438/3182/2911 3190/2605/2334 2441/2603/2332 2265/3183/2912
f 2265/3183/2912 2441/2603/2332 3191/3687/2330 2443/3683/2914
f 2443/3185/2914 3191/2601/2330 2442/2581/2310 2099/3186/2915
f 2157/2244/1973 2439/3184/2913 3192/3684/2916 2712/2239/1968
f 2439/3184/2913 2265/3183/2912 2443/3683/2914 3192/3684/2916
f 3192/3187/2916 2443/3185/2914 2099/3186/2915 2444/3188/2917
f 2712/3685/1968 3192/3187/2916 2444/3188/2917 1983/2236/1965
f 3193/3176/2905 2445/3175/2904 2266/3189/2918 2446/3190/2919
f 2447/2586/2315 3193/3681/2905 2446/3680/2919 2100/3191/2920
f 3194/3178/2907 2440/2607/2336 2098/3181/2910 2448/3192/2921
f 2445/3175/2904 3194/3178/2907 2448/3192/2921 2266/3189/2918
f 2266/3189/2918 2448/3192/2921 3195/3193/2922 2449/3194/2923
f 2448/3192/2921 2098/3181/2910 2437/3179/2908 3195/3193/2922
f 3195/3193/2922 2437/3179/2908 2036/2260/1989 2430/3158/2887
f 2449/3194/2923 3195/3193/2922 2430/3158/2887 2097/3162/2891
f 2100/3191/2920 2446/3680/2919 3196/3679/2924 2450/3196/2925
f 2446/3190/2919 2266/3189/2918 2449/3194/2923 3196/3195/2924
f 3196/3195/2924 2449/3194/2923 2097/3162/2891 2435/3678/2899
f 2450/3196/2925 3196/3679/2924 2435/3170/2899 1986/3172/2901
f 2007/3141/2870 2451/3197/2926 3197/3198/2927 2432/3167/2896
f 2451/3197/2926 2101/3199/2928 2452/3200/2929 3197/3198/2927
f 3197/3198/2927 2452/3200/2929 2267/3201/2930 2453/3202/2931
f 2432/3167/2896 3197/3198/2927 2453/3202/2931 2096/3168/2897
f 2101/3199/2928 2454/2594/2323 3198/2592/2321 2452/3200/2929
f 2452/3200/2929 3198/2592/2321 2455/2590/2319 2267/3201/2930
f 2267/3201/2930 2455/2590/2319 3199/2587/2316 2456/3203/2932
f 2456/3203/2932 3199/2587/2316 2447/2586/2315 2100/3191/2920
f 2096/3168/2897 2453/3202/2931 3200/3204/2933 2434/3171/2900
f 2453/3202/2931 2267/3201/2930 2456/3203/2932 3200/3204/2933
f 3200/3204/2933 2456/3203/2932 2100/3191/2920 2450/3196/2925
f 2434/3171/2900 3200/3204/2933 2450/3196/2925 1986/3172/2901
f 2095/3149/2878 2052/3156/2885 2457/3205/2934 2458/3206/2935
f 2457/3205/2934 2102/3207/2936 2268/3208/2937 2458/3206/2935
f 2268/3208/2937 2102/3207/2936 2459/2857/2586 2460/2855/2584
f 2268/3208/2937 2460/2855/2584 3201/2853/2582 2461/3209/2938
f 2461/3209/2938 3201/2853/2582 2454/2594/2323 2101/3199/2928
f 2095/3149/2878 2458/3206/2935 3202/3210/2939 2423/3144/2873
f 2458/3206/2935 2268/3208/2937 2461/3209/2938 3202/3210/2939
f 3202/3210/2939 2461/3209/2938 2101/3199/2928 2451/3197/2926
f 2423/3144/2873 3202/3210/2939 2451/3197/2926 2007/3141/2870
f 2011/3125/2854 2462/3211/2940 3203/3212/2941 2419/3140/2869
f 2462/3211/2940 2103/3213/2942 2463/3214/2943 3203/3212/2941
f 3203/3212/2941 2463/3214/2943 2269/3215/2944 2464/3216/2945
f 2419/3140/2869 3203/3212/2941 2464/3216/2945 2092/3132/2861
f 2103/3213/2942 2465/2807/2536 3204/2805/2534 2463/3214/2943
f 2463/3214/2943 3204/2805/2534 2466/2802/2531 2269/3215/2944
f 2269/3215/2944 2466/2802/2531 2467/2801/2530 2104/3217/2946
f 2003/3129/2858 2092/3132/2861 2464/3216/2945 2468/3218/2947
f 2464/3216/2945 2269/3215/2944 2104/3217/2946 2468/3218/2947
f 2469/2682/2411 2465/2807/2536 2103/3213/2942 2105/3219/2948
f 2462/3211/2940 2011/3125/2854 1985/3109/2838 2470/3220/2949
f 2462/3211/2940 2470/3220/2949 2105/3219/2948 2103/3213/2942
f 3205/2676/2405 2471/2675/2404 2270/3221/2950 2472/3222/2951
f 2473/2677/2406 3205/2676/2405 2472/3222/2951 2106/3223/2952
f 3206/2683/2412 2469/2682/2411 2105/3219/2948 2474/3224/2953
f 2471/2675/2404 3206/2683/2412 2474/3224/2953 2270/3221/2950
f 2270/3221/2950 2474/3224/2953 3207/3225/2954 2475/3226/2955
f 2474/3224/2953 2105/3219/2948 2470/3220/2949 3207/3225/2954
f 3207/3225/2954 2470/3220/2949 1985/3109/2838 2407/3112/2841
f 2475/3226/2955 3207/3225/2954 2407/3112/2841 2089/3117/2846
f 2106/3223/2952 2472/3222/2951 3208/3227/2956 2476/3228/2957
f 2472/3222/2951 2270/3221/2950 2475/3226/2955 3208/3227/2956
f 3208/3227/2956 2475/3226/2955 2089/3117/2846 2411/3124/2853
f 2476/3228/2957 3208/3227/2956 2411/3124/2853 1996/3093/2822
f 3209/2715/2444 2477/2714/2443 2271/3229/2958 2478/3230/2959
f 2479/2632/2361 3209/2715/2444 2478/3230/2959 2107/3231/2960
f 3210/2718/2447 2473/2677/2406 2106/3223/2952 2480/3232/2961
f 2477/2714/2443 3210/2718/2447 2480/3232/2961 2271/3229/2958
f 2271/3229/2958 2480/3232/2961 3211/3233/2962 2481/3234/2963
f 2480/3232/2961 2106/3223/2952 2476/3228/2957 3211/3233/2962
f 3211/3233/2962 2476/3228/2957 1996/3093/2822 2399/3096/2825
f 2481/3234/2963 3211/3233/2962 2399/3096/2825 2087/3101/2830
f 2107/3231/2960 2478/3230/2959 3212/3235/2964 2482/3236/2965
f 2478/3230/2959 2271/3229/2958 2481/3234/2963 3212/3235/2964
f 3212/3235/2964 2481/3234/2963 2087/3101/2830 2403/3108/2837
f 2482/3236/2965 3212/3235/2964 2403/3108/2837 1988/3077/2806
f 3213/2626/2355 2483/2625/2354 2272/3237/2966 2484/3238/2967
f 2485/2627/2356 3213/2626/2355 2484/3238/2967 2108/3239/2968
f 3214/2633/2362 2479/2632/2361 2107/3231/2960 2486/3240/2969
f 2483/2625/2354 3214/2633/2362 2486/3240/2969 2272/3237/2966
f 2272/3237/2966 2486/3240/2969 3215/3241/2970 2487/3242/2971
f 2486/3240/2969 2107/3231/2960 2482/3236/2965 3215/3241/2970
f 3215/3241/2970 2482/3236/2965 1988/3077/2806 2391/3080/2809
f 2487/3242/2971 3215/3241/2970 2391/3080/2809 2085/3085/2814
f 2108/3239/2968 2484/3238/2967 3216/3243/2972 2488/3244/2973
f 2484/3238/2967 2272/3237/2966 2487/3242/2971 3216/3243/2972
f 3216/3243/2972 2487/3242/2971 2085/3085/2814 2395/3092/2821
f 2488/3244/2973 3216/3243/2972 2395/3092/2821 1990/3061/2790
f 3217/2699/2428 2489/2698/2427 2273/3245/2974 2490/3246/2975
f 2491/2700/2429 3217/2699/2428 2490/3246/2975 2109/3247/2976
f 3218/2703/2432 2485/2627/2356 2108/3239/2968 2492/3248/2977
f 2489/2698/2427 3218/2703/2432 2492/3248/2977 2273/3245/2974
f 2273/3245/2974 2492/3248/2977 3219/3249/2978 2493/3250/2979
f 2492/3248/2977 2108/3239/2968 2488/3244/2973 3219/3249/2978
f 3219/3249/2978 2488/3244/2973 1990/3061/2790 2383/3064/2793
f 2493/3250/2979 3219/3249/2978 2383/3064/2793 2083/3069/2798
f 2109/3247/2976 2490/3246/2975 3220/3251/2980 2494/3252/2981
f 2490/3246/2975 2273/3245/2974 2493/3250/2979 3220/3251/2980
f 3220/3251/2980 2493/3250/2979 2083/3069/2798 2387/3076/2805
f 2494/3252/2981 3220/3251/2980 2387/3076/2805 1998/3045/2774
f 3221/2765/2494 2495/2764/2493 2274/3253/2982 2496/3254/2983
f 2497/2657/2386 3221/2765/2494 2496/3254/2983 2110/3255/2984
f 3222/2768/2497 2491/2700/2429 2109/3247/2976 2498/3256/2985
f 2495/2764/2493 3222/2768/2497 2498/3256/2985 2274/3253/2982
f 2274/3253/2982 2498/3256/2985 3223/3257/2986 2499/3258/2987
f 2498/3256/2985 2109/3247/2976 2494/3252/2981 3223/3257/2986
f 3223/3257/2986 2494/3252/2981 1998/3045/2774 2375/3048/2777
f 2499/3258/2987 3223/3257/2986 2375/3048/2777 2081/3053/2782
f 2110/3255/2984 2496/3254/2983 3224/3259/2988 2500/3260/2989
f 2496/3254/2983 2274/3253/2982 2499/3258/2987 3224/3259/2988
f 3224/3259/2988 2499/3258/2987 2081/3053/2782 2379/3060/2789
f 2500/3260/2989 3224/3259/2988 2379/3060/2789 1992/3029/2758
f 3225/2651/2380 2501/2650/2379 2275/3261/2990 2502/3262/2991
f 2503/2652/2381 3225/2651/2380 2502/3262/2991 2111/3263/2992
f 3226/2658/2387 2497/2657/2386 2110/3255/2984 2504/3264/2993
f 2501/2650/2379 3226/2658/2387 2504/3264/2993 2275/3261/2990
f 2275/3261/2990 2504/3264/2993 3227/3265/2994 2505/3266/2995
f 2504/3264/2993 2110/3255/2984 2500/3260/2989 3227/3265/2994
f 3227/3265/2994 2500/3260/2989 1992/3029/2758 2367/3032/2761
f 2505/3266/2995 3227/3265/2994 2367/3032/2761 2079/3037/2766
f 2111/3263/2992 2502/3262/2991 3228/3267/2996 2506/3268/2997
f 2502/3262/2991 2275/3261/2990 2505/3266/2995 3228/3267/2996
f 3228/3267/2996 2505/3266/2995 2079/3037/2766 2371/3044/2773
f 2506/3268/2997 3228/3267/2996 2371/3044/2773 1994/3009/2738
f 2040/3028/2757 2507/3269/2998 3229/3270/2999 2363/3026/2755
f 2507/3269/2998 2112/3271/3000 2508/3272/3001 3229/3270/2999
f 3229/3270/2999 2508/3272/3001 2276/3273/3002 2509/3274/3003
f 2363/3026/2755 3229/3270/2999 2509/3274/3003 2077/3017/2746
f 2112/3271/3000 2510/2744/2473 3230/2743/2472 2508/3272/3001
f 2508/3272/3001 3230/2743/2472 2511/2746/2475 2276/3273/3002
f 2276/3273/3002 2511/2746/2475 3231/2752/2481 2512/3275/3004
f 2512/3275/3004 3231/2752/2481 2503/2652/2381 2111/3263/2992
f 2077/3017/2746 2509/3274/3003 3232/3276/3005 2357/3012/2741
f 2509/3274/3003 2276/3273/3002 2512/3275/3004 3232/3276/3005
f 3232/3276/3005 2512/3275/3004 2111/3263/2992 2506/3268/2997
f 2357/3012/2741 3232/3276/3005 2506/3268/2997 1994/3009/2738
f 2025/3277/3006 2513/3278/3007 3233/3279/3008 2516/3280/3009
f 2513/3278/3007 2113/3281/3010 2514/3282/3011 3233/3279/3008
f 3233/3279/3008 2514/3282/3011 2277/3283/3012 2515/3284/3013
f 2516/3280/3009 3233/3279/3008 2515/3284/3013 2115/3285/3014
f 2113/3281/3010 2517/2740/2469 3234/3851/2732 2514/3282/3011
f 2514/3282/3011 3234/3851/2732 2518/3849/2730 2277/3283/3012
f 2277/3283/3012 2518/3849/2730 3235/3850/2727 2520/3674/3015
f 2520/3286/3015 3235/2998/2727 2519/2997/2726 2114/3287/3016
f 2115/3285/3014 2515/3284/3013 3236/3675/3017 2522/3662/3018
f 2515/3284/3013 2277/3283/3012 2520/3674/3015 3236/3675/3017
f 3236/3288/3017 2520/3286/3015 2114/3287/3016 2521/3290/3019
f 2522/3289/3018 3236/3288/3017 2521/3290/3019 2000/3291/3020
f 3237/2734/2463 2523/3847/2462 2278/3292/3021 2524/3293/3022
f 2525/2735/2464 3237/3672/2463 2524/3671/3022 2117/3294/3023
f 3238/2741/2470 2517/2740/2469 2113/3281/3010 2526/3295/3024
f 2523/3847/2462 3238/2741/2470 2526/3295/3024 2278/3292/3021
f 2278/3292/3021 2526/3295/3024 3239/3296/3025 2528/3297/3026
f 2526/3295/3024 2113/3281/3010 2513/3278/3007 3239/3296/3025
f 3239/3296/3025 2513/3278/3007 2025/3277/3006 2527/3298/3027
f 2528/3297/3026 3239/3296/3025 2527/3298/3027 2116/3299/3028
f 2117/3294/3023 2524/3671/3022 3240/3670/3029 2530/3301/3030
f 2524/3293/3022 2278/3292/3021 2528/3297/3026 3240/3300/3029
f 3240/3300/3029 2528/3297/3026 2116/3299/3028 2529/3302/3031
f 2530/3301/3030 3240/3670/3029 2529/3668/3031 1999/3303/3032
f 3241/2722/2451 2531/2721/2450 2279/3304/3033 2532/3305/3034
f 2533/2642/2371 3241/2722/2451 2532/3305/3034 2119/3306/3035
f 3242/2726/2455 2534/2725/2454 2118/3307/3036 2535/3308/3037
f 2531/2721/2450 3242/2726/2455 2535/3308/3037 2279/3304/3033
f 2279/3304/3033 2535/3308/3037 3243/3309/3038 2537/3310/3039
f 2535/3308/3037 2118/3307/3036 2536/3311/3040 3243/3309/3038
f 3243/3309/3038 2536/3311/3040 2038/2371/2100 2778/2374/2103
f 2537/3310/3039 3243/3309/3038 2778/2374/2103 2177/2379/2108
f 2119/3306/3035 2532/3305/3034 3244/3312/3041 2538/3313/3042
f 2532/3305/3034 2279/3304/3033 2537/3310/3039 3244/3312/3041
f 3244/3312/3041 2537/3310/3039 2177/2379/2108 2784/2390/2119
f 2538/3313/3042 3244/3312/3041 2784/2390/2119 1993/2310/2039
f 3245/2638/2367 2539/2637/2366 2280/3314/3043 2540/3315/3044
f 2541/2639/2368 3245/2638/2367 2540/3315/3044 2120/3316/3045
f 3246/2643/2372 2533/2642/2371 2119/3306/3035 2542/3317/3046
f 2539/2637/2366 3246/2643/2372 2542/3317/3046 2280/3314/3043
f 2280/3314/3043 2542/3317/3046 3247/3318/3047 2543/3319/3048
f 2542/3317/3046 2119/3306/3035 2538/3313/3042 3247/3318/3047
f 3247/3318/3047 2538/3313/3042 1993/2310/2039 2743/2309/2038
f 2543/3319/3048 3247/3318/3047 2743/2309/2038 2164/2306/2035
f 2120/3316/3045 2540/3315/3044 3248/3320/3049 2544/3321/3050
f 2540/3315/3044 2280/3314/3043 2543/3319/3048 3248/3320/3049
f 3248/3320/3049 2543/3319/3048 2164/2306/2035 2741/2305/2034
f 2544/3321/3050 3248/3320/3049 2741/2305/2034 1991/2304/2033
f 3249/2757/2486 2545/2756/2485 2281/3322/3051 2546/3323/3052
f 2547/2690/2419 3249/2757/2486 2546/3323/3052 2121/3324/3053
f 3250/2759/2488 2541/2639/2368 2120/3316/3045 2548/3325/3054
f 2545/2756/2485 3250/2759/2488 2548/3325/3054 2281/3322/3051
f 2281/3322/3051 2548/3325/3054 3251/3326/3055 2549/3327/3056
f 2548/3325/3054 2120/3316/3045 2544/3321/3050 3251/3326/3055
f 3251/3326/3055 2544/3321/3050 1991/2304/2033 2792/2405/2134
f 2549/3327/3056 3251/3326/3055 2792/2405/2134 2179/2403/2132
f 2121/3324/3053 2546/3323/3052 3252/3328/3057 2550/3329/3058
f 2546/3323/3052 2281/3322/3051 2549/3327/3056 3252/3328/3057
f 3252/3328/3057 2549/3327/3056 2179/2403/2132 2790/2402/2131
f 2550/3329/3058 3252/3328/3057 2790/2402/2131 1997/2355/2084
f 3253/2687/2416 2551/2686/2415 2282/3330/3059 2552/3331/3060
f 2553/2617/2346 3253/2687/2416 2552/3331/3060 2122/3332/3061
f 3254/2691/2420 2547/2690/2419 2121/3324/3053 2554/3333/3062
f 2551/2686/2415 3254/2691/2420 2554/3333/3062 2282/3330/3059
f 2282/3330/3059 2554/3333/3062 3255/3334/3063 2555/3335/3064
f 2554/3333/3062 2121/3324/3053 2550/3329/3058 3255/3334/3063
f 3255/3334/3063 2550/3329/3058 1997/2355/2084 2765/2354/2083
f 2555/3335/3064 3255/3334/3063 2765/2354/2083 2171/2351/2080
f 2122/3332/3061 2552/3331/3060 3256/3336/3065 2556/3337/3066
f 2552/3331/3060 2282/3330/3059 2555/3335/3064 3256/3336/3065
f 3256/3336/3065 2555/3335/3064 2171/2351/2080 2763/2350/2079
f 2556/3337/3066 3256/3336/3065 2763/2350/2079 1989/2285/2014
f 3257/2613/2342 2557/2612/2341 2283/3338/3067 2558/3339/3068
f 2559/2614/2343 3257/2613/2342 2558/3339/3068 2123/3340/3069
f 3258/2618/2347 2553/2617/2346 2122/3332/3061 2560/3341/3070
f 2557/2612/2341 3258/2618/2347 2560/3341/3070 2283/3338/3067
f 2283/3338/3067 2560/3341/3070 3259/3342/3071 2561/3343/3072
f 2560/3341/3070 2122/3332/3061 2556/3337/3066 3259/3342/3071
f 3259/3342/3071 2556/3337/3066 1989/2285/2014 2731/2284/2013
f 2561/3343/3072 3259/3342/3071 2731/2284/2013 2160/2281/2010
f 2123/3340/3069 2558/3339/3068 3260/3344/3073 2562/3345/3074
f 2558/3339/3068 2283/3338/3067 2561/3343/3072 3260/3344/3073
f 3260/3344/3073 2561/3343/3072 2160/2281/2010 2729/2280/2009
f 2562/3345/3074 3260/3344/3073 2729/2280/2009 1987/2279/2008
f 3261/2707/2436 2563/2706/2435 2284/3346/3075 2564/3347/3076
f 2565/2667/2396 3261/2707/2436 2564/3347/3076 2124/3348/3077
f 3262/2709/2438 2559/2614/2343 2123/3340/3069 2566/3349/3078
f 2563/2706/2435 3262/2709/2438 2566/3349/3078 2284/3346/3075
f 2284/3346/3075 2566/3349/3078 3263/3350/3079 2567/3351/3080
f 2566/3349/3078 2123/3340/3069 2562/3345/3074 3263/3350/3079
f 3263/3350/3079 2562/3345/3074 1987/2279/2008 2774/2370/2099
f 2567/3351/3080 3263/3350/3079 2774/2370/2099 2174/2368/2097
f 2124/3348/3077 2564/3347/3076 3264/3352/3081 2568/3353/3082
f 2564/3347/3076 2284/3346/3075 2567/3351/3080 3264/3352/3081
f 3264/3352/3081 2567/3351/3080 2174/2368/2097 2772/2367/2096
f 2568/3353/3082 3264/3352/3081 2772/2367/2096 1995/2335/2064
f 3265/2663/2392 2569/2662/2391 2285/3354/3083 2570/3355/3084
f 2571/2664/2393 3265/2663/2392 2570/3355/3084 2125/3356/3085
f 3266/2668/2397 2565/2667/2396 2124/3348/3077 2572/3357/3086
f 2569/2662/2391 3266/2668/2397 2572/3357/3086 2285/3354/3083
f 2285/3354/3083 2572/3357/3086 3267/3358/3087 2573/3359/3088
f 2572/3357/3086 2124/3348/3077 2568/3353/3082 3267/3358/3087
f 3267/3358/3087 2568/3353/3082 1995/2335/2064 2755/2334/2063
f 2573/3359/3088 3267/3358/3087 2755/2334/2063 2168/2331/2060
f 2125/3356/3085 2570/3355/3084 3268/3360/3089 2574/3361/3090
f 2570/3355/3084 2285/3354/3083 2573/3359/3088 3268/3360/3089
f 3268/3360/3089 2573/3359/3088 2168/2331/2060 2753/2330/2059
f 2574/3361/3090 3268/3360/3089 2753/2330/2059 1984/2329/2058
f 1984/2329/2058 2010/2800/2529 2575/3362/3091 2574/3361/3090
f 2575/3362/3091 2126/3363/3092 2125/3356/3085 2574/3361/3090
f 2125/3356/3085 2126/3363/3092 2576/2769/2498 2571/2664/2393
f 2218/2796/2525 2002/2795/2524 2577/3364/3093 2578/3365/3094
f 2577/3364/3093 2127/3366/3095 2286/3367/3096 2578/3365/3094
f 2286/3367/3096 2127/3366/3095 2579/2775/2504 2580/2773/2502
f 2286/3367/3096 2580/2773/2502 3269/2770/2499 2581/3368/3097
f 2581/3368/3097 3269/2770/2499 2576/2769/2498 2126/3363/3092
f 2218/2796/2525 2578/3365/3094 3270/3369/3098 2947/2799/2528
f 2578/3365/3094 2286/3367/3096 2581/3368/3097 3270/3369/3098
f 3270/3369/3098 2581/3368/3097 2126/3363/3092 2575/3362/3091
f 2947/2799/2528 3270/3369/3098 2575/3362/3091 2010/2800/2529
f 2006/2247/1976 2582/3370/3099 3271/3371/3100 2970/2852/2581
f 2582/3370/3099 2128/3372/3101 2583/3373/3102 3271/3371/3100
f 3271/3371/3100 2583/3373/3102 2287/3374/3103 2584/3375/3104
f 2970/2852/2581 3271/3371/3100 2584/3375/3104 2057/2841/2570
f 2128/3372/3101 2585/2584/2313 3272/2835/2564 2583/3373/3102
f 2583/3373/3102 3272/2835/2564 2586/2834/2563 2287/3374/3103
f 2287/3374/3103 2586/2834/2563 2587/2833/2562 2129/3376/3105
f 2050/2838/2567 2057/2841/2570 2584/3375/3104 2588/3377/3106
f 2584/3375/3104 2287/3374/3103 2129/3376/3105 2588/3377/3106
f 3273/2580/2309 2589/2579/2308 2288/3378/3107 2590/3379/3108
f 2442/2581/2310 3273/2580/2309 2590/3379/3108 2099/3186/2915
f 3274/2585/2314 2585/2584/2313 2128/3372/3101 2591/3380/3109
f 2589/2579/2308 3274/2585/2314 2591/3380/3109 2288/3378/3107
f 2288/3378/3107 2591/3380/3109 3275/3381/3110 2592/3382/3111
f 2591/3380/3109 2128/3372/3101 2582/3370/3099 3275/3381/3110
f 3275/3381/3110 2582/3370/3099 2006/2247/1976 2713/2245/1974
f 2592/3382/3111 3275/3381/3110 2713/2245/1974 2154/2240/1969
f 2099/3186/2915 2590/3379/3108 3276/3383/3112 2444/3188/2917
f 2590/3379/3108 2288/3378/3107 2592/3382/3111 3276/3383/3112
f 3276/3383/3112 2592/3382/3111 2154/2240/1969 2709/2237/1966
f 2444/3188/2917 3276/3383/3112 2709/2237/1966 1983/2236/1965
f 3277/3384/3113 3280/3385/3114 2601/3386/3115 2593/3387/3116
f 2602/3388/3117 3280/3385/3114 3277/3384/3113 2595/3389/3118
f 2593/3387/3116 2045/3390/3119 2594/3391/3120 3277/3384/3113
f 3277/3384/3113 2594/3391/3120 2130/3392/3121 2595/3389/3118
f 2602/3388/3117 2595/3389/3118 3278/3393/3122 3281/3394/3123
f 2595/3389/3118 2130/3392/3121 2596/3395/3124 3278/3393/3122
f 3278/3393/3122 2596/3395/3124 1971/2727/2456 2925/2730/2459
f 3278/3393/3122 2925/2730/2459 2525/2735/2464 3281/3394/3123
f 2044/3396/3125 2597/3397/3126 3279/3398/3127 2600/3399/3128
f 2597/3397/3126 2131/3400/3129 2598/3401/3130 3279/3398/3127
f 3279/3398/3127 2598/3401/3130 2289/3402/3131 2599/3403/3132
f 2600/3399/3128 3279/3398/3127 2599/3403/3132 2132/3404/3133
f 2131/3400/3129 2601/3386/3115 3280/3385/3114 2598/3401/3130
f 2598/3401/3130 3280/3385/3114 2602/3388/3117 2289/3402/3131
f 2289/3402/3131 2602/3388/3117 3281/3394/3123 2603/3405/3134
f 2603/3405/3134 3281/3394/3123 2525/2735/2464 2117/3294/3023
f 2132/3404/3133 2599/3403/3132 3282/3406/3135 2604/3407/3136
f 2599/3403/3132 2289/3402/3131 2603/3405/3134 3282/3406/3135
f 3282/3406/3135 2603/3405/3134 2117/3294/3023 2530/3301/3030
f 2604/3407/3136 3282/3406/3135 2530/3301/3030 1999/3303/3032
f 2025/3277/3006 2605/3408/3137 3283/3409/3138 2527/3298/3027
f 2605/3408/3137 2133/3410/3139 2606/3411/3140 3283/3409/3138
f 3283/3409/3138 2606/3411/3140 2290/3412/3141 2607/3413/3142
f 2527/3298/3027 3283/3409/3138 2607/3413/3142 2116/3299/3028
f 2133/3410/3139 2608/3414/3143 3284/3415/3144 2606/3411/3140
f 2608/3414/3143 2043/3416/3145 2609/3417/3146 3284/3415/3144
f 3284/3415/3144 2609/3417/3146 2134/3418/3147 2610/3419/3148
f 2606/3411/3140 3284/3415/3144 2610/3419/3148 2290/3412/3141
f 2290/3412/3141 2610/3419/3148 3285/3669/3149 2612/3666/3150
f 2610/3419/3148 2134/3418/3147 2611/3422/3151 3285/3669/3149
f 3285/3420/3149 2611/3653/3151 2044/3396/3125 2600/3399/3128
f 2612/3421/3150 3285/3420/3149 2600/3399/3128 2132/3404/3133
f 2116/3299/3028 2607/3413/3142 3286/3667/3152 2529/3302/3031
f 2607/3413/3142 2290/3412/3141 2612/3666/3150 3286/3667/3152
f 3286/3423/3152 2612/3421/3150 2132/3404/3133 2604/3407/3136
f 2529/3668/3031 3286/3423/3152 2604/3407/3136 1999/3303/3032
f 2048/3424/3153 2613/3425/3154 3287/3665/3155 2616/3427/3156
f 2613/3634/3154 2135/3428/3157 2614/3429/3158 3287/3426/3155
f 3287/3426/3155 2614/3429/3158 2291/3430/3159 2615/3431/3160
f 2616/3427/3156 3287/3665/3155 2615/3664/3160 2136/3432/3161
f 2135/3428/3157 2617/3433/3162 3288/3434/3163 2614/3429/3158
f 2617/3433/3162 2043/3416/3145 2608/3414/3143 3288/3434/3163
f 3288/3434/3163 2608/3414/3143 2133/3410/3139 2618/3435/3164
f 2614/3429/3158 3288/3434/3163 2618/3435/3164 2291/3430/3159
f 2291/3430/3159 2618/3435/3164 3289/3436/3165 2619/3437/3166
f 2618/3435/3164 2133/3410/3139 2605/3408/3137 3289/3436/3165
f 3289/3436/3165 2605/3408/3137 2025/3277/3006 2516/3280/3009
f 2619/3437/3166 3289/3436/3165 2516/3280/3009 2115/3285/3014
f 2136/3432/3161 2615/3664/3160 3290/3663/3167 2620/3439/3168
f 2615/3431/3160 2291/3430/3159 2619/3437/3166 3290/3438/3167
f 3290/3438/3167 2619/3437/3166 2115/3285/3014 2522/3662/3018
f 2620/3439/3168 3290/3663/3167 2522/3289/3018 2000/3291/3020
f 3291/3440/3169 2621/3441/3170 2292/3442/3171 2622/3443/3172
f 2519/2997/2726 3291/3440/3169 2622/3443/3172 2114/3287/3016
f 3292/3444/3173 2623/3445/3174 2137/3446/3175 2624/3447/3176
f 2621/3441/3170 3292/3444/3173 2624/3447/3176 2292/3442/3171
f 2292/3442/3171 2624/3447/3176 3293/3448/3177 2626/3449/3178
f 2624/3447/3176 2137/3446/3175 2625/3450/3179 3293/3448/3177
f 3293/3448/3177 2625/3450/3179 2048/3424/3153 2616/3427/3156
f 2626/3449/3178 3293/3448/3177 2616/3427/3156 2136/3432/3161
f 2114/3287/3016 2622/3443/3172 3294/3451/3180 2521/3290/3019
f 2622/3443/3172 2292/3442/3171 2626/3449/3178 3294/3451/3180
f 3294/3451/3180 2626/3449/3178 2136/3432/3161 2620/3439/3168
f 2521/3290/3019 3294/3451/3180 2620/3439/3168 2000/3291/3020
f 1972/3008/2737 2627/3452/3181 3295/3453/3182 2353/3000/2729
f 2627/3452/3181 2138/3454/3183 2628/3455/3184 3295/3453/3182
f 3295/3453/3182 2628/3455/3184 2621/3441/3170 3291/3440/3169
f 2519/2997/2726 2353/3000/2729 3295/3453/3182 3291/3440/3169
f 2138/3454/3183 2629/3456/3185 3296/3457/3186 2628/3455/3184
f 2629/3456/3185 2047/3458/3187 2630/3459/3188 3296/3457/3186
f 3296/3457/3186 2630/3459/3188 2623/3445/3174 3292/3444/3173
f 2628/3455/3184 3296/3457/3186 3292/3444/3173 2621/3441/3170
f 2046/3460/3189 2631/3461/3190 3297/3462/3191 2634/3463/3192
f 2631/3461/3190 2139/3464/3193 2632/3465/3194 3297/3462/3191
f 3297/3462/3191 2632/3465/3194 2293/3466/3195 2633/3467/3196
f 2634/3463/3192 3297/3462/3191 2633/3467/3196 2140/3468/3197
f 2139/3464/3193 2635/3469/3198 3298/3661/3199 2632/3465/3194
f 2635/3639/3198 2047/3458/3187 2629/3456/3185 3298/3470/3199
f 3298/3470/3199 2629/3456/3185 2138/3454/3183 2636/3471/3200
f 2632/3465/3194 3298/3661/3199 2636/3660/3200 2293/3466/3195
f 2293/3466/3195 2636/3660/3200 3299/3659/3201 2637/3473/3202
f 2636/3471/3200 2138/3454/3183 2627/3452/3181 3299/3472/3201
f 3299/3472/3201 2627/3452/3181 1972/3008/2737 2352/3658/2736
f 2637/3473/3202 3299/3659/3201 2352/3007/2736 2074/3006/2735
f 2140/3468/3197 2633/3467/3196 3300/3474/3203 2638/3475/3204
f 2633/3467/3196 2293/3466/3195 2637/3473/3202 3300/3474/3203
f 3300/3474/3203 2637/3473/3202 2074/3006/2735 2350/3005/2734
f 2638/3475/3204 3300/3474/3203 2350/3005/2734 2024/2738/2467
f 2045/3390/3119 2639/3476/3205 3301/3657/3206 2594/3391/3120
f 2639/3644/3205 2141/3478/3207 2640/3479/3208 3301/3477/3206
f 3301/3477/3206 2640/3479/3208 2294/3480/3209 2641/3481/3210
f 2594/3391/3120 3301/3657/3206 2641/3656/3210 2130/3392/3121
f 2141/3478/3207 2642/3482/3211 3302/3483/3212 2640/3479/3208
f 2642/3482/3211 2046/3460/3189 2634/3463/3192 3302/3483/3212
f 3302/3483/3212 2634/3463/3192 2140/3468/3197 2643/3484/3213
f 2640/3479/3208 3302/3483/3212 2643/3484/3213 2294/3480/3209
f 2294/3480/3209 2643/3484/3213 3303/3485/3214 2644/3486/3215
f 2643/3484/3213 2140/3468/3197 2638/3475/3204 3303/3485/3214
f 3303/3485/3214 2638/3475/3204 2024/2738/2467 2926/2736/2465
f 2644/3486/3215 3303/3485/3214 2926/2736/2465 2212/2731/2460
f 2130/3392/3121 2641/3656/3210 3304/3655/3216 2596/3395/3124
f 2641/3481/3210 2294/3480/3209 2644/3486/3215 3304/3487/3216
f 3304/3487/3216 2644/3486/3215 2212/2731/2460 2923/3654/2457
f 2596/3395/3124 3304/3655/3216 2923/2728/2457 1971/2727/2456
f 2044/3396/3125 2611/3653/3151 3305/3652/3217 2647/3489/3218
f 2611/3422/3151 2134/3418/3147 2645/3490/3219 3305/3488/3217
f 3305/3488/3217 2645/3490/3219 2295/3491/3220 2646/3492/3221
f 2647/3489/3218 3305/3652/3217 2646/3651/3221 2143/3493/3222
f 2134/3418/3147 2609/3417/3146 3306/3494/3223 2645/3490/3219
f 2609/3417/3146 2043/3416/3145 2648/3495/3224 3306/3494/3223
f 3306/3494/3223 2648/3495/3224 2142/3496/3225 2649/3497/3226
f 2645/3490/3219 3306/3494/3223 2649/3497/3226 2295/3491/3220
f 2295/3491/3220 2649/3497/3226 3307/3498/3227 2651/3499/3228
f 2649/3497/3226 2142/3496/3225 2650/3500/3229 3307/3498/3227
f 3307/3498/3227 2650/3500/3229 2039/2382/2111 2779/2380/2109
f 2651/3499/3228 3307/3498/3227 2779/2380/2109 2175/2375/2104
f 2143/3493/3222 2646/3651/3221 3308/3650/3230 2652/3502/3231
f 2646/3492/3221 2295/3491/3220 2651/3499/3228 3308/3501/3230
f 3308/3501/3230 2651/3499/3228 2175/2375/2104 2775/3649/2101
f 2652/3502/3231 3308/3650/3230 2775/2372/2101 2038/2371/2100
f 2038/2371/2100 2536/3311/3040 3309/3503/3232 2652/3502/3231
f 2536/3311/3040 2118/3307/3036 2653/3504/3233 3309/3503/3232
f 3309/3503/3232 2653/3504/3233 2296/3505/3234 2654/3506/3235
f 2652/3502/3231 3309/3503/3232 2654/3506/3235 2143/3493/3222
f 2118/3307/3036 2534/2725/2454 3310/3507/3236 2653/3504/3233
f 2653/3504/3233 3310/3507/3236 2655/3508/3237 2296/3505/3234
f 2296/3505/3234 2655/3508/3237 3311/3509/3238 2656/3510/3239
f 2656/3510/3239 3311/3509/3238 2601/3386/3115 2131/3400/3129
f 2143/3493/3222 2654/3506/3235 3312/3511/3240 2647/3489/3218
f 2654/3506/3235 2296/3505/3234 2656/3510/3239 3312/3511/3240
f 3312/3511/3240 2656/3510/3239 2131/3400/3129 2597/3397/3126
f 2647/3489/3218 3312/3511/3240 2597/3397/3126 2044/3396/3125
f 3310/3507/3236 2534/2725/2454 2922/2724/2453 3313/3512/3241
f 2655/3508/3237 3310/3507/3236 3313/3512/3241 2658/3513/3242
f 2922/2724/2453 2037/2556/2285 2657/3514/3243 3313/3512/3241
f 3313/3512/3241 2657/3514/3243 2144/3515/3244 2658/3513/3242
f 2655/3508/3237 2658/3513/3242 3314/3516/3245 3311/3509/3238
f 2658/3513/3242 2144/3515/3244 2659/3517/3246 3314/3516/3245
f 3314/3516/3245 2659/3517/3246 2045/3390/3119 2593/3387/3116
f 3314/3516/3245 2593/3387/3116 2601/3386/3115 3311/3509/3238
f 2037/2556/2285 2865/3648/2284 3315/3647/3247 2657/3514/3243
f 2865/2555/2284 2202/2551/2280 2660/3519/3248 3315/3518/3247
f 3315/3518/3247 2660/3519/3248 2297/3520/3249 2661/3521/3250
f 2657/3514/3243 3315/3647/3247 2661/3646/3250 2144/3515/3244
f 2202/2551/2280 2863/2550/2279 3316/3522/3251 2660/3519/3248
f 2863/2550/2279 2042/2549/2278 2662/3523/3252 3316/3522/3251
f 3316/3522/3251 2662/3523/3252 2145/3524/3253 2663/3525/3254
f 2660/3519/3248 3316/3522/3251 2663/3525/3254 2297/3520/3249
f 2297/3520/3249 2663/3525/3254 3317/3526/3255 2665/3527/3256
f 2663/3525/3254 2145/3524/3253 2664/3528/3257 3317/3526/3255
f 3317/3526/3255 2664/3528/3257 2046/3460/3189 2642/3482/3211
f 2665/3527/3256 3317/3526/3255 2642/3482/3211 2141/3478/3207
f 2144/3515/3244 2661/3646/3250 3318/3645/3258 2659/3517/3246
f 2661/3521/3250 2297/3520/3249 2665/3527/3256 3318/3529/3258
f 3318/3529/3258 2665/3527/3256 2141/3478/3207 2639/3644/3205
f 2659/3517/3246 3318/3645/3258 2639/3476/3205 2045/3390/3119
f 2042/2549/2278 2348/2995/2724 3319/3530/3259 2662/3523/3252
f 2348/2995/2724 2073/2991/2720 2666/3531/3260 3319/3530/3259
f 3319/3530/3259 2666/3531/3260 2298/3532/3261 2667/3533/3262
f 2662/3523/3252 3319/3530/3259 2667/3533/3262 2145/3524/3253
f 2073/2991/2720 2346/3643/2719 3320/3642/3263 2666/3531/3260
f 2346/2990/2719 2041/2748/2477 2668/3535/3264 3320/3534/3263
f 3320/3534/3263 2668/3535/3264 2146/3536/3265 2669/3537/3266
f 2666/3531/3260 3320/3642/3263 2669/3641/3266 2298/3532/3261
f 2298/3532/3261 2669/3641/3266 3321/3640/3267 2671/3539/3268
f 2669/3537/3266 2146/3536/3265 2670/3540/3269 3321/3538/3267
f 3321/3538/3267 2670/3540/3269 2047/3458/3187 2635/3639/3198
f 2671/3539/3268 3321/3640/3267 2635/3469/3198 2139/3464/3193
f 2145/3524/3253 2667/3533/3262 3322/3541/3270 2664/3528/3257
f 2667/3533/3262 2298/3532/3261 2671/3539/3268 3322/3541/3270
f 3322/3541/3270 2671/3539/3268 2139/3464/3193 2631/3461/3190
f 2664/3528/3257 3322/3541/3270 2631/3461/3190 2046/3460/3189
f 3323/3542/3271 3326/3543/3272 2623/3445/3174 2630/3459/3188
f 2676/3544/3273 3326/3543/3272 3323/3542/3271 2672/3545/3274
f 2630/3459/3188 2047/3458/3187 2670/3540/3269 3323/3542/3271
f 3323/3542/3271 2670/3540/3269 2146/3536/3265 2672/3545/3274
f 2676/3544/3273 2672/3545/3274 3324/3546/3275 3327/3547/3276
f 2672/3545/3274 2146/3536/3265 2668/3535/3264 3324/3546/3275
f 3324/3546/3275 2668/3535/3264 2041/2748/2477 2928/2745/2474
f 3324/3546/3275 2928/2745/2474 2510/2744/2473 3327/3547/3276
f 2048/3424/3153 2625/3450/3179 3325/3548/3277 2675/3549/3278
f 2625/3450/3179 2137/3446/3175 2673/3550/3279 3325/3548/3277
f 3325/3548/3277 2673/3550/3279 2299/3551/3280 2674/3552/3281
f 2675/3549/3278 3325/3548/3277 2674/3552/3281 2147/3553/3282
f 2137/3446/3175 2623/3445/3174 3326/3543/3272 2673/3550/3279
f 2673/3550/3279 3326/3543/3272 2676/3544/3273 2299/3551/3280
f 2299/3551/3280 2676/3544/3273 3327/3547/3276 2677/3554/3283
f 2677/3554/3283 3327/3547/3276 2510/2744/2473 2112/3271/3000
f 2147/3553/3282 2674/3552/3281 3328/3555/3284 2678/3556/3285
f 2674/3552/3281 2299/3551/3280 2677/3554/3283 3328/3555/3284
f 3328/3555/3284 2677/3554/3283 2112/3271/3000 2507/3269/2998
f 2678/3556/3285 3328/3555/3284 2507/3269/2998 2040/3028/2757
f 2040/3028/2757 2362/3638/2756 3329/3637/3286 2678/3556/3285
f 2362/3027/2756 2076/3024/2753 2679/3558/3287 3329/3557/3286
f 3329/3557/3286 2679/3558/3287 2300/3559/3288 2680/3560/3289
f 2678/3556/3285 3329/3637/3286 2680/3636/3289 2147/3553/3282
f 2076/3024/2753 2360/3023/2752 3330/3561/3290 2679/3558/3287
f 2360/3023/2752 2039/2382/2111 2650/3500/3229 3330/3561/3290
f 3330/3561/3290 2650/3500/3229 2142/3496/3225 2681/3562/3291
f 2679/3558/3287 3330/3561/3290 2681/3562/3291 2300/3559/3288
f 2300/3559/3288 2681/3562/3291 3331/3563/3292 2682/3564/3293
f 2681/3562/3291 2142/3496/3225 2648/3495/3224 3331/3563/3292
f 3331/3563/3292 2648/3495/3224 2043/3416/3145 2617/3433/3162
f 2682/3564/3293 3331/3563/3292 2617/3433/3162 2135/3428/3157
f 2147/3553/3282 2680/3636/3289 3332/3635/3294 2675/3549/3278
f 2680/3560/3289 2300/3559/3288 2682/3564/3293 3332/3565/3294
f 3332/3565/3294 2682/3564/3293 2135/3428/3157 2613/3634/3154
f 2675/3549/3278 3332/3635/3294 2613/3425/3154 2048/3424/3153
f 2936/2776/2505 2579/2775/2504 2688/3566/3295 2684/3567/3296
f 2684/3567/3296 2688/3566/3295 3335/3568/3297 3333/3569/3298
f 3333/3569/3298 3335/3568/3297 2587/2833/2562 2961/2830/2559
f 3333/3569/3298 2961/2830/2559 2049/2829/2558 2683/3570/3299
f 2684/3567/3296 3333/3569/3298 2683/3570/3299 2148/3571/3300
f 2936/2776/2505 2684/3567/3296 2148/3571/3300 2001/2777/2506
f 2050/2838/2567 2588/3377/3106 3334/3572/3301 2687/3573/3302
f 2588/3377/3106 2129/3376/3105 2685/3574/3303 3334/3572/3301
f 3334/3572/3301 2685/3574/3303 2301/3575/3304 2686/3576/3305
f 2687/3573/3302 3334/3572/3301 2686/3576/3305 2149/3577/3306
f 2129/3376/3105 2587/2833/2562 3335/3568/3297 2685/3574/3303
f 2685/3574/3303 3335/3568/3297 2688/3566/3295 2301/3575/3304
f 2301/3575/3304 2688/3566/3295 2579/2775/2504 2127/3366/3095
f 2149/3577/3306 2686/3576/3305 2577/3364/3093 2002/2795/2524
f 2686/3576/3305 2301/3575/3304 2127/3366/3095 2577/3364/3093
f 2944/2791/2520 2034/2790/2519 2150/3578/3307 2689/3579/3308
f 2944/2791/2520 2689/3579/3308 2302/3580/3309 2217/2792/2521
f 2150/3578/3307 2690/3581/3310 3336/3582/3311 2689/3579/3308
f 2690/3581/3310 2051/2846/2575 2966/2844/2573 3336/3582/3311
f 3336/3582/3311 2966/2844/2573 2055/2842/2571 2691/3583/3312
f 2689/3579/3308 3336/3582/3311 2691/3583/3312 2302/3580/3309
f 2302/3580/3309 2691/3583/3312 3337/3633/3313 2692/3630/3314
f 2691/3583/3312 2055/2842/2571 2964/3632/2568 3337/3633/3313
f 3337/3584/3313 2964/2839/2568 2050/2838/2567 2687/3573/3302
f 2692/3585/3314 3337/3584/3313 2687/3573/3302 2149/3577/3306
f 2945/2794/2523 2217/2792/2521 2302/3580/3309 2692/3630/3314
f 2945/3631/2523 2692/3585/3314 2149/3577/3306 2002/2795/2524
f 2052/3156/2885 2427/3629/2884 3338/3628/3315 2695/3587/3316
f 2427/3155/2884 2094/3154/2883 2693/3588/3317 3338/3586/3315
f 3338/3586/3315 2693/3588/3317 2303/3589/3318 2694/3590/3319
f 2695/3587/3316 3338/3628/3315 2694/3627/3319 2151/3591/3320
f 2094/3154/2883 2426/3153/2882 3339/3592/3321 2693/3588/3317
f 2426/3153/2882 2051/2846/2575 2690/3581/3310 3339/3592/3321
f 3339/3592/3321 2690/3581/3310 2150/3578/3307 2696/3593/3322
f 2693/3588/3317 3339/3592/3321 2696/3593/3322 2303/3589/3318
f 2303/3589/3318 2696/3593/3322 2416/3135/2864 2091/3133/2862
f 2696/3593/3322 2150/3578/3307 2034/2790/2519 2416/3135/2864
f 2151/3591/3320 2694/3627/3319 2414/3130/2859 2003/3129/2858
f 2694/3590/3319 2303/3589/3318 2091/3133/2862 2414/3626/2859
f 2151/3591/3320 2003/3129/2858 2468/3218/2947 2697/3594/3323
f 2468/3218/2947 2104/3217/2946 2304/3595/3324 2697/3594/3323
f 2304/3595/3324 2104/3217/2946 2467/2801/2530 2698/3596/3325
f 2304/3595/3324 2698/3596/3325 3340/3597/3326 2699/3598/3327
f 2699/3598/3327 3340/3597/3326 2459/2857/2586 2102/3207/2936
f 2151/3591/3320 2697/3594/3323 3341/3599/3328 2695/3587/3316
f 2697/3594/3323 2304/3595/3324 2699/3598/3327 3341/3599/3328
f 3341/3599/3328 2699/3598/3327 2102/3207/2936 2457/3205/2934
f 2695/3587/3316 3341/3599/3328 2457/3205/2934 2052/3156/2885
f 2053/2859/2588 2971/2858/2587 3342/3600/3329 2701/3601/3330
f 3342/3600/3329 2971/2858/2587 2459/2857/2586 3340/3597/3326
f 2700/3602/3331 3342/3600/3329 3340/3597/3326 2698/3596/3325
f 2701/3601/3330 3342/3600/3329 2700/3602/3331 2152/3603/3332
f 2700/3602/3331 2698/3596/3325 2467/2801/2530 2952/2804/2533
f 2152/3603/3332 2700/3602/3331 2952/2804/2533 2004/2812/2541
f 2996/2904/2633 2015/2819/2548 2153/3604/3333 2702/3605/3334
f 2996/2904/2633 2702/3605/3334 2305/3606/3335 2064/2905/2634
f 2153/3604/3333 2703/3607/3336 3343/3608/3337 2702/3605/3334
f 2703/3607/3336 2054/2872/2601 2990/2893/2622 3343/3608/3337
f 3343/3608/3337 2990/2893/2622 2063/2891/2620 2704/3609/3338
f 2702/3605/3334 3343/3608/3337 2704/3609/3338 2305/3606/3335
f 2305/3606/3335 2704/3609/3338 3344/3625/3339 2705/3622/3340
f 2704/3609/3338 2063/2891/2620 2988/3624/2618 3344/3625/3339
f 3344/3610/3339 2988/2889/2618 2053/2859/2588 2701/3601/3330
f 2705/3611/3340 3344/3610/3339 2701/3601/3330 2152/3603/3332
f 2997/2907/2636 2064/2905/2634 2305/3606/3335 2705/3622/3340
f 2997/3623/2636 2705/3611/3340 2152/3603/3332 2004/2812/2541
f 2049/2829/2558 2979/3621/2602 3345/3620/3341 2683/3570/3299
f 2979/2873/2602 2060/2871/2600 2706/3613/3342 3345/3612/3341
f 3345/3612/3341 2706/3613/3342 2306/3614/3343 2707/3615/3344
f 2683/3570/3299 3345/3620/3341 2707/3619/3344 2148/3571/3300
f 2060/2871/2600 2978/2870/2599 3346/3616/3345 2706/3613/3342
f 2978/2870/2599 2054/2872/2601 2703/3607/3336 3346/3616/3345
f 3346/3616/3345 2703/3607/3336 2153/3604/3333 2708/3617/3346
f 2706/3613/3342 3346/3616/3345 2708/3617/3346 2306/3614/3343
f 2306/3614/3343 2708/3617/3346 2955/2817/2546 2221/2815/2544
f 2708/3617/3346 2153/3604/3333 2015/2819/2548 2955/2817/2546
f 2001/2777/2506 2148/3571/3300 2707/3619/3344 2953/2813/2542
f 2707/3615/3344 2306/3614/3343 2221/2815/2544 2953/3618/2542
g default
v -1.464991 -5.960123 5.136168
v 1.078703 -6.290404 5.136168
v -0.596844 -3.047664 5.214071
v 0.983131 -3.252813 5.183856
v -1.148475 -3.522453 5.220760
v 1.395219 -3.852734 5.133973
v -1.148456 -3.522307 5.297565
v 1.395237 -3.852589 5.297565
v 0.983150 -3.252668 5.229292
v -0.596825 -3.047519 5.297081
v -1.464972 -5.959977 5.299759
v 1.078722 -6.290260 5.299759
v -1.148453 -3.522285 5.322459
v 1.395240 -3.852567 5.322459
v 0.983153 -3.252646 5.254186
v -0.596822 -3.047497 5.321975
v -1.464969 -5.959955 5.324653
v 1.078725 -6.290238 5.324653
v -1.148478 -3.522474 5.197052
v -0.596846 -3.047685 5.190364
v 0.983128 -3.252834 5.160149
v 1.395216 -3.852755 5.110265
v -1.464993 -5.960144 5.112460
v 1.078700 -6.290425 5.112460
v -0.713449 -6.057705 5.136168
v -0.396933 -3.620035 5.195118
v -0.130035 -3.108276 5.165763
v -0.130038 -3.108297 5.142055
v -0.396936 -3.620056 5.171410
v -0.713451 -6.057726 5.112460
v -0.713427 -6.057538 5.324653
v -0.396912 -3.619868 5.322459
v -0.130014 -3.108109 5.321975
v -0.130017 -3.108131 5.297081
v -0.396914 -3.619890 5.297565
v -0.713430 -6.057560 5.299759
v 0.022657 -6.153292 5.127271
v 0.339172 -3.715626 5.085185
v 0.327185 -3.167651 5.124594
v 0.327182 -3.167675 5.097645
v 0.339169 -3.715650 5.058235
v 0.022654 -6.153316 5.100322
v 0.022682 -6.153102 5.341526
v 0.339197 -3.715432 5.339332
v 0.327209 -3.167461 5.338849
v 0.327206 -3.167486 5.310551
v 0.339194 -3.715457 5.311035
v 0.022678 -6.153127 5.313229
v 0.584814 -6.226276 5.136168
v 0.901330 -3.788606 5.150824
v 0.676360 -3.212981 5.133491
v 0.676357 -3.213002 5.109783
v 0.901327 -3.788627 5.127115
v 0.584811 -6.226297 5.112460
v 0.584836 -6.226110 5.324653
v 0.901351 -3.788439 5.322459
v 0.676382 -3.212814 5.321975
v 0.676379 -3.212836 5.297081
v 0.901348 -3.788461 5.297565
v 0.584833 -6.226132 5.299759
v -1.464684 -5.988628 5.215993
v -0.713556 -6.089397 5.219359
v 0.022551 -6.184976 5.221848
v 0.584706 -6.257974 5.219384
v 1.078595 -6.322105 5.219393
v 1.078828 -6.320307 5.217172
v 0.584940 -6.256176 5.217163
v 0.022784 -6.183180 5.219326
v -0.715344 -6.103174 5.217380
v -1.466336 -6.001351 5.217033
v 1.236980 -5.071425 5.298662
v 1.236982 -5.071403 5.323556
v 0.743093 -5.007274 5.323556
v 0.180939 -4.934267 5.340429
v -0.555169 -4.838703 5.323556
v -1.306711 -4.741120 5.323556
v -1.306714 -4.741142 5.298662
v -0.555172 -4.838725 5.298662
v 0.180936 -4.934292 5.312132
v 0.743091 -5.007296 5.298662
v 1.157851 -5.680842 5.299210
v 1.157854 -5.680820 5.324104
v 0.663965 -5.616692 5.324104
v 0.101810 -5.543685 5.340978
v -0.634298 -5.448121 5.324104
v -1.385840 -5.350538 5.324104
v -1.385843 -5.350560 5.299210
v -0.634301 -5.448143 5.299210
v 0.101807 -5.543710 5.312681
v 0.663962 -5.616714 5.299210
v -0.476043 -4.229308 5.298113
v -1.227585 -4.131725 5.298113
v -1.227582 -4.131703 5.323007
v -0.476040 -4.229286 5.323007
v 0.260068 -4.324849 5.339881
v 0.822222 -4.397857 5.323007
v 1.316111 -4.461985 5.323007
v 1.316108 -4.462007 5.298113
v 0.822219 -4.397879 5.298113
v 0.260065 -4.324874 5.311584
v -0.430294 -6.094471 5.136168
v -0.113779 -3.656801 5.158099
v 0.045842 -3.131112 5.153349
v 0.045839 -3.131133 5.129641
v -0.113781 -3.656822 5.134390
v -0.430297 -6.094492 5.112460
v -0.430168 -6.124366 5.217146
v -0.430272 -6.094304 5.324653
v -0.351144 -5.484887 5.324104
v -0.272015 -4.875469 5.323556
v -0.192886 -4.266051 5.323007
v -0.113757 -3.656634 5.322459
v 0.045863 -3.130946 5.321975
v 0.045860 -3.130968 5.297081
v -0.113760 -3.656656 5.297565
v -0.192889 -4.266073 5.298113
v -0.272018 -4.875491 5.298662
v -0.351146 -5.484909 5.299210
v -0.430275 -6.094326 5.299759
v -0.430401 -6.126164 5.219364
vt 0.715037 0.325559
vt 0.715037 0.283079
vt 0.716089 0.283079
vt 0.716089 0.325559
vt 0.715037 0.240599
vt 0.716089 0.240599
vt 0.711546 0.327612
vt 0.711640 0.327738
vt 0.715037 0.198119
vt 0.716089 0.198119
vt 0.708125 0.325559
vt 0.707123 0.325559
vt 0.715037 0.155640
vt 0.716089 0.155640
vt 0.708125 0.155640
vt 0.707123 0.155640
vt 0.712173 0.118179
vt 0.713225 0.118179
vt 0.710253 0.118186
vt 0.709251 0.118186
vt 0.729684 0.170765
vt 0.728632 0.170765
vt 0.728632 0.128299
vt 0.729684 0.128299
vt 0.729684 0.213230
vt 0.728632 0.213230
vt 0.725093 0.126344
vt 0.725137 0.125457
vt 0.729684 0.255696
vt 0.728632 0.255696
vt 0.721723 0.128299
vt 0.720721 0.128299
vt 0.728632 0.298161
vt 0.729684 0.298161
vt 0.725388 0.298156
vt 0.724387 0.298156
vt 0.728632 0.335605
vt 0.729684 0.335605
vt 0.725126 0.335600
vt 0.724125 0.335600
vt 0.631364 0.971621
vt 0.674523 0.971621
vt 0.685843 0.998005
vt 0.659035 0.998005
vt 0.631364 0.941697
vt 0.674523 0.941697
vt 0.690783 0.971621
vt 0.695943 0.998005
vt 0.631364 0.911774
vt 0.674523 0.911774
vt 0.690783 0.941697
vt 0.716795 0.971621
vt 0.712100 0.998005
vt 0.631364 0.881851
vt 0.674523 0.881851
vt 0.690783 0.911774
vt 0.716795 0.941697
vt 0.749078 0.971621
vt 0.732152 0.998005
vt 0.631364 0.851928
vt 0.674523 0.851928
vt 0.690783 0.881851
vt 0.716795 0.911774
vt 0.749078 0.941697
vt 0.777441 0.971621
vt 0.749769 0.998008
vt 0.631590 0.849925
vt 0.674749 0.849717
vt 0.690783 0.851928
vt 0.716795 0.881851
vt 0.749078 0.911774
vt 0.777441 0.941697
vt 0.716795 0.851928
vt 0.749078 0.881851
vt 0.777441 0.911774
vt 0.749078 0.851928
vt 0.777441 0.881851
vt 0.777441 0.851928
vt 0.155440 0.768063
vt 0.183184 0.741609
vt 0.210061 0.741607
vt 0.198711 0.768062
vt 0.220187 0.741607
vt 0.215014 0.768060
vt 0.155440 0.888061
vt 0.198711 0.888061
vt 0.236386 0.741606
vt 0.241093 0.768057
vt 0.215014 0.888061
vt 0.198938 0.890278
vt 0.155667 0.890069
vt 0.256489 0.741606
vt 0.273459 0.768060
vt 0.241093 0.888061
vt 0.215241 0.889511
vt 0.274152 0.741608
vt 0.301895 0.768059
vt 0.273459 0.888061
vt 0.301895 0.888061
vt 0.437109 0.875904
vt 0.460993 0.853131
vt 0.484131 0.853131
vt 0.474360 0.875904
vt 0.492849 0.853131
vt 0.488395 0.875904
vt 0.474360 0.901731
vt 0.437109 0.901731
vt 0.506793 0.853131
vt 0.510846 0.875904
vt 0.488395 0.901731
vt 0.474360 0.927559
vt 0.437109 0.927559
vt 0.524101 0.853131
vt 0.538710 0.875904
vt 0.510846 0.901731
vt 0.488395 0.927559
vt 0.474360 0.953386
vt 0.437109 0.953386
vt 0.539307 0.853129
vt 0.563190 0.875904
vt 0.538710 0.901731
vt 0.510846 0.927559
vt 0.488395 0.953386
vt 0.437109 0.979213
vt 0.474360 0.979213
vt 0.563190 0.901731
vt 0.538710 0.927559
vt 0.510846 0.953386
vt 0.488395 0.979213
vt 0.474556 0.980538
vt 0.437305 0.980402
vt 0.563190 0.927559
vt 0.538710 0.953386
vt 0.510846 0.979213
vt 0.488591 0.980538
vt 0.563190 0.953386
vt 0.538710 0.979213
vt 0.511042 0.980538
vt 0.563190 0.979213
vt 0.538906 0.980538
vt 0.563386 0.980538
vt 0.001980 0.864256
vt 0.045466 0.864257
vt 0.056872 0.890843
vt 0.029862 0.890841
vt 0.001980 0.743659
vt 0.045466 0.743659
vt 0.061850 0.864258
vt 0.067049 0.890843
vt 0.002208 0.742271
vt 0.045694 0.742113
vt 0.061850 0.743659
vt 0.088059 0.864261
vt 0.083329 0.890844
vt 0.062078 0.742113
vt 0.088059 0.743659
vt 0.120587 0.864259
vt 0.103532 0.890844
vt 0.088287 0.742113
vt 0.120587 0.743660
vt 0.149165 0.864259
vt 0.121283 0.890842
vt 0.120815 0.742113
vt 0.149165 0.743660
vt 0.149393 0.742113
vt 0.990170 0.273104
vt 0.991114 0.273083
vt 0.991874 0.307220
vt 0.990930 0.307241
vt 0.989885 0.260242
vt 0.990828 0.260221
vt 0.988787 0.239682
vt 0.989860 0.239658
vt 0.988859 0.214133
vt 0.989802 0.214112
vt 0.991873 0.191620
vt 0.990929 0.191641
vt 0.683819 0.307289
vt 0.685310 0.273120
vt 0.686209 0.273111
vt 0.684718 0.307280
vt 0.685653 0.260248
vt 0.686552 0.260239
vt 0.686538 0.239655
vt 0.687560 0.239645
vt 0.685946 0.214113
vt 0.686845 0.214104
vt 0.683812 0.191689
vt 0.684711 0.191680
vt 0.697794 0.222562
vt 0.698119 0.264452
vt 0.693525 0.264772
vt 0.693753 0.222879
vt 0.702841 0.264718
vt 0.701948 0.222832
vt 0.698228 0.298205
vt 0.694188 0.298522
vt 0.697583 0.185759
vt 0.693541 0.186076
vt 0.702384 0.298475
vt 0.701736 0.186029
vt 0.702505 0.319575
vt 0.698358 0.319305
vn 0.000115 0.000885 1.000000
vn 0.000115 0.000885 1.000000
vn 0.000115 0.000885 1.000000
vn 0.000115 0.000885 1.000000
vn 0.000115 0.000885 1.000000
vn 0.000115 0.000885 1.000000
vn 0.000115 0.000885 1.000000
vn 0.000115 0.000885 1.000000
vn -0.016680 0.029628 -0.999422
vn -0.058969 0.012458 -0.998182
vn -0.077255 0.011798 -0.996942
vn -0.033283 0.026480 -0.999095
vn -0.013009 0.031115 -0.999431
vn -0.026447 0.029339 -0.999220
vn -0.121550 -0.916551 -0.380997
vn -0.114959 -0.921916 -0.369939
vn -0.122967 -0.992410 0.001030
vn -0.131560 -0.991308 0.000681
vn -0.000115 -0.000885 -1.000000
vn -0.000115 -0.000885 -1.000000
vn -0.000115 -0.000885 -1.000000
vn -0.000115 -0.000885 -1.000000
vn -0.000115 -0.000885 -1.000000
vn -0.000115 -0.000885 -1.000000
vn -0.000115 -0.000885 -1.000000
vn -0.000115 -0.000885 -1.000000
vn 0.016680 -0.029628 0.999422
vn 0.033283 -0.026480 0.999095
vn 0.077255 -0.011797 0.996942
vn 0.058969 -0.012457 0.998182
vn 0.013009 -0.031115 0.999431
vn 0.026447 -0.029339 0.999220
vn 0.122137 0.931111 0.343677
vn 0.130865 0.991400 -0.000115
vn 0.130248 0.991481 -0.001134
vn 0.121700 0.930221 0.346235
vn 0.824303 0.566148 -0.000596
vn 0.824303 0.566148 -0.000596
vn 0.824303 0.566148 -0.000596
vn 0.824303 0.566148 -0.000596
vn 0.128762 0.991675 -0.000893
vn 0.128762 0.991675 -0.000893
vn 0.128762 0.991675 -0.000893
vn 0.128762 0.991675 -0.000893
vn -0.652343 0.757923 -0.000596
vn -0.652343 0.757923 -0.000596
vn -0.652343 0.757923 -0.000596
vn -0.652343 0.757923 -0.000596
vn 0.991676 -0.128763 0.000000
vn 0.991676 -0.128763 0.000000
vn 0.991676 -0.128763 0.000000
vn 0.991676 -0.128763 0.000000
vn -0.991676 0.128762 0.000000
vn -0.991676 0.128762 0.000000
vn -0.991675 0.128762 0.000000
vn -0.991676 0.128762 0.000000
vn -0.652348 0.757919 -0.000596
vn -0.652348 0.757919 -0.000596
vn -0.652348 0.757919 -0.000596
vn -0.652348 0.757919 -0.000596
vn 0.128673 0.991687 -0.000893
vn 0.128680 0.991686 -0.000893
vn 0.128681 0.991686 -0.000893
vn 0.128673 0.991687 -0.000893
vn 0.824248 0.566228 -0.000596
vn 0.824248 0.566228 -0.000596
vn 0.824248 0.566228 -0.000596
vn 0.824248 0.566228 -0.000596
vn -0.991675 0.128763 -0.000000
vn -0.991675 0.128763 -0.000000
vn -0.991675 0.128763 -0.000000
vn -0.991675 0.128763 -0.000000
vn 0.991676 -0.128763 0.000000
vn 0.991676 -0.128763 0.000000
vn 0.991676 -0.128763 0.000000
vn 0.991676 -0.128763 0.000000
vn 0.999334 0.034713 0.011277
vn 0.999334 0.034713 0.011277
vn 0.999334 0.034713 0.011277
vn 0.999334 0.034713 0.011277
vn -0.996644 0.081853 -0.001322
vn -0.996635 0.081965 0.000749
vn -0.996189 0.083291 0.025895
vn -0.996189 0.083291 0.025895
vn 0.078635 -0.014035 0.996805
vn 0.084726 -0.016791 0.996263
vn 0.122488 -0.037122 0.991776
vn 0.128700 0.991683 -0.000893
vn 0.128700 0.991683 -0.000893
vn -0.128171 0.037889 -0.991028
vn -0.089077 0.017360 -0.995873
vn -0.082922 0.014591 -0.996449
vn -0.114928 -0.950663 -0.288150
vn -0.121805 -0.992554 0.000595
vn -0.022422 0.003811 0.999741
vn -0.022422 0.003811 0.999741
vn -0.023461 0.004025 0.999717
vn -0.030210 0.005055 0.999531
vn 0.128762 0.991675 -0.000893
vn 0.128762 0.991675 -0.000893
vn 0.024097 -0.004214 -0.999701
vn 0.018707 -0.003392 -0.999819
vn 0.017878 -0.003221 -0.999835
vn 0.017878 -0.003221 -0.999835
vn 0.131625 0.991299 -0.000601
vn 0.122444 0.931945 0.341301
vn 0.003341 -0.002805 0.999990
vn 0.004158 0.004421 0.999982
vn -0.026620 0.005255 0.999632
vn -0.031870 -0.002734 0.999488
vn 0.023101 -0.044153 0.998758
vn -0.075417 -0.042506 0.996246
vn 0.128736 0.991679 -0.000893
vn 0.128735 0.991679 -0.000893
vn 0.128830 0.991666 -0.000893
vn 0.128826 0.991667 -0.000893
vn -0.003179 0.003019 -0.999990
vn -0.023814 0.045515 -0.998680
vn 0.080546 0.043577 -0.995798
vn 0.034812 0.002480 -0.999391
vn -0.004158 -0.004421 -0.999982
vn 0.029635 -0.005647 -0.999545
vn -0.127009 -0.991901 0.000731
vn -0.128629 -0.991692 0.001222
vn -0.124568 -0.958652 -0.255871
vn -0.122956 -0.956947 -0.262934
vn 0.015826 -0.001155 0.999874
vn 0.000115 0.000885 1.000000
vn 0.000115 0.000885 1.000000
vn 0.015826 -0.001155 0.999874
vn -0.003614 0.008000 0.999961
vn 0.002420 0.003956 0.999989
vn 0.041349 0.030679 0.998674
vn 0.055883 0.038998 0.997675
vn 0.128679 0.991686 -0.000893
vn 0.128671 0.991687 -0.000893
vn 0.128762 0.991675 -0.000893
vn 0.128762 0.991675 -0.000893
vn -0.001955 -0.003337 -0.999993
vn 0.002862 -0.006565 -0.999974
vn -0.050474 -0.037866 -0.998007
vn -0.038394 -0.030694 -0.998791
vn -0.000115 -0.000885 -1.000000
vn -0.000115 -0.000885 -1.000000
vn -0.012658 0.000744 -0.999920
vn -0.012658 0.000744 -0.999920
vn 0.121485 0.934910 0.333443
vn 0.128587 0.991697 -0.001419
vn 0.126918 0.991913 -0.000631
vn 0.119919 0.931984 0.342089
vn 0.016448 -0.004691 0.999854
vn 0.011239 -0.008637 0.999900
vn -0.048765 -0.054043 0.997347
vn 0.128908 0.991656 -0.000893
vn 0.128908 0.991656 -0.000893
vn 0.048765 0.054044 -0.997347
vn -0.011239 0.008637 -0.999900
vn -0.016448 0.004691 -0.999854
vn -0.128766 -0.991674 0.001024
vn -0.123903 -0.954241 -0.272161
vn 0.000115 0.000885 1.000000
vn 0.000115 0.000885 1.000000
vn 0.025644 0.029570 0.999234
vn 0.098149 0.111032 0.988958
vn 0.128568 0.991700 -0.000893
vn 0.128568 0.991700 -0.000893
vn -0.098149 -0.111032 -0.988958
vn -0.025644 -0.029570 -0.999234
vn -0.000115 -0.000885 -1.000000
vn -0.000115 -0.000885 -1.000000
vn 0.128766 0.991675 -0.000643
vn 0.120449 0.927645 0.353506
vn 0.123682 0.931169 -0.342968
vn 0.122724 0.929161 -0.348709
vn 0.124088 0.927304 -0.353141
vn 0.121094 0.930661 -0.345262
vn 0.117665 0.927734 -0.354211
vn 0.119841 0.922921 -0.365861
vn 0.999054 0.041267 -0.013732
vn 0.999054 0.041267 -0.013732
vn 0.999054 0.041267 -0.013732
vn 0.999054 0.041267 -0.013732
vn -0.122023 -0.958358 0.258185
vn -0.124087 -0.955617 0.267205
vn -0.124805 -0.959854 0.251206
vn -0.115337 -0.924473 0.363383
vn -0.116525 -0.952064 0.282835
vn -0.122088 -0.919286 0.374176
vn -0.996459 0.080615 -0.023884
vn -0.996459 0.080615 -0.023884
vn 0.991676 -0.128763 0.000000
vn 0.991676 -0.128763 0.000000
vn 0.991676 -0.128763 0.000000
vn 0.991676 -0.128763 0.000000
vn 0.015826 -0.001155 0.999874
vn 0.000115 0.000885 1.000000
vn 0.000115 0.000885 1.000000
vn 0.000115 0.000885 1.000000
vn -0.022422 0.003811 0.999741
vn 0.000115 0.000885 1.000000
vn -0.991676 0.128763 -0.000000
vn -0.991675 0.128763 -0.000000
vn -0.991675 0.128763 -0.000000
vn -0.991676 0.128763 -0.000000
vn -0.000115 -0.000885 -1.000000
vn -0.000115 -0.000885 -1.000000
vn 0.017878 -0.003221 -0.999835
vn -0.012658 0.000744 -0.999920
vn -0.000115 -0.000885 -1.000000
vn -0.000115 -0.000885 -1.000000
vn 0.991675 -0.128763 0.000000
vn 0.991675 -0.128763 0.000000
vn 0.000115 0.000885 1.000000
vn 0.015826 -0.001155 0.999874
vn 0.000115 0.000885 1.000000
vn -0.022422 0.003811 0.999741
vn 0.000115 0.000885 1.000000
vn 0.000115 0.000885 1.000000
vn -0.991676 0.128763 -0.000000
vn -0.991676 0.128763 -0.000000
vn -0.000115 -0.000885 -1.000000
vn -0.000115 -0.000885 -1.000000
vn 0.017878 -0.003221 -0.999835
vn -0.000115 -0.000885 -1.000000
vn -0.012658 0.000744 -0.999920
vn -0.000115 -0.000885 -1.000000
s 1
g teabag
usemtl aiStandardSurface2SG
f 3359/3892/3347 3378/3893/3348 3379/3894/3349 3362/3895/3350
f 3363/3911/3351 3377/3912/3352 3431/3906/3353 3432/3905/3354
s 3
f 3365/3930/3355 3366/3931/3356 3374/3932/3357 3375/3933/3358
f 3369/3936/3359 3365/3930/3355 3375/3933/3358 3376/3937/3360
s 4
f 3369/3936/3361 3376/3937/3362 3415/3941/3363 3416/3942/3364
s 5
f 3353/3951/3365 3356/3952/3366 3380/3953/3367 3381/3954/3368
f 3357/3975/3369 3433/3969/3370 3434/3968/3371 3382/3976/3372
s 7
f 3351/3993/3373 3372/3994/3374 3373/3995/3375 3349/3996/3376
f 3347/3997/3377 3371/3998/3378 3372/3994/3374 3351/3993/3373
s 8
f 3347/3997/3379 3407/4001/3380 3408/4002/3381 3371/3998/3382
s off
f 3354/3864/3383 3355/3868/3384 3361/3869/3385 3360/3865/3386
s 9
f 3379/4017/3387 3380/4018/3388 3356/4019/3389 3362/4020/3390
s off
f 3356/3888/3391 3353/3884/3392 3359/3885/3393 3362/3889/3394
s 10
f 3358/3852/3395 3427/3853/3396 3428/3854/3397 3364/3855/3398
s 11
f 3432/3872/3399 3433/3873/3400 3357/3874/3401 3363/3875/3402
s off
f 3351/3886/3403 3349/3890/3404 3366/3891/3405 3365/3887/3406
s 12
f 3349/4029/3407 3373/4030/3408 3374/4031/3409 3366/4032/3410
s off
f 3350/3870/3411 3352/3866/3412 3368/3867/3413 3367/3871/3414
f 3347/3882/3415 3351/3886/3416 3365/3887/3417 3369/3883/3418
f 3352/3866/3419 3348/3862/3420 3370/3863/3421 3368/3867/3422
f 3348/3862/3423 3411/3859/3424 3412/3858/3425 3370/3863/3426
s 13
f 3416/3879/3427 3407/3878/3428 3347/3882/3429 3369/3883/3430
s 7
f 3372/3994/3374 3371/3998/3378 3447/4003/3431 3448/3999/3432
f 3373/3995/3375 3372/3994/3374 3448/3999/3432 3449/4000/3433
s 12
f 3374/4031/3409 3373/4030/3408 3449/4033/3434 3450/4034/3435
s 3
f 3375/3933/3358 3374/3932/3357 3450/3934/3436 3451/3935/3437
f 3376/3937/3360 3375/3933/3358 3451/3935/3437 3452/3940/3438
s 4
f 3452/3940/3439 3453/3946/3440 3415/3941/3363 3376/3937/3362
s 1
f 3454/3920/3441 3455/3913/3442 3431/3906/3353 3377/3912/3352
f 3379/3894/3349 3378/3893/3348 3458/3898/3443 3459/3899/3444
s 9
f 3459/4021/3445 3460/4022/3446 3380/4018/3388 3379/4017/3387
s 5
f 3381/3954/3368 3380/3953/3367 3460/3955/3447 3461/3956/3448
f 3382/3976/3372 3434/3968/3371 3464/3974/3449 3465/3980/3450
s 8
f 3371/3998/3382 3408/4002/3381 3466/4006/3451 3447/4003/3452
s 7
f 3384/4004/3453 3383/4007/3454 3395/4011/3455 3396/4008/3456
f 3385/4005/3457 3384/4004/3453 3396/4008/3456 3397/4009/3458
s 12
f 3386/4036/3459 3385/4035/3460 3397/4037/3461 3398/4038/3462
s 3
f 3387/3939/3463 3386/3938/3464 3398/3943/3465 3399/3944/3466
f 3388/3945/3467 3387/3939/3463 3399/3944/3466 3400/3949/3468
s 4
f 3413/4041/3469 3414/4042/3470 3388/4043/3471 3400/4044/3472
s 1
f 3429/3925/3473 3430/3921/3474 3389/3924/3475 3401/3927/3476
f 3391/3904/3477 3390/3903/3478 3402/3909/3479 3403/3910/3480
s 9
f 3403/4025/3481 3404/4026/3482 3392/4024/3483 3391/4023/3484
s 5
f 3393/3960/3485 3392/3959/3486 3404/3964/3487 3405/3965/3488
f 3394/3985/3489 3435/3979/3490 3436/3984/3491 3406/3988/3492
s 8
f 3383/4007/3493 3409/4010/3494 3410/4014/3495 3395/4011/3496
s 7
f 3396/4008/3456 3395/4011/3455 3348/4015/3497 3352/4012/3498
f 3397/4009/3458 3396/4008/3456 3352/4012/3498 3350/4013/3499
s 12
f 3398/4038/3462 3397/4037/3461 3350/4039/3500 3367/4040/3501
s 3
f 3399/3944/3466 3398/3943/3465 3367/3947/3502 3368/3948/3503
f 3400/3949/3468 3399/3944/3466 3368/3948/3503 3370/3950/3504
s 4
f 3412/4049/3505 3413/4041/3469 3400/4044/3472 3370/4050/3506
s 1
f 3428/3928/3507 3429/3925/3473 3401/3927/3476 3364/3929/3508
f 3403/3910/3480 3402/3909/3479 3360/3916/3509 3361/3917/3510
s 9
f 3355/4027/3511 3404/4026/3482 3403/4025/3481 3361/4028/3512
s 5
f 3405/3965/3488 3404/3964/3487 3355/3970/3513 3354/3971/3514
f 3406/3988/3492 3436/3984/3491 3427/3987/3515 3358/3990/3516
s 8
f 3395/4011/3496 3410/4014/3495 3411/4016/3517 3348/4015/3518
f 3408/3981/3381 3407/3982/3380 3357/3975/3519 3382/3976/3520
f 3465/3980/3521 3466/3986/3451 3408/3981/3381 3382/3976/3520
f 3410/3991/3495 3409/3989/3494 3394/3985/3522 3406/3988/3523
f 3411/3992/3517 3410/3991/3495 3406/3988/3523 3358/3990/3524
s off
f 3412/3858/3525 3411/3859/3526 3358/3852/3527 3364/3855/3528
s 4
f 3401/4046/3529 3413/4041/3469 3412/4049/3505 3364/4052/3530
f 3389/4045/3531 3414/4042/3470 3413/4041/3469 3401/4046/3529
f 3377/4053/3532 3415/4054/3363 3453/4047/3440 3454/4051/3533
f 3416/3918/3364 3415/3919/3363 3377/3912/3532 3363/3911/3534
s 13
f 3357/3874/3535 3407/3878/3428 3416/3879/3427 3363/3875/3536
s 10
f 3443/3861/3537 3444/3860/3538 3354/3864/3539 3360/3865/3540
s 1
f 3402/3909/3479 3442/3915/3541 3443/3923/3542 3360/3916/3509
f 3390/3903/3478 3441/3908/3543 3442/3915/3541 3402/3909/3479
f 3378/3893/3348 3440/3897/3544 3457/3902/3545 3458/3898/3443
f 3439/3896/3546 3440/3897/3544 3378/3893/3348 3359/3892/3347
s 11
f 3353/3884/3547 3438/3881/3548 3439/3880/3549 3359/3885/3550
s 5
f 3437/3957/3551 3438/3958/3552 3353/3951/3365 3381/3954/3368
f 3461/3956/3448 3462/3961/3553 3437/3957/3551 3381/3954/3368
f 3445/3972/3554 3446/3966/3555 3393/3960/3485 3405/3965/3488
f 3444/3977/3556 3445/3972/3554 3405/3965/3488 3354/3971/3514
s 10
f 3428/3854/3397 3427/3853/3396 3417/3856/3557 3418/3857/3558
s 1
f 3418/3926/3559 3419/3922/3560 3429/3925/3473 3428/3928/3507
f 3419/3922/3560 3420/3914/3561 3430/3921/3474 3429/3925/3473
f 3455/3913/3442 3456/3907/3562 3421/3901/3563 3431/3906/3353
f 3432/3905/3354 3431/3906/3353 3421/3901/3563 3422/3900/3564
s 11
f 3422/3876/3565 3423/3877/3566 3433/3873/3400 3432/3872/3399
s 5
f 3434/3968/3371 3433/3969/3370 3423/3963/3567 3424/3962/3568
f 3463/3967/3569 3464/3974/3449 3434/3968/3371 3424/3962/3568
f 3436/3984/3491 3435/3979/3490 3425/3973/3570 3426/3978/3571
f 3427/3987/3515 3436/3984/3491 3426/3978/3571 3417/3983/3572
f 3424/3962/3568 3423/3963/3567 3438/3958/3552 3437/3957/3551
s 11
f 3439/3880/3549 3438/3881/3548 3423/3877/3566 3422/3876/3565
s 1
f 3422/3900/3564 3421/3901/3563 3440/3897/3544 3439/3896/3546
f 3456/3907/3562 3457/3902/3545 3440/3897/3544 3421/3901/3563
f 3442/3915/3541 3441/3908/3543 3420/3914/3561 3419/3922/3560
f 3443/3923/3542 3442/3915/3541 3419/3922/3560 3418/3926/3559
s 10
f 3418/3857/3558 3417/3856/3557 3444/3860/3538 3443/3861/3537
s 5
f 3417/3983/3572 3426/3978/3571 3445/3972/3554 3444/3977/3556
f 3426/3978/3571 3425/3973/3570 3446/3966/3555 3445/3972/3554
f 3462/3961/3553 3463/3967/3569 3424/3962/3568 3437/3957/3551
s 7
f 3448/3999/3432 3447/4003/3431 3383/4007/3454 3384/4004/3453
f 3449/4000/3433 3448/3999/3432 3384/4004/3453 3385/4005/3457
s 12
f 3450/4034/3435 3449/4033/3434 3385/4035/3460 3386/4036/3459
s 3
f 3451/3935/3437 3450/3934/3436 3386/3938/3464 3387/3939/3463
f 3452/3940/3438 3451/3935/3437 3387/3939/3463 3388/3945/3467
s 4
f 3414/4042/3470 3453/4047/3440 3452/4048/3439 3388/4043/3471
f 3454/4051/3533 3453/4047/3440 3414/4042/3470 3389/4045/3531
s 1
f 3430/3921/3474 3455/3913/3442 3454/3920/3441 3389/3924/3475
f 3420/3914/3561 3456/3907/3562 3455/3913/3442 3430/3921/3474
f 3441/3908/3543 3457/3902/3545 3456/3907/3562 3420/3914/3561
f 3458/3898/3443 3457/3902/3545 3441/3908/3543 3390/3903/3478
f 3459/3899/3444 3458/3898/3443 3390/3903/3478 3391/3904/3477
s 9
f 3391/4023/3484 3392/4024/3483 3460/4022/3446 3459/4021/3445
s 5
f 3461/3956/3448 3460/3955/3447 3392/3959/3486 3393/3960/3485
f 3446/3966/3555 3462/3961/3553 3461/3956/3448 3393/3960/3485
f 3425/3973/3570 3463/3967/3569 3462/3961/3553 3446/3966/3555
f 3435/3979/3490 3464/3974/3449 3463/3967/3569 3425/3973/3570
f 3465/3980/3450 3464/3974/3449 3435/3979/3490 3394/3985/3489
s 8
f 3409/3989/3494 3466/3986/3451 3465/3980/3521 3394/3985/3522
f 3447/4003/3452 3466/4006/3451 3409/4010/3494 3383/4007/3493
g default
v -2.722117 3.569241 2.722117
v 2.722117 3.569241 2.722117
v -2.722117 3.569241 -2.722117
v 2.722117 3.569241 -2.722117
v 0.000000 3.569241 3.601499
v -0.000000 3.569241 -3.601499
v -3.601499 3.569241 -0.000000
v 0.000000 3.569241 0.000000
v 3.601499 3.569241 0.000000
v 1.511016 3.569241 3.333153
v 1.838167 3.569241 0.000000
v 1.511016 3.569241 -3.333153
v -1.511016 3.569241 3.333153
v -1.838167 3.569241 -0.000000
v -1.511016 3.569241 -3.333153
v -3.333153 3.569241 -1.511016
v -1.733053 3.569241 -1.733053
v 0.000000 3.569241 -1.838167
v 1.733053 3.569241 -1.733053
v 3.333153 3.569241 -1.511016
v -3.333153 3.569241 1.511016
v -1.733053 3.569241 1.733053
v 0.000000 3.569241 1.838167
v 1.733053 3.569241 1.733053
v 3.333153 3.569241 1.511016
v -3.189888 3.545692 3.189888
v -1.726354 3.545692 4.167789
v -4.167789 3.545692 1.726355
v 3.189888 3.545692 3.189887
v 4.167789 3.545692 1.726355
v -3.189887 3.545692 -3.189888
v -1.726355 3.545692 -4.167789
v 0.000000 3.545692 4.511182
v 1.726355 3.545692 4.167789
v -0.000000 3.545692 -4.511182
v 1.726354 3.545692 -4.167789
v -4.511182 3.545692 -0.000000
v -4.167789 3.545692 -1.726354
v 4.511182 3.545692 0.000000
v 4.167789 3.545692 -1.726355
v 3.189887 3.545692 -3.189888
v -1.989762 -6.572269 1.989762
v -1.076851 -6.572269 2.599749
v -2.599749 -6.572269 1.076851
v 1.989762 -6.572269 1.989761
v 2.599749 -6.572269 1.076851
v -1.989761 -6.572269 -1.989762
v -1.076851 -6.572269 -2.599749
v 0.000000 -6.572269 2.813948
v 1.076851 -6.572269 2.599749
v -0.000000 -6.572269 -2.813948
v 1.076851 -6.572269 -2.599749
v -2.813948 -6.572269 -0.000000
v -2.599749 -6.572269 -1.076851
v 2.813948 -6.572269 0.000000
v 2.599749 -6.572269 -1.076851
v 1.989761 -6.572269 -1.989762
v -2.630318 -3.181914 2.630318
v -1.423517 -3.181914 3.436676
v 0.000000 -3.181914 3.719831
v 1.423517 -3.181914 3.436676
v 2.630318 -3.181914 2.630317
v 3.436676 -3.181914 1.423518
v 3.719831 -3.181914 0.000000
v 3.436676 -3.181914 -1.423517
v 2.630317 -3.181914 -2.630318
v 1.423517 -3.181914 -3.436676
v -0.000000 -3.181914 -3.719831
v -1.423518 -3.181914 -3.436676
v -2.630317 -3.181914 -2.630318
v -3.436676 -3.181914 -1.423517
v -3.719831 -3.181914 -0.000000
v -3.436676 -3.181914 1.423517
v -3.000992 -0.510588 3.000992
v -1.624125 -0.510588 3.920985
v 0.000000 -0.510588 4.244043
v 1.624125 -0.510588 3.920985
v 3.000992 -0.510588 3.000991
v 3.920985 -0.510588 1.624125
v 4.244043 -0.510588 0.000000
v 3.920985 -0.510588 -1.624125
v 3.000991 -0.510588 -3.000992
v 1.624125 -0.510588 -3.920985
v -0.000000 -0.510588 -4.244043
v -1.624125 -0.510588 -3.920985
v -3.000992 -0.510588 -3.000992
v -3.920985 -0.510588 -1.624125
v -4.244043 -0.510588 -0.000000
v -3.920985 -0.510588 1.624125
v -3.246776 3.168286 3.246776
v -1.757142 3.168286 4.242117
v 0.000000 3.168286 4.591634
v 1.757142 3.168286 4.242117
v 3.246776 3.168286 3.246775
v 4.242117 3.168286 1.757142
v 4.591634 3.168286 0.000000
v 4.242117 3.168286 -1.757142
v 3.246775 3.168286 -3.246776
v 1.757142 3.168286 -4.242117
v -0.000000 3.168286 -4.591634
v -1.757143 3.168286 -4.242117
v -3.246775 3.168286 -3.246776
v -4.242117 3.168286 -1.757142
v -4.591634 3.168286 -0.000000
v -4.242117 3.168286 1.757142
v -3.146156 1.489522 3.146156
v -1.702687 1.489522 4.110650
v 0.000000 1.489522 4.449336
v 1.702687 1.489522 4.110650
v 3.146156 1.489522 3.146155
v 4.110650 1.489522 1.702687
v 4.449336 1.489522 0.000000
v 4.110650 1.489522 -1.702687
v 3.146155 1.489522 -3.146156
v 1.702687 1.489522 -4.110650
v -0.000000 1.489522 -4.449336
v -1.702687 1.489522 -4.110650
v -3.146155 1.489522 -3.146156
v -4.110650 1.489522 -1.702687
v -4.449336 1.489522 -0.000000
v -4.110650 1.489522 1.702687
v 3.647669 -3.181913 0.725567
v 2.759359 -6.572269 0.548871
v 3.295051 -4.825014 0.000000
v 3.647669 -3.181913 -0.725566
v 2.759359 -6.572269 -0.548871
v 3.044231 -4.825014 -1.260961
v 3.092344 -3.181913 -2.066239
v 2.339272 -6.572269 -1.563052
v 2.329952 -4.825014 -2.329953
v 2.066238 -3.181913 -3.092345
v 1.563051 -6.572269 -2.339273
v 1.260961 -4.825014 -3.044231
v 0.725566 -3.181913 -3.647669
v 0.548871 -6.572269 -2.759359
v -0.000000 -4.825014 -3.295051
v -0.725567 -3.181913 -3.647669
v -0.548871 -6.572269 -2.759359
v -1.260962 -4.825014 -3.044231
v -2.066238 -3.181913 -3.092345
v -1.563051 -6.572269 -2.339273
v -2.329952 -4.825014 -2.329953
v -3.092344 -3.181913 -2.066239
v -2.339272 -6.572269 -1.563052
v -3.044231 -4.825014 -1.260961
v -3.647669 -3.181913 -0.725566
v -2.759359 -6.572269 -0.548871
v -3.295051 -4.825014 -0.000000
v -3.647669 -3.181913 0.725566
v -2.759359 -6.572269 0.548871
v -3.044231 -4.825014 1.260961
v -3.092345 -3.181913 2.066239
v -2.339272 -6.572269 1.563051
v -2.357421 -0.510588 3.528130
v -2.851030 -1.747122 2.851030
v -1.542966 -1.747122 3.725050
v -0.827816 -0.510588 4.161712
v 0.000000 -1.747122 4.031964
v 0.827816 -0.510588 4.161712
v 1.542966 -1.747122 3.725050
v 2.357421 -0.510588 3.528129
v 2.851030 -1.747122 2.851029
v 3.528130 -0.510588 2.357420
v 3.725050 -1.747122 1.542966
v 4.161712 -0.510588 0.827816
v 4.031964 -1.747122 0.000000
v 4.161712 -0.510588 -0.827816
v 3.725050 -1.747122 -1.542966
v 3.528129 -0.510588 -2.357421
v 2.851029 -1.747122 -2.851030
v 2.357420 -0.510588 -3.528130
v 1.542966 -1.747122 -3.725050
v 0.827816 -0.510588 -4.161712
v -0.000000 -1.747122 -4.031964
v -0.827816 -0.510588 -4.161712
v -1.542966 -1.747122 -3.725050
v -2.357420 -0.510588 -3.528130
v -2.851029 -1.747122 -2.851030
v -3.528129 -0.510588 -2.357421
v -3.725050 -1.747122 -1.542966
v -4.161712 -0.510588 -0.827816
v -4.031964 -1.747122 -0.000000
v -4.161712 -0.510588 0.827816
v -3.725050 -1.747122 1.542966
v -3.528130 -0.510588 2.357421
v -3.202909 2.436408 3.202909
v -2.471453 1.489522 3.698791
v -1.733402 2.436408 4.184802
v -0.867859 1.489522 4.363021
v 0.000000 2.436408 4.529597
v 0.867859 1.489522 4.363022
v 1.733402 2.436408 4.184802
v 2.471454 1.489522 3.698791
v 3.202910 2.436408 3.202909
v 3.698791 1.489522 2.471453
v 4.184802 2.436408 1.733402
v 4.363021 1.489522 0.867859
v 4.529597 2.436408 0.000000
v 4.363022 1.489522 -0.867859
v 4.184802 2.436408 -1.733402
v 3.698791 1.489522 -2.471454
v 3.202909 2.436408 -3.202910
v 2.471453 1.489522 -3.698791
v 1.733402 2.436408 -4.184802
v 0.867859 1.489522 -4.363021
v -0.000000 2.436408 -4.529597
v -0.867859 1.489522 -4.363022
v -1.733402 2.436408 -4.184802
v -2.471453 1.489522 -3.698791
v -3.202909 2.436408 -3.202910
v -3.698791 1.489522 -2.471454
v -4.184802 2.436408 -1.733402
v -4.363021 1.489522 -0.867859
v -4.529597 2.436408 -0.000000
v -4.363022 1.489522 0.867859
v -4.184802 2.436408 1.733402
v -3.698791 1.489522 2.471453
v -3.089109 0.537742 3.089109
v -1.671813 0.537742 4.036115
v 0.000000 0.537742 4.368658
v 1.671814 0.537742 4.036115
v 3.089109 0.537742 3.089108
v 4.036115 0.537742 1.671814
v 4.368658 0.537742 0.000000
v 4.036115 0.537742 -1.671814
v 3.089108 0.537742 -3.089109
v 1.671813 0.537742 -4.036115
v -0.000000 0.537742 -4.368658
v -1.671814 0.537742 -4.036115
v -3.089108 0.537742 -3.089109
v -4.036115 0.537742 -1.671814
v -4.368658 0.537742 -0.000000
v -4.036115 0.537742 1.671813
v -2.589724 3.569241 -1.594216
v -1.594216 3.569241 -2.589724
v -2.203104 3.569241 -3.004994
v -3.004994 3.569241 -2.203104
v 0.000000 3.569241 -2.777979
v 0.868498 3.569241 -1.812952
v 1.594216 3.569241 -2.589724
v 0.768192 3.569241 -3.533373
v -2.589724 3.569241 1.594216
v -1.812952 3.569241 0.868498
v -2.777979 3.569241 -0.000000
v -3.533373 3.569241 0.768192
v 0.868498 3.569241 1.812952
v 1.812952 3.569241 0.868498
v 0.914938 3.569241 0.000000
v 0.000000 3.569241 0.914938
v 2.777979 3.569241 0.000000
v 2.589724 3.569241 1.594216
v 3.533373 3.569241 0.768192
v 2.589724 3.569241 -1.594216
v 3.004994 3.569241 -2.203104
v 2.203104 3.569241 -3.004994
v -0.868498 3.569241 1.812952
v -0.914938 3.569241 0.000000
v -0.868498 3.569241 -1.812952
v -0.768192 3.569241 -3.533373
v -1.812952 3.569241 -0.868498
v -3.533373 3.569241 -0.768192
v 0.000000 3.569241 -0.914938
v 1.812952 3.569241 -0.868498
v 3.533373 3.569241 -0.768192
v -2.203104 3.569241 3.004994
v -1.594216 3.569241 2.589724
v -3.004994 3.569241 2.203105
v -0.768192 3.569241 3.533373
v 0.000000 3.569241 2.777979
v 1.594216 3.569241 2.589724
v 0.768192 3.569241 3.533373
v 2.203105 3.569241 3.004994
v 3.004994 3.569241 2.203104
v -2.952773 3.569241 2.952773
v -2.505807 3.545692 3.750205
v -1.598029 3.569241 3.857984
v -3.857984 3.569241 1.598029
v -3.750205 3.545692 2.505807
v 2.952773 3.569241 2.952773
v 3.750205 3.545692 2.505807
v 3.857984 3.569241 1.598029
v -1.598029 3.569241 -3.857984
v -2.505807 3.545692 -3.750205
v -2.952773 3.569241 -2.952773
v 0.000000 3.569241 4.175852
v 0.879922 3.545692 4.423668
v 1.598029 3.569241 3.857984
v 1.598029 3.569241 -3.857984
v 0.879922 3.545692 -4.423668
v -0.000000 3.569241 -4.175852
v -3.857984 3.569241 -1.598029
v -4.423668 3.545692 -0.879922
v -4.175852 3.569241 -0.000000
v 4.175852 3.569241 0.000000
v 4.423668 3.545692 -0.879922
v 3.857984 3.569241 -1.598029
v 2.505807 3.545692 3.750204
v 2.952773 3.569241 -2.952773
v 2.505807 3.545692 -3.750205
v -0.879922 3.545692 4.423668
v -0.879922 3.545692 -4.423668
v -3.750205 3.545692 -2.505807
v 3.750204 3.545692 -2.505807
v -4.423668 3.545692 0.879922
v 4.423668 3.545692 0.879922
v -3.265162 3.475043 3.265162
v -2.550495 3.168286 3.817086
v -1.767093 3.475043 4.266139
v -4.266139 3.475043 1.767093
v -3.817086 3.168286 2.550495
v 3.265162 3.475043 3.265161
v 3.817086 3.168286 2.550495
v 4.266139 3.475043 1.767093
v -1.767093 3.475043 -4.266139
v -2.550495 3.168286 -3.817086
v -3.265161 3.475043 -3.265162
v 0.000000 3.475043 4.617635
v 0.895615 3.168286 4.502559
v 1.767093 3.475043 4.266139
v 1.767093 3.475043 -4.266139
v 0.895615 3.168286 -4.502559
v -0.000000 3.475043 -4.617635
v -4.266139 3.475043 -1.767093
v -4.502559 3.168286 -0.895615
v -4.617635 3.475043 -0.000000
v 4.617635 3.475043 0.000000
v 4.502559 3.168286 -0.895615
v 4.266139 3.475043 -1.767093
v 2.550495 3.168286 3.817086
v 3.265161 3.475043 -3.265162
v 2.550495 3.168286 -3.817086
v -0.895615 3.168286 4.502559
v -0.895615 3.168286 -4.502559
v -3.817086 3.168286 -2.550495
v 3.817086 3.168286 -2.550495
v -4.502559 3.168286 0.895615
v 4.502559 3.168286 0.895615
v -2.066239 -3.181913 3.092345
v -2.329953 -4.825014 2.329953
v -1.563051 -6.572269 2.339272
v -1.260961 -4.825014 3.044231
v -0.725566 -3.181913 3.647669
v -0.548871 -6.572269 2.759359
v 0.000000 -4.825014 3.295051
v 0.725566 -3.181913 3.647669
v 0.548871 -6.572269 2.759359
v 1.260961 -4.825014 3.044231
v 2.066239 -3.181913 3.092344
v 1.563052 -6.572269 2.339272
v 2.329953 -4.825014 2.329953
v 3.092345 -3.181913 2.066238
v 2.339273 -6.572269 1.563051
v 3.044231 -4.825014 1.260962
v -2.353453 3.569241 -2.353453
v 0.804682 3.569241 -2.731051
v -2.731051 3.569241 0.804682
v 0.904151 3.569241 0.904151
v 2.731051 3.569241 0.804682
v 2.353453 3.569241 -2.353453
v -0.904151 3.569241 0.904151
v -0.804682 3.569241 -2.731051
v -2.731051 3.569241 -0.804682
v -0.904151 3.569241 -0.904151
v 0.904151 3.569241 -0.904151
v 2.731051 3.569241 -0.804682
v -2.353453 3.569241 2.353453
v -0.804682 3.569241 2.731051
v 0.804682 3.569241 2.731051
v 2.353453 3.569241 2.353453
v -2.319542 3.569241 3.471440
v -3.471440 3.569241 2.319542
v 3.471440 3.569241 2.319542
v -2.319542 3.569241 -3.471441
v 0.814515 3.569241 4.094843
v 0.814515 3.569241 -4.094843
v -4.094843 3.569241 -0.814515
v 4.094843 3.569241 -0.814515
v 2.319542 3.569241 3.471440
v 2.319542 3.569241 -3.471440
v -0.814515 3.569241 4.094843
v -0.814515 3.569241 -4.094843
v -3.471440 3.569241 -2.319543
v 3.471440 3.569241 -2.319542
v -4.094843 3.569241 0.814515
v 4.094843 3.569241 0.814515
v -2.564938 3.475043 3.838702
v -3.838701 3.475043 2.564938
v 3.838702 3.475043 2.564938
v -2.564938 3.475043 -3.838702
v 0.900687 3.475043 4.528057
v 0.900686 3.475043 -4.528057
v -4.528057 3.475043 -0.900687
v 4.528057 3.475043 -0.900686
v 2.564938 3.475043 3.838701
v 2.564938 3.475043 -3.838702
v -0.900686 3.475043 4.528057
v -0.900687 3.475043 -4.528057
v -3.838701 3.475043 -2.564938
v 3.838701 3.475043 -2.564938
v -4.528057 3.475043 0.900686
v 4.528057 3.475043 0.900687
v -1.830288 -4.825014 2.739220
v -0.642711 -4.825014 3.231130
v 0.642712 -4.825014 3.231130
v 1.830288 -4.825014 2.739219
v 2.739220 -4.825014 1.830287
v 3.231130 -4.825014 0.642712
v 3.231130 -4.825014 -0.642711
v 2.739219 -4.825014 -1.830288
v 1.830287 -4.825014 -2.739220
v 0.642711 -4.825014 -3.231130
v -0.642712 -4.825014 -3.231130
v -1.830287 -4.825014 -2.739220
v -2.739219 -4.825014 -1.830288
v -3.231130 -4.825014 -0.642712
v -3.231130 -4.825014 0.642711
v -2.739220 -4.825014 1.830288
v -2.239618 -1.747122 3.351825
v -0.786449 -1.747122 3.953747
v 0.786449 -1.747122 3.953747
v 2.239618 -1.747122 3.351825
v 3.351826 -1.747122 2.239618
v 3.953747 -1.747122 0.786449
v 3.953747 -1.747122 -0.786449
v 3.351825 -1.747122 -2.239618
v 2.239618 -1.747122 -3.351826
v 0.786449 -1.747122 -3.953747
v -0.786449 -1.747122 -3.953747
v -2.239618 -1.747122 -3.351826
v -3.351825 -1.747122 -2.239618
v -3.953747 -1.747122 -0.786449
v -3.953747 -1.747122 0.786449
v -3.351825 -1.747122 2.239618
v -2.516036 2.436408 3.765514
v -0.883514 2.436408 4.441726
v 0.883514 2.436408 4.441726
v 2.516036 2.436408 3.765514
v 3.765514 2.436408 2.516036
v 4.441726 2.436408 0.883514
v 4.441726 2.436408 -0.883514
v 3.765514 2.436408 -2.516036
v 2.516035 2.436408 -3.765514
v 0.883514 2.436408 -4.441726
v -0.883514 2.436408 -4.441726
v -2.516036 2.436408 -3.765514
v -3.765513 2.436408 -2.516036
v -4.441726 2.436408 -0.883514
v -4.441726 2.436408 0.883514
v -3.765514 2.436408 2.516036
v -2.426640 0.537742 3.631724
v -0.852123 0.537742 4.283910
v 0.852123 0.537742 4.283910
v 2.426640 0.537742 3.631723
v 3.631724 0.537742 2.426640
v 4.283910 0.537742 0.852123
v 4.283910 0.537742 -0.852123
v 3.631723 0.537742 -2.426640
v 2.426640 0.537742 -3.631724
v 0.852123 0.537742 -4.283910
v -0.852123 0.537742 -4.283910
v -2.426640 0.537742 -3.631724
v -3.631723 0.537742 -2.426640
v -4.283910 0.537742 -0.852123
v -4.283910 0.537742 0.852123
v -3.631724 0.537742 2.426640
vt 0.958107 0.727181
vt 0.942810 0.727181
vt 0.942619 0.722169
vt 0.957830 0.722169
vt 0.926198 0.727181
vt 0.926101 0.722169
vt 0.942164 0.710212
vt 0.957169 0.710212
vt 0.971532 0.727181
vt 0.971180 0.722169
vt 0.908929 0.727181
vt 0.908929 0.722169
vt 0.925869 0.710212
vt 0.941575 0.694743
vt 0.956315 0.694743
vt 0.970339 0.710212
vt 0.982529 0.727181
vt 0.982114 0.722169
vt 0.891660 0.727181
vt 0.891757 0.722169
vt 0.908929 0.710212
vt 0.925569 0.694743
vt 0.940983 0.679194
vt 0.955455 0.679194
vt 0.969250 0.694743
vt 0.981125 0.710212
vt 0.875049 0.727181
vt 0.875240 0.722169
vt 0.891990 0.710212
vt 0.908929 0.694743
vt 0.925267 0.679194
vt 0.940069 0.662067
vt 0.954128 0.662067
vt 0.968157 0.679194
vt 0.979846 0.694743
vt 0.859752 0.727181
vt 0.860029 0.722169
vt 0.875695 0.710212
vt 0.892290 0.694743
vt 0.908929 0.679194
vt 0.924801 0.662067
vt 0.938512 0.641866
vt 0.951869 0.641866
vt 0.966467 0.662067
vt 0.978560 0.679194
vt 0.846326 0.727181
vt 0.846679 0.722169
vt 0.860689 0.710212
vt 0.876284 0.694743
vt 0.892591 0.679194
vt 0.908929 0.662067
vt 0.924008 0.641866
vt 0.936222 0.618426
vt 0.948545 0.618426
vt 0.963592 0.641866
vt 0.976574 0.662067
vt 0.835330 0.727181
vt 0.835744 0.722169
vt 0.847520 0.710212
vt 0.861544 0.694743
vt 0.876876 0.679194
vt 0.893058 0.662067
vt 0.908929 0.641866
vt 0.922841 0.618426
vt 0.933106 0.591582
vt 0.944021 0.591582
vt 0.959360 0.618426
vt 0.973194 0.641866
vt 0.836733 0.710212
vt 0.848608 0.694743
vt 0.862403 0.679194
vt 0.877790 0.662067
vt 0.893851 0.641866
vt 0.908929 0.618426
vt 0.921252 0.591582
vt 0.929576 0.563037
vt 0.938898 0.563037
vt 0.953601 0.591582
vt 0.968219 0.618426
vt 0.838012 0.694743
vt 0.849702 0.679194
vt 0.863730 0.662067
vt 0.879346 0.641866
vt 0.895018 0.618426
vt 0.908929 0.591582
vt 0.919453 0.563037
vt 0.947079 0.563037
vt 0.961448 0.591582
vt 0.839298 0.679194
vt 0.851391 0.662067
vt 0.865989 0.641866
vt 0.881636 0.618426
vt 0.896607 0.591582
vt 0.908929 0.563037
vt 0.953780 0.563037
vt 0.841284 0.662067
vt 0.854266 0.641866
vt 0.869313 0.618426
vt 0.884753 0.591582
vt 0.898406 0.563037
vt 0.844665 0.641866
vt 0.858498 0.618426
vt 0.873837 0.591582
vt 0.888283 0.563037
vt 0.849640 0.618426
vt 0.864257 0.591582
vt 0.878961 0.563037
vt 0.856410 0.591582
vt 0.870780 0.563037
vt 0.864078 0.563037
vt 0.721589 0.845621
vt 0.706292 0.845621
vt 0.706569 0.840610
vt 0.721780 0.840610
vt 0.692867 0.845621
vt 0.693219 0.840610
vt 0.707229 0.828653
vt 0.722235 0.828653
vt 0.738201 0.845621
vt 0.738298 0.840610
vt 0.681870 0.845621
vt 0.682284 0.840610
vt 0.694060 0.828653
vt 0.708084 0.813184
vt 0.722824 0.813184
vt 0.738530 0.828653
vt 0.755470 0.845621
vt 0.755470 0.840610
vt 0.683273 0.828653
vt 0.695148 0.813184
vt 0.708943 0.797635
vt 0.723416 0.797635
vt 0.738830 0.813184
vt 0.755470 0.828653
vt 0.772738 0.845621
vt 0.772641 0.840610
vt 0.684553 0.813184
vt 0.696242 0.797635
vt 0.710271 0.780508
vt 0.724330 0.780508
vt 0.739132 0.797635
vt 0.755470 0.813184
vt 0.772409 0.828653
vt 0.789350 0.845621
vt 0.789159 0.840610
vt 0.685838 0.797635
vt 0.697931 0.780508
vt 0.712529 0.760307
vt 0.725886 0.760307
vt 0.739598 0.780508
vt 0.755470 0.797635
vt 0.772109 0.813184
vt 0.788704 0.828653
vt 0.804647 0.845621
vt 0.804370 0.840610
vt 0.687825 0.780508
vt 0.700807 0.760307
vt 0.715854 0.736867
vt 0.728176 0.736866
vt 0.740391 0.760307
vt 0.755470 0.780508
vt 0.771807 0.797635
vt 0.788115 0.813184
vt 0.803709 0.828653
vt 0.818072 0.845621
vt 0.817720 0.840610
vt 0.691205 0.760307
vt 0.705038 0.736866
vt 0.720377 0.710023
vt 0.731293 0.710023
vt 0.741558 0.736867
vt 0.755470 0.760307
vt 0.771341 0.780508
vt 0.787523 0.797635
vt 0.802855 0.813184
vt 0.816879 0.828653
vt 0.829069 0.845621
vt 0.828655 0.840610
vt 0.696180 0.736867
vt 0.710797 0.710023
vt 0.725501 0.681478
vt 0.734823 0.681478
vt 0.743147 0.710023
vt 0.755470 0.736866
vt 0.770548 0.760307
vt 0.786609 0.780508
vt 0.801995 0.797635
vt 0.815791 0.813184
vt 0.827666 0.828653
vt 0.702950 0.710023
vt 0.717320 0.681478
vt 0.744946 0.681478
vt 0.755470 0.710023
vt 0.769381 0.736867
vt 0.785053 0.760307
vt 0.800668 0.780508
vt 0.814697 0.797635
vt 0.826386 0.813184
vt 0.710618 0.681478
vt 0.755470 0.681478
vt 0.767792 0.710023
vt 0.782763 0.736866
vt 0.798410 0.760307
vt 0.813007 0.780508
vt 0.825101 0.797635
vt 0.765993 0.681478
vt 0.779646 0.710023
vt 0.795085 0.736867
vt 0.810132 0.760307
vt 0.823114 0.780508
vt 0.776116 0.681478
vt 0.790562 0.710023
vt 0.805901 0.736866
vt 0.819734 0.760307
vt 0.785438 0.681478
vt 0.800142 0.710023
vt 0.814759 0.736867
vt 0.793619 0.681478
vt 0.807989 0.710023
vt 0.800320 0.681478
vt 0.927090 0.866116
vt 0.929627 0.854235
vt 0.942277 0.851634
vt 0.938802 0.861923
vt 0.914763 0.868161
vt 0.916640 0.855252
vt 0.933245 0.840612
vt 0.947313 0.839743
vt 0.953048 0.850249
vt 0.947643 0.858184
vt 0.939935 0.869648
vt 0.927654 0.874738
vt 0.902238 0.868029
vt 0.903560 0.854720
vt 0.919144 0.840516
vt 0.914611 0.877309
vt 0.935924 0.826768
vt 0.950864 0.827209
vt 0.959462 0.839591
vt 0.960400 0.852880
vt 0.951001 0.862282
vt 0.942498 0.874453
vt 0.929231 0.879951
vt 0.889932 0.865696
vt 0.890630 0.852670
vt 0.905067 0.839531
vt 0.901317 0.877312
vt 0.921178 0.825886
vt 0.915141 0.882729
vt 0.937724 0.812772
vt 0.952913 0.814279
vt 0.963889 0.827907
vt 0.967804 0.841839
vt 0.964606 0.856337
vt 0.954453 0.866494
vt 0.943312 0.875978
vt 0.929731 0.881606
vt 0.878248 0.861268
vt 0.878096 0.849120
vt 0.891071 0.837730
vt 0.888283 0.874696
vt 0.906549 0.824610
vt 0.900779 0.882731
vt 0.922803 0.811290
vt 0.915309 0.884449
vt 0.938710 0.798695
vt 0.953446 0.801199
vt 0.966223 0.815601
vt 0.972889 0.829556
vt 0.972606 0.844410
vt 0.965941 0.857435
vt 0.955549 0.867832
vt 0.867589 0.854854
vt 0.866205 0.844083
vt 0.877227 0.835051
vt 0.876000 0.869611
vt 0.891953 0.822985
vt 0.886698 0.879905
vt 0.908016 0.809823
vt 0.900608 0.884452
vt 0.924080 0.796660
vt 0.938806 0.784594
vt 0.952428 0.788212
vt 0.966354 0.803076
vt 0.975505 0.816522
vt 0.978099 0.831141
vt 0.974130 0.845226
vt 0.859655 0.849450
vt 0.855916 0.840608
vt 0.863604 0.831433
vt 0.864959 0.862206
vt 0.877323 0.820951
vt 0.873429 0.874412
vt 0.893229 0.808355
vt 0.886195 0.881559
vt 0.909484 0.795036
vt 0.924961 0.781916
vt 0.937936 0.770526
vt 0.949828 0.775563
vt 0.964310 0.790749
vt 0.975503 0.803228
vt 0.980925 0.817060
vt 0.979753 0.831644
vt 0.855557 0.852807
vt 0.848191 0.841741
vt 0.851723 0.828896
vt 0.862587 0.818446
vt 0.861502 0.866412
vt 0.878308 0.806874
vt 0.872613 0.875936
vt 0.894854 0.793759
vt 0.910965 0.780115
vt 0.925403 0.766975
vt 0.937784 0.758377
vt 0.948443 0.764791
vt 0.960117 0.779038
vt 0.972932 0.790185
vt 0.980922 0.802698
vt 0.982645 0.817231
vt 0.851345 0.856259
vt 0.843386 0.844304
vt 0.843101 0.829460
vt 0.849679 0.816569
vt 0.863119 0.805366
vt 0.860404 0.867748
vt 0.880109 0.792878
vt 0.896888 0.779129
vt 0.912473 0.764926
vt 0.926100 0.753950
vt 0.940033 0.750035
vt 0.951073 0.757439
vt 0.956378 0.770196
vt 0.967842 0.777904
vt 0.978145 0.788608
vt 0.982643 0.802530
vt 0.850007 0.857355
vt 0.841861 0.845118
vt 0.837888 0.831037
vt 0.840530 0.816417
vt 0.849810 0.804045
vt 0.865169 0.792436
vt 0.882788 0.779033
vt 0.899393 0.764393
vt 0.913794 0.751616
vt 0.927750 0.744950
vt 0.942604 0.745234
vt 0.954531 0.753233
vt 0.960475 0.766838
vt 0.972646 0.775341
vt 0.979800 0.788107
vt 0.836233 0.831538
vt 0.835111 0.816947
vt 0.840527 0.803123
vt 0.852143 0.791739
vt 0.868720 0.779903
vt 0.886406 0.765411
vt 0.901270 0.751485
vt 0.914716 0.742334
vt 0.929334 0.739740
vt 0.943420 0.743709
vt 0.955629 0.751898
vt 0.964688 0.763386
vt 0.974171 0.774527
vt 0.833390 0.817115
vt 0.835108 0.802585
vt 0.843143 0.790089
vt 0.856571 0.780055
vt 0.873756 0.768011
vt 0.888943 0.753529
vt 0.901422 0.742336
vt 0.915254 0.736914
vt 0.929837 0.738086
vt 0.966025 0.762290
vt 0.833387 0.802414
vt 0.837934 0.788505
vt 0.848228 0.777806
vt 0.862985 0.769396
vt 0.877231 0.757722
vt 0.888379 0.744907
vt 0.900892 0.736917
vt 0.915424 0.735194
vt 0.836280 0.788001
vt 0.843427 0.775235
vt 0.855633 0.766765
vt 0.868389 0.761461
vt 0.876098 0.749997
vt 0.886802 0.739694
vt 0.900724 0.735196
vt 0.841903 0.774419
vt 0.851427 0.763308
vt 0.865032 0.757363
vt 0.873535 0.745193
vt 0.886301 0.738039
vt 0.850091 0.762210
vt 0.861580 0.753151
vt 0.872721 0.743668
vt 0.860484 0.751814
vt 0.375845 0.852319
vt 0.361350 0.852319
vt 0.361612 0.847570
vt 0.376026 0.847570
vt 0.362238 0.836240
vt 0.376458 0.836240
vt 0.391587 0.852319
vt 0.391679 0.847570
vt 0.363048 0.821581
vt 0.377016 0.821581
vt 0.391899 0.836240
vt 0.407951 0.852319
vt 0.407951 0.847570
vt 0.363862 0.806846
vt 0.377577 0.806846
vt 0.392183 0.821581
vt 0.407951 0.836240
vt 0.424315 0.852319
vt 0.424223 0.847570
vt 0.365120 0.790617
vt 0.378443 0.790617
vt 0.392469 0.806846
vt 0.407951 0.821581
vt 0.424003 0.836240
vt 0.440057 0.852319
vt 0.439876 0.847570
vt 0.367260 0.771474
vt 0.379918 0.771474
vt 0.392911 0.790617
vt 0.407951 0.806846
vt 0.423719 0.821581
vt 0.439444 0.836240
vt 0.454552 0.852319
vt 0.454290 0.847570
vt 0.370411 0.749262
vt 0.382088 0.749262
vt 0.393663 0.771474
vt 0.407951 0.790617
vt 0.423433 0.806846
vt 0.438886 0.821581
vt 0.453664 0.836240
vt 0.374697 0.723825
vt 0.385041 0.723825
vt 0.394769 0.749262
vt 0.407951 0.771474
vt 0.422991 0.790617
vt 0.438325 0.806846
vt 0.452854 0.821581
vt 0.379553 0.696775
vt 0.388386 0.696775
vt 0.396274 0.723825
vt 0.407951 0.749262
vt 0.422240 0.771474
vt 0.437459 0.790617
vt 0.452039 0.806846
vt 0.397979 0.696775
vt 0.407951 0.723825
vt 0.421133 0.749262
vt 0.435984 0.771474
vt 0.450782 0.790617
vt 0.407951 0.696775
vt 0.419628 0.723825
vt 0.433814 0.749262
vt 0.448642 0.771474
vt 0.417923 0.696775
vt 0.430861 0.723825
vt 0.445491 0.749262
vt 0.427516 0.696775
vt 0.441205 0.723825
vt 0.436349 0.696775
vt 0.549777 0.711698
vt 0.564273 0.711698
vt 0.564453 0.716447
vt 0.550039 0.716447
vt 0.580014 0.711698
vt 0.580106 0.716447
vt 0.564885 0.727777
vt 0.550665 0.727777
vt 0.596378 0.711698
vt 0.596378 0.716447
vt 0.580326 0.727777
vt 0.565443 0.742436
vt 0.551475 0.742436
vt 0.612742 0.711698
vt 0.612650 0.716447
vt 0.596378 0.727777
vt 0.580610 0.742436
vt 0.566004 0.757171
vt 0.552290 0.757171
vt 0.628484 0.711698
vt 0.628303 0.716447
vt 0.612430 0.727777
vt 0.596378 0.742436
vt 0.580896 0.757171
vt 0.566870 0.773400
vt 0.553547 0.773400
vt 0.642979 0.711698
vt 0.642717 0.716447
vt 0.627871 0.727777
vt 0.612146 0.742436
vt 0.596378 0.757171
vt 0.581338 0.773400
vt 0.568345 0.792543
vt 0.555688 0.792543
vt 0.642091 0.727777
vt 0.627313 0.742436
vt 0.611860 0.757171
vt 0.596378 0.773400
vt 0.582089 0.792543
vt 0.570515 0.814755
vt 0.558838 0.814755
vt 0.641281 0.742436
vt 0.626752 0.757171
vt 0.611418 0.773400
vt 0.596378 0.792543
vt 0.583196 0.814755
vt 0.573468 0.840192
vt 0.563124 0.840192
vt 0.640467 0.757171
vt 0.625886 0.773400
vt 0.610667 0.792543
vt 0.596378 0.814755
vt 0.584701 0.840192
vt 0.576813 0.867242
vt 0.567980 0.867242
vt 0.639209 0.773400
vt 0.624412 0.792543
vt 0.609561 0.814755
vt 0.596378 0.840192
vt 0.586406 0.867242
vt 0.637069 0.792543
vt 0.622241 0.814755
vt 0.608055 0.840192
vt 0.596378 0.867242
vt 0.633919 0.814755
vt 0.619288 0.840192
vt 0.606350 0.867242
vt 0.629632 0.840192
vt 0.615943 0.867242
vt 0.624777 0.867242
vn -0.000000 1.000000 0.000000
vn -0.000000 1.000000 0.000000
vn -0.000000 1.000000 -0.000000
vn -0.000000 1.000000 -0.000000
vn -0.000000 1.000000 0.000000
vn 0.000000 1.000000 0.000000
vn 0.000000 1.000000 0.000000
vn -0.000000 1.000000 0.000000
vn 0.000000 1.000000 0.000000
vn 0.000000 1.000000 0.000000
vn 0.000000 1.000000 0.000000
vn 0.000000 1.000000 -0.000000
vn 0.000000 1.000000 0.000000
vn 0.000000 1.000000 -0.000000
vn 0.000000 1.000000 -0.000000
vn 0.000000 1.000000 0.000000
vn -0.000000 1.000000 -0.000000
vn -0.000000 1.000000 0.000000
vn -0.000000 1.000000 -0.000000
vn -0.000000 1.000000 -0.000000
vn -0.000000 1.000000 -0.000000
vn -0.000000 1.000000 -0.000000
vn -0.000000 1.000000 -0.000000
vn 0.000000 1.000000 -0.000000
vn -0.000000 1.000000 0.000000
vn -0.000000 1.000000 0.000000
vn -0.000000 1.000000 0.000000
vn 0.000000 1.000000 0.000000
vn 0.000000 1.000000 -0.000000
vn -0.000000 1.000000 -0.000000
vn -0.000000 1.000000 -0.000000
vn 0.000000 1.000000 -0.000000
vn -0.000000 1.000000 -0.000000
vn 0.000000 1.000000 -0.000000
vn -0.000000 1.000000 -0.000000
vn 0.000000 1.000000 0.000000
vn 0.000000 1.000000 -0.000000
vn 0.000000 1.000000 -0.000000
vn 0.000000 1.000000 0.000000
vn 0.000000 1.000000 0.000000
vn 0.000000 1.000000 -0.000000
vn 0.000000 1.000000 0.000000
vn 0.000000 1.000000 -0.000000
vn 0.000000 1.000000 0.000000
vn 0.000000 1.000000 0.000000
vn 0.000000 1.000000 0.000000
vn 0.000000 1.000000 -0.000000
vn -0.000000 1.000000 0.000000
vn 0.000000 1.000000 -0.000000
vn 0.000000 1.000000 -0.000000
vn -0.000000 1.000000 -0.000000
vn -0.000000 1.000000 0.000000
vn -0.000000 1.000000 0.000000
vn -0.000000 1.000000 0.000000
vn -0.000000 1.000000 0.000000
vn -0.000000 1.000000 0.000000
vn 0.000000 1.000000 0.000000
vn 0.000000 1.000000 0.000000
vn 0.000000 1.000000 0.000000
vn -0.000000 1.000000 0.000000
vn -0.000000 1.000000 -0.000000
vn -0.000000 1.000000 -0.000000
vn 0.000000 1.000000 -0.000000
vn 0.000000 1.000000 -0.000000
vn -0.000000 1.000000 0.000000
vn -0.000000 1.000000 -0.000000
vn -0.000000 1.000000 0.000000
vn 0.000000 1.000000 -0.000000
vn 0.000000 1.000000 -0.000000
vn 0.000000 1.000000 -0.000000
vn 0.000000 1.000000 0.000000
vn 0.000000 1.000000 -0.000000
vn 0.000000 1.000000 -0.000000
vn -0.000000 1.000000 0.000000
vn -0.000000 1.000000 -0.000000
vn -0.000000 1.000000 -0.000000
vn -0.000000 1.000000 0.000000
vn 0.000000 1.000000 -0.000000
vn 0.000000 1.000000 0.000000
vn 0.000000 1.000000 0.000000
vn -0.000000 1.000000 -0.000000
vn -0.018897 0.999421 0.028281
vn -0.011804 0.999524 0.028499
vn -0.026987 0.999272 0.026987
vn -0.159970 0.974074 0.159970
vn -0.125571 0.974122 0.187930
vn -0.086575 0.974074 0.209011
vn -0.028281 0.999421 0.018897
vn -0.028499 0.999524 0.011805
vn -0.209011 0.974074 0.086575
vn -0.187930 0.974122 0.125571
vn 0.028281 0.999421 0.018897
vn 0.028499 0.999524 0.011805
vn 0.026987 0.999272 0.026987
vn 0.159970 0.974074 0.159970
vn 0.187930 0.974122 0.125571
vn 0.209011 0.974074 0.086575
vn -0.018897 0.999421 -0.028281
vn -0.026987 0.999272 -0.026987
vn -0.011804 0.999524 -0.028499
vn -0.086575 0.974074 -0.209011
vn -0.125571 0.974122 -0.187930
vn -0.159970 0.974074 -0.159970
vn 0.005776 0.999562 0.029038
vn 0.011804 0.999524 0.028499
vn -0.000000 0.999572 0.029254
vn -0.000000 0.974074 0.226231
vn 0.044095 0.974122 0.221679
vn 0.086575 0.974074 0.209011
vn 0.005776 0.999562 -0.029038
vn 0.000000 0.999572 -0.029254
vn 0.011804 0.999524 -0.028498
vn 0.086575 0.974074 -0.209011
vn 0.044095 0.974122 -0.221679
vn 0.000000 0.974074 -0.226232
vn -0.029038 0.999562 -0.005776
vn -0.029254 0.999572 0.000000
vn -0.028499 0.999524 -0.011804
vn -0.209011 0.974074 -0.086575
vn -0.221679 0.974122 -0.044094
vn -0.226231 0.974074 -0.000000
vn 0.029038 0.999562 -0.005776
vn 0.028499 0.999524 -0.011805
vn 0.029254 0.999572 -0.000000
vn 0.226232 0.974074 0.000000
vn 0.221679 0.974122 -0.044095
vn 0.209011 0.974074 -0.086575
vn 0.018897 0.999421 0.028281
vn 0.125571 0.974122 0.187930
vn 0.018896 0.999421 -0.028281
vn 0.026987 0.999272 -0.026987
vn 0.159970 0.974074 -0.159970
vn 0.125571 0.974122 -0.187930
vn -0.005776 0.999562 0.029038
vn -0.044095 0.974122 0.221678
vn -0.005776 0.999562 -0.029039
vn -0.044095 0.974122 -0.221679
vn -0.028281 0.999421 -0.018897
vn -0.187930 0.974122 -0.125571
vn 0.028281 0.999421 -0.018897
vn 0.187930 0.974122 -0.125571
vn -0.029038 0.999562 0.005776
vn -0.221679 0.974122 0.044094
vn 0.029038 0.999562 0.005776
vn 0.221679 0.974122 0.044095
vn -0.544850 0.195496 0.815426
vn -0.375313 0.195312 0.906087
vn -0.693489 0.195312 0.693489
vn -0.704580 -0.084461 0.704580
vn -0.553586 -0.084445 0.828500
vn -0.381316 -0.084461 0.920578
vn -0.815426 0.195497 0.544850
vn -0.906087 0.195312 0.375313
vn -0.920578 -0.084461 0.381316
vn -0.828500 -0.084445 0.553586
vn 0.815426 0.195496 0.544850
vn 0.906087 0.195311 0.375313
vn 0.693489 0.195312 0.693489
vn 0.704580 -0.084461 0.704580
vn 0.828500 -0.084445 0.553586
vn 0.920578 -0.084461 0.381316
vn -0.544850 0.195497 -0.815426
vn -0.693489 0.195312 -0.693489
vn -0.375313 0.195312 -0.906087
vn -0.381316 -0.084461 -0.920578
vn -0.553586 -0.084445 -0.828500
vn -0.704580 -0.084461 -0.704580
vn 0.191326 0.195496 0.961860
vn 0.375313 0.195312 0.906087
vn -0.000000 0.195312 0.980741
vn -0.000000 -0.084461 0.996427
vn 0.194393 -0.084445 0.977282
vn 0.381316 -0.084461 0.920578
vn 0.191326 0.195496 -0.961860
vn 0.000000 0.195312 -0.980741
vn 0.375313 0.195312 -0.906087
vn 0.381316 -0.084461 -0.920578
vn 0.194393 -0.084445 -0.977282
vn 0.000000 -0.084461 -0.996427
vn -0.961860 0.195497 -0.191326
vn -0.980741 0.195312 -0.000000
vn -0.906087 0.195312 -0.375313
vn -0.920578 -0.084461 -0.381316
vn -0.977282 -0.084445 -0.194393
vn -0.996427 -0.084461 0.000000
vn 0.961860 0.195497 -0.191326
vn 0.906087 0.195313 -0.375313
vn 0.980741 0.195312 0.000000
vn 0.996427 -0.084461 0.000000
vn 0.977282 -0.084445 -0.194393
vn 0.920578 -0.084461 -0.381316
vn 0.544850 0.195497 0.815426
vn 0.553586 -0.084445 0.828500
vn 0.544850 0.195496 -0.815426
vn 0.693489 0.195311 -0.693489
vn 0.704580 -0.084461 -0.704580
vn 0.553586 -0.084445 -0.828500
vn -0.191326 0.195496 0.961860
vn -0.194393 -0.084445 0.977282
vn -0.191326 0.195496 -0.961860
vn -0.194393 -0.084445 -0.977282
vn -0.815426 0.195497 -0.544850
vn -0.828500 -0.084445 -0.553586
vn 0.815426 0.195497 -0.544850
vn 0.828500 -0.084445 -0.553586
vn -0.961861 0.195496 0.191326
vn -0.977282 -0.084445 0.194393
vn 0.961861 0.195496 0.191326
vn 0.977282 -0.084445 0.194393
vn -0.372280 -0.231581 0.898764
vn -0.540472 -0.231546 0.808873
vn -0.536846 -0.257429 0.803447
vn -0.369782 -0.257471 0.892732
vn -0.687884 -0.231581 0.687885
vn -0.683267 -0.257471 0.683267
vn -0.681735 -0.265468 0.681735
vn -0.535644 -0.265422 0.801647
vn -0.368953 -0.265468 0.890730
vn 0.000000 -0.231581 0.972816
vn -0.189788 -0.231546 0.954131
vn -0.188515 -0.257429 0.947730
vn 0.000000 -0.257471 0.966286
vn -0.188092 -0.265422 0.945607
vn -0.000000 -0.265469 0.964120
vn 0.372280 -0.231581 0.898764
vn 0.189788 -0.231546 0.954131
vn 0.188515 -0.257429 0.947730
vn 0.369782 -0.257471 0.892732
vn 0.188092 -0.265422 0.945607
vn 0.368953 -0.265468 0.890730
vn 0.687885 -0.231581 0.687885
vn 0.540472 -0.231546 0.808873
vn 0.536846 -0.257429 0.803447
vn 0.683267 -0.257471 0.683267
vn 0.535644 -0.265422 0.801647
vn 0.681735 -0.265468 0.681736
vn 0.898764 -0.231581 0.372280
vn 0.808873 -0.231546 0.540472
vn 0.803447 -0.257429 0.536846
vn 0.892732 -0.257471 0.369781
vn 0.801646 -0.265422 0.535644
vn 0.890731 -0.265468 0.368952
vn 0.972816 -0.231581 0.000000
vn 0.954131 -0.231546 0.189788
vn 0.947730 -0.257429 0.188515
vn 0.966286 -0.257471 0.000000
vn 0.945607 -0.265422 0.188092
vn 0.964119 -0.265469 0.000000
vn 0.898764 -0.231581 -0.372280
vn 0.954131 -0.231546 -0.189788
vn 0.947730 -0.257429 -0.188515
vn 0.892732 -0.257471 -0.369782
vn 0.945607 -0.265422 -0.188093
vn 0.890730 -0.265468 -0.368952
vn 0.687885 -0.231581 -0.687885
vn 0.808873 -0.231546 -0.540472
vn 0.803447 -0.257429 -0.536846
vn 0.683267 -0.257471 -0.683267
vn 0.801647 -0.265422 -0.535643
vn 0.681735 -0.265468 -0.681736
vn 0.372280 -0.231581 -0.898764
vn 0.540472 -0.231546 -0.808873
vn 0.536846 -0.257429 -0.803447
vn 0.369782 -0.257471 -0.892732
vn 0.535644 -0.265422 -0.801647
vn 0.368953 -0.265468 -0.890730
vn 0.000000 -0.231581 -0.972816
vn 0.189788 -0.231546 -0.954131
vn 0.188515 -0.257429 -0.947730
vn 0.000000 -0.257471 -0.966286
vn 0.188092 -0.265422 -0.945607
vn 0.000000 -0.265469 -0.964120
vn -0.372280 -0.231581 -0.898764
vn -0.189788 -0.231546 -0.954131
vn -0.188515 -0.257429 -0.947730
vn -0.369782 -0.257471 -0.892732
vn -0.188092 -0.265422 -0.945607
vn -0.368953 -0.265468 -0.890730
vn -0.687885 -0.231581 -0.687884
vn -0.540472 -0.231546 -0.808873
vn -0.536846 -0.257429 -0.803446
vn -0.683267 -0.257471 -0.683267
vn -0.535644 -0.265422 -0.801647
vn -0.681736 -0.265468 -0.681735
vn -0.898764 -0.231581 -0.372281
vn -0.808873 -0.231546 -0.540472
vn -0.803447 -0.257429 -0.536846
vn -0.892732 -0.257471 -0.369782
vn -0.801647 -0.265422 -0.535643
vn -0.890730 -0.265468 -0.368952
vn -0.972816 -0.231581 -0.000000
vn -0.954131 -0.231546 -0.189788
vn -0.947730 -0.257429 -0.188515
vn -0.966286 -0.257471 -0.000000
vn -0.945607 -0.265422 -0.188093
vn -0.964119 -0.265469 0.000000
vn -0.898764 -0.231581 0.372280
vn -0.954131 -0.231546 0.189788
vn -0.947730 -0.257429 0.188515
vn -0.892732 -0.257471 0.369781
vn -0.945607 -0.265422 0.188092
vn -0.890730 -0.265468 0.368952
vn -0.808873 -0.231546 0.540472
vn -0.803447 -0.257429 0.536846
vn -0.801647 -0.265422 0.535644
vn -0.378638 -0.145010 0.914114
vn -0.549700 -0.144988 0.822684
vn -0.545286 -0.191521 0.816078
vn -0.375597 -0.191550 0.906772
vn -0.699633 -0.145010 0.699633
vn -0.694013 -0.191550 0.694013
vn -0.000000 -0.145010 0.989430
vn -0.193028 -0.144988 0.970422
vn -0.191478 -0.191521 0.962630
vn 0.000000 -0.191550 0.981483
vn 0.378639 -0.145010 0.914114
vn 0.193029 -0.144988 0.970422
vn 0.191479 -0.191521 0.962630
vn 0.375597 -0.191550 0.906772
vn 0.699633 -0.145010 0.699633
vn 0.549700 -0.144988 0.822684
vn 0.545286 -0.191521 0.816078
vn 0.694013 -0.191550 0.694013
vn 0.914115 -0.145010 0.378638
vn 0.822684 -0.144988 0.549700
vn 0.816078 -0.191521 0.545286
vn 0.906772 -0.191550 0.375597
vn 0.989430 -0.145010 0.000000
vn 0.970422 -0.144988 0.193028
vn 0.962630 -0.191521 0.191478
vn 0.981483 -0.191550 0.000000
vn 0.914114 -0.145010 -0.378639
vn 0.970422 -0.144988 -0.193028
vn 0.962630 -0.191521 -0.191478
vn 0.906772 -0.191550 -0.375597
vn 0.699633 -0.145010 -0.699633
vn 0.822684 -0.144988 -0.549700
vn 0.816078 -0.191521 -0.545286
vn 0.694013 -0.191550 -0.694013
vn 0.378638 -0.145010 -0.914114
vn 0.549700 -0.144988 -0.822684
vn 0.545286 -0.191521 -0.816078
vn 0.375597 -0.191550 -0.906772
vn -0.000000 -0.145010 -0.989430
vn 0.193028 -0.144988 -0.970422
vn 0.191478 -0.191521 -0.962630
vn 0.000000 -0.191550 -0.981483
vn -0.378638 -0.145010 -0.914115
vn -0.193029 -0.144988 -0.970422
vn -0.191479 -0.191521 -0.962630
vn -0.375597 -0.191550 -0.906772
vn -0.699633 -0.145010 -0.699633
vn -0.549700 -0.144988 -0.822684
vn -0.545286 -0.191521 -0.816078
vn -0.694013 -0.191550 -0.694013
vn -0.914114 -0.145010 -0.378639
vn -0.822684 -0.144988 -0.549700
vn -0.816078 -0.191521 -0.545286
vn -0.906772 -0.191550 -0.375597
vn -0.989430 -0.145010 -0.000000
vn -0.970422 -0.144988 -0.193028
vn -0.962630 -0.191521 -0.191478
vn -0.981483 -0.191550 -0.000000
vn -0.914114 -0.145010 0.378638
vn -0.970422 -0.144988 0.193028
vn -0.962630 -0.191521 0.191479
vn -0.906772 -0.191550 0.375597
vn -0.822684 -0.144988 0.549699
vn -0.816078 -0.191521 0.545286
vn -0.553586 -0.084445 0.828500
vn -0.381316 -0.084461 0.920578
vn -0.704580 -0.084461 0.704580
vn -0.704580 -0.084461 0.704580
vn -0.553586 -0.084445 0.828500
vn -0.381316 -0.084461 0.920578
vn -0.194393 -0.084445 0.977282
vn -0.000000 -0.084461 0.996427
vn -0.194393 -0.084445 0.977282
vn -0.000000 -0.084461 0.996427
vn 0.194393 -0.084445 0.977282
vn 0.381316 -0.084461 0.920578
vn 0.194393 -0.084445 0.977282
vn 0.381316 -0.084461 0.920578
vn 0.553586 -0.084445 0.828500
vn 0.704580 -0.084461 0.704580
vn 0.553586 -0.084445 0.828500
vn 0.704580 -0.084461 0.704580
vn 0.828500 -0.084445 0.553586
vn 0.920578 -0.084461 0.381316
vn 0.828500 -0.084445 0.553586
vn 0.920578 -0.084461 0.381316
vn 0.977282 -0.084445 0.194393
vn 0.996427 -0.084461 0.000000
vn 0.977282 -0.084445 0.194393
vn 0.996427 -0.084461 0.000000
vn 0.977282 -0.084445 -0.194393
vn 0.920578 -0.084461 -0.381316
vn 0.977282 -0.084445 -0.194393
vn 0.920578 -0.084461 -0.381316
vn 0.828500 -0.084445 -0.553586
vn 0.704580 -0.084461 -0.704580
vn 0.828500 -0.084445 -0.553586
vn 0.704580 -0.084461 -0.704580
vn 0.553586 -0.084445 -0.828500
vn 0.381316 -0.084461 -0.920578
vn 0.553586 -0.084445 -0.828500
vn 0.381316 -0.084461 -0.920578
vn 0.194393 -0.084445 -0.977282
vn 0.000000 -0.084461 -0.996427
vn 0.194393 -0.084445 -0.977282
vn 0.000000 -0.084461 -0.996427
vn -0.194393 -0.084445 -0.977282
vn -0.381316 -0.084461 -0.920578
vn -0.194393 -0.084445 -0.977282
vn -0.381316 -0.084461 -0.920578
vn -0.553586 -0.084445 -0.828500
vn -0.704580 -0.084461 -0.704580
vn -0.553586 -0.084445 -0.828500
vn -0.704580 -0.084461 -0.704580
vn -0.828500 -0.084445 -0.553586
vn -0.920578 -0.084461 -0.381316
vn -0.828500 -0.084445 -0.553586
vn -0.920578 -0.084461 -0.381316
vn -0.977282 -0.084445 -0.194393
vn -0.996427 -0.084461 -0.000000
vn -0.977282 -0.084445 -0.194393
vn -0.996427 -0.084461 -0.000000
vn -0.977282 -0.084445 0.194393
vn -0.920578 -0.084461 0.381316
vn -0.977282 -0.084445 0.194393
vn -0.920578 -0.084461 0.381316
vn -0.828500 -0.084445 0.553586
vn -0.828500 -0.084445 0.553586
vn -0.552686 -0.101765 0.827153
vn -0.380696 -0.101781 0.919082
vn -0.703435 -0.101781 0.703435
vn -0.194077 -0.101765 0.975694
vn 0.000000 -0.101781 0.994807
vn 0.194077 -0.101765 0.975694
vn 0.380696 -0.101781 0.919082
vn 0.552686 -0.101765 0.827153
vn 0.703435 -0.101781 0.703435
vn 0.827153 -0.101765 0.552686
vn 0.919082 -0.101781 0.380696
vn 0.975694 -0.101765 0.194077
vn 0.994807 -0.101781 0.000000
vn 0.975694 -0.101765 -0.194077
vn 0.919082 -0.101781 -0.380696
vn 0.827153 -0.101765 -0.552686
vn 0.703435 -0.101781 -0.703435
vn 0.552686 -0.101765 -0.827153
vn 0.380696 -0.101781 -0.919082
vn 0.194077 -0.101765 -0.975694
vn 0.000000 -0.101781 -0.994807
vn -0.194077 -0.101765 -0.975694
vn -0.380696 -0.101781 -0.919082
vn -0.552686 -0.101765 -0.827153
vn -0.703435 -0.101781 -0.703434
vn -0.827153 -0.101765 -0.552686
vn -0.919082 -0.101781 -0.380696
vn -0.975694 -0.101764 -0.194077
vn -0.994807 -0.101781 -0.000000
vn -0.975694 -0.101765 0.194077
vn -0.919082 -0.101781 0.380696
vn -0.827153 -0.101765 0.552686
s 1
g tea
usemtl aiStandardSurface2SG
f 3482/4275/3573 3700/4276/3574 3820/4277/3575 3703/4278/3576
f 3700/4276/3574 3483/4281/3577 3701/4282/3578 3820/4277/3575
f 3820/4277/3575 3701/4282/3578 3481/4293/3579 3702/4283/3580
f 3703/4278/3576 3820/4277/3575 3702/4283/3580 3469/4284/3581
f 3472/4322/3582 3704/4305/3583 3821/4321/3584 3707/4338/3585
f 3704/4305/3583 3484/4304/3586 3705/4320/3587 3821/4321/3584
f 3821/4321/3584 3705/4320/3587 3485/4336/3588 3706/4337/3589
f 3707/4338/3585 3821/4321/3584 3706/4337/3589 3478/4354/3590
f 3487/4312/3591 3708/4313/3592 3822/4299/3593 3711/4298/3594
f 3708/4313/3592 3488/4329/3595 3709/4314/3596 3822/4299/3593
f 3822/4299/3593 3709/4314/3596 3480/4300/3597 3710/4288/3598
f 3711/4298/3594 3822/4299/3593 3710/4288/3598 3473/4287/3599
f 3489/4363/3600 3712/4380/3601 3823/4365/3602 3715/4348/3603
f 3712/4380/3601 3490/4396/3604 3713/4381/3605 3823/4365/3602
f 3823/4365/3602 3713/4381/3605 3477/4366/3606 3714/4350/3607
f 3715/4348/3603 3823/4365/3602 3714/4350/3607 3474/4333/3608
f 3475/4398/3609 3716/4382/3610 3824/4397/3611 3718/4411/3612
f 3716/4382/3610 3477/4366/3606 3713/4381/3605 3824/4397/3611
f 3824/4397/3611 3713/4381/3605 3490/4396/3604 3717/4410/3613
f 3718/4411/3612 3824/4397/3611 3717/4410/3613 3491/4423/3614
f 3478/4354/3590 3706/4337/3589 3825/4353/3615 3721/4370/3616
f 3706/4337/3589 3485/4336/3588 3719/4352/3617 3825/4353/3615
f 3825/4353/3615 3719/4352/3617 3486/4368/3618 3720/4369/3619
f 3721/4370/3616 3825/4353/3615 3720/4369/3619 3470/4386/3620
f 3480/4300/3597 3709/4314/3596 3826/4331/3621 3723/4316/3622
f 3709/4314/3596 3488/4329/3595 3722/4346/3623 3826/4331/3621
f 3826/4331/3621 3722/4346/3623 3489/4363/3600 3715/4348/3603
f 3723/4316/3622 3826/4331/3621 3715/4348/3603 3474/4333/3608
f 3481/4293/3579 3701/4282/3578 3827/4292/3624 3725/4306/3625
f 3701/4282/3578 3483/4281/3577 3724/4291/3626 3827/4292/3624
f 3827/4292/3624 3724/4291/3626 3484/4304/3586 3704/4305/3583
f 3725/4306/3625 3827/4292/3624 3704/4305/3583 3472/4322/3582
f 3473/4287/3599 3710/4288/3598 3828/4280/3627 3727/4279/3628
f 3710/4288/3598 3480/4300/3597 3726/4289/3629 3828/4280/3627
f 3828/4280/3627 3726/4289/3629 3483/4281/3577 3700/4276/3574
f 3727/4279/3628 3828/4280/3627 3700/4276/3574 3482/4275/3573
f 3484/4304/3586 3724/4291/3626 3829/4302/3630 3728/4318/3631
f 3724/4291/3626 3483/4281/3577 3726/4289/3629 3829/4302/3630
f 3829/4302/3630 3726/4289/3629 3480/4300/3597 3723/4316/3622
f 3728/4318/3631 3829/4302/3630 3723/4316/3622 3474/4333/3608
f 3485/4336/3588 3705/4320/3587 3830/4335/3632 3729/4351/3633
f 3705/4320/3587 3484/4304/3586 3728/4318/3631 3830/4335/3632
f 3830/4335/3632 3728/4318/3631 3474/4333/3608 3714/4350/3607
f 3729/4351/3633 3830/4335/3632 3714/4350/3607 3477/4366/3606
f 3486/4368/3618 3719/4352/3617 3831/4367/3634 3730/4383/3635
f 3719/4352/3617 3485/4336/3588 3729/4351/3633 3831/4367/3634
f 3831/4367/3634 3729/4351/3633 3477/4366/3606 3716/4382/3610
f 3730/4383/3635 3831/4367/3634 3716/4382/3610 3475/4398/3609
f 3467/4342/3636 3731/4343/3637 3832/4328/3638 3733/4327/3639
f 3731/4343/3637 3479/4360/3640 3732/4344/3641 3832/4328/3638
f 3832/4328/3638 3732/4344/3641 3488/4329/3595 3708/4313/3592
f 3733/4327/3639 3832/4328/3638 3708/4313/3592 3487/4312/3591
f 3489/4363/3600 3722/4346/3623 3833/4361/3642 3735/4378/3643
f 3722/4346/3623 3488/4329/3595 3732/4344/3641 3833/4361/3642
f 3833/4361/3642 3732/4344/3641 3479/4360/3640 3734/4377/3644
f 3735/4378/3643 3833/4361/3642 3734/4377/3644 3471/4394/3645
f 3476/4421/3646 3736/4409/3647 3834/4395/3648 3737/4408/3649
f 3736/4409/3647 3490/4396/3604 3712/4380/3601 3834/4395/3648
f 3834/4395/3648 3712/4380/3601 3489/4363/3600 3735/4378/3643
f 3737/4408/3649 3834/4395/3648 3735/4378/3643 3471/4394/3645
f 3491/4423/3614 3717/4410/3613 3835/4422/3650 3739/4432/3651
f 3717/4410/3613 3490/4396/3604 3736/4409/3647 3835/4422/3650
f 3835/4422/3650 3736/4409/3647 3476/4421/3646 3738/4431/3652
f 3739/4432/3651 3835/4422/3650 3738/4431/3652 3468/4439/3653
f 3479/4360/3640 3731/4343/3637 3836/4359/3654 3742/4376/3655
f 3731/4343/3637 3467/4342/3636 3740/4358/3656 3836/4359/3654
f 3836/4359/3654 3740/4358/3656 3492/4374/3657 3741/4375/3658
f 3742/4376/3655 3836/4359/3654 3741/4375/3658 3493/4392/3659
f 3467/4342/3636 3733/4327/3639 3837/4345/3660 3740/4358/3656
f 3733/4327/3639 3487/4312/3591 3743/4330/3661 3837/4345/3660
f 3837/4345/3660 3743/4330/3661 3494/4347/3662 3744/4362/3663
f 3740/4358/3656 3837/4345/3660 3744/4362/3663 3492/4374/3657
f 3491/4423/3614 3739/4432/3651 3838/4440/3664 3747/4433/3665
f 3739/4432/3651 3468/4439/3653 3745/4445/3666 3838/4440/3664
f 3838/4440/3664 3745/4445/3666 3495/4449/3667 3746/4446/3668
f 3747/4433/3665 3838/4440/3664 3746/4446/3668 3496/4441/3669
f 3469/4284/3581 3702/4283/3580 3839/4294/3670 3750/4295/3671
f 3702/4283/3580 3481/4293/3579 3748/4307/3672 3839/4294/3670
f 3839/4294/3670 3748/4307/3672 3498/4324/3673 3749/4308/3674
f 3750/4295/3671 3839/4294/3670 3749/4308/3674 3497/4309/3675
f 3476/4421/3646 3737/4408/3649 3840/4420/3676 3753/4430/3677
f 3737/4408/3649 3471/4394/3645 3751/4407/3678 3840/4420/3676
f 3840/4420/3676 3751/4407/3678 3499/4419/3679 3752/4429/3680
f 3753/4430/3677 3840/4420/3676 3752/4429/3680 3500/4437/3681
f 3472/4322/3582 3707/4338/3585 3841/4355/3682 3756/4339/3683
f 3707/4338/3585 3478/4354/3590 3754/4371/3684 3841/4355/3682
f 3841/4355/3682 3754/4371/3684 3502/4388/3685 3755/4372/3686
f 3756/4339/3683 3841/4355/3682 3755/4372/3686 3501/4356/3687
f 3473/4287/3599 3727/4279/3628 3842/4290/3688 3759/4301/3689
f 3727/4279/3628 3482/4275/3573 3757/4286/3690 3842/4290/3688
f 3842/4290/3688 3757/4286/3690 3504/4297/3691 3758/4303/3692
f 3759/4301/3689 3842/4290/3688 3758/4303/3692 3503/4317/3693
f 3486/4368/3618 3730/4383/3635 3843/4399/3694 3762/4384/3695
f 3730/4383/3635 3475/4398/3609 3760/4412/3696 3843/4399/3694
f 3843/4399/3694 3760/4412/3696 3505/4425/3697 3761/4413/3698
f 3762/4384/3695 3843/4399/3694 3761/4413/3698 3506/4400/3699
f 3468/4439/3653 3738/4431/3652 3844/4438/3700 3745/4445/3666
f 3738/4431/3652 3476/4421/3646 3753/4430/3677 3844/4438/3700
f 3844/4438/3700 3753/4430/3677 3500/4437/3681 3763/4444/3701
f 3745/4445/3666 3844/4438/3700 3763/4444/3701 3495/4449/3667
f 3478/4354/3590 3721/4370/3616 3845/4387/3702 3754/4371/3684
f 3721/4370/3616 3470/4386/3620 3764/4402/3703 3845/4387/3702
f 3845/4387/3702 3764/4402/3703 3507/4416/3704 3765/4403/3705
f 3754/4371/3684 3845/4387/3702 3765/4403/3705 3502/4388/3685
f 3471/4394/3645 3734/4377/3644 3846/4393/3706 3751/4407/3678
f 3734/4377/3644 3479/4360/3640 3742/4376/3655 3846/4393/3706
f 3846/4393/3706 3742/4376/3655 3493/4392/3659 3766/4406/3707
f 3751/4407/3678 3846/4393/3706 3766/4406/3707 3499/4419/3679
f 3481/4293/3579 3725/4306/3625 3847/4323/3708 3748/4307/3672
f 3725/4306/3625 3472/4322/3582 3756/4339/3683 3847/4323/3708
f 3847/4323/3708 3756/4339/3683 3501/4356/3687 3767/4340/3709
f 3748/4307/3672 3847/4323/3708 3767/4340/3709 3498/4324/3673
f 3482/4275/3573 3703/4278/3576 3848/4285/3710 3757/4286/3690
f 3703/4278/3576 3469/4284/3581 3750/4295/3671 3848/4285/3710
f 3848/4285/3710 3750/4295/3671 3497/4309/3675 3768/4296/3711
f 3757/4286/3690 3848/4285/3710 3768/4296/3711 3504/4297/3691
f 3470/4386/3620 3720/4369/3619 3849/4385/3712 3764/4402/3703
f 3720/4369/3619 3486/4368/3618 3762/4384/3695 3849/4385/3712
f 3849/4385/3712 3762/4384/3695 3506/4400/3699 3769/4401/3713
f 3764/4402/3703 3849/4385/3712 3769/4401/3713 3507/4416/3704
f 3487/4312/3591 3711/4298/3594 3850/4315/3714 3743/4330/3661
f 3711/4298/3594 3473/4287/3599 3759/4301/3689 3850/4315/3714
f 3850/4315/3714 3759/4301/3689 3503/4317/3693 3770/4332/3715
f 3743/4330/3661 3850/4315/3714 3770/4332/3715 3494/4347/3662
f 3475/4398/3609 3718/4411/3612 3851/4424/3716 3760/4412/3696
f 3718/4411/3612 3491/4423/3614 3747/4433/3665 3851/4424/3716
f 3851/4424/3716 3747/4433/3665 3496/4441/3669 3771/4434/3717
f 3760/4412/3696 3851/4424/3716 3771/4434/3717 3505/4425/3697
f 3493/4392/3659 3741/4375/3658 3852/4391/3718 3774/4405/3719
f 3741/4375/3658 3492/4374/3657 3772/4390/3720 3852/4391/3718
f 3852/4071/3718 3772/4063/3720 3556/4064/3721 3773/4072/3722
f 3774/4452/3719 3852/4453/3718 3773/4454/3722 3557/4455/3723
f 3492/4374/3657 3744/4362/3663 3853/4379/3724 3772/4390/3720
f 3744/4362/3663 3494/4347/3662 3775/4364/3725 3853/4379/3724
f 3853/4055/3724 3775/4056/3725 3571/4057/3726 3776/4058/3727
f 3772/4063/3720 3853/4055/3724 3776/4058/3727 3556/4064/3721
f 3496/4441/3669 3746/4446/3668 3854/4450/3728 3779/4447/3729
f 3746/4446/3668 3495/4449/3667 3777/4451/3730 3854/4450/3728
f 3854/4166/3728 3777/4169/3730 3560/4170/3731 3778/4167/3732
f 3779/4165/3729 3854/4166/3728 3778/4167/3732 3561/4168/3733
f 3497/4309/3675 3749/4308/3674 3855/4325/3734 3782/4326/3735
f 3749/4308/3674 3498/4324/3673 3780/4341/3736 3855/4325/3734
f 3855/4522/3734 3780/4523/3736 3567/4524/3737 3781/4525/3738
f 3782/4100/3735 3855/4111/3734 3781/4112/3738 3568/4101/3739
f 3500/4437/3681 3752/4429/3680 3856/4436/3740 3785/4443/3741
f 3752/4429/3680 3499/4419/3679 3783/4428/3742 3856/4436/3740
f 3856/4469/3740 3783/4463/3742 3558/4464/3743 3784/4470/3744
f 3785/4476/3741 3856/4469/3740 3784/4470/3744 3559/4477/3745
f 3501/4356/3687 3755/4372/3686 3857/4389/3746 3788/4373/3747
f 3755/4372/3686 3502/4388/3685 3786/4404/3748 3857/4389/3746
f 3857/4535/3746 3786/4541/3748 3565/4542/3749 3787/4536/3750
f 3788/4530/3747 3857/4535/3746 3787/4536/3750 3566/4531/3751
f 3503/4317/3693 3758/4303/3692 3858/4319/3752 3791/4334/3753
f 3758/4303/3692 3504/4297/3691 3789/4311/3754 3858/4319/3752
f 3858/4073/3752 3789/4081/3754 3569/4082/3755 3790/4074/3756
f 3791/4065/3753 3858/4073/3752 3790/4074/3756 3570/4066/3757
f 3506/4400/3699 3761/4413/3698 3859/4426/3758 3794/4414/3759
f 3761/4413/3698 3505/4425/3697 3792/4435/3760 3859/4426/3758
f 3859/4189/3758 3792/4181/3760 3562/4182/3761 3793/4190/3762
f 3794/4198/3759 3859/4189/3758 3793/4190/3762 3563/4199/3763
f 3495/4449/3667 3763/4444/3701 3860/4448/3764 3777/4451/3730
f 3763/4444/3701 3500/4437/3681 3785/4443/3741 3860/4448/3764
f 3860/4484/3764 3785/4476/3741 3559/4477/3745 3795/4485/3765
f 3777/4169/3730 3860/4175/3764 3795/4176/3765 3560/4170/3731
f 3502/4388/3685 3765/4403/3705 3861/4417/3766 3786/4404/3748
f 3765/4403/3705 3507/4416/3704 3796/4427/3767 3861/4417/3766
f 3861/4231/3766 3796/4219/3767 3564/4220/3768 3797/4232/3769
f 3786/4541/3748 3861/4548/3766 3797/4549/3769 3565/4542/3749
f 3499/4419/3679 3766/4406/3707 3862/4418/3770 3783/4428/3742
f 3766/4406/3707 3493/4392/3659 3774/4405/3719 3862/4418/3770
f 3862/4458/3770 3774/4452/3719 3557/4455/3723 3798/4459/3771
f 3783/4463/3742 3862/4458/3770 3798/4459/3771 3558/4464/3743
f 3498/4324/3673 3767/4340/3709 3863/4357/3772 3780/4341/3736
f 3767/4340/3709 3501/4356/3687 3788/4373/3747 3863/4357/3772
f 3863/4526/3772 3788/4530/3747 3566/4531/3751 3799/4527/3773
f 3780/4523/3736 3863/4526/3772 3799/4527/3773 3567/4524/3737
f 3504/4297/3691 3768/4296/3711 3864/4310/3774 3789/4311/3754
f 3768/4296/3711 3497/4309/3675 3782/4326/3735 3864/4310/3774
f 3864/4090/3774 3782/4100/3735 3568/4101/3739 3800/4091/3775
f 3789/4081/3754 3864/4090/3774 3800/4091/3775 3569/4082/3755
f 3507/4416/3704 3769/4401/3713 3865/4415/3776 3796/4427/3767
f 3769/4401/3713 3506/4400/3699 3794/4414/3759 3865/4415/3776
f 3865/4208/3776 3794/4198/3759 3563/4199/3763 3801/4209/3777
f 3796/4219/3767 3865/4208/3776 3801/4209/3777 3564/4220/3768
f 3494/4347/3662 3770/4332/3715 3866/4349/3778 3775/4364/3725
f 3770/4332/3715 3503/4317/3693 3791/4334/3753 3866/4349/3778
f 3866/4059/3778 3791/4065/3753 3570/4066/3757 3802/4060/3779
f 3775/4056/3725 3866/4059/3778 3802/4060/3779 3571/4057/3726
f 3505/4425/3697 3771/4434/3717 3867/4442/3780 3792/4435/3760
f 3771/4434/3717 3496/4441/3669 3779/4447/3729 3867/4442/3780
f 3867/4173/3780 3779/4165/3729 3561/4168/3733 3803/4174/3781
f 3792/4181/3760 3867/4173/3780 3803/4174/3781 3562/4182/3761
f 3525/4487/3782 3804/4486/3783 3868/4493/3784 3807/4494/3785
f 3804/4133/3783 3524/4121/3786 3805/4132/3787 3868/4142/3784
f 3868/4142/3784 3805/4132/3787 3508/4141/3788 3806/4149/3789
f 3807/4494/3785 3868/4493/3784 3806/4500/3789 3509/4501/3790
f 3526/4503/3791 3808/4495/3792 3869/4502/3793 3810/4508/3794
f 3808/4495/3792 3525/4487/3782 3807/4494/3785 3869/4502/3793
f 3869/4502/3793 3807/4494/3785 3509/4501/3790 3809/4507/3795
f 3810/4508/3794 3869/4502/3793 3809/4507/3795 3515/4512/3796
f 3527/4514/3797 3811/4509/3798 3870/4513/3799 3813/4517/3800
f 3811/4509/3798 3526/4503/3791 3810/4508/3794 3870/4513/3799
f 3870/4513/3799 3810/4508/3794 3515/4512/3796 3812/4516/3801
f 3813/4517/3800 3870/4513/3799 3812/4516/3801 3516/4519/3802
f 3528/4222/3803 3814/4233/3804 3871/4244/3805 3816/4234/3806
f 3814/4518/3804 3527/4514/3797 3813/4517/3800 3871/4520/3805
f 3871/4520/3805 3813/4517/3800 3516/4519/3802 3815/4521/3807
f 3816/4234/3806 3871/4244/3805 3815/4253/3807 3511/4245/3808
f 3529/4213/3809 3817/4212/3810 3872/4223/3811 3819/4224/3812
f 3817/4212/3810 3528/4222/3803 3816/4234/3806 3872/4223/3811
f 3872/4223/3811 3816/4234/3806 3511/4245/3808 3818/4235/3813
f 3819/4224/3812 3872/4223/3811 3818/4235/3813 3512/4236/3814
f 3530/4238/3815 3588/4225/3816 3873/4237/3817 3590/4247/3818
f 3588/4225/3816 3529/4213/3809 3819/4224/3812 3873/4237/3817
f 3873/4237/3817 3819/4224/3812 3512/4236/3814 3589/4246/3819
f 3590/4247/3818 3873/4237/3817 3589/4246/3819 3521/4254/3820
f 3531/4256/3821 3591/4248/3822 3874/4255/3823 3593/4261/3824
f 3591/4248/3822 3530/4238/3815 3590/4247/3818 3874/4255/3823
f 3874/4255/3823 3590/4247/3818 3521/4254/3820 3592/4260/3825
f 3593/4261/3824 3874/4255/3823 3592/4260/3825 3522/4265/3826
f 3532/4267/3827 3594/4262/3828 3875/4266/3829 3596/4270/3830
f 3594/4262/3828 3531/4256/3821 3593/4261/3824 3875/4266/3829
f 3875/4266/3829 3593/4261/3824 3522/4265/3826 3595/4269/3831
f 3596/4270/3830 3875/4266/3829 3595/4269/3831 3523/4272/3832
f 3533/4583/3833 3597/4586/3834 3876/4589/3835 3599/4587/3836
f 3597/4271/3834 3532/4267/3827 3596/4270/3830 3876/4273/3835
f 3876/4273/3835 3596/4270/3830 3523/4272/3832 3598/4274/3837
f 3599/4587/3836 3876/4589/3835 3598/4591/3837 3518/4590/3838
f 3534/4573/3839 3600/4579/3840 3877/4584/3841 3602/4580/3842
f 3600/4579/3840 3533/4583/3833 3599/4587/3836 3877/4584/3841
f 3877/4584/3841 3599/4587/3836 3518/4590/3838 3601/4588/3843
f 3602/4580/3842 3877/4584/3841 3601/4588/3843 3517/4585/3844
f 3535/4561/3845 3603/4567/3846 3878/4574/3847 3605/4568/3848
f 3603/4567/3846 3534/4573/3839 3602/4580/3842 3878/4574/3847
f 3878/4574/3847 3602/4580/3842 3517/4585/3844 3604/4581/3849
f 3605/4568/3848 3878/4574/3847 3604/4581/3849 3514/4575/3850
f 3536/4156/3851 3606/4159/3852 3879/4162/3853 3608/4160/3854
f 3606/4562/3852 3535/4561/3845 3605/4568/3848 3879/4569/3853
f 3879/4569/3853 3605/4568/3848 3514/4575/3850 3607/4576/3855
f 3608/4160/3854 3879/4162/3853 3607/4164/3855 3513/4163/3856
f 3537/4146/3857 3609/4152/3858 3880/4157/3859 3611/4153/3860
f 3609/4152/3858 3536/4156/3851 3608/4160/3854 3880/4157/3859
f 3880/4157/3859 3608/4160/3854 3513/4163/3856 3610/4161/3861
f 3611/4153/3860 3880/4157/3859 3610/4161/3861 3520/4158/3862
f 3538/4128/3863 3612/4138/3864 3881/4147/3865 3614/4139/3866
f 3612/4138/3864 3537/4146/3857 3611/4153/3860 3881/4147/3865
f 3881/4147/3865 3611/4153/3860 3520/4158/3862 3613/4154/3867
f 3614/4139/3866 3881/4147/3865 3613/4154/3867 3519/4148/3868
f 3539/4107/3869 3615/4118/3870 3882/4129/3871 3617/4119/3872
f 3615/4118/3870 3538/4128/3863 3614/4139/3866 3882/4129/3871
f 3882/4129/3871 3614/4139/3866 3519/4148/3868 3616/4140/3873
f 3617/4119/3872 3882/4129/3871 3616/4140/3873 3510/4130/3874
f 3524/4121/3786 3618/4108/3875 3883/4120/3876 3805/4132/3787
f 3618/4108/3875 3539/4107/3869 3617/4119/3872 3883/4120/3876
f 3883/4120/3876 3617/4119/3872 3510/4130/3874 3619/4131/3877
f 3805/4132/3787 3883/4120/3876 3619/4131/3877 3508/4141/3788
f 3541/4472/3878 3620/4471/3879 3884/4478/3880 3622/4479/3881
f 3620/4110/3879 3540/4098/3882 3621/4109/3883 3884/4122/3880
f 3884/4122/3880 3621/4109/3883 3524/4121/3786 3804/4133/3783
f 3622/4479/3881 3884/4478/3880 3804/4486/3783 3525/4487/3782
f 3542/4489/3884 3623/4480/3885 3885/4488/3886 3624/4496/3887
f 3623/4480/3885 3541/4472/3878 3622/4479/3881 3885/4488/3886
f 3885/4488/3886 3622/4479/3881 3525/4487/3782 3808/4495/3792
f 3624/4496/3887 3885/4488/3886 3808/4495/3792 3526/4503/3791
f 3543/4505/3888 3625/4497/3889 3886/4504/3890 3626/4510/3891
f 3625/4497/3889 3542/4489/3884 3624/4496/3887 3886/4504/3890
f 3886/4504/3890 3624/4496/3887 3526/4503/3791 3811/4509/3798
f 3626/4510/3891 3886/4504/3890 3811/4509/3798 3527/4514/3797
f 3544/4201/3892 3627/4210/3893 3887/4221/3894 3628/4211/3895
f 3627/4511/3893 3543/4505/3888 3626/4510/3891 3887/4515/3894
f 3887/4515/3894 3626/4510/3891 3527/4514/3797 3814/4518/3804
f 3628/4211/3895 3887/4221/3894 3814/4233/3804 3528/4222/3803
f 3545/4194/3896 3629/4193/3897 3888/4202/3898 3630/4203/3899
f 3629/4193/3897 3544/4201/3892 3628/4211/3895 3888/4202/3898
f 3888/4202/3898 3628/4211/3895 3528/4222/3803 3817/4212/3810
f 3630/4203/3899 3888/4202/3898 3817/4212/3810 3529/4213/3809
f 3546/4215/3900 3631/4204/3901 3889/4214/3902 3632/4226/3903
f 3631/4204/3901 3545/4194/3896 3630/4203/3899 3889/4214/3902
f 3889/4214/3902 3630/4203/3899 3529/4213/3809 3588/4225/3816
f 3632/4226/3903 3889/4214/3902 3588/4225/3816 3530/4238/3815
f 3547/4240/3904 3633/4227/3905 3890/4239/3906 3634/4249/3907
f 3633/4227/3905 3546/4215/3900 3632/4226/3903 3890/4239/3906
f 3890/4239/3906 3632/4226/3903 3530/4238/3815 3591/4248/3822
f 3634/4249/3907 3890/4239/3906 3591/4248/3822 3531/4256/3821
f 3548/4258/3908 3635/4250/3909 3891/4257/3910 3636/4263/3911
f 3635/4250/3909 3547/4240/3904 3634/4249/3907 3891/4257/3910
f 3891/4257/3910 3634/4249/3907 3531/4256/3821 3594/4262/3828
f 3636/4263/3911 3891/4257/3910 3594/4262/3828 3532/4267/3827
f 3549/4571/3912 3637/4577/3913 3892/4582/3914 3638/4578/3915
f 3637/4264/3913 3548/4258/3908 3636/4263/3911 3892/4268/3914
f 3892/4268/3914 3636/4263/3911 3532/4267/3827 3597/4271/3834
f 3638/4578/3915 3892/4582/3914 3597/4586/3834 3533/4583/3833
f 3550/4559/3916 3639/4565/3917 3893/4572/3918 3640/4566/3919
f 3639/4565/3917 3549/4571/3912 3638/4578/3915 3893/4572/3918
f 3893/4572/3918 3638/4578/3915 3533/4583/3833 3600/4579/3840
f 3640/4566/3919 3893/4572/3918 3600/4579/3840 3534/4573/3839
f 3551/4546/3920 3641/4553/3921 3894/4560/3922 3642/4554/3923
f 3641/4553/3921 3550/4559/3916 3640/4566/3919 3894/4560/3922
f 3894/4560/3922 3640/4566/3919 3534/4573/3839 3603/4567/3846
f 3642/4554/3923 3894/4560/3922 3603/4567/3846 3535/4561/3845
f 3552/4144/3924 3643/4150/3925 3895/4155/3926 3644/4151/3927
f 3643/4547/3925 3551/4546/3920 3642/4554/3923 3895/4555/3926
f 3895/4555/3926 3642/4554/3923 3535/4561/3845 3606/4562/3852
f 3644/4151/3927 3895/4155/3926 3606/4159/3852 3536/4156/3851
f 3553/4126/3928 3645/4136/3929 3896/4145/3930 3646/4137/3931
f 3645/4136/3929 3552/4144/3924 3644/4151/3927 3896/4145/3930
f 3896/4145/3930 3644/4151/3927 3536/4156/3851 3609/4152/3858
f 3646/4137/3931 3896/4145/3930 3609/4152/3858 3537/4146/3857
f 3554/4105/3932 3647/4116/3933 3897/4127/3934 3648/4117/3935
f 3647/4116/3933 3553/4126/3928 3646/4137/3931 3897/4127/3934
f 3897/4127/3934 3646/4137/3931 3537/4146/3857 3612/4138/3864
f 3648/4117/3935 3897/4127/3934 3612/4138/3864 3538/4128/3863
f 3555/4086/3936 3649/4095/3937 3898/4106/3938 3650/4096/3939
f 3649/4095/3937 3554/4105/3932 3648/4117/3935 3898/4106/3938
f 3898/4106/3938 3648/4117/3935 3538/4128/3863 3615/4118/3870
f 3650/4096/3939 3898/4106/3938 3615/4118/3870 3539/4107/3869
f 3540/4098/3882 3651/4087/3940 3899/4097/3941 3621/4109/3883
f 3651/4087/3940 3555/4086/3936 3650/4096/3939 3899/4097/3941
f 3899/4097/3941 3650/4096/3939 3539/4107/3869 3618/4108/3875
f 3621/4109/3883 3899/4097/3941 3618/4108/3875 3524/4121/3786
f 3557/4455/3723 3773/4454/3722 3900/4456/3942 3654/4457/3943
f 3773/4072/3722 3556/4064/3721 3652/4070/3944 3900/4080/3942
f 3900/4080/3942 3652/4070/3944 3572/4079/3945 3653/4089/3946
f 3654/4457/3943 3900/4456/3942 3653/4460/3946 3573/4461/3947
f 3558/4464/3743 3798/4459/3771 3901/4462/3948 3656/4468/3949
f 3798/4459/3771 3557/4455/3723 3654/4457/3943 3901/4462/3948
f 3901/4462/3948 3654/4457/3943 3573/4461/3947 3655/4467/3950
f 3656/4468/3949 3901/4462/3948 3655/4467/3950 3574/4474/3951
f 3559/4477/3745 3784/4470/3744 3902/4475/3952 3658/4483/3953
f 3784/4470/3744 3558/4464/3743 3656/4468/3949 3902/4475/3952
f 3902/4475/3952 3656/4468/3949 3574/4474/3951 3657/4482/3954
f 3658/4483/3953 3902/4475/3952 3657/4482/3954 3575/4491/3955
f 3560/4170/3731 3795/4176/3765 3903/4183/3956 3660/4177/3957
f 3795/4485/3765 3559/4477/3745 3658/4483/3953 3903/4492/3956
f 3903/4492/3956 3658/4483/3953 3575/4491/3955 3659/4499/3958
f 3660/4177/3957 3903/4183/3956 3659/4191/3958 3576/4184/3959
f 3561/4168/3733 3778/4167/3732 3904/4171/3960 3662/4172/3961
f 3778/4167/3732 3560/4170/3731 3660/4177/3957 3904/4171/3960
f 3904/4171/3960 3660/4177/3957 3576/4184/3959 3661/4178/3962
f 3662/4172/3961 3904/4171/3960 3661/4178/3962 3577/4179/3963
f 3562/4182/3761 3803/4174/3781 3905/4180/3964 3664/4188/3965
f 3803/4174/3781 3561/4168/3733 3662/4172/3961 3905/4180/3964
f 3905/4180/3964 3662/4172/3961 3577/4179/3963 3663/4187/3966
f 3664/4188/3965 3905/4180/3964 3663/4187/3966 3578/4196/3967
f 3563/4199/3763 3793/4190/3762 3906/4197/3968 3666/4207/3969
f 3793/4190/3762 3562/4182/3761 3664/4188/3965 3906/4197/3968
f 3906/4197/3968 3664/4188/3965 3578/4196/3967 3665/4206/3970
f 3666/4207/3969 3906/4197/3968 3665/4206/3970 3579/4217/3971
f 3564/4220/3768 3801/4209/3777 3907/4218/3972 3668/4230/3973
f 3801/4209/3777 3563/4199/3763 3666/4207/3969 3907/4218/3972
f 3907/4218/3972 3666/4207/3969 3579/4217/3971 3667/4229/3974
f 3668/4230/3973 3907/4218/3972 3667/4229/3974 3580/4242/3975
f 3565/4542/3749 3797/4549/3769 3908/4556/3976 3670/4550/3977
f 3797/4232/3769 3564/4220/3768 3668/4230/3973 3908/4243/3976
f 3908/4243/3976 3668/4230/3973 3580/4242/3975 3669/4252/3978
f 3670/4550/3977 3908/4556/3976 3669/4563/3978 3581/4557/3979
f 3566/4531/3751 3787/4536/3750 3909/4543/3980 3672/4537/3981
f 3787/4536/3750 3565/4542/3749 3670/4550/3977 3909/4543/3980
f 3909/4543/3980 3670/4550/3977 3581/4557/3979 3671/4551/3982
f 3672/4537/3981 3909/4543/3980 3671/4551/3982 3582/4544/3983
f 3567/4524/3737 3799/4527/3773 3910/4532/3984 3674/4528/3985
f 3799/4527/3773 3566/4531/3751 3672/4537/3981 3910/4532/3984
f 3910/4532/3984 3672/4537/3981 3582/4544/3983 3673/4538/3986
f 3674/4528/3985 3910/4532/3984 3673/4538/3986 3583/4533/3987
f 3568/4101/3739 3781/4112/3738 3911/4123/3988 3676/4113/3989
f 3781/4525/3738 3567/4524/3737 3674/4528/3985 3911/4529/3988
f 3911/4529/3988 3674/4528/3985 3583/4533/3987 3675/4534/3990
f 3676/4113/3989 3911/4123/3988 3675/4134/3990 3584/4124/3991
f 3569/4082/3755 3800/4091/3775 3912/4102/3992 3678/4092/3993
f 3800/4091/3775 3568/4101/3739 3676/4113/3989 3912/4102/3992
f 3912/4102/3992 3676/4113/3989 3584/4124/3991 3677/4114/3994
f 3678/4092/3993 3912/4102/3992 3677/4114/3994 3585/4103/3995
f 3570/4066/3757 3790/4074/3756 3913/4083/3996 3680/4075/3997
f 3790/4074/3756 3569/4082/3755 3678/4092/3993 3913/4083/3996
f 3913/4083/3996 3678/4092/3993 3585/4103/3995 3679/4093/3998
f 3680/4075/3997 3913/4083/3996 3679/4093/3998 3586/4084/3999
f 3571/4057/3726 3802/4060/3779 3914/4067/4000 3682/4061/4001
f 3802/4060/3779 3570/4066/3757 3680/4075/3997 3914/4067/4000
f 3914/4067/4000 3680/4075/3997 3586/4084/3999 3681/4076/4002
f 3682/4061/4001 3914/4067/4000 3681/4076/4002 3587/4068/4003
f 3556/4064/3721 3776/4058/3727 3915/4062/4004 3652/4070/3944
f 3776/4058/3727 3571/4057/3726 3682/4061/4001 3915/4062/4004
f 3915/4062/4004 3682/4061/4001 3587/4068/4003 3683/4069/4005
f 3652/4070/3944 3915/4062/4004 3683/4069/4005 3572/4079/3945
f 3573/4461/3947 3653/4460/3946 3916/4465/4006 3685/4466/4007
f 3653/4089/3946 3572/4079/3945 3684/4088/4008 3916/4099/4006
f 3916/4099/4006 3684/4088/4008 3540/4098/3882 3620/4110/3879
f 3685/4466/4007 3916/4465/4006 3620/4471/3879 3541/4472/3878
f 3574/4474/3951 3655/4467/3950 3917/4473/4009 3686/4481/4010
f 3655/4467/3950 3573/4461/3947 3685/4466/4007 3917/4473/4009
f 3917/4473/4009 3685/4466/4007 3541/4472/3878 3623/4480/3885
f 3686/4481/4010 3917/4473/4009 3623/4480/3885 3542/4489/3884
f 3575/4491/3955 3657/4482/3954 3918/4490/4011 3687/4498/4012
f 3657/4482/3954 3574/4474/3951 3686/4481/4010 3918/4490/4011
f 3918/4490/4011 3686/4481/4010 3542/4489/3884 3625/4497/3889
f 3687/4498/4012 3918/4490/4011 3625/4497/3889 3543/4505/3888
f 3576/4184/3959 3659/4191/3958 3919/4200/4013 3688/4192/4014
f 3659/4499/3958 3575/4491/3955 3687/4498/4012 3919/4506/4013
f 3919/4506/4013 3687/4498/4012 3543/4505/3888 3627/4511/3893
f 3688/4192/4014 3919/4200/4013 3627/4210/3893 3544/4201/3892
f 3577/4179/3963 3661/4178/3962 3920/4185/4015 3689/4186/4016
f 3661/4178/3962 3576/4184/3959 3688/4192/4014 3920/4185/4015
f 3920/4185/4015 3688/4192/4014 3544/4201/3892 3629/4193/3897
f 3689/4186/4016 3920/4185/4015 3629/4193/3897 3545/4194/3896
f 3578/4196/3967 3663/4187/3966 3921/4195/4017 3690/4205/4018
f 3663/4187/3966 3577/4179/3963 3689/4186/4016 3921/4195/4017
f 3921/4195/4017 3689/4186/4016 3545/4194/3896 3631/4204/3901
f 3690/4205/4018 3921/4195/4017 3631/4204/3901 3546/4215/3900
f 3579/4217/3971 3665/4206/3970 3922/4216/4019 3691/4228/4020
f 3665/4206/3970 3578/4196/3967 3690/4205/4018 3922/4216/4019
f 3922/4216/4019 3690/4205/4018 3546/4215/3900 3633/4227/3905
f 3691/4228/4020 3922/4216/4019 3633/4227/3905 3547/4240/3904
f 3580/4242/3975 3667/4229/3974 3923/4241/4021 3692/4251/4022
f 3667/4229/3974 3579/4217/3971 3691/4228/4020 3923/4241/4021
f 3923/4241/4021 3691/4228/4020 3547/4240/3904 3635/4250/3909
f 3692/4251/4022 3923/4241/4021 3635/4250/3909 3548/4258/3908
f 3581/4557/3979 3669/4563/3978 3924/4570/4023 3693/4564/4024
f 3669/4252/3978 3580/4242/3975 3692/4251/4022 3924/4259/4023
f 3924/4259/4023 3692/4251/4022 3548/4258/3908 3637/4264/3913
f 3693/4564/4024 3924/4570/4023 3637/4577/3913 3549/4571/3912
f 3582/4544/3983 3671/4551/3982 3925/4558/4025 3694/4552/4026
f 3671/4551/3982 3581/4557/3979 3693/4564/4024 3925/4558/4025
f 3925/4558/4025 3693/4564/4024 3549/4571/3912 3639/4565/3917
f 3694/4552/4026 3925/4558/4025 3639/4565/3917 3550/4559/3916
f 3583/4533/3987 3673/4538/3986 3926/4545/4027 3695/4539/4028
f 3673/4538/3986 3582/4544/3983 3694/4552/4026 3926/4545/4027
f 3926/4545/4027 3694/4552/4026 3550/4559/3916 3641/4553/3921
f 3695/4539/4028 3926/4545/4027 3641/4553/3921 3551/4546/3920
f 3584/4124/3991 3675/4134/3990 3927/4143/4029 3696/4135/4030
f 3675/4534/3990 3583/4533/3987 3695/4539/4028 3927/4540/4029
f 3927/4540/4029 3695/4539/4028 3551/4546/3920 3643/4547/3925
f 3696/4135/4030 3927/4143/4029 3643/4150/3925 3552/4144/3924
f 3585/4103/3995 3677/4114/3994 3928/4125/4031 3697/4115/4032
f 3677/4114/3994 3584/4124/3991 3696/4135/4030 3928/4125/4031
f 3928/4125/4031 3696/4135/4030 3552/4144/3924 3645/4136/3929
f 3697/4115/4032 3928/4125/4031 3645/4136/3929 3553/4126/3928
f 3586/4084/3999 3679/4093/3998 3929/4104/4033 3698/4094/4034
f 3679/4093/3998 3585/4103/3995 3697/4115/4032 3929/4104/4033
f 3929/4104/4033 3697/4115/4032 3553/4126/3928 3647/4116/3933
f 3698/4094/4034 3929/4104/4033 3647/4116/3933 3554/4105/3932
f 3587/4068/4003 3681/4076/4002 3930/4085/4035 3699/4077/4036
f 3681/4076/4002 3586/4084/3999 3698/4094/4034 3930/4085/4035
f 3930/4085/4035 3698/4094/4034 3554/4105/3932 3649/4095/3937
f 3699/4077/4036 3930/4085/4035 3649/4095/3937 3555/4086/3936
f 3572/4079/3945 3683/4069/4005 3931/4078/4037 3684/4088/4008
f 3683/4069/4005 3587/4068/4003 3699/4077/4036 3931/4078/4037
f 3931/4078/4037 3699/4077/4036 3555/4086/3936 3651/4087/3940
f 3684/4088/4008 3931/4078/4037 3651/4087/3940 3540/4098/3882
