# This file uses centimeters as units for non-parametric coordinates.

mtllib soda can.mtl
g default
v -0.120471 15.905344 3.108926
v 0.404137 15.905344 3.108926
v -0.200303 15.738557 -1.103752
v 0.483969 15.738557 -1.103752
v -1.141177 15.769720 -0.316638
v 1.424844 15.769720 -0.316638
v -1.141177 15.871164 2.245602
v 1.424844 15.871164 2.245602
v -0.890861 15.756543 -0.649465
v 1.174527 15.756543 -0.649465
v -1.030787 15.888989 2.695842
v 1.314453 15.888989 2.695842
v -0.040859 15.905344 3.108926
v -0.596067 15.879838 2.464686
v -0.672953 15.859330 1.946713
v -0.672953 15.777521 -0.119591
v -0.577426 15.756543 -0.649465
v -0.096461 15.738557 -1.103752
v 0.290714 15.905344 3.108926
v 0.886217 15.879838 2.464686
v 0.948873 15.859330 1.946713
v 0.948873 15.777521 -0.119591
v 0.727981 15.756543 -0.649465
v 0.336026 15.738557 -1.103752
v -1.141177 15.839698 1.450851
v -0.483740 15.842106 1.511676
v 0.759660 15.842106 1.511676
v 1.424844 15.839698 1.450851
v -1.141177 15.829478 1.192707
v -0.519780 15.816852 0.873826
v 0.795701 15.816852 0.873826
v 1.424844 15.829478 1.192707
v 0.044235 15.905344 3.108926
v -0.215658 15.888989 2.695842
v -0.256732 15.839698 1.450851
v -0.256732 15.825302 1.087245
v -0.340056 15.777192 -0.127917
v -0.242410 15.756543 -0.649466
v 0.014532 15.738557 -1.103752
v 0.205620 15.905344 3.108926
v 0.505808 15.888989 2.695842
v 0.532653 15.839698 1.450851
v 0.532653 15.825302 1.087245
v 0.615976 15.777192 -0.127917
v 0.392965 15.756543 -0.649465
v 0.225034 15.738557 -1.103752
v -1.141177 15.803025 0.524576
v -0.672953 15.803025 0.524576
v -0.226034 15.803025 0.524576
v 0.501954 15.803025 0.524576
v 0.948873 15.803025 0.524576
v 1.424844 15.803025 0.524576
v 0.124928 15.905344 3.108926
v 0.145075 15.891818 2.767280
v 0.137960 15.839698 1.450851
v 0.137960 15.829478 1.192707
v 0.134433 15.807420 0.635588
v 0.134432 15.769720 -0.316638
v 0.134433 15.756543 -0.649466
v 0.134433 15.738557 -1.103752
v -0.320179 15.781695 -0.014171
v 0.134433 15.776292 -0.150642
v 0.596100 15.781695 -0.014171
v -0.244722 15.798791 0.417631
v 0.134433 15.801241 0.479517
v 0.520643 15.798791 0.417631
v -0.118019 15.804488 0.561518
v -0.076975 15.797671 0.389336
v -0.117433 15.781833 -0.010696
v -0.194097 15.774705 -0.190719
v -0.128946 15.756543 -0.649466
v 0.042492 15.738557 -1.103752
v 0.395454 15.804185 0.553884
v 0.356715 15.797535 0.385916
v 0.401343 15.782131 -0.003154
v 0.479374 15.775219 -0.177740
v 0.315238 15.756543 -0.649466
v 0.191642 15.738557 -1.103752
v -0.281229 15.790520 0.208724
v -0.154846 15.790071 0.197384
v 0.436077 15.790164 0.199727
v 0.557149 15.790520 0.208724
v 0.436077 15.825801 0.198317
v 0.401343 15.817769 -0.004565
v 0.134433 15.811930 -0.152053
v -0.117433 15.817470 -0.012107
v -0.154846 15.825709 0.195972
v -0.076975 15.833308 0.387925
v 0.134433 15.836879 0.478106
v 0.356715 15.833173 0.384505
v 0.134433 15.834294 0.172859
v 0.436077 15.835287 0.197941
v 0.401343 15.827255 -0.004940
v 0.134433 15.821415 -0.152428
v -0.117433 15.826956 -0.012483
v -0.154846 15.835194 0.195597
v -0.076975 15.842794 0.387549
v 0.134433 15.846364 0.477731
v 0.356715 15.842659 0.384130
v -0.890861 15.827186 -0.652262
v -0.577426 15.827186 -0.652263
v -0.096461 15.809200 -1.106549
v -0.200303 15.809200 -1.106549
v -1.141177 15.873668 0.521779
v -0.672953 15.873668 0.521779
v -0.672953 15.848165 -0.122388
v -1.141177 15.840363 -0.319435
v -1.030787 15.959633 2.693045
v -0.596067 15.950481 2.461889
v -0.672953 15.929973 1.943916
v -1.141177 15.941807 2.242805
v -0.120471 15.975987 3.106129
v -0.040859 15.975987 3.106129
v 0.044235 15.975987 3.106129
v -0.215658 15.959633 2.693045
v -0.340056 15.847835 -0.130714
v -0.242410 15.827186 -0.652262
v 0.014532 15.809200 -1.106549
v 0.290714 15.975987 3.106129
v 0.886217 15.950481 2.461889
v 0.404137 15.975987 3.106128
v 1.314453 15.959633 2.693045
v 0.948873 15.929973 1.943916
v 1.424844 15.941807 2.242805
v 0.948873 15.873668 0.521779
v 0.948873 15.848165 -0.122388
v 1.424844 15.873668 0.521779
v 1.424844 15.840363 -0.319435
v 0.727981 15.827186 -0.652262
v 1.174527 15.827186 -0.652262
v 0.336026 15.809200 -1.106548
v 0.483969 15.809200 -1.106549
v -0.483740 15.912749 1.508879
v -1.141177 15.910341 1.448054
v 0.759660 15.912749 1.508879
v 1.424844 15.910341 1.448054
v -0.519780 15.887496 0.871029
v -1.141177 15.900121 1.189910
v -0.256732 15.910341 1.448054
v -0.256732 15.895945 1.084448
v 0.795701 15.887496 0.871029
v 1.424844 15.900121 1.189911
v 0.124928 15.975987 3.106129
v 0.145075 15.962461 2.764483
v 0.137960 15.910341 1.448054
v 0.137960 15.900121 1.189910
v -0.320179 15.852338 -0.016968
v -0.196200 15.850032 -0.075228
v -0.194097 15.845348 -0.193516
v -0.128946 15.827186 -0.652262
v 0.042492 15.809200 -1.106549
v 0.205620 15.975987 3.106130
v 0.505808 15.959633 2.693045
v 0.532653 15.895945 1.084448
v 0.532653 15.910341 1.448054
v 0.615976 15.847835 -0.130714
v 0.392965 15.827186 -0.652263
v 0.225034 15.809200 -1.106549
v 0.134318 15.842761 -0.258877
v 0.134432 15.840363 -0.319435
v 0.480512 15.850335 -0.067580
v 0.479374 15.845862 -0.180538
v 0.134433 15.827186 -0.652262
v 0.315238 15.827186 -0.652263
v 0.134433 15.809200 -1.106549
v 0.191642 15.809200 -1.106549
v -0.281229 15.861163 0.205928
v -0.246618 15.861134 0.205184
v 0.134433 15.904938 0.170062
v 0.527839 15.906403 0.207068
v 0.480511 15.895459 -0.069368
v 0.134320 15.887885 -0.260663
v -0.118019 15.875131 0.558722
v -0.143746 15.871174 0.458766
v -0.244722 15.869434 0.414834
v -0.226034 15.873668 0.521779
v 0.395454 15.874829 0.551086
v 0.422522 15.871062 0.455939
v 0.134235 15.881261 0.570159
v 0.134433 15.878064 0.632791
v -0.196199 15.895156 -0.077016
v -0.246618 15.906258 0.203397
v 0.520643 15.869434 0.414835
v 0.501954 15.873668 0.521779
v 0.596100 15.852338 -0.016968
v 0.527839 15.861279 0.208858
v 0.557149 15.861163 0.205928
v -0.143746 15.916298 0.456979
v 0.134237 15.926385 0.568371
v 0.422523 15.916186 0.454151
v 0.480511 15.815329 -0.066194
v 0.527839 15.826274 0.210242
v 0.134319 15.807755 -0.257491
v -0.196199 15.815026 -0.073843
v -0.246618 15.826128 0.206570
v -0.143746 15.836168 0.460152
v 0.134221 15.840862 0.578725
v 0.422522 15.806147 0.458508
v -0.890861 15.802298 -0.651277
v -0.200303 15.784312 -1.105563
v -0.096461 15.784312 -1.105563
v 0.014532 15.784312 -1.105564
v 0.042492 15.784312 -1.105563
v 0.134433 15.784312 -1.105563
v 0.191642 15.784312 -1.105563
v 0.225034 15.784312 -1.105564
v 0.336026 15.784312 -1.105563
v 0.483969 15.784312 -1.105563
v 1.174527 15.802298 -0.651277
v 1.424844 15.815476 -0.318450
v 1.424844 15.848781 0.522764
v 1.424844 15.875233 1.190896
v 1.424844 15.885454 1.449039
v 1.424844 15.916919 2.243790
v 1.314453 15.934745 2.694030
v 0.404137 15.951100 3.107114
v 0.290714 15.951100 3.107114
v 0.205620 15.951100 3.107115
v 0.124928 15.951100 3.107114
v 0.044235 15.951100 3.107114
v -0.040859 15.951100 3.107114
v -0.120471 15.951100 3.107114
v -1.030787 15.934745 2.694030
v -1.141177 15.916919 2.243790
v -1.141177 15.885454 1.449040
v -1.141177 15.875233 1.190896
v -1.141177 15.848781 0.522764
v -1.141177 15.815476 -0.318450
v -0.890861 15.757642 -0.649509
v -0.200303 15.739656 -1.103795
v -0.096461 15.739656 -1.103795
v 0.014532 15.739656 -1.103795
v 0.042492 15.739656 -1.103795
v 0.134433 15.739656 -1.103795
v 0.191642 15.739656 -1.103795
v 0.225034 15.739656 -1.103795
v 0.336026 15.739656 -1.103795
v 0.483969 15.739656 -1.103795
v 1.174527 15.757642 -0.649509
v 1.424844 15.770819 -0.316682
v 1.424844 15.804124 0.524532
v 1.424844 15.830577 1.192664
v 1.424844 15.840797 1.450807
v 1.424844 15.872263 2.245558
v 1.314453 15.890088 2.695799
v 0.404137 15.906443 3.108882
v 0.290714 15.906443 3.108882
v 0.205620 15.906443 3.108882
v 0.124928 15.906443 3.108882
v 0.044235 15.906443 3.108882
v -0.040859 15.906443 3.108882
v -0.120471 15.906443 3.108882
v -1.030787 15.890088 2.695799
v -1.141177 15.872263 2.245558
v -1.141177 15.840797 1.450807
v -1.141177 15.830577 1.192664
v -1.141177 15.804124 0.524532
v -1.141177 15.770819 -0.316682
vt 0.286551 0.594466
vt 0.309757 0.594445
vt 0.283301 0.768153
vt 0.314281 0.767405
vt 0.244976 0.735514
vt 0.351280 0.734381
vt 0.245709 0.628931
vt 0.351167 0.628890
vt 0.255217 0.749414
vt 0.341537 0.748218
vt 0.252313 0.611671
vt 0.344382 0.611405
vt 0.290252 0.593907
vt 0.271992 0.624159
vt 0.267946 0.642951
vt 0.266122 0.724732
vt 0.269531 0.747774
vt 0.288269 0.768928
vt 0.304658 0.593797
vt 0.325061 0.624034
vt 0.328466 0.642739
vt 0.329820 0.723574
vt 0.321921 0.747300
vt 0.307514 0.768692
vt 0.243308 0.661372
vt 0.274220 0.659012
vt 0.322038 0.658839
vt 0.353451 0.661626
vt 0.242815 0.672225
vt 0.271893 0.687447
vt 0.324369 0.687270
vt 0.353729 0.672534
vt 0.293984 0.593623
vt 0.285335 0.615355
vt 0.282574 0.661620
vt 0.282493 0.679879
vt 0.276842 0.725377
vt 0.282827 0.748385
vt 0.293238 0.769316
vt 0.300944 0.593574
vt 0.311563 0.615290
vt 0.313667 0.661485
vt 0.314022 0.679664
vt 0.319170 0.725321
vt 0.308443 0.748368
vt 0.302603 0.769191
vt 0.242014 0.700494
vt 0.265352 0.700295
vt 0.282927 0.700644
vt 0.313225 0.700870
vt 0.330177 0.700341
vt 0.353967 0.700670
vt 0.297467 0.593537
vt 0.298425 0.612405
vt 0.298079 0.662415
vt 0.298458 0.676182
vt 0.298002 0.696033
vt 0.297850 0.736586
vt 0.298006 0.748830
vt 0.298557 0.769365
vt 0.277669 0.721760
vt 0.297831 0.734487
vt 0.318027 0.721609
vt 0.281201 0.704982
vt 0.297974 0.700262
vt 0.314575 0.705226
vt 0.287471 0.698809
vt 0.286999 0.704474
vt 0.283791 0.726523
vt 0.284031 0.730875
vt 0.287382 0.748609
vt 0.294511 0.769368
vt 0.308798 0.699097
vt 0.309256 0.704285
vt 0.312279 0.726201
vt 0.312272 0.730293
vt 0.305293 0.748576
vt 0.301101 0.769282
vt 0.279071 0.713295
vt 0.282191 0.714289
vt 0.297589 0.717110
vt 0.313438 0.714128
vt 0.316405 0.713259
vt 0.312463 0.714376
vt 0.311307 0.725601
vt 0.297799 0.733368
vt 0.284740 0.725910
vt 0.283211 0.714561
vt 0.287690 0.705333
vt 0.297989 0.701498
vt 0.308030 0.705758
vt 0.310110 0.715142
vt 0.309122 0.724263
vt 0.297701 0.730832
vt 0.286847 0.724456
vt 0.285609 0.715093
vt 0.289296 0.707262
vt 0.297827 0.704341
vt 0.306080 0.708128
vt 0.392457 0.607233
vt 0.404171 0.609687
vt 0.425819 0.596487
vt 0.421939 0.595672
vt 0.373868 0.649355
vt 0.391324 0.653048
vt 0.396221 0.628812
vt 0.380405 0.617717
vt 0.361282 0.731527
vt 0.379291 0.726278
vt 0.380420 0.706347
vt 0.360649 0.713862
vt 0.392062 0.754021
vt 0.395034 0.754639
vt 0.398211 0.755300
vt 0.391706 0.737864
vt 0.408769 0.630966
vt 0.416728 0.612278
vt 0.429969 0.597361
vt 0.434651 0.737789
vt 0.407413 0.757212
vt 0.411648 0.758091
vt 0.448839 0.749726
vt 0.441020 0.718952
vt 0.456454 0.733776
vt 0.457452 0.641607
vt 0.452268 0.665763
vt 0.470032 0.669399
vt 0.476679 0.637842
vt 0.453166 0.619935
vt 0.469851 0.623433
vt 0.441984 0.599879
vt 0.447515 0.601035
vt 0.390838 0.691593
vt 0.366772 0.684143
vt 0.462674 0.704091
vt 0.437342 0.701267
vt 0.394382 0.667400
vt 0.368751 0.674466
vt 0.399796 0.691099
vt 0.402584 0.677516
vt 0.464713 0.694436
vt 0.443738 0.677690
vt 0.401223 0.755927
vt 0.404623 0.743335
vt 0.414559 0.694187
vt 0.416537 0.684660
vt 0.408562 0.635385
vt 0.416061 0.636850
vt 0.414769 0.629682
vt 0.420995 0.613156
vt 0.431014 0.597581
vt 0.418650 0.743466
vt 0.404236 0.756553
vt 0.432182 0.683687
vt 0.429320 0.697263
vt 0.440610 0.617263
vt 0.445097 0.638563
vt 0.437835 0.599011
vt 0.428324 0.627507
vt 0.427067 0.633519
vt 0.436290 0.641350
vt 0.440374 0.635544
vt 0.430894 0.615214
vt 0.437685 0.616640
vt 0.434449 0.598301
vt 0.436587 0.598750
vt 0.408159 0.644149
vt 0.412665 0.644679
vt 0.424422 0.646203
vt 0.434730 0.649227
vt 0.434885 0.642037
vt 0.426737 0.635039
vt 0.411731 0.658871
vt 0.414336 0.652866
vt 0.408035 0.652389
vt 0.407967 0.656556
vt 0.431361 0.662675
vt 0.431416 0.656321
vt 0.421925 0.658161
vt 0.420751 0.663773
vt 0.417070 0.638054
vt 0.414214 0.644862
vt 0.437217 0.658482
vt 0.435618 0.662328
vt 0.443509 0.642698
vt 0.436207 0.649711
vt 0.440388 0.650875
vt 0.415631 0.652004
vt 0.422253 0.656633
vt 0.430596 0.654993
vt 0.435177 0.641884
vt 0.435045 0.649327
vt 0.426807 0.634720
vt 0.416865 0.637796
vt 0.413885 0.644823
vt 0.415360 0.652189
vt 0.422185 0.656955
vt 0.430765 0.655274
vt 0.288800 0.766211
vt 0.284499 0.765762
vt 0.257121 0.747478
vt 0.262751 0.699866
vt 0.264497 0.726436
vt 0.247503 0.734629
vt 0.244735 0.700273
vt 0.269892 0.622768
vt 0.265295 0.643179
vt 0.248293 0.629747
vt 0.254154 0.613600
vt 0.287626 0.596960
vt 0.290777 0.596636
vt 0.294211 0.596371
vt 0.284268 0.612960
vt 0.278052 0.727621
vt 0.293435 0.766586
vt 0.304209 0.596516
vt 0.308739 0.596946
vt 0.342579 0.613371
vt 0.331130 0.643034
vt 0.327168 0.622654
vt 0.348571 0.629702
vt 0.331439 0.725337
vt 0.332830 0.699963
vt 0.351256 0.700395
vt 0.348751 0.733505
vt 0.339586 0.746334
vt 0.312959 0.765065
vt 0.306846 0.766003
vt 0.272319 0.660815
vt 0.246016 0.661735
vt 0.324007 0.660568
vt 0.350729 0.661937
vt 0.245550 0.672310
vt 0.281245 0.677576
vt 0.269761 0.685778
vt 0.281924 0.664102
vt 0.350995 0.672525
vt 0.297482 0.596294
vt 0.298405 0.609675
vt 0.298250 0.673853
vt 0.298168 0.664865
vt 0.279750 0.723040
vt 0.294602 0.766630
vt 0.300758 0.596311
vt 0.312594 0.612914
vt 0.326533 0.685637
vt 0.315212 0.677311
vt 0.314337 0.663994
vt 0.317957 0.727602
vt 0.302235 0.766459
vt 0.300838 0.766553
vt 0.298450 0.766620
vt 0.281156 0.714105
vt 0.283337 0.705905
vt 0.284627 0.702335
vt 0.288274 0.700983
vt 0.297978 0.698288
vt 0.308033 0.701127
vt 0.311559 0.702430
vt 0.312486 0.705950
vt 0.314313 0.714124
vt 0.315922 0.723037
vt 0.256450 0.748162
vt 0.284081 0.766600
vt 0.288618 0.767184
vt 0.293367 0.767557
vt 0.294569 0.767597
vt 0.298487 0.767595
vt 0.300931 0.767519
vt 0.302362 0.767427
vt 0.307079 0.766961
vt 0.313417 0.765885
vt 0.340273 0.746999
vt 0.349637 0.733809
vt 0.352214 0.700490
vt 0.351961 0.672529
vt 0.351692 0.661828
vt 0.349487 0.629418
vt 0.343208 0.612682
vt 0.309096 0.596065
vt 0.304358 0.595545
vt 0.300820 0.595341
vt 0.297476 0.595315
vt 0.294134 0.595397
vt 0.290600 0.595659
vt 0.287250 0.596083
vt 0.253512 0.612924
vt 0.247380 0.629462
vt 0.245058 0.661609
vt 0.244583 0.672282
vt 0.243775 0.700350
vt 0.246618 0.734936
vt 0.255247 0.749384
vt 0.283321 0.768116
vt 0.288277 0.768886
vt 0.293241 0.769274
vt 0.294512 0.769326
vt 0.298556 0.769323
vt 0.301098 0.769240
vt 0.302597 0.769149
vt 0.307504 0.768651
vt 0.314259 0.767368
vt 0.341507 0.748189
vt 0.351241 0.734367
vt 0.353925 0.700666
vt 0.353687 0.672533
vt 0.353409 0.661631
vt 0.351127 0.628902
vt 0.344354 0.611436
vt 0.309740 0.594484
vt 0.304651 0.593839
vt 0.300941 0.593617
vt 0.297467 0.593579
vt 0.293987 0.593666
vt 0.290260 0.593948
vt 0.286566 0.594505
vt 0.252342 0.611702
vt 0.245749 0.628944
vt 0.243350 0.661378
vt 0.242857 0.672227
vt 0.242056 0.700491
vt 0.245016 0.735500
vn 0.000000 0.999217 -0.039561
vn 0.000000 0.999217 -0.039561
vn 0.000000 0.999217 -0.039561
vn 0.000000 0.999217 -0.039561
vn 0.000000 0.999217 -0.039561
vn 0.000000 0.999217 -0.039561
vn 0.000000 0.999217 -0.039561
vn 0.000000 0.999217 -0.039561
vn 0.000000 0.999217 -0.039561
vn 0.000000 0.999217 -0.039561
vn 0.000000 0.999217 -0.039561
vn 0.000000 0.999217 -0.039561
vn 0.000000 0.999217 -0.039561
vn 0.000000 0.999217 -0.039561
vn 0.000000 0.999217 -0.039561
vn 0.000000 0.999217 -0.039561
vn 0.000000 0.999217 -0.039561
vn 0.000000 0.999217 -0.039561
vn 0.000000 0.999217 -0.039561
vn 0.000000 0.999217 -0.039561
vn 0.000000 0.999217 -0.039561
vn 0.000000 0.999217 -0.039561
vn 0.000000 0.999217 -0.039561
vn 0.000000 0.999217 -0.039561
vn 0.000000 0.999217 -0.039561
vn 0.000000 0.999217 -0.039561
vn 0.000000 0.999217 -0.039561
vn 0.000000 0.999217 -0.039561
vn 0.000000 0.999217 -0.039561
vn 0.000000 0.999217 -0.039561
vn 0.000000 0.999217 -0.039561
vn 0.000000 0.999217 -0.039561
vn 0.000000 0.999217 -0.039561
vn 0.000000 0.999217 -0.039561
vn 0.000000 0.999217 -0.039561
vn 0.000000 0.999217 -0.039561
vn 0.000000 0.999217 -0.039561
vn 0.000000 0.999217 -0.039561
vn 0.000000 0.999217 -0.039561
vn 0.000000 0.999217 -0.039561
vn 0.000000 0.999217 -0.039561
vn 0.000000 0.999217 -0.039561
vn 0.000000 0.999217 -0.039561
vn 0.000000 0.999217 -0.039561
vn 0.000000 0.999217 -0.039561
vn 0.000000 0.999217 -0.039561
vn 0.000000 0.999217 -0.039561
vn 0.000000 0.999217 -0.039561
vn 0.000000 0.999217 -0.039561
vn 0.000000 0.999217 -0.039561
vn 0.000000 0.999217 -0.039561
vn 0.000000 0.999217 -0.039561
vn 0.000000 0.999217 -0.039561
vn 0.000000 0.999217 -0.039561
vn 0.000000 0.999217 -0.039561
vn 0.000000 0.999217 -0.039561
vn 0.000000 0.999217 -0.039561
vn 0.000000 0.999217 -0.039561
vn 0.000000 0.999217 -0.039561
vn 0.000000 0.999217 -0.039561
vn 0.000000 0.999217 -0.039561
vn 0.000000 0.999217 -0.039561
vn 0.000000 0.999217 -0.039561
vn 0.000000 0.999217 -0.039561
vn 0.000000 0.999217 -0.039561
vn 0.000000 0.999217 -0.039561
vn 0.000000 0.999217 -0.039561
vn 0.000000 0.999217 -0.039561
vn 0.000000 0.999217 -0.039561
vn -0.000019 0.999080 -0.042877
vn 0.003052 0.999085 -0.042651
vn 0.000000 0.999217 -0.039561
vn 0.000000 0.999217 -0.039561
vn -0.019902 0.999772 -0.007769
vn -0.008960 0.999641 -0.025255
vn 0.000000 0.999217 -0.039561
vn 0.000000 0.999217 -0.039561
vn 0.020442 0.999771 -0.006282
vn 0.009188 0.999655 -0.024612
vn 0.000110 1.000000 -0.000109
vn 0.000187 1.000000 -0.000107
vn 0.000000 0.999217 -0.039561
vn -0.003225 0.999084 -0.042682
vn 0.000000 0.999217 -0.039561
vn 0.000000 0.999217 -0.039561
vn 0.000000 0.999217 -0.039561
vn 0.000000 0.999217 -0.039561
vn 0.000000 0.999217 -0.039561
vn -0.007718 0.998864 -0.047030
vn -0.000035 0.998891 -0.047074
vn 0.007462 0.998862 -0.047114
vn -0.985681 0.006672 0.168490
vn -0.985681 0.006672 0.168490
vn 0.985680 -0.006668 -0.168493
vn 0.985680 -0.006668 -0.168493
vn -0.483937 0.034618 0.874418
vn -0.483937 0.034618 0.874418
vn 0.483935 -0.034630 -0.874419
vn 0.483935 -0.034630 -0.874419
vn 0.485989 0.034578 0.873281
vn 0.485989 0.034578 0.873281
vn -0.485984 -0.034573 -0.873284
vn -0.485984 -0.034573 -0.873284
vn 0.984241 0.006997 0.176692
vn 0.984241 0.006997 0.176692
vn -0.984241 -0.006996 -0.176691
vn -0.984241 -0.006996 -0.176691
vn 0.926754 -0.014862 -0.375374
vn 0.926754 -0.014862 -0.375374
vn -0.926756 0.014867 0.375371
vn -0.926756 0.014867 0.375371
vn 0.382172 -0.120995 -0.916136
vn 0.382172 -0.120995 -0.916136
vn -0.382810 0.037328 0.923073
vn -0.382803 0.036571 0.923106
vn -0.920029 -0.015492 -0.391544
vn -0.920029 -0.015492 -0.391544
vn 0.920032 0.015503 0.391537
vn 0.920032 0.015503 0.391537
vn -0.381353 -0.097162 -0.919309
vn -0.381353 -0.097162 -0.919309
vn 0.378847 0.036630 0.924734
vn 0.378886 0.037373 0.924688
vn 0.985680 -0.006670 -0.168492
vn 0.985680 -0.006670 -0.168492
vn 0.483936 -0.034625 -0.874418
vn 0.483936 -0.034625 -0.874418
vn -0.485986 -0.034575 -0.873282
vn -0.485986 -0.034575 -0.873282
vn -0.984241 -0.006996 -0.176691
vn -0.984241 -0.006996 -0.176691
vn -0.926755 0.014865 0.375372
vn -0.926755 0.014865 0.375372
vn -0.382856 0.075226 0.920740
vn -0.382856 0.075226 0.920740
vn 0.920030 0.015498 0.391541
vn 0.920030 0.015498 0.391541
vn 0.380375 0.069347 0.922229
vn 0.380375 0.069347 0.922229
vn 0.000000 -0.999217 0.039561
vn 0.000000 -0.999217 0.039561
vn 0.000000 -0.999217 0.039561
vn 0.000000 -0.999217 0.039561
vn 0.000000 -0.999217 0.039561
vn 0.000000 -0.999217 0.039561
vn 0.000000 -0.999217 0.039561
vn 0.000000 -0.999217 0.039561
vn 0.000000 -0.999217 0.039561
vn 0.000000 -0.999217 0.039561
vn 0.000000 -0.999217 0.039561
vn 0.000000 -0.999217 0.039561
vn 0.000000 -0.999217 0.039561
vn 0.000000 -0.999217 0.039561
vn 0.000000 -0.999217 0.039561
vn 0.000000 -0.999217 0.039561
vn 0.000000 -0.999217 0.039561
vn 0.000000 -0.999217 0.039561
vn 0.000000 -0.999217 0.039561
vn 0.000000 -0.999217 0.039561
vn 0.000000 -0.999217 0.039561
vn 0.000000 -0.999217 0.039561
vn 0.000000 -0.999217 0.039561
vn 0.000000 -0.999217 0.039561
vn 0.000000 -0.999217 0.039561
vn 0.000000 -0.999217 0.039561
vn 0.000000 -0.999217 0.039561
vn 0.000000 -0.999217 0.039561
vn 0.000000 -0.999217 0.039561
vn 0.000000 -0.999217 0.039561
vn 0.000000 -0.999217 0.039561
vn 0.000000 -0.999217 0.039561
vn 0.000000 -0.999217 0.039561
vn 0.000000 -0.999217 0.039561
vn 0.000000 -0.999217 0.039561
vn 0.000000 -0.999217 0.039561
vn 0.000000 -0.999217 0.039561
vn 0.000000 -0.999217 0.039561
vn 0.000000 -0.999217 0.039561
vn 0.000000 -0.999217 0.039561
vn 0.000000 -0.999217 0.039561
vn 0.000000 -0.999217 0.039561
vn 0.000000 -0.999217 0.039561
vn 0.000000 -0.999217 0.039561
vn 0.000000 -0.999217 0.039561
vn 0.000000 -0.999217 0.039561
vn 0.000000 -0.999217 0.039561
vn 0.000000 -0.999217 0.039561
vn 0.000000 -0.999217 0.039561
vn 0.000000 -0.999217 0.039561
vn 0.000000 -0.999217 0.039561
vn 0.000000 -0.999217 0.039561
vn 0.000000 -0.999217 0.039561
vn 0.000000 -0.999217 0.039561
vn 0.000000 -0.999217 0.039561
vn 0.000000 -0.999217 0.039561
vn 0.000000 -0.999217 0.039561
vn 0.000000 -0.999217 0.039561
vn 0.000000 -0.999217 0.039561
vn 0.000000 -0.999217 0.039561
vn 0.000000 -0.999217 0.039561
vn 0.000000 -0.999217 0.039561
vn 0.000000 -0.999217 0.039561
vn 0.000000 -0.999217 0.039561
vn 0.000000 -0.999217 0.039561
vn 0.000000 -0.999217 0.039561
vn 0.000000 -0.999217 0.039561
vn 0.000000 -0.999217 0.039561
vn 0.000000 -0.999217 0.039561
vn 0.000000 -0.999217 0.039561
vn 0.000000 -0.999217 0.039561
vn 0.000000 -0.999217 0.039561
vn 0.000000 -0.999217 0.039561
vn 0.000000 -0.999217 0.039561
vn 0.000000 -0.999217 0.039561
vn 0.000000 -0.999217 0.039561
vn 0.000000 -0.999217 0.039561
vn 0.000000 -0.999217 0.039561
vn 0.000000 -0.999217 0.039561
vn 0.000000 -0.999217 0.039561
vn 0.000000 -0.999217 0.039561
vn 0.000000 -0.999217 0.039561
vn 0.000000 -0.999217 0.039561
vn 0.000000 -0.999217 0.039561
vn 0.000000 -0.999217 0.039561
vn 0.000000 -0.999217 0.039561
vn 0.000000 -0.999217 0.039561
vn 0.000000 -0.999217 0.039561
vn 0.000000 -0.999217 0.039561
vn 0.000000 -0.999217 0.039561
vn 0.000000 -0.999217 0.039561
vn -0.985681 0.006670 0.168490
vn -0.985681 0.006671 0.168490
vn -0.985681 0.006671 0.168490
vn -0.985681 0.006670 0.168490
vn -0.483938 0.034618 0.874417
vn -0.483938 0.034620 0.874417
vn -0.483938 0.034620 0.874417
vn -0.483938 0.034618 0.874417
vn 0.485988 0.034578 0.873281
vn 0.485988 0.034577 0.873281
vn 0.485988 0.034577 0.873281
vn 0.485988 0.034578 0.873281
vn 0.984241 0.006996 0.176691
vn 0.984241 0.006997 0.176691
vn 0.984241 0.006997 0.176691
vn 0.984241 0.006996 0.176691
vn 0.926754 -0.014862 -0.375375
vn 0.926754 -0.014864 -0.375375
vn 0.926754 -0.014864 -0.375375
vn 0.926754 -0.014862 -0.375375
vn 0.392627 -0.036379 -0.918978
vn 0.392627 -0.036383 -0.918978
vn 0.392627 -0.036383 -0.918978
vn 0.392627 -0.036379 -0.918978
vn -0.920029 -0.015497 -0.391544
vn -0.920029 -0.015498 -0.391544
vn -0.920029 -0.015498 -0.391544
vn -0.920029 -0.015497 -0.391544
vn -0.388346 -0.036444 -0.920793
vn -0.388346 -0.036447 -0.920793
vn -0.388346 -0.036447 -0.920793
vn -0.388346 -0.036444 -0.920793
vn -0.985681 0.006673 0.168490
vn -0.985681 0.006673 0.168490
vn -0.483938 0.034626 0.874417
vn -0.483938 0.034626 0.874417
vn 0.485987 0.034575 0.873282
vn 0.485987 0.034575 0.873282
vn 0.984242 0.006998 0.176691
vn 0.984241 0.006998 0.176691
vn 0.926754 -0.014869 -0.375374
vn 0.926754 -0.014869 -0.375374
vn 0.392628 -0.036398 -0.918977
vn 0.392628 -0.036398 -0.918977
vn -0.920029 -0.015502 -0.391544
vn -0.920029 -0.015502 -0.391544
vn -0.388345 -0.036461 -0.920792
vn -0.388345 -0.036461 -0.920792
vn 0.000000 -0.039561 -0.999217
vn 0.000000 -0.039561 -0.999217
vn 0.000000 -0.039561 -0.999217
vn -0.000001 -0.039564 -0.999217
vn -0.549893 -0.033065 -0.834580
vn -0.641941 -0.030378 -0.766152
vn -0.641947 -0.030333 -0.766149
vn -0.549893 -0.033042 -0.834581
vn 0.988339 -0.006024 -0.152151
vn 1.000000 0.000000 0.000000
vn 1.000000 0.000000 0.000000
vn 0.988339 -0.006024 -0.152151
vn -1.000000 -0.000000 0.000000
vn -1.000000 -0.000000 0.000000
vn -1.000000 0.000000 0.000000
vn -1.000000 0.000000 -0.000000
vn 0.989179 -0.005804 -0.146599
vn 0.989179 -0.005804 -0.146599
vn 0.989179 -0.005804 -0.146599
vn 0.989179 -0.005804 -0.146599
vn -0.996098 0.003491 0.088183
vn -0.971277 0.009414 0.237766
vn -0.971277 0.009412 0.237766
vn -0.996098 0.003491 0.088183
vn -0.799423 -0.023855 -0.600295
vn -0.799423 -0.023767 -0.600298
vn -0.385360 0.036505 0.922044
vn 0.000000 0.039561 0.999217
vn 0.000000 0.039561 0.999217
vn -0.385360 0.036505 0.922044
vn -0.413494 0.036020 0.909794
vn -0.413494 0.036020 0.909794
vn 0.000000 0.039561 0.999217
vn 0.000000 0.039561 0.999217
vn 0.378245 -0.036622 -0.924981
vn 0.519594 -0.033801 -0.853745
vn 0.519594 -0.033801 -0.853745
vn 0.378245 -0.036622 -0.924981
vn 0.025021 0.039547 0.998904
vn 0.025021 0.039547 0.998904
vn 0.025021 0.039547 0.998904
vn 0.025021 0.039547 0.998904
vn 0.000000 -0.039561 -0.999217
vn -0.000000 -0.039566 -0.999217
vn 0.000000 0.039561 0.999217
vn 0.374443 0.036683 0.926524
vn 0.374443 0.036688 0.926524
vn 0.000003 0.039562 0.999217
vn 0.413494 0.036020 0.909794
vn 0.413494 0.036025 0.909794
vn -0.992774 -0.004747 -0.119903
vn -0.992774 -0.004747 -0.119903
vn -0.992774 -0.004747 -0.119903
vn -0.992774 -0.004747 -0.119903
vn 0.971277 0.009414 0.237766
vn 0.996098 0.003491 0.088183
vn 0.996098 0.003491 0.088184
vn 0.971277 0.009414 0.237766
vn -1.000000 0.000000 0.000000
vn -0.988339 -0.006024 -0.152151
vn -0.988339 -0.006024 -0.152151
vn -1.000000 0.000000 0.000000
vn 1.000000 0.000000 0.000000
vn 1.000000 0.000000 0.000000
vn 1.000000 0.000000 0.000000
vn 1.000000 0.000000 0.000000
vn 0.799423 -0.023855 -0.600295
vn 0.641941 -0.030363 -0.766152
vn 0.641947 -0.030333 -0.766149
vn 0.799423 -0.023767 -0.600298
vn 0.549893 -0.033043 -0.834581
vn 0.549893 -0.033043 -0.834581
vn 0.000000 -0.039561 -0.999217
vn 0.000000 -0.039561 -0.999217
vn 0.000001 -0.039559 -0.999217
vn -0.000002 -0.039557 -0.999217
vn 0.917133 0.015768 0.398270
vn 0.917133 0.015768 0.398270
vn 0.917133 0.015768 0.398270
vn 0.917133 0.015768 0.398270
vn -1.000000 0.000000 0.000000
vn -1.000000 0.000000 -0.000000
vn -0.917133 0.015767 0.398270
vn -0.917133 0.015767 0.398270
vn -0.917133 0.015767 0.398270
vn -0.917133 0.015767 0.398270
vn 1.000000 0.000000 0.000000
vn 1.000000 0.000000 0.000000
vn -1.000000 0.000000 0.000000
vn -1.000000 0.000000 0.000000
vn 0.436525 -0.035593 -0.898988
vn 0.804170 -0.023515 -0.593934
vn 0.804170 -0.023515 -0.593934
vn 0.436525 -0.035593 -0.898988
vn 0.259003 0.038211 0.965121
vn 0.097447 0.039373 0.994462
vn 0.097447 0.039373 0.994462
vn 0.259003 0.038211 0.965121
vn 1.000000 0.000000 0.000000
vn 1.000000 0.000000 0.000000
vn 0.000000 0.039561 0.999217
vn -0.000002 0.039558 0.999217
vn 0.000000 -0.039561 -0.999217
vn 0.000000 -0.039561 -0.999217
vn -0.000000 -0.039561 -0.999217
vn -0.000000 -0.039561 -0.999217
vn 0.000000 0.039561 0.999217
vn 0.000000 0.039561 0.999217
vn -0.985095 0.006805 0.171875
vn -0.985095 0.006805 0.171875
vn -0.985095 0.006805 0.171875
vn -0.985095 0.006805 0.171875
vn 0.000000 -0.039561 -0.999217
vn 0.000002 -0.039562 -0.999217
vn 0.000000 0.039561 0.999217
vn -0.000000 0.039555 0.999217
vn -0.519593 -0.033801 -0.853745
vn -0.378245 -0.036622 -0.924981
vn -0.378245 -0.036622 -0.924981
vn -0.519593 -0.033801 -0.853745
vn -0.804170 -0.023515 -0.593934
vn -0.436524 -0.035593 -0.898988
vn -0.436524 -0.035593 -0.898988
vn -0.804170 -0.023515 -0.593934
vn -0.097447 0.039373 0.994462
vn -0.259002 0.038211 0.965121
vn -0.259002 0.038211 0.965121
vn -0.097447 0.039373 0.994462
vn -0.025022 0.039548 0.998904
vn -0.025022 0.039548 0.998904
vn -0.025022 0.039548 0.998904
vn -0.025022 0.039548 0.998904
vn 0.000000 -0.039561 -0.999217
vn 0.000002 -0.039563 -0.999217
vn 0.000000 -0.039561 -0.999217
vn 0.000000 -0.039561 -0.999217
vn 0.000000 -0.039561 -0.999217
vn -0.000003 -0.039563 -0.999217
vn -0.985095 0.006805 0.171875
vn -0.985095 0.006805 0.171875
vn -0.985095 0.006805 0.171875
vn -0.985095 0.006805 0.171875
vn -0.985095 0.006805 0.171875
vn -0.985095 0.006805 0.171875
vn -0.323837 0.037427 0.945372
vn -0.294537 0.037805 0.954892
vn -0.294537 0.037805 0.954892
vn -0.323837 0.037427 0.945372
vn 0.298940 0.037755 0.953525
vn 0.289361 0.037871 0.956471
vn 0.289361 0.037871 0.956471
vn 0.298940 0.037755 0.953525
vn -0.281737 0.037958 0.958741
vn -0.281737 0.037958 0.958741
vn 0.265518 0.038140 0.963351
vn 0.265518 0.038140 0.963351
vn 0.985095 0.006804 0.171874
vn 0.985095 0.006804 0.171875
vn 0.985095 0.006804 0.171875
vn 0.985095 0.006804 0.171874
vn 0.985095 0.006805 0.171875
vn 0.985095 0.006805 0.171874
vn 0.985095 0.006805 0.171874
vn 0.985095 0.006805 0.171875
vn 0.985095 0.006805 0.171874
vn 0.985095 0.006805 0.171874
vn -0.549893 -0.033042 -0.834581
vn -0.641947 -0.030332 -0.766149
vn -0.641947 -0.030333 -0.766149
vn -0.549893 -0.033043 -0.834581
vn -0.000002 -0.039563 -0.999217
vn 0.000000 -0.039561 -0.999217
vn 0.000000 -0.039561 -0.999217
vn -0.000002 -0.039561 -0.999217
vn 0.000000 -0.039564 -0.999217
vn 0.000000 -0.039561 -0.999217
vn 0.000003 -0.039562 -0.999217
vn 0.000004 -0.039561 -0.999217
vn 0.000000 -0.039561 -0.999217
vn 0.000000 -0.039561 -0.999217
vn -0.000004 -0.039562 -0.999217
vn -0.000006 -0.039561 -0.999217
vn 0.000002 -0.039562 -0.999217
vn 0.000003 -0.039559 -0.999217
vn 0.000001 -0.039559 -0.999217
vn 0.000002 -0.039558 -0.999217
vn -0.000002 -0.039557 -0.999217
vn -0.000003 -0.039558 -0.999217
vn 0.641947 -0.030333 -0.766149
vn 0.549893 -0.033043 -0.834581
vn 0.549893 -0.033043 -0.834581
vn 0.641947 -0.030333 -0.766149
vn 0.799423 -0.023766 -0.600298
vn 0.799423 -0.023767 -0.600298
vn 1.000000 0.000000 0.000000
vn 1.000000 0.000000 0.000000
vn 1.000000 0.000000 0.000000
vn 1.000000 0.000000 0.000000
vn 1.000000 0.000000 0.000000
vn 1.000000 0.000000 0.000000
vn 1.000000 0.000000 0.000000
vn 1.000000 0.000000 0.000000
vn 0.996098 0.003491 0.088184
vn 0.996098 0.003491 0.088184
vn 0.971277 0.009414 0.237766
vn 0.971277 0.009414 0.237766
vn 0.374443 0.036688 0.926524
vn 0.413494 0.036025 0.909794
vn 0.413494 0.036025 0.909794
vn 0.374443 0.036687 0.926524
vn 0.000004 0.039562 0.999217
vn 0.000006 0.039564 0.999217
vn -0.000000 0.039557 0.999217
vn 0.000000 0.039561 0.999217
vn -0.000002 0.039559 0.999217
vn -0.000003 0.039561 0.999217
vn 0.000000 0.039561 0.999217
vn 0.000000 0.039561 0.999217
vn 0.000000 0.039561 0.999217
vn 0.000000 0.039561 0.999217
vn -0.385360 0.036505 0.922044
vn -0.385360 0.036506 0.922044
vn -0.413494 0.036020 0.909794
vn -0.413494 0.036021 0.909794
vn -0.996098 0.003491 0.088183
vn -0.971277 0.009414 0.237766
vn -0.971277 0.009417 0.237766
vn -0.996098 0.003493 0.088183
vn -1.000000 0.000000 -0.000000
vn -1.000000 0.000000 -0.000000
vn -1.000000 0.000000 0.000000
vn -1.000000 0.000000 0.000000
vn -1.000000 0.000000 -0.000000
vn -1.000000 0.000000 0.000000
vn -1.000000 0.000000 -0.000000
vn -1.000000 0.000000 0.000000
vn -0.799423 -0.023766 -0.600298
vn -0.799423 -0.023767 -0.600298
s 1
g pPlane1
usemtl initialShadingGroup
f 100/201/1 101/17/2 102/199/3 103/200/4
f 104/205/5 105/202/6 106/203/7 107/204/8
f 108/209/9 109/206/10 110/207/11 111/208/12
f 107/204/8 106/203/7 101/17/2 100/201/1
f 112/210/13 113/211/14 109/206/10 108/209/9
f 109/206/10 113/211/14 114/212/15 115/213/16
f 101/17/2 106/203/7 116/214/17 117/38/18
f 102/199/3 101/17/2 117/38/18 118/215/19
f 120/220/20 119/216/21 121/217/22 122/218/23
f 123/219/24 120/220/20 122/218/23 124/221/25
f 126/222/26 125/223/27 127/224/28 128/225/29
f 129/23/30 126/222/26 128/225/29 130/226/31
f 131/228/32 129/23/30 130/226/31 132/227/33
f 111/208/12 110/207/11 133/229/34 134/230/35
f 136/232/36 135/231/37 123/219/24 124/221/25
f 134/230/35 133/229/34 137/235/38 138/233/39
f 139/236/40 140/234/41 137/235/38 133/229/34
f 142/237/42 141/246/43 135/231/37 136/232/36
f 115/213/16 114/212/15 143/238/44 144/239/45
f 145/241/46 146/240/47 140/234/41 139/236/40
f 116/214/17 147/242/48 148/69/49 149/70/50
f 117/38/18 116/214/17 149/70/50 150/71/51
f 118/215/19 117/38/18 150/71/51 151/243/52
f 153/245/53 152/244/54 119/216/21 120/220/20
f 141/246/43 154/247/55 155/248/56 135/231/37
f 157/45/57 156/249/58 126/222/26 129/23/30
f 158/250/59 157/45/57 129/23/30 131/228/32
f 138/233/39 137/235/38 105/202/6 104/205/5
f 127/224/28 125/223/27 141/246/43 142/237/42
f 144/239/45 143/238/44 152/244/54 153/245/53
f 155/248/56 154/247/55 146/240/47 145/241/46
f 160/58/60 159/62/61 161/75/62 162/76/63
f 163/59/64 160/58/60 162/76/63 164/77/65
f 165/252/66 163/59/64 164/77/65 166/251/67
f 167/253/68 168/80/69 148/69/49 147/242/48
s 7
f 169/81/70 170/92/71 171/93/72 172/94/73
s 1
f 173/256/74 174/68/75 175/254/76 176/255/77
f 177/258/78 178/74/79 179/65/80 180/257/81
f 179/65/80 174/68/75 173/256/74 180/257/81
s 7
f 172/94/73 181/95/82 182/96/83 169/81/70
s 1
f 149/70/50 148/69/49 159/62/61 160/58/60
f 150/71/51 149/70/50 160/58/60 163/59/64
f 151/243/52 150/71/51 163/59/64 165/252/66
f 183/260/84 178/74/79 177/258/78 184/259/85
f 185/262/86 161/75/62 186/82/87 187/261/88
f 162/76/63 161/75/62 185/262/86 156/249/58
f 164/77/65 162/76/63 156/249/58 157/45/57
f 166/251/67 164/77/65 157/45/57 158/250/59
f 174/68/75 168/80/69 167/253/68 175/254/76
s 7
f 169/81/70 182/96/83 188/97/89 189/98/90
f 190/99/91 170/92/71 169/81/70 189/98/90
s 1
f 187/261/88 186/82/87 178/74/79 183/260/84
s 10
f 186/82/92 161/75/93 191/85/94 192/84/95
s 11
f 161/75/96 159/62/97 193/86/98 191/85/99
s 12
f 159/62/100 148/69/101 194/87/102 193/86/103
s 13
f 148/69/104 168/80/105 195/88/106 194/87/107
s 14
f 168/80/108 174/68/109 196/89/110 195/88/111
s 15
f 174/68/112 179/65/113 197/90/114 196/89/115
s 16
f 178/74/116 186/82/117 192/84/118 198/91/119
s 17
f 179/65/120 178/74/121 198/91/122 197/90/123
s 10
f 192/84/95 191/85/94 171/93/124 170/92/125
s 11
f 191/85/99 193/86/98 172/94/126 171/93/127
s 12
f 193/86/103 194/87/102 181/95/128 172/94/129
s 13
f 194/87/107 195/88/106 182/96/130 181/95/131
s 14
f 195/88/111 196/89/110 188/97/132 182/96/133
s 15
f 196/89/115 197/90/114 189/98/134 188/97/135
s 16
f 198/91/119 192/84/118 170/92/136 190/99/137
s 17
f 197/90/123 198/91/122 190/99/138 189/98/139
s 18
f 9/100/140 3/103/141 18/102/142 17/101/143
f 47/104/144 5/107/145 16/106/146 48/105/147
f 11/108/148 7/111/149 15/110/150 14/109/151
f 5/107/145 9/100/140 17/101/143 16/106/146
f 1/112/152 11/108/148 14/109/151 13/113/153
f 14/109/151 34/115/154 33/114/155 13/113/153
f 17/101/143 38/117/156 37/116/157 16/106/146
f 18/102/142 39/118/158 38/117/156 17/101/143
f 20/119/159 12/122/160 2/121/161 19/120/162
f 21/123/163 8/124/164 12/122/160 20/119/159
f 22/125/165 6/128/166 52/127/167 51/126/168
f 23/129/169 10/130/170 6/128/166 22/125/165
f 24/131/171 4/132/172 10/130/170 23/129/169
f 7/111/149 25/134/173 26/133/174 15/110/150
f 28/135/175 8/124/164 21/123/163 27/136/176
f 25/134/173 29/138/177 30/137/178 26/133/174
f 35/139/179 26/133/174 30/137/178 36/140/180
f 32/141/181 28/135/175 27/136/176 31/142/182
f 34/115/154 54/144/183 53/143/184 33/114/155
f 55/145/185 35/139/179 36/140/180 56/146/186
f 37/116/157 70/149/187 69/148/188 61/147/189
f 38/117/156 71/150/190 70/149/187 37/116/157
f 39/118/158 72/151/191 71/150/190 38/117/156
f 41/152/192 20/119/159 19/120/162 40/153/193
f 31/142/182 27/136/176 42/155/194 43/154/195
f 45/156/196 23/129/169 22/125/165 44/157/197
f 46/158/198 24/131/171 23/129/169 45/156/196
f 29/138/177 47/104/144 48/105/147 30/137/178
f 52/127/167 32/141/181 31/142/182 51/126/168
f 54/144/183 41/152/192 40/153/193 53/143/184
f 42/155/194 55/145/185 56/146/186 43/154/195
f 58/159/199 76/162/200 75/161/201 62/160/202
f 59/163/203 77/164/204 76/162/200 58/159/199
f 60/165/205 78/166/206 77/164/204 59/163/203
f 79/167/207 61/147/189 69/148/188 80/168/208
s 23
f 91/169/209 94/172/210 93/171/211 92/170/212
s 18
f 67/173/213 49/176/214 64/175/215 68/174/216
f 73/177/217 57/180/218 65/179/219 74/178/220
f 65/179/219 57/180/218 67/173/213 68/174/216
s 23
f 94/172/210 91/169/209 96/182/221 95/181/222
s 18
f 70/149/187 58/159/199 62/160/202 69/148/188
f 71/150/190 59/163/203 58/159/199 70/149/187
f 72/151/191 60/165/205 59/163/203 71/150/190
f 66/183/223 50/184/224 73/177/217 74/178/220
f 63/185/225 82/187/226 81/186/227 75/161/201
f 76/162/200 44/157/197 63/185/225 75/161/201
f 77/164/204 45/156/196 44/157/197 76/162/200
f 78/166/206 46/158/198 45/156/196 77/164/204
f 68/174/216 64/175/215 79/167/207 80/168/208
s 23
f 91/169/209 98/189/228 97/188/229 96/182/221
f 99/190/230 98/189/228 91/169/209 92/170/212
s 18
f 82/187/226 66/183/223 74/178/220 81/186/227
s 24
f 81/186/231 83/192/232 84/191/233 75/161/234
s 25
f 75/161/235 84/191/236 85/193/237 62/160/238
s 26
f 62/160/239 85/193/240 86/194/241 69/148/242
s 27
f 69/148/243 86/194/244 87/195/245 80/168/246
s 28
f 80/168/247 87/195/248 88/196/249 68/174/250
s 29
f 68/174/251 88/196/252 89/197/253 65/179/254
s 30
f 74/178/255 90/198/256 83/192/257 81/186/258
s 31
f 65/179/259 89/197/260 90/198/261 74/178/262
s 24
f 83/192/232 92/170/263 93/171/264 84/191/233
s 25
f 84/191/236 93/171/265 94/172/266 85/193/237
s 26
f 85/193/240 94/172/267 95/181/268 86/194/241
s 27
f 86/194/244 95/181/269 96/182/270 87/195/245
s 28
f 87/195/248 96/182/271 97/188/272 88/196/249
s 29
f 88/196/252 97/188/273 98/189/274 89/197/253
s 30
f 90/198/256 99/190/275 92/170/276 83/192/257
s 31
f 89/197/260 98/189/277 99/190/278 90/198/261
s 32
f 18/18/279 3/3/280 230/294/281 231/295/282
s 33
f 3/3/283 9/9/284 229/293/285 230/294/286
s 34
f 48/48/287 16/16/288 106/203/289 105/202/290
s 35
f 5/5/291 47/47/292 257/321/293 258/322/294
s off
f 14/14/295 15/15/296 110/207/297 109/206/298
s 35
f 7/7/299 11/11/300 253/317/301 254/318/302
s 33
f 9/9/284 5/5/303 258/322/304 229/293/285
s 37
f 1/1/305 13/13/306 251/315/307 252/316/308
f 11/11/309 1/1/305 252/316/308 253/317/310
f 13/13/306 33/33/311 250/314/312 251/315/307
s 38
f 34/34/313 14/14/314 109/206/315 115/213/316
s off
f 16/16/317 37/37/318 116/214/319 106/203/320
s 32
f 39/39/321 18/18/279 231/295/282 232/296/322
s 37
f 19/19/323 2/2/324 246/310/325 247/311/326
f 2/2/324 12/12/327 245/309/328 246/310/325
s off
f 21/21/329 20/20/330 120/220/331 123/219/332
s 40
f 12/12/333 8/8/334 244/308/335 245/309/336
s 34
f 22/22/337 51/51/338 125/223/339 126/222/340
s 40
f 52/52/341 6/6/342 240/304/343 241/305/344
s 43
f 6/6/345 10/10/346 239/303/347 240/304/348
f 10/10/346 4/4/349 238/302/350 239/303/347
s 32
f 4/4/351 24/24/352 237/301/353 238/302/354
s off
f 15/15/355 26/26/356 133/229/357 110/207/358
s 35
f 25/25/359 7/7/299 254/318/302 255/319/360
s off
f 27/27/361 21/21/362 123/219/363 135/231/364
s 40
f 8/8/334 28/28/365 243/307/366 244/308/335
s 35
f 29/29/367 25/25/359 255/319/360 256/320/368
s 34
f 36/36/369 30/30/370 137/235/371 140/234/372
s 45
f 26/26/373 35/35/374 139/236/375 133/229/376
s 40
f 28/28/365 32/32/377 242/306/378 243/307/366
s 37
f 33/33/311 53/53/379 249/313/380 250/314/312
s 38
f 54/54/381 34/34/313 115/213/316 144/239/382
s 34
f 56/56/383 36/36/369 140/234/372 146/240/384
s 45
f 35/35/374 55/55/385 145/241/386 139/236/375
s 46
f 37/37/387 61/61/388 147/242/389 116/214/390
s 32
f 72/72/391 39/39/321 232/296/322 233/297/392
s 37
f 40/40/393 19/19/323 247/311/326 248/312/394
s 38
f 20/20/395 41/41/396 153/245/397 120/220/398
s 34
f 31/31/399 43/43/400 154/247/401 141/246/402
s 45
f 42/42/403 27/27/404 135/231/405 155/248/406
s off
f 44/44/407 22/22/408 126/222/409 156/249/410
s 32
f 24/24/352 46/46/411 236/300/412 237/301/353
s 34
f 30/30/370 48/48/287 105/202/290 137/235/371
s 35
f 47/47/292 29/29/367 256/320/368 257/321/293
s 34
f 51/51/338 31/31/399 141/246/402 125/223/339
s 40
f 32/32/377 52/52/341 241/305/344 242/306/378
s 37
f 53/53/379 40/40/393 248/312/394 249/313/380
s 38
f 41/41/396 54/54/381 144/239/382 153/245/397
s 34
f 43/43/400 56/56/383 146/240/384 154/247/401
s 45
f 55/55/385 42/42/403 155/248/406 145/241/386
s 32
f 78/78/413 60/60/414 234/298/415 235/299/416
s 46
f 61/61/388 79/79/417 167/253/418 147/242/389
f 64/64/419 49/49/420 176/255/421 175/254/422
s 47
f 49/49/423 67/67/424 173/256/425 176/255/426
s 48
f 57/57/427 73/73/428 177/258/429 180/257/430
s 47
f 67/67/424 57/57/431 180/257/432 173/256/425
s 32
f 60/60/414 72/72/391 233/297/392 234/298/415
s 48
f 73/73/428 50/50/433 184/259/434 177/258/429
s 49
f 50/50/435 66/66/436 183/260/437 184/259/438
f 82/83/439 63/63/440 185/262/441 187/261/442
f 63/63/440 44/44/443 156/249/444 185/262/441
s 32
f 46/46/411 78/78/413 235/299/416 236/300/412
s 46
f 79/79/417 64/64/419 175/254/422 167/253/418
s 49
f 66/66/436 82/83/439 187/261/442 183/260/437
s 33
f 200/264/445 199/263/446 100/201/447 103/200/448
s 32
f 201/265/449 200/264/450 103/200/451 102/199/452
f 202/266/453 201/265/449 102/199/452 118/215/454
f 203/267/455 202/266/453 118/215/454 151/243/456
f 204/268/457 203/267/455 151/243/456 165/252/458
f 205/269/459 204/268/457 165/252/458 166/251/460
f 206/270/461 205/269/459 166/251/460 158/250/462
f 207/271/463 206/270/461 158/250/462 131/228/464
f 208/272/465 207/271/463 131/228/464 132/227/466
s 43
f 209/273/467 208/272/468 132/227/469 130/226/470
f 210/274/471 209/273/467 130/226/470 128/225/472
s 40
f 211/275/473 210/274/474 128/225/475 127/224/476
f 212/276/477 211/275/473 127/224/476 142/237/478
f 213/277/479 212/276/477 142/237/478 136/232/480
f 214/278/481 213/277/479 136/232/480 124/221/482
f 215/279/483 214/278/481 124/221/482 122/218/484
s 37
f 216/280/485 215/279/486 122/218/487 121/217/488
f 217/281/489 216/280/485 121/217/488 119/216/490
f 218/282/491 217/281/489 119/216/490 152/244/492
f 219/283/493 218/282/491 152/244/492 143/238/494
f 220/284/495 219/283/493 143/238/494 114/212/496
f 221/285/497 220/284/495 114/212/496 113/211/498
f 222/286/499 221/285/497 113/211/498 112/210/500
f 223/287/501 222/286/499 112/210/500 108/209/502
s 35
f 224/288/503 223/287/504 108/209/505 111/208/506
f 225/289/507 224/288/503 111/208/506 134/230/508
f 226/290/509 225/289/507 134/230/508 138/233/510
f 227/291/511 226/290/509 138/233/510 104/205/512
f 228/292/513 227/291/511 104/205/512 107/204/514
s 33
f 199/263/446 228/292/515 107/204/516 100/201/447
f 230/294/286 229/293/285 199/263/446 200/264/445
s 32
f 231/295/282 230/294/281 200/264/450 201/265/449
f 232/296/322 231/295/282 201/265/449 202/266/453
f 233/297/392 232/296/322 202/266/453 203/267/455
f 234/298/415 233/297/392 203/267/455 204/268/457
f 235/299/416 234/298/415 204/268/457 205/269/459
f 236/300/412 235/299/416 205/269/459 206/270/461
f 237/301/353 236/300/412 206/270/461 207/271/463
f 238/302/354 237/301/353 207/271/463 208/272/465
s 43
f 239/303/347 238/302/350 208/272/468 209/273/467
f 240/304/348 239/303/347 209/273/467 210/274/471
s 40
f 241/305/344 240/304/343 210/274/474 211/275/473
f 242/306/378 241/305/344 211/275/473 212/276/477
f 243/307/366 242/306/378 212/276/477 213/277/479
f 244/308/335 243/307/366 213/277/479 214/278/481
f 245/309/336 244/308/335 214/278/481 215/279/483
s 37
f 246/310/325 245/309/328 215/279/486 216/280/485
f 247/311/326 246/310/325 216/280/485 217/281/489
f 248/312/394 247/311/326 217/281/489 218/282/491
f 249/313/380 248/312/394 218/282/491 219/283/493
f 250/314/312 249/313/380 219/283/493 220/284/495
f 251/315/307 250/314/312 220/284/495 221/285/497
f 252/316/308 251/315/307 221/285/497 222/286/499
f 253/317/310 252/316/308 222/286/499 223/287/501
s 35
f 254/318/302 253/317/301 223/287/504 224/288/503
f 255/319/360 254/318/302 224/288/503 225/289/507
f 256/320/368 255/319/360 225/289/507 226/290/509
f 257/321/293 256/320/368 226/290/509 227/291/511
f 258/322/294 257/321/293 227/291/511 228/292/513
s 33
f 229/293/285 258/322/304 228/292/515 199/263/446
g default
v 0.625988 1.839349 -0.454807
v 0.239106 1.839349 -0.735893
v -0.239106 1.839349 -0.735893
v -0.625988 1.839349 -0.454807
v -0.773764 1.839349 0.000000
v -0.625988 1.839349 0.454807
v -0.239106 1.839349 0.735893
v 0.239106 1.839349 0.735893
v 0.625988 1.839349 0.454807
v 0.773764 1.839349 -0.000000
v 2.444265 1.725561 -1.775863
v 0.933626 1.725561 -2.873407
v -0.933627 1.725561 -2.873406
v -2.444266 1.725561 -1.775863
v -3.021278 1.725561 0.000000
v -2.444265 1.725561 1.775863
v -0.933626 1.725561 2.873406
v 0.933626 1.725561 2.873406
v 2.444265 1.725561 1.775863
v 3.021277 1.725561 -0.000000
v 2.990848 15.855984 -2.172979
v 1.142402 15.855984 -3.515954
v -1.142403 15.855984 -3.515953
v -2.990849 15.855984 -2.172979
v -3.696892 15.855984 0.000000
v -2.990849 15.855984 2.172979
v -1.142402 15.855984 3.515954
v 1.142403 15.855984 3.515953
v 2.990848 15.855984 2.172978
v 3.696891 15.855984 -0.000000
v 1.176993 15.768938 -0.360199
v 0.327187 15.765416 -0.263804
v -0.327187 15.765416 -0.263803
v -1.176993 15.768938 -0.360199
v -0.000000 1.855874 -0.000000
v -0.000000 15.863116 0.029331
v 1.538096 15.765416 -0.637553
v 1.327935 15.775198 0.006637
v 1.024580 15.775198 0.744401
v 0.391355 15.775198 1.204466
v -0.391355 15.775198 1.204466
v -1.024580 15.775198 0.744401
v -1.327936 15.775198 0.006637
v -1.538096 15.765416 -0.637553
v 1.562935 15.768938 -1.376306
v 1.781354 15.775198 -0.041306
v 1.428144 15.775198 1.037607
v 0.545502 15.775198 1.678884
v -0.545502 15.775198 1.678884
v -1.428144 15.775198 1.037608
v -1.781354 15.775198 -0.041306
v -1.562936 15.768938 -1.376306
v -0.570492 15.765416 -2.036250
v 0.570492 15.765416 -2.036250
v -1.567831 15.647198 -0.728632
v 1.567831 15.647198 -0.728633
v -1.248336 15.647198 -0.428663
v -0.364053 15.647198 -0.294120
v 0.364053 15.647198 -0.294120
v 1.248336 15.647198 -0.428664
v -1.494703 15.647198 -1.492363
v -0.569644 15.647198 -2.031219
v 0.569644 15.647198 -2.031220
v 1.494703 15.647198 -1.492363
v 3.018563 16.034848 -2.193115
v 3.731148 16.034848 -0.000000
v 2.924212 16.097002 -2.124565
v 3.614525 16.097002 -0.000000
v 3.018563 16.034848 2.193115
v 2.924212 16.097002 2.124564
v 1.152989 16.034848 3.548533
v 1.116950 16.097002 3.437617
v -1.152988 16.034848 3.548534
v -1.116950 16.097002 3.437617
v -3.018563 16.034848 2.193115
v -2.924212 16.097002 2.124565
v -3.731149 16.034848 0.000000
v -3.614525 16.097002 0.000000
v -3.018564 16.034848 -2.193114
v -2.924212 16.097002 -2.124564
v -1.152989 16.034848 -3.548533
v -1.116950 16.097002 -3.437617
v 1.152988 16.034848 -3.548534
v 1.116949 16.097002 -3.437617
v 2.561192 15.927080 -1.860815
v 3.165807 15.927079 -0.000000
v 2.561192 15.927079 1.860815
v 0.978289 15.927079 3.010862
v -0.978288 15.927079 3.010862
v -2.561192 15.927079 1.860815
v -3.165808 15.927079 0.000000
v -2.561193 15.927079 -1.860815
v -0.978289 15.927079 -3.010862
v 0.978288 15.927079 -3.010862
v 2.785754 16.067400 -2.023969
v 3.443381 16.067401 -0.000000
v 2.785754 16.067401 2.023968
v 1.064064 16.067401 3.274850
v -1.064063 16.067401 3.274850
v -2.785754 16.067401 2.023969
v -3.443381 16.067401 0.000000
v -2.785754 16.067401 -2.023968
v -1.064064 16.067401 -3.274850
v 1.064063 16.067401 -3.274850
v 2.691863 16.132504 -1.955753
v 3.327325 16.132504 -0.000000
v 2.691863 16.132504 1.955753
v 1.028200 16.132504 3.164475
v -1.028200 16.132504 3.164475
v -2.691863 16.132504 1.955753
v -3.327326 16.132504 0.000000
v -2.691864 16.132504 -1.955753
v -1.028201 16.132504 -3.164475
v 1.028200 16.132504 -3.164475
v 1.568362 15.775198 -1.450027
v 1.847901 15.775198 -0.054922
v 1.483547 15.775198 1.077860
v 0.566665 15.775198 1.744014
v -0.566665 15.775198 1.744015
v -1.483547 15.775198 1.077860
v -1.847901 15.775198 -0.054921
v -1.568362 15.775198 -1.450027
v -0.580801 15.775198 -2.097396
v 0.580800 15.775198 -2.097396
v -1.494703 15.700505 -1.492363
v -0.569644 15.700505 -2.031220
v 0.569644 15.700505 -2.031220
v 1.494703 15.700505 -1.492363
v 1.567831 15.700505 -0.728633
v 1.248336 15.700505 -0.428664
v 0.364053 15.700505 -0.294120
v -0.364053 15.700505 -0.294120
v -1.248336 15.700505 -0.428663
v -1.567831 15.700505 -0.728632
v 3.319201 14.796956 -2.499408
v 4.102758 14.796956 -0.000000
v 3.319201 14.796956 2.499407
v 1.267822 14.796956 4.044125
v -1.267822 14.796956 4.044125
v -3.319201 14.796956 2.499408
v -4.102758 14.796956 0.000000
v -3.319202 14.796956 -2.499407
v -1.267823 14.796956 -4.044125
v 1.267822 14.796956 -4.044126
v -1.248336 15.736070 -0.428663
v -1.472715 15.700505 -0.570644
v -0.364054 15.736070 -0.294120
v -0.829474 15.700505 -0.340294
v 0.364053 15.736070 -0.294120
v -0.000000 15.700505 -0.278729
v 1.248336 15.736070 -0.428664
v 0.829474 15.700505 -0.340294
v 1.472715 15.700505 -0.570644
v -1.109273 15.765416 -1.798012
v -1.494703 15.736070 -1.492363
v -1.107317 15.700505 -1.791932
v -0.569644 15.736070 -2.031220
v -1.613484 15.700505 -1.231753
v -0.000000 15.765416 -2.115662
v -0.000000 15.700505 -2.110982
v 0.569644 15.736070 -2.031220
v 1.109273 15.765416 -1.798012
v 1.107317 15.700505 -1.791933
v 1.494703 15.736070 -1.492363
v 1.613484 15.700505 -1.231754
v 2.860037 16.043050 -2.077939
v 3.270731 16.067400 -1.062725
v 3.535200 16.043050 -0.000000
v 3.270731 16.067400 1.062725
v 2.860037 16.043050 2.077938
v 2.021423 16.067400 2.782250
v 1.092437 16.043050 3.362175
v 0.000000 16.067400 3.439050
v -1.092437 16.043050 3.362176
v -2.021423 16.067400 2.782250
v -2.860037 16.043050 2.077939
v -3.270731 16.067400 1.062725
v -3.535201 16.043050 0.000000
v -3.270731 16.067400 -1.062725
v -2.860038 16.043050 -2.077938
v -2.021423 16.067400 -2.782250
v -1.092437 16.043050 -3.362175
v -0.000000 16.067400 -3.439050
v 1.092437 16.043050 -3.362176
v 2.021423 16.067400 -2.782250
v 3.544070 16.034847 -1.151538
v 3.433294 16.097002 -1.115545
v 3.544070 16.034847 1.151538
v 3.433294 16.097002 1.115545
v 2.190356 16.034847 3.014766
v 2.121892 16.097002 2.920534
v 0.000000 16.034847 3.726456
v 0.000000 16.097002 3.609979
v -2.190356 16.034847 3.014767
v -2.121892 16.097002 2.920534
v -3.544071 16.034847 1.151538
v -3.433294 16.097002 1.115545
v -3.544070 16.034847 -1.151538
v -3.433294 16.097002 -1.115544
v -2.190356 16.034847 -3.014766
v -2.121893 16.097002 -2.920534
v -0.000000 16.034847 -3.726456
v -0.000000 16.097002 -3.609979
v 2.190356 16.034847 -3.014767
v 2.121892 16.097002 -2.920534
v 3.007075 15.927080 -0.977058
v 3.007075 15.927080 0.977058
v 1.858474 15.927080 2.557971
v 0.000000 15.927080 3.161826
v -1.858474 15.927080 2.557971
v -3.007075 15.927080 0.977058
v -3.007075 15.927080 -0.977058
v -1.858475 15.927080 -2.557971
v -0.000000 15.927080 -3.161826
v 1.858474 15.927080 -2.557971
v 2.663760 16.139658 -1.935335
v 1.953293 16.132504 -2.688477
v 1.017465 16.139658 -3.131438
v 3.292588 16.139658 -0.000000
v 3.160495 16.132504 -1.026907
v 2.663760 16.139658 1.935334
v 3.160494 16.132504 1.026907
v 1.017466 16.139658 3.131437
v 1.953293 16.132504 2.688477
v -1.017466 16.139658 3.131438
v 0.000000 16.132504 3.323140
v -2.663760 16.139658 1.935335
v -1.953293 16.132504 2.688477
v -3.292588 16.139658 0.000000
v -3.160495 16.132504 1.026907
v -2.663760 16.139658 -1.935335
v -3.160495 16.132504 -1.026907
v -1.017466 16.139658 -3.131437
v -1.953294 16.132504 -2.688477
v -0.000000 16.132504 -3.323141
v 2.610275 16.043361 -1.896476
v 3.226476 16.043361 -0.000000
v 2.610275 16.043361 1.896475
v 0.997036 16.043361 3.068561
v -0.997036 16.043361 3.068561
v -2.610275 16.043361 1.896475
v -3.226477 16.043361 0.000000
v -2.610275 16.043361 -1.896475
v -0.997037 16.043361 -3.068561
v 0.997036 16.043361 -3.068562
v 2.230307 1.619230 -1.620413
v 2.756812 1.619230 -0.000000
v 2.230308 1.619230 1.620413
v 0.851902 1.619230 2.621884
v -0.851902 1.619230 2.621884
v -2.230308 1.619230 1.620413
v -2.756812 1.619230 0.000000
v -2.230308 1.619230 -1.620413
v -0.851902 1.619230 -2.621884
v 0.851902 1.619230 -2.621884
v 2.338689 1.665592 -1.699157
v 2.890778 1.665592 -0.000000
v 2.338689 1.665592 1.699157
v 0.893300 1.665592 2.749294
v -0.893300 1.665592 2.749294
v -2.338689 1.665592 1.699157
v -2.890779 1.665592 0.000000
v -2.338689 1.665592 -1.699157
v -0.893300 1.665592 -2.749294
v 0.893300 1.665592 -2.749295
v 2.124602 1.679616 -1.543614
v 2.626153 1.679616 -0.000000
v 2.124602 1.679616 1.543614
v 0.811526 1.679616 2.497620
v -0.811526 1.679616 2.497620
v -2.124602 1.679616 1.543614
v -2.626153 1.679616 0.000000
v -2.124603 1.679616 -1.543614
v -0.811526 1.679616 -2.497620
v 0.811526 1.679616 -2.497620
v 2.368073 1.714654 -1.720506
v 2.927098 1.714654 -0.000000
v 2.368073 1.714654 1.720506
v 0.904523 1.714654 2.783836
v -0.904523 1.714654 2.783837
v -2.368073 1.714654 1.720506
v -2.927099 1.714654 0.000000
v -2.368073 1.714654 -1.720506
v -0.904524 1.714654 -2.783836
v 0.904523 1.714654 -2.783837
v 1.542951 15.775198 -1.393313
v 1.826136 15.775198 -0.047925
v 1.467155 15.775198 1.065951
v 0.560404 15.775198 1.724745
v -0.560403 15.775198 1.724745
v -1.467156 15.775198 1.065951
v -1.825243 15.775198 -0.042683
v -1.542951 15.775198 -1.393312
v -0.573036 15.775198 -2.051341
v 0.573036 15.775198 -2.051341
v -1.613484 15.647198 -1.231753
v -1.107317 15.647198 -1.791932
v -0.000000 15.647198 -2.110982
v 1.107317 15.647198 -1.791933
v 1.613484 15.647198 -1.231754
v 1.472715 15.647198 -0.570644
v 0.829474 15.647198 -0.340294
v -0.000000 15.647198 -0.278729
v -0.829474 15.647198 -0.340294
v -1.472715 15.647198 -0.570644
v 0.463980 1.839024 -0.638614
v -0.000000 1.839024 -0.789370
v -0.463980 1.839024 -0.638614
v -0.750735 1.839024 -0.243929
v -0.750735 1.839024 0.243929
v -0.463980 1.839024 0.638614
v 0.000000 1.839024 0.789370
v 0.463980 1.839024 0.638614
v 0.750735 1.839024 0.243929
v 0.750735 1.839024 -0.243929
v 0.586166 1.776984 -1.804034
v 1.534603 1.776984 -1.114955
v -0.586166 1.776984 -1.804034
v -1.534603 1.776984 -1.114954
v -1.896874 1.776984 0.000000
v -1.534603 1.776984 1.114954
v -0.586166 1.776984 1.804034
v 0.586166 1.776984 1.804034
v 1.534603 1.776984 1.114954
v 1.896873 1.776984 -0.000000
v 0.800711 1.743548 -2.464337
v 2.096290 1.743548 -1.523044
v -0.800712 1.743548 -2.464336
v -2.096290 1.743548 -1.523043
v -2.591157 1.743548 0.000000
v -2.096290 1.743548 1.523044
v -0.800711 1.743548 2.464336
v 0.800711 1.743548 2.464336
v 2.096290 1.743548 1.523043
v 2.591156 1.743548 -0.000000
v 1.773629 1.725560 -2.441191
v 0.937866 1.762661 -2.886455
v 2.455365 1.762661 -1.783927
v -0.000000 1.725560 -3.017478
v -0.937866 1.762661 -2.886454
v -1.773629 1.725560 -2.441191
v -2.455365 1.762661 -1.783927
v -2.869792 1.725560 -0.932452
v -3.034997 1.762661 0.000000
v -2.869792 1.725560 0.932452
v -2.455365 1.762661 1.783927
v -1.773629 1.725560 2.441191
v -0.937866 1.762661 2.886454
v 0.000000 1.725560 3.017478
v 0.937866 1.762661 2.886454
v 1.773629 1.725560 2.441191
v 2.455365 1.762661 1.783927
v 2.869791 1.725560 0.932452
v 3.034997 1.762661 -0.000000
v 2.869792 1.725560 -0.932452
v 2.408507 14.796956 -3.435812
v -0.000000 14.796956 -4.246897
v -2.408508 14.796956 -3.435811
v -3.897047 14.796956 -1.312363
v -3.897047 14.796956 1.312363
v -2.408507 14.796956 3.435811
v 0.000000 14.796956 4.246896
v 2.408507 14.796956 3.435811
v 3.897047 14.796956 1.312363
v 3.897047 14.796956 -1.312363
v 2.170246 15.855984 -2.987087
v -0.000000 15.855984 -3.692242
v -2.170246 15.855984 -2.987087
v -3.511531 15.855984 -1.140965
v -3.511531 15.855984 1.140966
v -2.170246 15.855984 2.987087
v 0.000000 15.855984 3.692242
v 2.170246 15.855984 2.987087
v 3.511531 15.855984 1.140965
v 3.511531 15.855984 -1.140966
v 1.133047 15.775198 -1.871916
v -0.000000 15.775198 -2.172556
v -1.133048 15.775198 -1.871916
v -1.798364 15.775198 -0.785638
v -1.741821 15.775198 0.565952
v -1.076504 15.775198 1.481681
v 0.000000 15.775198 1.831459
v 1.076504 15.775198 1.481681
v 1.741821 15.775198 0.565952
v 1.798363 15.775198 -0.785638
v 0.355509 1.849350 -0.258293
v 0.135792 1.849350 -0.417926
v -0.135792 1.849350 -0.417926
v -0.355509 1.849350 -0.258293
v -0.439434 1.849350 0.000000
v -0.355509 1.849350 0.258293
v -0.135792 1.849350 0.417926
v 0.135792 1.849350 0.417926
v 0.355509 1.849350 0.258293
v 0.439434 1.849350 -0.000000
v 0.760351 15.765416 -0.311936
v 0.216588 15.775198 -0.172853
v 0.671279 15.775198 -0.190668
v -0.000000 15.765416 -0.255502
v -0.216588 15.775198 -0.172853
v -0.760351 15.765416 -0.311936
v -0.671279 15.775198 -0.190668
v -0.603035 15.775198 0.016184
v -0.452460 15.775198 0.328731
v -0.172824 15.775198 0.531899
v 0.172824 15.775198 0.531899
v 0.452460 15.775198 0.328731
v 0.603035 15.775198 0.016184
v 1.448891 15.775198 -0.364316
v 1.202951 15.775198 0.390862
v 0.743465 15.775198 1.023291
v 0.000000 15.775198 1.264858
v -0.743465 15.775198 1.023291
v -1.202951 15.775198 0.390863
v -1.448891 15.775198 -0.364316
v 1.436169 15.765416 -0.499313
v 1.188719 15.775198 0.015394
v 0.909331 15.775198 0.660668
v 0.347334 15.775198 1.068983
v -0.347334 15.775198 1.068983
v -0.909332 15.775198 0.660668
v -1.188719 15.775198 0.015394
v -1.436169 15.765416 -0.499313
v 1.741056 15.775198 -0.710040
v 1.626858 15.765416 -1.077784
v 1.666024 15.775198 -0.027561
v 1.676772 15.775198 0.544816
v 1.325432 15.775198 0.962983
v 1.036302 15.775198 1.426348
v 0.506270 15.775198 1.558139
v 0.000000 15.775198 1.763063
v -0.506270 15.775198 1.558139
v -1.036302 15.775198 1.426348
v -1.325432 15.775198 0.962983
v -1.676772 15.775198 0.544816
v -1.666024 15.775198 -0.027561
v -1.741056 15.775198 -0.710040
v -1.626858 15.765416 -1.077784
v -1.567831 15.736070 -0.728632
v 1.567831 15.736070 -0.728633
v 1.113552 1.776985 -1.532673
v -0.000000 1.776985 -1.894488
v -1.113552 1.776985 -1.532672
v -1.801765 1.776985 -0.585429
v -1.801765 1.776985 0.585429
v -1.113552 1.776985 1.532673
v 0.000000 1.776985 1.894488
v 1.113552 1.776985 1.532672
v 1.801765 1.776985 0.585429
v 1.801765 1.776985 -0.585429
v 1.521128 1.743548 -2.093653
v -0.000000 1.743548 -2.587897
v -1.521128 1.743548 -2.093653
v -2.461237 1.743548 -0.799704
v -2.461236 1.743548 0.799704
v -1.521128 1.743548 2.093653
v 0.000000 1.743548 2.587897
v 1.521128 1.743548 2.093653
v 2.461236 1.743548 0.799704
v 2.461236 1.743548 -0.799704
v 1.781683 1.762662 -2.452277
v -0.000000 1.762662 -3.031180
v -1.781683 1.762662 -2.452276
v -2.882824 1.762662 -0.936686
v -2.882824 1.762662 0.936686
v -1.781683 1.762662 2.452276
v 0.000000 1.762662 3.031180
v 1.781683 1.762662 2.452276
v 2.882823 1.762662 0.936686
v 2.882823 1.762662 -0.936686
v 0.296947 1.848044 -0.408713
v -0.000000 1.848044 -0.505197
v -0.296947 1.848044 -0.408713
v -0.480471 1.848044 -0.156114
v -0.480471 1.848044 0.156114
v -0.296947 1.848044 0.408713
v 0.000000 1.848044 0.505197
v 0.296947 1.848044 0.408713
v 0.480471 1.848044 0.156114
v 0.480471 1.848044 -0.156114
v 0.552983 15.775198 -0.226863
v -0.000000 15.775198 -0.185820
v -0.552983 15.775198 -0.226862
v -0.786555 15.775198 -0.133953
v -0.611500 15.775198 0.198688
v -0.377928 15.775198 0.520173
v 0.000000 15.775198 0.642969
v 0.377927 15.775198 0.520173
v 0.611500 15.775198 0.198688
v 0.786555 15.775198 -0.133953
v 1.326533 15.775198 -0.285322
v 1.067639 15.775198 0.346897
v 0.659837 15.775198 0.908188
v 0.000000 15.775198 1.122582
v -0.659837 15.775198 0.908188
v -1.067639 15.775198 0.346897
v -1.326534 15.775198 -0.285322
v 1.666977 15.775198 -0.615877
v 1.556179 15.775198 0.505633
v 0.961772 15.775198 1.323765
v 0.000000 15.775198 1.636264
v -0.961772 15.775198 1.323765
v -1.556179 15.775198 0.505633
v -1.666977 15.775198 -0.615876
v -1.472715 15.736070 -0.570644
v -0.829474 15.736070 -0.340294
v -0.000000 15.736070 -0.278729
v 0.829474 15.736070 -0.340294
v 1.472715 15.736070 -0.570644
v -1.107317 15.736070 -1.791932
v -1.613484 15.736070 -1.231753
v -0.000000 15.736070 -2.110982
v 1.107317 15.736070 -1.791933
v 1.613484 15.736070 -1.231754
v 3.357947 16.043050 -1.091063
v 3.357946 16.043050 1.091063
v 2.075325 16.043050 2.856440
v 0.000000 16.043050 3.530754
v -2.075325 16.043050 2.856440
v -3.357947 16.043050 1.091063
v -3.357947 16.043050 -1.091063
v -2.075325 16.043050 -2.856440
v -0.000000 16.043050 -3.530754
v 2.075325 16.043050 -2.856440
v 1.932900 16.139657 -2.660410
v 3.127499 16.139657 -1.016186
v 3.127498 16.139657 1.016186
v 1.932901 16.139657 2.660409
v 0.000000 16.139657 3.288447
v -1.932901 16.139657 2.660410
v -3.127499 16.139657 1.016186
v -3.127499 16.139657 -1.016186
v -1.932901 16.139657 -2.660409
v -0.000000 16.139657 -3.288447
v 3.064702 16.043362 -0.995782
v 3.064702 16.043362 0.995782
v 1.894090 16.043362 2.606991
v 0.000000 16.043362 3.222418
v -1.894090 16.043362 2.606991
v -3.064702 16.043362 0.995782
v -3.064702 16.043362 -0.995782
v -1.894090 16.043362 -2.606991
v -0.000000 16.043362 -3.222418
v 1.894090 16.043362 -2.606991
v 2.618586 1.619230 -0.850830
v 2.618586 1.619230 0.850830
v 1.618375 1.619230 2.227502
v 0.000000 1.619230 2.753344
v -1.618375 1.619230 2.227502
v -2.618586 1.619230 0.850830
v -2.618586 1.619230 -0.850830
v -1.618375 1.619230 -2.227502
v -0.000000 1.619230 -2.753344
v 1.618375 1.619230 -2.227502
v 2.745835 1.665592 -0.892176
v 2.745835 1.665592 0.892176
v 1.697019 1.665592 2.335747
v 0.000000 1.665592 2.887142
v -1.697020 1.665592 2.335747
v -2.745836 1.665592 0.892176
v -2.745836 1.665592 -0.892176
v -1.697020 1.665592 -2.335747
v -0.000000 1.665592 -2.887143
v 1.697020 1.665592 -2.335747
v 2.494478 1.679616 -0.810505
v 2.494478 1.679616 0.810505
v 1.541672 1.679616 2.121930
v 0.000000 1.679616 2.622850
v -1.541673 1.679616 2.121930
v -2.494479 1.679616 0.810505
v -2.494479 1.679616 -0.810505
v -1.541673 1.679616 -2.121930
v -0.000000 1.679616 -2.622850
v 1.541672 1.679616 -2.121931
v 2.780335 1.714655 -0.903386
v 2.780335 1.714655 0.903385
v 1.718341 1.714655 2.365094
v 0.000000 1.714655 2.923418
v -1.718341 1.714655 2.365095
v -2.780335 1.714655 0.903386
v -2.780335 1.714655 -0.903385
v -1.718342 1.714655 -2.365094
v -0.000000 1.714655 -2.923418
v 1.718342 1.714655 -2.365095
v 1.773106 15.775198 -0.751400
v 1.722575 15.775198 0.559699
v 1.064610 15.775198 1.465310
v 0.000000 15.775198 1.811223
v -1.064610 15.775198 1.465310
v -1.723469 15.775198 0.554457
v -1.773106 15.775198 -0.751399
v -1.115141 15.775198 -1.816251
v -0.000000 15.775198 -2.129704
v 1.115140 15.775198 -1.816252
v 2.732682 2.291168 -2.011234
v 3.208420 2.291169 -1.056038
v 3.377781 2.291168 -0.000000
v 3.208420 2.291169 1.056038
v 2.732682 2.291168 2.011234
v 1.982913 2.291169 2.764744
v 1.043792 2.291168 3.254245
v 0.000000 2.291169 3.417412
v -1.043792 2.291168 3.254245
v -1.982913 2.291169 2.764744
v -2.732683 2.291168 2.011234
v -3.208420 2.291169 1.056038
v -3.377781 2.291168 0.000000
v -3.208420 2.291169 -1.056038
v -2.732683 2.291168 -2.011234
v -1.982913 2.291169 -2.764744
v -1.043792 2.291168 -3.254245
v -0.000000 2.291169 -3.417412
v 1.043792 2.291168 -3.254245
v 1.982913 2.291169 -2.764745
v 4.102758 3.205015 -0.000000
v 3.740306 2.532283 -0.000000
v 3.897047 3.206883 -1.312363
v 3.556245 2.534718 -1.185508
v 3.319201 3.209566 -2.499408
v 3.035160 2.539837 -2.262994
v 3.319201 3.209566 2.499407
v 3.035160 2.539837 2.262993
v 3.897047 3.206883 1.312363
v 3.556245 2.534718 1.185508
v 1.267822 3.212882 4.044125
v 1.163871 2.549615 3.677616
v 2.408507 3.211748 3.435811
v 2.207359 2.545457 3.118645
v -1.267822 3.212882 4.044125
v -1.163871 2.549615 3.677616
v 0.000000 3.212278 4.246897
v 0.000000 2.550677 3.863838
v -3.319201 3.209566 2.499407
v -3.035160 2.539837 2.262993
v -2.408507 3.211748 3.435811
v -2.207359 2.545457 3.118645
v -4.102758 3.205015 0.000000
v -3.740306 2.532283 0.000000
v -3.897047 3.206883 1.312363
v -3.556245 2.534718 1.185508
v -3.319202 3.209566 -2.499407
v -3.035160 2.539837 -2.262993
v -3.897047 3.206883 -1.312363
v -3.556246 2.534718 -1.185508
v -1.267823 3.212882 -4.044125
v -1.163871 2.549615 -3.677616
v -2.408508 3.211748 -3.435811
v -2.207359 2.545457 -3.118645
v 1.267822 3.212882 -4.044125
v 1.163870 2.549615 -3.677617
v -0.000000 3.212278 -4.246897
v -0.000000 2.550677 -3.863838
v 2.408507 3.211748 -3.435812
v 2.207359 2.545457 -3.118646
v 2.743038 16.132504 -1.992934
v 3.220579 16.132504 -1.046430
v 3.390581 16.132504 -0.000000
v 3.220578 16.132504 1.046429
v 2.743038 16.132504 1.992934
v 1.990427 16.132504 2.739588
v 1.047748 16.132504 3.224634
v 0.000000 16.132504 3.386316
v -1.047747 16.132504 3.224635
v -1.990427 16.132504 2.739588
v -2.743038 16.132504 1.992934
v -3.220579 16.132504 1.046430
v -3.390582 16.132504 0.000000
v -3.220579 16.132504 -1.046429
v -2.743039 16.132504 -1.992934
v -1.990427 16.132504 -2.739588
v -1.047748 16.132504 -3.224635
v -0.000000 16.132504 -3.386317
v 1.047747 16.132504 -3.224635
v 1.990427 16.132504 -2.739588
vt 0.141387 0.687007
vt 0.126563 0.676562
vt 0.108430 0.676832
vt 0.093918 0.687712
vt 0.088572 0.705045
vt 0.094433 0.722210
vt 0.109261 0.732650
vt 0.127391 0.732379
vt 0.141899 0.721502
vt 0.147244 0.704173
vt 0.060721 0.001561
vt 0.935826 0.000000
vt 0.212305 0.633940
vt 0.137973 0.018431
vt 0.152730 0.591916
vt 0.226459 0.026389
vt 0.079807 0.592996
vt 0.317565 0.032233
vt 0.021474 0.636736
vt 0.408445 0.036143
vt 0.000000 0.706401
vt 0.499876 0.035639
vt 0.023574 0.775374
vt 0.592964 0.033830
vt 0.083180 0.817313
vt 0.686546 0.032045
vt 0.156046 0.816208
vt 0.777878 0.029720
vt 0.214341 0.772494
vt 0.863777 0.023198
vt 0.235813 0.702880
vt 0.967833 0.839837
vt 0.991949 0.579350
vt 0.003297 0.576905
vt 0.890513 0.896900
vt 0.097331 0.578977
vt 0.793187 0.895009
vt 0.197853 0.584201
vt 0.718562 0.837794
vt 0.298812 0.587412
vt 0.688080 0.748334
vt 0.398433 0.588810
vt 0.715577 0.655218
vt 0.498164 0.591076
vt 0.794516 0.596094
vt 0.599683 0.591448
vt 0.893621 0.596580
vt 0.702045 0.589032
vt 0.972055 0.656439
vt 0.802598 0.584121
vt 0.998985 0.749865
vt 0.899693 0.578807
vt 0.887316 0.757483
vt 0.855444 0.752251
vt 0.831360 0.751962
vt 0.799570 0.755991
vt 0.117908 0.704605
vt 0.843532 0.740620
vt 0.901449 0.769892
vt 0.893886 0.744369
vt 0.883025 0.715821
vt 0.858902 0.697677
vt 0.828702 0.697391
vt 0.804358 0.715002
vt 0.793094 0.743081
vt 0.785115 0.768625
vt 0.901517 0.798492
vt 0.911050 0.747618
vt 0.898542 0.705573
vt 0.864946 0.680118
vt 0.822805 0.679771
vt 0.788903 0.704612
vt 0.775867 0.746311
vt 0.785307 0.797837
vt 0.821561 0.825498
vt 0.864932 0.827066
vt 0.788218 0.773242
vt 0.897994 0.774222
vt 0.799044 0.761522
vt 0.830356 0.756851
vt 0.856246 0.757148
vt 0.888039 0.763307
vt 0.791885 0.799746
vt 0.823074 0.821339
vt 0.863648 0.822892
vt 0.895246 0.800614
vt 0.962335 0.835675
vt 0.992096 0.749493
vt 0.958325 0.832638
vt 0.987069 0.749229
vt 0.966293 0.660229
vt 0.962087 0.662995
vt 0.891374 0.603098
vt 0.889729 0.607856
vt 0.796756 0.602614
vt 0.798382 0.607378
vt 0.721339 0.659001
vt 0.725539 0.661776
vt 0.694961 0.747942
vt 0.699985 0.747677
vt 0.724092 0.833677
vt 0.728134 0.830687
vt 0.795554 0.888540
vt 0.797272 0.883818
vt 0.888446 0.890342
vt 0.886949 0.885548
vt 0.939501 0.818430
vt 0.963533 0.748146
vt 0.942462 0.676017
vt 0.882065 0.630119
vt 0.805969 0.629668
vt 0.745136 0.674834
vt 0.723497 0.746590
vt 0.747141 0.816797
vt 0.805064 0.861679
vt 0.880099 0.863181
vt 0.952540 0.828260
vt 0.979821 0.748870
vt 0.956031 0.666994
vt 0.887361 0.614714
vt 0.800722 0.614246
vt 0.731584 0.665788
vt 0.707229 0.747320
vt 0.733969 0.826392
vt 0.799715 0.877005
vt 0.884812 0.878643
vt 0.948084 0.824895
vt 0.974244 0.748612
vt 0.951379 0.670079
vt 0.885544 0.619991
vt 0.802521 0.619528
vt 0.736229 0.668882
vt 0.712801 0.747061
vt 0.738467 0.823098
vt 0.801569 0.871759
vt 0.883182 0.873339
vt 0.902002 0.801835
vt 0.913553 0.748329
vt 0.900671 0.704153
vt 0.865778 0.677697
vt 0.821996 0.677340
vt 0.786785 0.703171
vt 0.773369 0.747029
vt 0.784809 0.801007
vt 0.820997 0.827846
vt 0.865340 0.829421
vt 0.790565 0.800514
vt 0.822374 0.823203
vt 0.864260 0.824760
vt 0.896463 0.801328
vt 0.899906 0.774000
vt 0.889005 0.761666
vt 0.856506 0.755176
vt 0.830176 0.754866
vt 0.797974 0.759980
vt 0.786487 0.772930
vt 1.000000 0.534164
vt 0.159320 0.645814
vt 0.116855 0.632695
vt 0.074787 0.647063
vt 0.049201 0.683415
vt 0.049868 0.727859
vt 0.076528 0.763418
vt 0.118992 0.776514
vt 0.161040 0.762151
vt 0.186613 0.725819
vt 0.185956 0.681390
vt 0.174502 0.624293
vt 0.116473 0.606355
vt 0.058987 0.625989
vt 0.024030 0.675658
vt 0.024946 0.736381
vt 0.061374 0.784962
vt 0.119394 0.802851
vt 0.176842 0.783225
vt 0.211780 0.733588
vt 0.210882 0.672897
vt 0.096643 0.013562
vt 0.181430 0.023719
vt 0.271827 0.031023
vt 0.363034 0.035782
vt 0.453953 0.037451
vt 0.546274 0.036325
vt 0.639851 0.033689
vt 0.732741 0.032623
vt 0.821964 0.028685
vt 0.903216 0.016421
vt 0.128936 0.688940
vt 0.117625 0.685448
vt 0.106422 0.689275
vt 0.099606 0.698958
vt 0.099783 0.710798
vt 0.106883 0.720272
vt 0.118195 0.723762
vt 0.129396 0.719937
vt 0.136210 0.710256
vt 0.136034 0.698417
vt 0.863908 0.751072
vt 0.843440 0.749168
vt 0.822962 0.750464
vt 0.814045 0.747132
vt 0.820353 0.734694
vt 0.829168 0.722657
vt 0.843699 0.718132
vt 0.858173 0.723000
vt 0.866838 0.735308
vt 0.872961 0.748041
vt 0.893359 0.755299
vt 0.884352 0.730863
vt 0.869134 0.709064
vt 0.843788 0.700466
vt 0.818345 0.708549
vt 0.802859 0.729892
vt 0.793504 0.753814
vt 0.906268 0.769654
vt 0.903055 0.726066
vt 0.880850 0.693965
vt 0.843873 0.681381
vt 0.806747 0.693320
vt 0.784129 0.724917
vt 0.780487 0.768246
vt 0.788331 0.765643
vt 0.812948 0.755227
vt 0.843404 0.753136
vt 0.873885 0.756272
vt 0.898299 0.766994
vt 0.802285 0.814255
vt 0.784372 0.792108
vt 0.843221 0.828351
vt 0.884522 0.815562
vt 0.902460 0.792979
vt 0.975363 0.791963
vt 0.977849 0.705307
vt 0.928162 0.632573
vt 0.844085 0.603903
vt 0.759744 0.631678
vt 0.709465 0.703882
vt 0.711482 0.790276
vt 0.760749 0.859274
vt 0.841800 0.888572
vt 0.924883 0.861417
vt 0.918836 0.852824
vt 0.965472 0.788370
vt 0.967690 0.708064
vt 0.921707 0.640883
vt 0.844065 0.614422
vt 0.766174 0.640006
vt 0.719618 0.706645
vt 0.721374 0.786718
vt 0.767029 0.850861
vt 0.842032 0.878109
vt 0.961292 0.786866
vt 0.963406 0.709236
vt 0.918986 0.644390
vt 0.844056 0.618858
vt 0.768883 0.643523
vt 0.723899 0.707823
vt 0.725554 0.785235
vt 0.769665 0.847299
vt 0.842113 0.873708
vt 0.916300 0.849184
vt 0.218683 0.670240
vt 0.219656 0.736015
vt 0.181789 0.789816
vt 0.119524 0.811092
vt 0.056636 0.791705
vt 0.017149 0.739051
vt 0.016153 0.673235
vt 0.054041 0.619397
vt 0.116350 0.598115
vt 0.179259 0.617552
vt 0.223784 0.668504
vt 0.224805 0.737603
vt 0.185023 0.794127
vt 0.119607 0.816480
vt 0.053536 0.796113
vt 0.012050 0.740795
vt 0.011003 0.671649
vt 0.050807 0.615086
vt 0.116271 0.592726
vt 0.182367 0.613150
vt 0.213504 0.672002
vt 0.214428 0.734402
vt 0.178507 0.785439
vt 0.119440 0.805621
vt 0.059783 0.787230
vt 0.022325 0.737280
vt 0.021382 0.674845
vt 0.057323 0.623774
vt 0.116429 0.603585
vt 0.176104 0.622021
vt 0.225985 0.667753
vt 0.227028 0.738287
vt 0.186420 0.795986
vt 0.119644 0.818806
vt 0.052199 0.798016
vt 0.009850 0.741549
vt 0.008780 0.670965
vt 0.049410 0.613227
vt 0.116235 0.590400
vt 0.183712 0.611246
vt 0.910188 0.775423
vt 0.909388 0.724394
vt 0.884839 0.688802
vt 0.843897 0.674859
vt 0.802793 0.688124
vt 0.777771 0.723414
vt 0.776696 0.773945
vt 0.801266 0.815934
vt 0.843146 0.830069
vt 0.885514 0.817266
vt 0.135143 0.680125
vt 0.117467 0.674667
vt 0.099957 0.680648
vt 0.089306 0.695781
vt 0.089582 0.714284
vt 0.100679 0.729089
vt 0.118357 0.734543
vt 0.135862 0.728564
vt 0.146510 0.713436
vt 0.146235 0.694936
vt 0.139156 0.635798
vt 0.175528 0.661437
vt 0.094654 0.636459
vt 0.059040 0.663160
vt 0.045923 0.705692
vt 0.060309 0.747805
vt 0.096697 0.773417
vt 0.141183 0.772749
vt 0.176778 0.746063
vt 0.189891 0.703552
vt 0.146949 0.610607
vt 0.196645 0.645641
vt 0.086136 0.611507
vt 0.037478 0.647988
vt 0.019561 0.706095
vt 0.039219 0.763628
vt 0.088934 0.798615
vt 0.149712 0.797699
vt 0.198339 0.761240
vt 0.216253 0.703171
vt 0.097055 0.012107
vt 0.185792 0.608302
vt 0.137702 0.019915
vt 0.060150 0.002965
vt 0.936535 0.001333
vt 0.181628 0.022228
vt 0.116182 0.586796
vt 0.226295 0.027887
vt 0.271955 0.029523
vt 0.047247 0.610343
vt 0.317463 0.033736
vt 0.363110 0.034278
vt 0.005334 0.669904
vt 0.408415 0.037651
vt 0.453938 0.035945
vt 0.006439 0.742716
vt 0.499908 0.037145
vt 0.546230 0.034819
vt 0.050126 0.800965
vt 0.593017 0.035336
vt 0.639815 0.032185
vt 0.119700 0.822410
vt 0.686572 0.033552
vt 0.732687 0.031118
vt 0.188583 0.798870
vt 0.777984 0.031223
vt 0.821775 0.027189
vt 0.230473 0.739350
vt 0.864108 0.024672
vt 0.902682 0.015002
vt 0.229398 0.666591
vt 0.933953 0.874075
vt 0.048903 0.576539
vt 0.841391 0.904122
vt 0.147274 0.582599
vt 0.751347 0.871683
vt 0.248456 0.586019
vt 0.696863 0.795659
vt 0.348795 0.588495
vt 0.694400 0.699865
vt 0.448083 0.590327
vt 0.750183 0.619356
vt 0.548711 0.591501
vt 0.844109 0.588306
vt 0.650937 0.591511
vt 0.937749 0.620268
vt 0.752668 0.586738
vt 0.992921 0.701284
vt 0.851671 0.581496
vt 0.989990 0.797363
vt 0.946593 0.578119
vt 0.886285 0.819285
vt 0.843081 0.831644
vt 0.800460 0.817931
vt 0.775785 0.775332
vt 0.777073 0.723015
vt 0.802336 0.687523
vt 0.843900 0.674104
vt 0.885301 0.688205
vt 0.910120 0.724200
vt 0.911091 0.776740
vt 0.131240 0.694612
vt 0.122822 0.688682
vt 0.112526 0.688835
vt 0.104286 0.695012
vt 0.101251 0.704855
vt 0.104578 0.714601
vt 0.112998 0.720530
vt 0.123292 0.720376
vt 0.131530 0.714200
vt 0.134566 0.704359
vt 0.871486 0.754523
vt 0.851463 0.748830
vt 0.868436 0.749821
vt 0.843415 0.751757
vt 0.835440 0.748634
vt 0.815370 0.753592
vt 0.818520 0.749059
vt 0.820813 0.741379
vt 0.826331 0.729741
vt 0.837027 0.722159
vt 0.850323 0.722316
vt 0.860926 0.730182
vt 0.866300 0.742035
vt 0.898019 0.758820
vt 0.889537 0.729539
vt 0.872380 0.704894
vt 0.843814 0.695193
vt 0.815136 0.704337
vt 0.797669 0.728495
vt 0.788781 0.757382
vt 0.897373 0.763857
vt 0.888584 0.743620
vt 0.878583 0.718729
vt 0.857176 0.702667
vt 0.830381 0.702403
vt 0.808783 0.717972
vt 0.798439 0.742405
vt 0.789348 0.762428
vt 0.908981 0.773651
vt 0.904140 0.787604
vt 0.906695 0.746744
vt 0.907646 0.724857
vt 0.894596 0.708200
vt 0.883741 0.690224
vt 0.863407 0.684601
vt 0.843891 0.676655
vt 0.824305 0.684269
vt 0.803882 0.689555
vt 0.792829 0.707276
vt 0.779541 0.723683
vt 0.780225 0.745429
vt 0.777855 0.772194
vt 0.782670 0.786607
vt 0.785328 0.772734
vt 0.901174 0.773849
vt 0.797291 0.758933
vt 0.789436 0.766377
vt 0.830058 0.753545
vt 0.813232 0.756509
vt 0.856679 0.753866
vt 0.843397 0.754454
vt 0.889640 0.760562
vt 0.873552 0.757551
vt 0.897182 0.767713
vt 0.801582 0.815210
vt 0.789669 0.801015
vt 0.803166 0.813169
vt 0.821918 0.824447
vt 0.785593 0.791749
vt 0.843173 0.829440
vt 0.843281 0.827044
vt 0.864645 0.826010
vt 0.885212 0.816531
vt 0.883664 0.814456
vt 0.897283 0.801796
vt 0.901234 0.792643
vt 0.955417 0.830436
vt 0.971978 0.790728
vt 0.983425 0.749046
vt 0.974368 0.706248
vt 0.959041 0.665005
vt 0.925948 0.635419
vt 0.888538 0.611304
vt 0.844077 0.607507
vt 0.799560 0.610831
vt 0.761947 0.634532
vt 0.728580 0.663792
vt 0.712943 0.704826
vt 0.703628 0.747494
vt 0.714868 0.789053
vt 0.731067 0.828525
vt 0.762907 0.856399
vt 0.798504 0.880393
vt 0.841885 0.884984
vt 0.885872 0.882075
vt 0.922804 0.858480
vt 0.983516 0.794958
vt 0.978792 0.793219
vt 0.986249 0.703056
vt 0.981379 0.704358
vt 0.933507 0.625712
vt 0.930407 0.629689
vt 0.844104 0.595205
vt 0.844093 0.600248
vt 0.754422 0.624800
vt 0.757508 0.628787
vt 0.701071 0.701623
vt 0.705937 0.702929
vt 0.703329 0.793251
vt 0.708053 0.791522
vt 0.755520 0.866189
vt 0.758556 0.862184
vt 0.841577 0.897240
vt 0.841710 0.892213
vt 0.929927 0.868481
vt 0.926998 0.864390
vt 0.956616 0.785198
vt 0.958622 0.710555
vt 0.915955 0.648312
vt 0.844053 0.623812
vt 0.771913 0.647445
vt 0.728681 0.709136
vt 0.730227 0.783580
vt 0.772594 0.843305
vt 0.842182 0.868801
vt 0.913479 0.845104
vt 0.947010 0.824086
vt 0.919602 0.853923
vt 0.882792 0.872064
vt 0.972902 0.748551
vt 0.966734 0.788825
vt 0.950261 0.670822
vt 0.968985 0.707711
vt 0.885107 0.621260
vt 0.922529 0.639823
vt 0.802952 0.620800
vt 0.844068 0.613081
vt 0.737346 0.669628
vt 0.765356 0.638944
vt 0.714141 0.747001
vt 0.718324 0.706291
vt 0.739551 0.822309
vt 0.720112 0.787169
vt 0.802014 0.870498
vt 0.766233 0.851937
vt 0.842003 0.879441
vt 0.943482 0.821420
vt 0.968494 0.748353
vt 0.946587 0.673261
vt 0.883671 0.625427
vt 0.804370 0.624973
vt 0.741011 0.672078
vt 0.718545 0.746807
vt 0.743118 0.819713
vt 0.803457 0.866350
vt 0.881524 0.867877
vt 0.203235 0.640714
vt 0.224489 0.703048
vt 0.205078 0.765978
vt 0.152380 0.805493
vt 0.086512 0.806489
vt 0.032631 0.768575
vt 0.011324 0.706225
vt 0.030738 0.643251
vt 0.083470 0.603712
vt 0.149383 0.602736
vt 0.207552 0.637489
vt 0.229877 0.702969
vt 0.209484 0.769079
vt 0.154123 0.810591
vt 0.084926 0.811638
vt 0.028321 0.771809
vt 0.005936 0.706308
vt 0.026331 0.640151
vt 0.081728 0.598613
vt 0.150976 0.597588
vt 0.198858 0.643987
vt 0.219024 0.703127
vt 0.200608 0.762833
vt 0.150611 0.800321
vt 0.088121 0.801265
vt 0.037003 0.765294
vt 0.016789 0.706141
vt 0.035209 0.646396
vt 0.085237 0.608885
vt 0.147766 0.607958
vt 0.209413 0.636099
vt 0.232204 0.702933
vt 0.211389 0.770417
vt 0.154878 0.812793
vt 0.084243 0.813864
vt 0.026461 0.773207
vt 0.003609 0.706345
vt 0.024426 0.638813
vt 0.080974 0.596411
vt 0.151663 0.595364
vt 0.901110 0.799599
vt 0.912736 0.748001
vt 0.900041 0.704573
vt 0.865532 0.678413
vt 0.822236 0.678060
vt 0.787412 0.703597
vt 0.774214 0.746496
vt 0.785674 0.798857
vt 0.821398 0.826155
vt 0.865048 0.827727
vt 0.787421 0.791242
vt 0.804489 0.811538
vt 0.843381 0.825077
vt 0.882380 0.812791
vt 0.899404 0.792195
vt 0.895523 0.768779
vt 0.873043 0.759473
vt 0.843396 0.756433
vt 0.813651 0.758449
vt 0.791070 0.767464
vt 0.049904 0.026079
vt 0.969144 0.050587
vt 0.028901 0.075161
vt 0.050119 0.532289
vt 0.124151 0.091107
vt 0.148622 0.536337
vt 0.217212 0.099953
vt 0.247170 0.541440
vt 0.311122 0.104153
vt 0.347983 0.545278
vt 0.406844 0.106128
vt 0.450224 0.547167
vt 0.502387 0.107934
vt 0.551232 0.546993
vt 0.595857 0.108417
vt 0.650091 0.545052
vt 0.688250 0.106397
vt 0.748703 0.542398
vt 0.782316 0.101138
vt 0.848998 0.538437
vt 0.879352 0.091833
vt 0.949940 0.534667
vt 0.978641 0.080321
vt 0.000000 0.531566
vt 0.077009 0.084052
vt 0.099561 0.534089
vt 0.170737 0.096347
vt 0.197692 0.538956
vt 0.263939 0.102393
vt 0.297267 0.543549
vt 0.358834 0.105292
vt 0.399085 0.546530
vt 0.454799 0.107132
vt 0.501024 0.547298
vt 0.549395 0.108332
vt 0.600866 0.546205
vt 0.642014 0.107880
vt 0.699249 0.543892
vt 0.734933 0.104123
vt 0.798628 0.540517
vt 0.830500 0.097077
vt 0.899549 0.536345
vt 0.928639 0.085799
vt 0.949826 0.021964
vt 0.960558 0.036251
vt 0.920624 0.056012
vt 0.912979 0.039433
vt 0.873560 0.063752
vt 0.869758 0.047890
vt 0.826807 0.068723
vt 0.824882 0.052306
vt 0.780079 0.072583
vt 0.779287 0.055269
vt 0.733496 0.075366
vt 0.733220 0.057035
vt 0.687213 0.077532
vt 0.686919 0.058339
vt 0.641144 0.078710
vt 0.640557 0.058976
vt 0.595064 0.079407
vt 0.594138 0.060160
vt 0.548700 0.079269
vt 0.547576 0.060822
vt 0.501943 0.078878
vt 0.500993 0.061365
vt 0.454858 0.078088
vt 0.454447 0.061375
vt 0.407536 0.077404
vt 0.407914 0.061200
vt 0.360243 0.076325
vt 0.361468 0.059661
vt 0.313232 0.075273
vt 0.315152 0.057866
vt 0.266633 0.073640
vt 0.269003 0.055374
vt 0.220508 0.071437
vt 0.223119 0.052475
vt 0.174832 0.067889
vt 0.177762 0.048559
vt 0.129541 0.062999
vt 0.133096 0.044222
vt 0.084777 0.055558
vt 0.041427 0.043737
vt 0.089834 0.037440
vt 0.949997 0.826339
vt 0.968984 0.789641
vt 0.976638 0.748722
vt 0.971295 0.707083
vt 0.953376 0.668755
vt 0.923997 0.637933
vt 0.886325 0.617726
vt 0.844073 0.610689
vt 0.801750 0.617260
vt 0.763894 0.637049
vt 0.734236 0.667552
vt 0.716016 0.705660
vt 0.710409 0.747169
vt 0.717861 0.787975
vt 0.736535 0.824509
vt 0.764807 0.853852
vt 0.800774 0.874011
vt 0.841952 0.881819
vt 0.883880 0.875615
vt 0.920974 0.855880
vn -0.031391 -0.998573 0.043205
vn -0.030255 -0.998674 0.041642
vn -0.041654 -0.998674 0.030263
vn -0.043087 -0.998581 0.031304
vn -0.016458 -0.998581 0.050651
vn -0.015910 -0.998674 0.048967
vn 0.000000 -0.998573 0.053405
vn 0.000000 -0.998674 0.051473
vn 0.016458 -0.998581 0.050651
vn 0.015910 -0.998674 0.048967
vn 0.031391 -0.998573 0.043205
vn 0.030255 -0.998674 0.041642
vn 0.043087 -0.998581 0.031304
vn 0.041654 -0.998674 0.030264
vn 0.050792 -0.998573 0.016504
vn 0.048953 -0.998674 0.015906
vn 0.053258 -0.998581 -0.000000
vn 0.051487 -0.998674 -0.000000
vn 0.050792 -0.998573 -0.016504
vn 0.048954 -0.998674 -0.015906
vn 0.043087 -0.998581 -0.031304
vn 0.041654 -0.998674 -0.030263
vn 0.031391 -0.998573 -0.043205
vn 0.030255 -0.998674 -0.041642
vn 0.016458 -0.998581 -0.050651
vn 0.015910 -0.998674 -0.048967
vn 0.000000 -0.998573 -0.053405
vn 0.000000 -0.998674 -0.051473
vn -0.016458 -0.998581 -0.050651
vn -0.015911 -0.998674 -0.048967
vn -0.031391 -0.998573 -0.043206
vn -0.030255 -0.998674 -0.041642
vn -0.043087 -0.998581 -0.031304
vn -0.041654 -0.998674 -0.030264
vn -0.050792 -0.998573 -0.016503
vn -0.048953 -0.998674 -0.015906
vn -0.053258 -0.998581 0.000000
vn -0.051487 -0.998674 0.000000
vn -0.050792 -0.998573 0.016504
vn -0.048954 -0.998674 0.015906
vn -0.094336 -0.987037 0.129842
vn -0.130389 -0.986927 0.094732
vn -0.049804 -0.986927 0.153281
vn -0.178977 -0.815197 0.550836
vn -0.341209 -0.814260 0.469635
vn -0.468568 -0.815198 0.340435
vn -0.000000 -0.987037 0.160494
vn 0.049804 -0.986927 0.153281
vn 0.178977 -0.815197 0.550837
vn 0.000000 -0.814259 0.580502
vn 0.094336 -0.987037 0.129842
vn 0.130388 -0.986927 0.094733
vn 0.468568 -0.815198 0.340435
vn 0.341209 -0.814260 0.469636
vn 0.152638 -0.987037 0.049595
vn 0.161169 -0.986927 -0.000000
vn 0.579183 -0.815198 -0.000000
vn 0.552089 -0.814260 0.179384
vn 0.152638 -0.987037 -0.049595
vn 0.130388 -0.986927 -0.094733
vn 0.468568 -0.815198 -0.340435
vn 0.552088 -0.814261 -0.179385
vn 0.094336 -0.987037 -0.129842
vn 0.049804 -0.986927 -0.153281
vn 0.178977 -0.815197 -0.550837
vn 0.341209 -0.814260 -0.469635
vn 0.000000 -0.987037 -0.160494
vn -0.049804 -0.986927 -0.153281
vn -0.178977 -0.815197 -0.550837
vn 0.000000 -0.814259 -0.580502
vn -0.094336 -0.987037 -0.129842
vn -0.130389 -0.986927 -0.094733
vn -0.468568 -0.815198 -0.340436
vn -0.341209 -0.814260 -0.469635
vn -0.152638 -0.987037 -0.049595
vn -0.161169 -0.986927 0.000000
vn -0.579182 -0.815198 0.000001
vn -0.552088 -0.814260 -0.179385
vn -0.152638 -0.987037 0.049595
vn -0.552088 -0.814260 0.179385
vn 0.359997 -0.895540 -0.261552
vn 0.260753 -0.896216 -0.358894
vn 0.489744 -0.563739 -0.665093
vn 0.678325 -0.551049 -0.486024
vn 0.137506 -0.895542 -0.423199
vn 0.256009 -0.574769 -0.777239
vn 0.249835 -0.585515 -0.771204
vn 0.480348 -0.574420 -0.662803
vn 0.668856 -0.561255 -0.487467
vn -0.000000 -0.896216 -0.443617
vn -0.000000 -0.578244 -0.815864
vn -0.137507 -0.895541 -0.423200
vn -0.256010 -0.574769 -0.777238
vn -0.249836 -0.585515 -0.771203
vn -0.000000 -0.589043 -0.808102
vn -0.260753 -0.896217 -0.358892
vn -0.489744 -0.563739 -0.665093
vn -0.359997 -0.895541 -0.261550
vn -0.678325 -0.551050 -0.486024
vn -0.668856 -0.561255 -0.487467
vn -0.480349 -0.574420 -0.662803
vn -0.421907 -0.896216 -0.137084
vn -0.801736 -0.539621 -0.256962
vn -0.444981 -0.895540 -0.000000
vn -0.844212 -0.536009 0.000000
vn -0.838234 -0.545311 0.000000
vn -0.794548 -0.549264 -0.258849
vn -0.421908 -0.896215 0.137086
vn -0.801735 -0.539621 0.256962
vn -0.359997 -0.895541 0.261552
vn -0.678325 -0.551050 0.486024
vn -0.668856 -0.561255 0.487467
vn -0.794548 -0.549264 0.258849
vn -0.260753 -0.896216 0.358893
vn -0.489744 -0.563739 0.665093
vn -0.137506 -0.895541 0.423200
vn -0.256010 -0.574769 0.777238
vn -0.249835 -0.585515 0.771203
vn -0.480348 -0.574420 0.662803
vn 0.000000 -0.896216 0.443618
vn 0.000000 -0.578244 0.815864
vn 0.137507 -0.895542 0.423198
vn 0.256010 -0.574769 0.777238
vn 0.249836 -0.585514 0.771204
vn 0.000000 -0.589043 0.808102
vn 0.260753 -0.896216 0.358894
vn 0.489744 -0.563739 0.665094
vn 0.359996 -0.895540 0.261554
vn 0.678325 -0.551050 0.486024
vn 0.668856 -0.561255 0.487468
vn 0.480348 -0.574419 0.662803
vn 0.421908 -0.896215 0.137086
vn 0.801735 -0.539621 0.256962
vn 0.444981 -0.895540 0.000000
vn 0.844212 -0.536009 0.000000
vn 0.838234 -0.545311 0.000000
vn 0.794547 -0.549264 0.258849
vn 0.421908 -0.896215 -0.137085
vn 0.801736 -0.539621 -0.256962
vn 0.794548 -0.549264 -0.258849
vn 0.771951 0.328555 -0.544190
vn 0.559323 0.357795 -0.747757
vn 0.561478 0.295821 -0.772808
vn 0.773045 0.294873 -0.561650
vn 0.293252 0.382079 -0.876367
vn 0.295277 0.294874 -0.908769
vn -0.000000 0.390730 -0.920505
vn -0.000000 0.295820 -0.955244
vn -0.293252 0.382079 -0.876367
vn -0.295278 0.294873 -0.908769
vn -0.559323 0.357795 -0.747757
vn -0.561478 0.295821 -0.772808
vn -0.771951 0.328555 -0.544190
vn -0.773045 0.294873 -0.561650
vn -0.908558 0.304011 -0.286529
vn -0.908491 0.295819 -0.295187
vn -0.955394 0.295334 0.000000
vn -0.955537 0.294872 0.000000
vn -0.908558 0.304011 0.286530
vn -0.908491 0.295820 0.295186
vn -0.771951 0.328555 0.544190
vn -0.773045 0.294873 0.561651
vn -0.559323 0.357795 0.747757
vn -0.561478 0.295820 0.772809
vn -0.293252 0.382079 0.876367
vn -0.295277 0.294873 0.908769
vn 0.000000 0.390730 0.920505
vn 0.000000 0.295819 0.955244
vn 0.293252 0.382079 0.876367
vn 0.295277 0.294873 0.908769
vn 0.559323 0.357795 0.747757
vn 0.561478 0.295820 0.772809
vn 0.771951 0.328555 0.544190
vn 0.773045 0.294871 0.561651
vn 0.908558 0.304011 0.286530
vn 0.908491 0.295818 0.295186
vn 0.955394 0.295335 0.000000
vn 0.955537 0.294871 0.000000
vn 0.908558 0.304011 -0.286529
vn 0.908491 0.295818 -0.295186
vn -0.014811 -0.999682 0.020385
vn -0.006503 -0.999779 0.020013
vn -0.017025 -0.999779 0.012369
vn 0.000000 -1.000000 -0.000000
vn 0.000000 -0.999682 0.025197
vn 0.006503 -0.999779 0.020013
vn 0.014811 -0.999682 0.020384
vn 0.017025 -0.999779 0.012367
vn 0.023964 -0.999683 0.007785
vn 0.021044 -0.999779 -0.000001
vn 0.023964 -0.999682 -0.007786
vn 0.017025 -0.999779 -0.012369
vn 0.014811 -0.999682 -0.020385
vn 0.006503 -0.999779 -0.020012
vn -0.000000 -0.999682 -0.025197
vn -0.006503 -0.999779 -0.020015
vn -0.014811 -0.999682 -0.020385
vn -0.017025 -0.999779 -0.012369
vn -0.023964 -0.999682 -0.007785
vn -0.021044 -0.999779 0.000001
vn -0.023964 -0.999682 0.007786
vn -0.031723 0.986367 -0.161473
vn -0.039066 0.935293 -0.351711
vn -0.015031 0.963548 -0.267114
vn 0.056298 0.997540 -0.041778
vn -0.025909 0.925383 -0.378146
vn -0.008705 0.954711 -0.297407
vn -0.000000 0.999699 -0.024554
vn -0.000000 0.926139 -0.377183
vn -0.000000 0.954700 -0.297571
vn 0.025908 0.925382 -0.378149
vn 0.008705 0.954711 -0.297408
vn 0.039066 0.935295 -0.351707
vn 0.015031 0.963547 -0.267116
vn 0.031723 0.986367 -0.161473
vn -0.056298 0.997539 -0.041781
vn -0.015365 0.999857 -0.007053
vn 0.126092 0.971609 -0.200191
vn 0.005095 0.999778 -0.020454
vn -0.068191 0.997290 0.027611
vn 0.000000 1.000000 0.000002
vn -0.037707 0.999124 0.018165
vn 0.000000 1.000000 -0.000000
vn -0.054640 0.997490 0.045028
vn 0.000000 1.000000 -0.000000
vn -0.021997 0.999299 0.030276
vn 0.000000 1.000000 -0.000000
vn -0.021736 0.997568 0.066219
vn 0.000000 1.000000 -0.000001
vn 0.000000 0.999296 0.037513
vn 0.000000 1.000000 -0.000001
vn 0.021736 0.997568 0.066219
vn 0.000000 1.000000 -0.000001
vn 0.021997 0.999299 0.030276
vn 0.000000 1.000000 -0.000000
vn 0.054640 0.997490 0.045029
vn 0.000000 1.000000 0.000001
vn 0.037707 0.999124 0.018167
vn 0.000000 1.000000 0.000000
vn 0.068191 0.997290 0.027612
vn 0.000000 1.000000 -0.000001
vn 0.015365 0.999857 -0.007055
vn -0.005095 0.999778 -0.020455
vn -0.126092 0.971609 -0.200192
vn 0.000000 1.000000 -0.000000
vn -0.009267 0.999927 -0.007708
vn -0.160415 0.983621 -0.082200
vn 0.000000 1.000000 0.000000
vn 0.000000 1.000000 -0.000000
vn 0.000000 1.000000 -0.000001
vn 0.000000 1.000000 -0.000001
vn 0.000000 1.000000 0.000000
vn 0.000000 1.000000 -0.000000
vn 0.000000 1.000000 0.000000
vn 0.000000 1.000000 0.000000
vn 0.000000 1.000000 -0.000000
vn 0.000000 1.000000 -0.000000
vn 0.160416 0.983621 -0.082200
vn 0.009267 0.999927 -0.007707
vn 0.000000 1.000000 -0.000000
vn -0.044078 0.999014 0.005218
vn -0.026671 0.999602 -0.009199
vn 0.000000 1.000000 -0.000000
vn -0.804508 0.486026 0.341388
vn -0.446637 0.893591 -0.044848
vn 0.000000 1.000000 -0.000000
vn 0.000000 1.000000 0.000000
vn 0.000000 1.000000 -0.000000
vn 0.000000 1.000000 0.000000
vn 0.000000 1.000000 -0.000000
vn 0.000000 1.000000 -0.000000
vn 0.000000 1.000000 -0.000000
vn 0.000000 1.000000 -0.000000
vn 0.000000 1.000000 -0.000001
vn 0.000000 1.000000 0.000000
vn 0.000000 1.000000 0.000000
vn 0.000000 1.000000 0.000000
vn 0.000000 1.000000 0.000001
vn 0.000000 1.000000 -0.000000
vn 0.000000 1.000000 0.000000
vn 0.000000 1.000000 -0.000000
vn 0.000000 1.000000 -0.000000
vn 0.000000 1.000000 -0.000000
vn 0.000000 1.000000 -0.000000
vn 0.000000 1.000000 -0.000000
vn 0.804515 0.486014 0.341389
vn 0.044287 0.999005 0.005241
vn 0.026671 0.999602 -0.009199
vn 0.446635 0.893592 -0.044849
vn -0.969414 0.167086 -0.179776
vn -0.986252 -0.022073 0.163770
vn -0.995447 -0.000000 0.095317
vn -0.978073 -0.000000 -0.208260
vn 0.685059 0.310227 -0.659130
vn 0.969413 0.167090 -0.179776
vn 0.333938 0.454056 -0.826026
vn 0.337142 -0.000000 -0.941454
vn 0.684478 -0.000000 -0.729034
vn 0.978073 -0.000000 -0.208261
vn 0.137073 0.456878 -0.878905
vn 0.076465 0.355008 -0.931731
vn 0.074017 -0.000000 -0.997257
vn 0.150417 -0.000000 -0.988623
vn -0.000000 0.367798 -0.929906
vn -0.076465 0.355008 -0.931731
vn -0.074018 -0.000000 -0.997257
vn -0.000000 -0.000000 -1.000000
vn -0.137073 0.456879 -0.878904
vn -0.333937 0.454055 -0.826026
vn -0.337143 -0.000000 -0.941454
vn -0.150419 -0.000000 -0.988622
vn -0.685060 0.310227 -0.659130
vn -0.684478 -0.000000 -0.729034
vn 0.239289 0.497038 0.834082
vn 0.526164 0.199649 0.826615
vn 0.516663 -0.107043 0.849471
vn 0.276518 0.082579 0.957454
vn 0.669233 -0.302620 0.678637
vn 0.741972 -0.000000 0.670431
vn 0.503342 0.000001 0.864087
vn 0.276865 0.000001 0.960909
vn 0.986252 -0.022067 0.163767
vn 0.995447 -0.000000 0.095315
vn -0.239285 0.497028 0.834090
vn 0.000000 0.466326 0.884613
vn 0.000000 0.076273 0.997087
vn -0.276516 0.082579 0.957455
vn 0.000000 0.000001 1.000000
vn -0.276866 0.000002 0.960909
vn -0.526159 0.199646 0.826618
vn -0.516661 -0.107044 0.849472
vn -0.669230 -0.302622 0.678639
vn -0.503341 0.000001 0.864088
vn -0.741972 -0.000001 0.670431
vn -0.206379 0.976172 0.067056
vn -0.177061 0.975756 0.128642
vn 0.403852 0.866493 -0.293415
vn 0.476322 0.865543 -0.154767
vn -0.218856 0.975757 -0.000000
vn 0.499189 0.866493 0.000000
vn -0.206378 0.976172 -0.067057
vn 0.476323 0.865543 0.154766
vn -0.177059 0.975757 -0.128641
vn 0.403853 0.866493 0.293416
vn -0.127549 0.976172 -0.175553
vn 0.294383 0.865542 0.405185
vn -0.067630 0.975758 -0.208142
vn 0.154258 0.866492 0.474758
vn -0.000000 0.976172 -0.216998
vn 0.000000 0.865543 0.500834
vn 0.067630 0.975757 -0.208145
vn -0.154258 0.866494 0.474756
vn 0.127549 0.976172 -0.175556
vn -0.294384 0.865542 0.405185
vn 0.177059 0.975757 -0.128640
vn -0.403852 0.866493 0.293417
vn 0.206378 0.976172 -0.067055
vn -0.476322 0.865543 0.154767
vn 0.218857 0.975757 0.000000
vn -0.499189 0.866493 -0.000000
vn 0.206378 0.976172 0.067057
vn -0.476323 0.865542 -0.154767
vn 0.177059 0.975757 0.128641
vn -0.403853 0.866493 -0.293417
vn 0.127549 0.976172 0.175555
vn -0.294384 0.865542 -0.405185
vn 0.067630 0.975757 0.208144
vn -0.154258 0.866492 -0.474759
vn 0.000000 0.976172 0.216998
vn -0.000000 0.865543 -0.500835
vn -0.067630 0.975757 0.208146
vn 0.154258 0.866493 -0.474757
vn -0.127549 0.976171 0.175558
vn 0.294383 0.865543 -0.405184
vn 0.094971 0.995002 -0.030858
vn 0.102269 0.994757 -0.000000
vn 0.082738 0.994757 -0.060113
vn 0.094971 0.995002 0.030858
vn 0.082737 0.994757 0.060112
vn 0.058695 0.995002 0.080788
vn 0.031603 0.994757 0.097263
vn 0.000000 0.995002 0.099858
vn -0.031603 0.994757 0.097263
vn -0.058695 0.995002 0.080786
vn -0.082738 0.994757 0.060113
vn -0.094971 0.995002 0.030858
vn -0.102270 0.994757 0.000000
vn -0.094971 0.995002 -0.030858
vn -0.082738 0.994757 -0.060113
vn -0.058696 0.995002 -0.080786
vn -0.031603 0.994757 -0.097263
vn -0.000000 0.995002 -0.099859
vn 0.031603 0.994757 -0.097264
vn 0.058695 0.995002 -0.080787
vn -0.222012 0.975041 -0.002279
vn -0.223373 0.972577 0.064801
vn -0.117938 0.992489 0.032497
vn -0.114594 0.993410 -0.002049
vn -0.215183 0.965498 0.146664
vn -0.111114 0.990691 0.078642
vn -0.181196 0.974596 -0.131647
vn -0.211025 0.975082 -0.068443
vn -0.107031 0.993650 -0.034687
vn -0.090841 0.993676 -0.066000
vn -0.069211 0.974596 -0.213009
vn -0.131313 0.974726 -0.180737
vn -0.066076 0.993661 -0.090946
vn -0.034698 0.993676 -0.106790
vn 0.069211 0.974596 -0.213009
vn -0.000000 0.974726 -0.223403
vn -0.000000 0.993661 -0.112415
vn 0.034698 0.993676 -0.106790
vn 0.181196 0.974596 -0.131647
vn 0.131313 0.974726 -0.180737
vn 0.066076 0.993661 -0.090946
vn 0.090823 0.993678 -0.065987
vn 0.222012 0.975041 -0.002279
vn 0.211025 0.975082 -0.068443
vn 0.107019 0.993652 -0.034682
vn 0.114535 0.993417 -0.002047
vn 0.215183 0.965498 0.146664
vn 0.223374 0.972576 0.064801
vn 0.117926 0.992491 0.032493
vn 0.111114 0.990691 0.078642
vn 0.088624 0.956681 0.277323
vn 0.168354 0.958312 0.230857
vn 0.081544 0.989131 0.122352
vn 0.041198 0.988844 0.143143
vn -0.088624 0.956681 0.277322
vn 0.000000 0.957067 0.289866
vn 0.000000 0.988848 0.148930
vn -0.041198 0.988844 0.143144
vn -0.168354 0.958312 0.230856
vn -0.081544 0.989131 0.122352
vn 0.500995 0.850003 -0.162783
vn 0.528019 0.849232 0.000000
vn 0.427178 0.849232 -0.310363
vn 0.500995 0.850003 0.162783
vn 0.427176 0.849233 0.310362
vn 0.309632 0.850004 0.426170
vn 0.163167 0.849233 0.502175
vn 0.000000 0.850002 0.526779
vn -0.163167 0.849233 0.502176
vn -0.309631 0.850004 0.426171
vn -0.427175 0.849234 0.310360
vn -0.500994 0.850004 0.162782
vn -0.528019 0.849233 -0.000000
vn -0.500995 0.850003 -0.162783
vn -0.427177 0.849232 -0.310361
vn -0.309632 0.850004 -0.426170
vn -0.163167 0.849233 -0.502176
vn 0.000000 0.850003 -0.526778
vn 0.163167 0.849233 -0.502176
vn 0.309632 0.850003 -0.426171
vn -0.510455 0.775819 0.370865
vn -0.372037 0.774197 0.512062
vn -0.503712 0.515372 0.693301
vn -0.692989 0.516011 0.503486
vn 0.050894 0.998019 -0.036978
vn 0.037283 0.997986 -0.051315
vn 0.019440 0.998019 -0.059829
vn -0.194976 0.775819 0.600074
vn -0.264698 0.516011 0.814658
vn -0.601966 0.774198 0.195589
vn 0.060326 0.997986 -0.019602
vn -0.815024 0.515372 0.264817
vn -0.630955 0.775819 -0.000000
vn -0.856581 0.516012 -0.000001
vn 0.062909 0.998019 -0.000000
vn -0.601967 0.774196 -0.195591
vn 0.060326 0.997986 0.019602
vn -0.815024 0.515372 -0.264817
vn -0.510455 0.775818 -0.370867
vn -0.692989 0.516011 -0.503487
vn 0.050894 0.998019 0.036979
vn -0.372036 0.774197 -0.512064
vn 0.037283 0.997986 0.051313
vn -0.503713 0.515372 -0.693301
vn -0.194976 0.775818 -0.600075
vn -0.264699 0.516011 -0.814658
vn 0.019440 0.998019 0.059826
vn -0.000000 0.774197 -0.632945
vn 0.000000 0.997986 0.063432
vn -0.000000 0.515371 -0.856967
vn 0.194976 0.775818 -0.600076
vn 0.264698 0.516012 -0.814658
vn -0.019440 0.998019 0.059827
vn 0.372035 0.774196 -0.512065
vn -0.037283 0.997986 0.051313
vn 0.503712 0.515372 -0.693301
vn 0.510454 0.775819 -0.370866
vn 0.692989 0.516011 -0.503487
vn -0.050894 0.998019 0.036978
vn 0.601966 0.774197 -0.195590
vn -0.060325 0.997986 0.019601
vn 0.815024 0.515371 -0.264818
vn 0.630956 0.775819 -0.000000
vn 0.856583 0.516010 0.000000
vn -0.062908 0.998019 0.000000
vn 0.601966 0.774197 0.195592
vn -0.060325 0.997986 -0.019600
vn 0.815025 0.515370 0.264817
vn 0.510454 0.775819 0.370866
vn 0.692990 0.516010 0.503486
vn -0.050894 0.998019 -0.036976
vn 0.372036 0.774198 0.512062
vn -0.037283 0.997986 -0.051318
vn 0.503713 0.515371 0.693301
vn 0.194976 0.775821 0.600072
vn 0.264698 0.516011 0.814658
vn -0.019440 0.998019 -0.059832
vn -0.000000 0.774199 0.632942
vn -0.000000 0.997986 -0.063432
vn 0.000000 0.515372 0.856967
vn -0.005594 -0.999983 0.001818
vn -0.003186 -0.999992 0.002316
vn 0.414540 -0.858747 -0.301181
vn 0.486782 -0.859085 -0.158165
vn -0.003938 -0.999992 0.000000
vn 0.512401 -0.858747 -0.000000
vn -0.005595 -0.999983 -0.001818
vn 0.486782 -0.859085 0.158166
vn -0.003187 -0.999992 -0.002315
vn 0.414541 -0.858746 0.301183
vn -0.003458 -0.999983 -0.004760
vn 0.300848 -0.859084 0.414084
vn -0.001217 -0.999992 -0.003747
vn 0.158340 -0.858746 0.487323
vn 0.000000 -0.999983 -0.005882
vn -0.000000 -0.859085 0.511833
vn 0.001217 -0.999992 -0.003746
vn -0.158340 -0.858747 0.487322
vn 0.003457 -0.999983 -0.004760
vn -0.300847 -0.859085 0.414083
vn 0.003186 -0.999992 -0.002316
vn -0.414540 -0.858746 0.301182
vn 0.005595 -0.999983 -0.001818
vn -0.486782 -0.859085 0.158165
vn 0.003939 -0.999992 0.000000
vn -0.512400 -0.858747 -0.000000
vn 0.005594 -0.999983 0.001818
vn -0.486782 -0.859085 -0.158165
vn 0.003186 -0.999992 0.002315
vn -0.414540 -0.858746 -0.301182
vn 0.003458 -0.999983 0.004760
vn -0.300847 -0.859084 -0.414084
vn 0.001217 -0.999992 0.003747
vn -0.158340 -0.858746 -0.487323
vn -0.000000 -0.999983 0.005882
vn -0.000000 -0.859085 -0.511833
vn -0.001217 -0.999992 0.003746
vn 0.158340 -0.858746 -0.487323
vn -0.003458 -0.999983 0.004760
vn 0.300847 -0.859085 -0.414082
vn 0.309164 -0.924101 -0.224620
vn 0.365266 -0.923307 -0.118681
vn 0.382148 -0.924101 -0.000000
vn 0.365267 -0.923306 0.118682
vn 0.309164 -0.924101 0.224622
vn 0.225747 -0.923307 0.310714
vn 0.118090 -0.924102 0.363443
vn -0.000000 -0.923307 0.384063
vn -0.118090 -0.924101 0.363445
vn -0.225747 -0.923306 0.310717
vn -0.309164 -0.924101 0.224621
vn -0.365266 -0.923307 0.118681
vn -0.382148 -0.924101 -0.000000
vn -0.365266 -0.923307 -0.118681
vn -0.309164 -0.924102 -0.224619
vn -0.225746 -0.923306 -0.310715
vn -0.118090 -0.924100 -0.363447
vn -0.000000 -0.923307 -0.384063
vn 0.118090 -0.924101 -0.363444
vn 0.225746 -0.923306 -0.310717
vn -0.041018 0.999088 0.011891
vn 0.000000 1.000000 -0.000000
vn -0.089900 0.992205 0.086295
vn 0.000000 1.000000 0.000000
vn 0.000000 1.000000 -0.000000
vn 0.000000 1.000000 0.000003
vn 0.000000 1.000000 0.000004
vn 0.000000 1.000000 -0.000001
vn 0.000000 1.000000 -0.000000
vn 0.000000 1.000000 -0.000001
vn 0.000000 1.000000 -0.000001
vn 0.000000 1.000000 -0.000000
vn 0.000000 1.000000 -0.000000
vn 0.040665 0.999103 0.011789
vn 0.089900 0.992205 0.086293
vn 0.056701 0.993956 0.094003
vn 0.034584 0.991395 0.126254
vn 0.000000 0.989851 0.142113
vn -0.034584 0.991392 0.126273
vn -0.056700 0.993955 0.094010
vn 0.995447 -0.000001 0.095315
vn 0.741974 0.000000 0.670429
vn 0.978073 0.000000 -0.208261
vn 0.503343 0.000003 0.864087
vn 0.276867 0.000003 0.960908
vn 0.000000 0.000001 1.000000
vn -0.276866 -0.000001 0.960908
vn -0.503341 -0.000001 0.864088
vn -0.741971 0.000001 0.670432
vn -0.995447 0.000004 0.095316
vn -0.978073 0.000004 -0.208261
vn -0.684478 -0.000001 -0.729033
vn -0.337144 -0.000001 -0.941453
vn -0.150419 -0.000000 -0.988622
vn -0.074018 -0.000000 -0.997257
vn -0.000000 -0.000000 -1.000000
vn 0.074017 -0.000000 -0.997257
vn 0.150417 -0.000000 -0.988623
vn 0.337143 -0.000001 -0.941454
vn 0.684480 -0.000001 -0.729032
vn 0.999575 0.029140 0.000000
vn 0.953549 0.030143 -0.299727
vn 0.817679 0.032685 -0.574746
vn 0.817679 0.032685 0.574746
vn 0.953549 0.030143 0.299727
vn 0.318149 0.038337 0.947265
vn 0.600150 0.035874 0.799083
vn -0.318149 0.038337 0.947265
vn 0.000000 0.039372 0.999225
vn -0.817679 0.032685 0.574746
vn -0.600150 0.035874 0.799083
vn -0.999575 0.029140 0.000000
vn -0.953549 0.030143 0.299727
vn -0.817679 0.032685 -0.574746
vn -0.953549 0.030143 -0.299727
vn -0.318149 0.038337 -0.947265
vn -0.600150 0.035874 -0.799083
vn 0.318148 0.038337 -0.947266
vn -0.000000 0.039372 -0.999225
vn 0.600150 0.035874 -0.799083
vn 0.999646 -0.026614 -0.000000
vn 0.800123 -0.599835 -0.000000
vn 0.760332 -0.604111 -0.238634
vn 0.953855 -0.026771 -0.299072
vn 0.953855 -0.026771 0.299072
vn 0.760332 -0.604111 0.238634
vn 0.645456 -0.615095 -0.452818
vn 0.818473 -0.027107 -0.573906
vn 0.467347 -0.629060 -0.621185
vn 0.601184 -0.027665 -0.798632
vn 0.818473 -0.027107 0.573906
vn 0.645456 -0.615095 0.452819
vn 0.601184 -0.027665 0.798632
vn 0.467348 -0.629060 0.621185
vn 0.318886 -0.028046 0.947378
vn 0.245158 -0.639845 0.728351
vn 0.000000 -0.028308 0.999599
vn -0.000000 -0.644549 0.764563
vn -0.318886 -0.028046 0.947378
vn -0.245158 -0.639845 0.728351
vn -0.601184 -0.027665 0.798632
vn -0.467348 -0.629059 0.621185
vn -0.818473 -0.027107 0.573906
vn -0.645456 -0.615095 0.452818
vn -0.953855 -0.026771 0.299072
vn -0.760332 -0.604111 0.238633
vn -0.999646 -0.026614 0.000000
vn -0.800124 -0.599835 0.000000
vn -0.953855 -0.026771 -0.299072
vn -0.760332 -0.604111 -0.238634
vn -0.818473 -0.027107 -0.573906
vn -0.645456 -0.615095 -0.452819
vn -0.601184 -0.027665 -0.798632
vn -0.467348 -0.629060 -0.621184
vn -0.318886 -0.028046 -0.947378
vn -0.245158 -0.639845 -0.728351
vn -0.000000 -0.028308 -0.999599
vn -0.000000 -0.644549 -0.764563
vn 0.318886 -0.028046 -0.947378
vn 0.245158 -0.639845 -0.728351
vn 0.522768 -0.836322 -0.165165
vn 0.437128 -0.844802 -0.308591
vn 0.552605 -0.833443 0.000000
vn 0.522768 -0.836321 0.165166
vn 0.437129 -0.844801 0.308592
vn 0.311487 -0.854017 0.416691
vn 0.161062 -0.861544 0.481457
vn 0.000000 -0.863971 0.503541
vn -0.161062 -0.861544 0.481457
vn -0.311487 -0.854016 0.416692
vn -0.437129 -0.844801 0.308592
vn -0.522769 -0.836321 0.165166
vn -0.552605 -0.833443 0.000000
vn -0.522768 -0.836322 -0.165166
vn -0.437128 -0.844802 -0.308592
vn -0.311487 -0.854017 -0.416691
vn -0.161062 -0.861544 -0.481457
vn -0.000000 -0.863971 -0.503541
vn 0.161061 -0.861544 -0.481457
vn 0.311487 -0.854016 -0.416692
s 1
g pCylinder1
usemtl initialShadingGroup
f 564/634/517 699/480/518 575/645/519 259/323/520
f 260/324/521 574/644/522 699/480/518 564/634/517
f 565/635/523 700/481/524 574/644/522 260/324/521
f 261/325/525 576/646/526 700/481/524 565/635/523
f 566/636/527 701/482/528 576/646/526 261/325/525
f 262/326/529 577/647/530 701/482/528 566/636/527
f 567/637/531 702/483/532 577/647/530 262/326/529
f 263/327/533 578/648/534 702/483/532 567/637/531
f 568/638/535 703/484/536 578/648/534 263/327/533
f 264/328/537 579/649/538 703/484/536 568/638/535
f 569/639/539 704/485/540 579/649/538 264/328/537
f 265/329/541 580/650/542 704/485/540 569/639/539
f 570/640/543 705/486/544 580/650/542 265/329/541
f 266/330/545 581/651/546 705/486/544 570/640/543
f 571/641/547 706/487/548 581/651/546 266/330/545
f 267/331/549 582/652/550 706/487/548 571/641/547
f 572/642/551 707/488/552 582/652/550 267/331/549
f 268/332/553 583/653/554 707/488/552 572/642/551
f 573/643/555 708/489/556 583/653/554 268/332/553
f 259/323/520 575/645/519 708/489/556 573/643/555
f 699/480/518 709/490/557 585/655/558 575/645/519
f 574/644/522 584/654/559 709/490/557 699/480/518
f 709/490/557 584/654/559 533/910/560 832/613/561
f 524/901/562 585/655/558 709/490/557 832/613/561
f 700/481/524 710/491/563 584/654/559 574/644/522
f 576/646/526 586/656/564 710/491/563 700/481/524
f 710/491/563 586/656/564 532/909/565 831/612/566
f 584/654/559 710/491/563 831/612/566 533/910/560
f 701/482/528 711/492/567 586/656/564 576/646/526
f 577/647/530 587/657/568 711/492/567 701/482/528
f 711/492/567 587/657/568 531/908/569 830/611/570
f 586/656/564 711/492/567 830/611/570 532/909/565
f 702/483/532 712/493/571 587/657/568 577/647/530
f 578/648/534 588/658/572 712/493/571 702/483/532
f 712/493/571 588/658/572 530/907/573 829/610/574
f 587/657/568 712/493/571 829/610/574 531/908/569
f 703/484/536 713/494/575 588/658/572 578/648/534
f 579/649/538 589/659/576 713/494/575 703/484/536
f 713/494/575 589/659/576 529/906/577 828/609/578
f 588/658/572 713/494/575 828/609/578 530/907/573
f 704/485/540 714/495/579 589/659/576 579/649/538
f 580/650/542 590/660/580 714/495/579 704/485/540
f 714/495/579 590/660/580 528/905/581 827/608/582
f 589/659/576 714/495/579 827/608/582 529/906/577
f 705/486/544 715/496/583 590/660/580 580/650/542
f 581/651/546 591/661/584 715/496/583 705/486/544
f 715/496/583 591/661/584 527/904/585 826/607/586
f 590/660/580 715/496/583 826/607/586 528/905/581
f 706/487/548 716/497/587 591/661/584 581/651/546
f 582/652/550 592/662/588 716/497/587 706/487/548
f 716/497/587 592/662/588 526/903/589 825/606/590
f 591/661/584 716/497/587 825/606/590 527/904/585
f 707/488/552 717/498/591 592/662/588 582/652/550
f 583/653/554 593/663/592 717/498/591 707/488/552
f 717/498/591 593/663/592 525/902/593 824/605/594
f 592/662/588 717/498/591 824/605/594 526/903/589
f 708/489/556 718/499/595 593/663/592 583/653/554
f 575/645/519 585/655/558 718/499/595 708/489/556
f 718/499/595 585/655/558 524/901/562 823/604/596
f 593/663/592 718/499/595 823/604/596 525/902/593
f 269/333/597 594/664/598 719/500/599 596/667/600
f 594/664/598 270/336/601 595/666/602 719/500/599
f 719/500/599 595/666/602 871/1021/603 872/1024/604
f 872/1024/604 853/941/605 596/667/600 719/500/599
f 270/336/601 597/669/606 720/501/607 595/666/602
f 597/669/606 271/338/608 598/671/609 720/501/607
f 720/501/607 598/671/609 869/1017/610 870/1019/611
f 595/666/602 720/501/607 870/1019/611 871/1021/603
f 271/338/608 599/672/612 721/502/613 598/671/609
f 599/672/612 272/340/614 600/674/615 721/502/613
f 721/502/613 600/674/615 867/1013/616 868/1015/617
f 598/671/609 721/502/613 868/1015/617 869/1017/610
f 272/340/614 601/675/618 722/503/619 600/674/615
f 601/675/618 273/342/620 602/677/621 722/503/619
f 722/503/619 602/677/621 865/1009/622 866/1011/623
f 600/674/615 722/503/619 866/1011/623 867/1013/616
f 273/342/620 603/678/624 723/504/625 602/677/621
f 603/678/624 274/344/626 604/680/627 723/504/625
f 723/504/625 604/680/627 863/1005/628 864/1007/629
f 602/677/621 723/504/625 864/1007/629 865/1009/622
f 274/344/626 605/681/630 724/505/631 604/680/627
f 605/681/630 275/346/632 606/683/633 724/505/631
f 724/505/631 606/683/633 861/1001/634 862/1003/635
f 604/680/627 724/505/631 862/1003/635 863/1005/628
f 275/346/632 607/684/636 725/506/637 606/683/633
f 607/684/636 276/348/638 608/686/639 725/506/637
f 725/506/637 608/686/639 859/997/640 860/999/641
f 606/683/633 725/506/637 860/999/641 861/1001/634
f 276/348/638 609/687/642 726/507/643 608/686/639
f 609/687/642 277/350/644 610/689/645 726/507/643
f 726/507/643 610/689/645 857/993/646 858/995/647
f 608/686/639 726/507/643 858/995/647 859/997/640
f 277/350/644 611/690/648 727/508/649 610/689/645
f 611/690/648 278/352/650 612/692/651 727/508/649
f 727/508/649 612/692/651 855/989/652 856/991/653
f 610/689/645 727/508/649 856/991/653 857/993/646
f 278/352/650 613/693/654 728/509/655 612/692/651
f 613/693/654 269/334/597 596/668/600 728/509/655
f 728/509/655 596/668/600 853/984/605 854/987/656
f 612/692/651 728/509/655 854/987/656 855/989/652
s 3
f 279/354/657 624/695/658 462/839/659 323/409/660
f 624/695/658 280/357/661 341/427/662 462/839/659
f 280/357/661 625/697/663 460/837/664 341/427/662
f 625/697/663 281/359/665 339/425/666 460/837/664
f 281/359/665 626/699/667 458/835/668 339/425/666
f 626/699/667 282/361/669 337/423/670 458/835/668
f 282/361/669 627/701/671 456/833/672 337/423/670
f 627/701/671 283/363/673 335/421/674 456/833/672
f 283/363/673 628/703/675 454/831/676 335/421/674
f 628/703/675 284/365/677 333/419/678 454/831/676
f 284/365/677 629/705/679 452/829/680 333/419/678
f 629/705/679 285/367/681 331/417/682 452/829/680
f 285/367/681 630/707/683 450/827/684 331/417/682
f 630/707/683 286/369/685 329/415/686 450/827/684
f 286/369/685 631/709/687 448/825/688 329/415/686
f 631/709/687 287/371/689 327/413/690 448/825/688
f 287/371/689 632/711/691 446/823/692 327/413/690
f 632/711/691 288/373/693 324/410/694 446/823/692
f 288/373/693 633/713/695 444/821/696 324/410/694
f 633/713/695 279/354/657 323/409/660 444/821/696
s 1
f 260/324/521 564/634/517 729/510/697 645/726/698
f 259/323/520 644/725/699 729/510/697 564/634/517
f 293/379/700 645/726/698 729/510/697 644/725/699
f 261/325/525 565/635/523 730/511/701 646/727/702
f 260/324/521 645/726/698 730/511/701 565/635/523
f 293/379/700 646/727/702 730/511/701 645/726/698
f 262/326/529 566/636/527 731/512/703 647/728/704
f 261/325/525 646/727/702 731/512/703 566/636/527
f 293/379/700 647/728/704 731/512/703 646/727/702
f 263/327/533 567/637/531 732/513/705 648/729/706
f 262/326/529 647/728/704 732/513/705 567/637/531
f 293/379/700 648/729/706 732/513/705 647/728/704
f 264/328/537 568/638/535 733/514/707 649/730/708
f 263/327/533 648/729/706 733/514/707 568/638/535
f 293/379/700 649/730/708 733/514/707 648/729/706
f 265/329/541 569/639/539 734/515/709 650/731/710
f 264/328/537 649/730/708 734/515/709 569/639/539
f 293/379/700 650/731/710 734/515/709 649/730/708
f 266/330/545 570/640/543 735/516/711 651/732/712
f 265/329/541 650/731/710 735/516/711 570/640/543
f 293/379/700 651/732/712 735/516/711 650/731/710
f 267/331/549 571/641/547 736/517/713 652/733/714
f 266/330/545 651/732/712 736/517/713 571/641/547
f 293/379/700 652/733/714 736/517/713 651/732/712
f 268/332/553 572/642/551 737/518/715 653/734/716
f 267/331/549 652/733/714 737/518/715 572/642/551
f 293/379/700 653/734/716 737/518/715 652/733/714
f 259/323/520 573/643/555 738/519/717 644/725/699
f 268/332/553 653/734/716 738/519/717 573/643/555
f 293/379/700 644/725/699 738/519/717 653/734/716
s 3
f 289/375/718 654/735/719 739/520/720 656/737/721
f 290/376/722 655/736/723 739/520/720 654/735/719
f 294/380/724 656/737/721 739/520/720 655/736/723
f 290/376/722 657/738/725 740/521/726 655/736/723
f 291/377/727 658/739/728 740/521/726 657/738/725
f 294/380/724 655/736/723 740/521/726 658/739/728
f 291/377/727 659/740/729 741/522/730 658/739/728
f 292/378/731 660/741/732 741/522/730 659/740/729
f 294/380/724 658/739/728 741/522/730 660/741/732
f 742/523/733 660/741/732 292/378/731 681/762/734 755/536/735
f 661/742/736 742/523/733 755/536/735 680/761/737
f 294/380/724 660/741/732 742/523/733 661/742/736
f 743/524/738 661/742/736 680/761/737 754/535/739
f 662/743/740 743/524/738 754/535/739 679/760/741
f 294/380/724 661/742/736 743/524/738 662/743/740
f 744/525/742 662/743/740 679/760/741 753/534/743
f 663/744/744 744/525/742 753/534/743 678/759/745
f 294/380/724 662/743/740 744/525/742 663/744/744
f 745/526/746 663/744/744 678/759/745 752/533/747
f 664/745/748 745/526/746 752/533/747 677/758/749
f 294/380/724 663/744/744 745/526/746 664/745/748
f 746/527/750 664/745/748 677/758/749 751/532/751
f 665/746/752 746/527/750 751/532/751 676/757/753
f 294/380/724 664/745/748 746/527/750 665/746/752
f 747/528/754 665/746/752 676/757/753 750/531/755
f 666/747/756 747/528/754 750/531/755 675/756/757
f 294/380/724 665/746/752 747/528/754 666/747/756
f 748/529/758 666/747/756 675/756/757 749/530/759
f 289/375/718 656/737/721 748/529/758 749/530/759 674/755/760
f 294/380/724 666/747/756 748/529/758 656/737/721
f 296/382/761 667/748/762 749/530/759 675/756/757
f 667/748/762 295/381/763 674/755/760 749/530/759
f 297/383/764 668/749/765 750/531/755 676/757/753
f 668/749/765 296/382/761 675/756/757 750/531/755
f 298/384/766 669/750/767 751/532/751 677/758/749
f 669/750/767 297/383/764 676/757/753 751/532/751
f 299/385/768 670/751/769 752/533/747 678/759/745
f 670/751/769 298/384/766 677/758/749 752/533/747
f 300/386/770 671/752/771 753/534/743 679/760/741
f 671/752/771 299/385/768 678/759/745 753/534/743
f 301/387/772 672/753/773 754/535/739 680/761/737
f 672/753/773 300/386/770 679/760/741 754/535/739
f 302/388/774 673/754/775 755/536/735 681/762/734
f 673/754/775 301/387/772 680/761/737 755/536/735
f 304/390/776 682/763/777 756/537/778 684/765/779
f 682/763/777 303/389/780 683/764/781 756/537/778
f 667/748/762 756/537/778 683/764/781 295/381/763
f 296/382/761 684/765/779 756/537/778 667/748/762
f 305/391/782 685/766/783 757/538/784 686/767/785
f 685/766/783 304/390/776 684/765/779 757/538/784
f 668/749/765 757/538/784 684/765/779 296/382/761
f 297/383/764 686/767/785 757/538/784 668/749/765
f 306/392/786 687/768/787 758/539/788 688/769/789
f 687/768/787 305/391/782 686/767/785 758/539/788
f 669/750/767 758/539/788 686/767/785 297/383/764
f 298/384/766 688/769/789 758/539/788 669/750/767
f 307/393/790 689/770/791 759/540/792 690/771/793
f 689/770/791 306/392/786 688/769/789 759/540/792
f 670/751/769 759/540/792 688/769/789 298/384/766
f 299/385/768 690/771/793 759/540/792 670/751/769
f 308/394/794 691/772/795 760/541/796 692/773/797
f 691/772/795 307/393/790 690/771/793 760/541/796
f 671/752/771 760/541/796 690/771/793 299/385/768
f 300/386/770 692/773/797 760/541/796 671/752/771
f 309/395/798 693/774/799 761/542/800 694/775/801
f 693/774/799 308/394/794 692/773/797 761/542/800
f 672/753/773 761/542/800 692/773/797 300/386/770
f 301/387/772 694/775/801 761/542/800 672/753/773
f 310/396/802 695/776/803 762/543/804 696/777/805
f 695/776/803 309/395/798 694/775/801 762/543/804
f 673/754/775 762/543/804 694/775/801 301/387/772
f 696/777/805 762/543/804 673/754/775 302/388/774
f 698/779/806 295/381/763 683/764/781 772/553/807
f 423/800/808 387/473/809 698/779/806 772/553/807
f 302/388/774 681/762/734 763/544/810 697/778/811
f 681/762/734 292/378/731 403/780/812 763/544/810
f 763/544/810 403/780/812 391/477/813 404/781/814
f 697/778/811 763/544/810 404/781/814 392/478/815
f 292/378/731 659/740/729 764/545/816 403/780/812
f 659/740/729 291/377/727 405/782/817 764/545/816
f 764/545/816 405/782/817 390/476/818 406/783/819
f 403/780/812 764/545/816 406/783/819 391/477/813
f 291/377/727 657/738/725 765/546/820 405/782/817
f 657/738/725 290/376/722 407/784/821 765/546/820
f 765/546/820 407/784/821 389/475/822 408/785/823
f 405/782/817 765/546/820 408/785/823 390/476/818
f 290/376/722 654/735/719 766/547/824 407/784/821
f 654/735/719 289/375/718 409/786/825 766/547/824
f 766/547/824 409/786/825 388/474/826 410/787/827
f 407/784/821 766/547/824 410/787/827 389/475/822
f 289/375/718 674/755/760 767/548/828 409/786/825
f 674/755/760 295/381/763 698/779/806 767/548/828
f 767/548/828 698/779/806 387/473/809 411/788/829
f 409/786/825 767/548/828 411/788/829 388/474/826
f 311/397/830 412/789/831 768/549/832 415/792/833
f 412/789/831 310/396/802 413/790/834 768/549/832
f 768/549/832 413/790/834 383/469/835 414/791/836
f 415/792/833 768/549/832 414/791/836 384/470/837
f 310/396/802 696/777/805 769/550/838 413/790/834
f 697/778/811 769/550/838 696/777/805 302/388/774
f 416/793/839 769/550/838 697/778/811 392/478/815
f 413/790/834 769/550/838 416/793/839 383/469/835
f 312/398/840 417/794/841 770/551/842 419/796/843
f 417/794/841 311/397/830 415/792/833 770/551/842
f 770/551/842 415/792/833 384/470/837 418/795/844
f 419/796/843 770/551/842 418/795/844 385/471/845
f 303/389/780 420/797/846 771/552/847 422/799/848
f 420/797/846 312/398/840 419/796/843 771/552/847
f 771/552/847 419/796/843 385/471/845 421/798/849
f 422/799/848 771/552/847 421/798/849 386/472/850
f 683/764/781 303/389/780 422/799/848 772/553/807
f 772/553/807 422/799/848 386/472/850 423/800/808
f 773/554/851 424/801/852 353/439/853 425/802/854
f 426/803/855 773/554/851 425/802/854 354/440/856
f 774/555/857 426/803/855 354/440/856 427/804/858
f 428/805/859 774/555/857 427/804/858 355/441/860
f 775/556/861 428/805/859 355/441/860 429/806/862
f 430/807/863 775/556/861 429/806/862 356/442/864
f 776/557/865 430/807/863 356/442/864 431/808/866
f 432/809/867 776/557/865 431/808/866 357/443/868
f 777/558/869 432/809/867 357/443/868 433/810/870
f 434/811/871 777/558/869 433/810/870 358/444/872
f 778/559/873 434/811/871 358/444/872 435/812/874
f 436/813/875 778/559/873 435/812/874 359/445/876
f 779/560/877 436/813/875 359/445/876 437/814/878
f 438/815/879 779/560/877 437/814/878 360/446/880
f 780/561/881 438/815/879 360/446/880 439/816/882
f 440/817/883 780/561/881 439/816/882 361/447/884
f 781/562/885 440/817/883 361/447/884 441/818/886
f 442/819/887 781/562/885 441/818/886 362/448/888
f 782/563/889 442/819/887 362/448/888 443/820/890
f 424/801/852 782/563/889 443/820/890 353/439/853
f 324/410/694 444/821/696 445/822/891 326/412/892
f 444/821/696 323/409/660 325/411/893 445/822/891
f 327/413/690 446/823/692 447/824/894 328/414/895
f 446/823/692 324/410/694 326/412/892 447/824/894
f 329/415/686 448/825/688 449/826/896 330/416/897
f 448/825/688 327/413/690 328/414/895 449/826/896
f 331/417/682 450/827/684 451/828/898 332/418/899
f 450/827/684 329/415/686 330/416/897 451/828/898
f 333/419/678 452/829/680 453/830/900 334/420/901
f 452/829/680 331/417/682 332/418/899 453/830/900
f 335/421/674 454/831/676 455/832/902 336/422/903
f 454/831/676 333/419/678 334/420/901 455/832/902
f 337/423/670 456/833/672 457/834/904 338/424/905
f 456/833/672 335/421/674 336/422/903 457/834/904
f 339/425/666 458/835/668 459/836/906 340/426/907
f 458/835/668 337/423/670 338/424/905 459/836/906
f 341/427/662 460/837/664 461/838/908 342/428/909
f 460/837/664 339/425/666 340/426/907 461/838/908
f 325/411/893 323/409/660 462/839/659 463/840/910
f 462/839/659 341/427/662 342/428/909 463/840/910
f 424/801/852 773/554/851 445/822/891 325/411/893
f 773/554/851 426/803/855 326/412/892 445/822/891
f 326/412/892 426/803/855 774/555/857 447/824/894
f 774/555/857 428/805/859 328/414/895 447/824/894
f 328/414/895 428/805/859 775/556/861 449/826/896
f 775/556/861 430/807/863 330/416/897 449/826/896
f 330/416/897 430/807/863 776/557/865 451/828/898
f 776/557/865 432/809/867 332/418/899 451/828/898
f 332/418/899 432/809/867 777/558/869 453/830/900
f 777/558/869 434/811/871 334/420/901 453/830/900
f 334/420/901 434/811/871 778/559/873 455/832/902
f 778/559/873 436/813/875 336/422/903 455/832/902
f 336/422/903 436/813/875 779/560/877 457/834/904
f 779/560/877 438/815/879 338/424/905 457/834/904
f 338/424/905 438/815/879 780/561/881 459/836/906
f 780/561/881 440/817/883 340/426/907 459/836/906
f 340/426/907 440/817/883 781/562/885 461/838/908
f 781/562/885 442/819/887 342/428/909 461/838/908
f 342/428/909 442/819/887 782/563/889 463/840/910
f 782/563/889 424/801/852 325/411/893 463/840/910
f 344/430/911 464/841/912 643/724/913 374/460/914
f 464/841/912 343/429/915 373/459/916 643/724/913
f 345/431/917 465/842/918 642/723/919 375/461/920
f 465/842/918 344/430/911 374/460/914 642/723/919
f 346/432/921 466/843/922 641/722/923 376/462/924
f 466/843/922 345/431/917 375/461/920 641/722/923
f 347/433/925 467/844/926 640/721/927 377/463/928
f 467/844/926 346/432/921 376/462/924 640/721/927
f 348/434/929 468/845/930 639/720/931 378/464/932
f 468/845/930 347/433/925 377/463/928 639/720/931
f 349/435/933 469/846/934 638/719/935 379/465/936
f 469/846/934 348/434/929 378/464/932 638/719/935
f 350/436/937 470/847/938 637/718/939 380/466/940
f 470/847/938 349/435/933 379/465/936 637/718/939
f 351/437/941 471/848/942 636/717/943 381/467/944
f 471/848/942 350/436/937 380/466/940 636/717/943
f 352/438/945 472/849/946 635/716/947 382/468/948
f 472/849/946 351/437/941 381/467/944 635/716/947
f 373/459/916 343/429/915 473/850/949 634/715/950
f 473/850/949 352/438/945 382/468/948 634/715/950
f 354/440/856 425/802/854 914/1026/951 915/1027/952
f 425/802/854 353/439/853 913/1025/953 914/1026/951
f 355/441/860 427/804/858 916/1028/954 917/1029/955
f 427/804/858 354/440/856 915/1027/952 916/1028/954
f 356/442/864 429/806/862 918/1030/956 919/1031/957
f 429/806/862 355/441/860 917/1029/955 918/1030/956
f 357/443/868 431/808/866 920/1032/958 921/1033/959
f 431/808/866 356/442/864 919/1031/957 920/1032/958
f 358/444/872 433/810/870 922/1034/960 923/1035/961
f 433/810/870 357/443/868 921/1033/959 922/1034/960
f 359/445/876 435/812/874 924/1036/962 925/1037/963
f 435/812/874 358/444/872 923/1035/961 924/1036/962
f 360/446/880 437/814/878 926/1038/964 927/1039/965
f 437/814/878 359/445/876 925/1037/963 926/1038/964
f 361/447/884 439/816/882 928/1040/966 929/1041/967
f 439/816/882 360/446/880 927/1039/965 928/1040/966
f 362/448/888 441/818/886 930/1042/968 931/1043/969
f 441/818/886 361/447/884 929/1041/967 930/1042/968
f 353/439/853 443/820/890 932/1044/970 913/1025/953
f 443/820/890 362/448/888 931/1043/969 932/1044/970
f 474/851/971 783/564/972 802/583/973 494/871/974
f 474/851/971 363/449/975 475/852/976 783/564/972
f 783/564/972 475/852/976 372/458/977 476/853/978
f 783/564/972 476/853/978 503/880/979 802/583/973
f 363/449/975 474/851/971 784/565/980 478/855/981
f 784/565/980 474/851/971 494/871/974 793/574/982
f 477/854/983 784/565/980 793/574/982 495/872/984
f 478/855/981 784/565/980 477/854/983 364/450/985
f 364/450/985 477/854/983 785/566/986 480/857/987
f 785/566/986 477/854/983 495/872/984 794/575/988
f 479/856/989 785/566/986 794/575/988 496/873/990
f 480/857/987 785/566/986 479/856/989 365/451/991
f 365/451/991 479/856/989 786/567/992 482/859/993
f 786/567/992 479/856/989 496/873/990 795/576/994
f 481/858/995 786/567/992 795/576/994 497/874/996
f 482/859/993 786/567/992 481/858/995 366/452/997
f 366/452/997 481/858/995 787/568/998 484/861/999
f 787/568/998 481/858/995 497/874/996 796/577/1000
f 483/860/1001 787/568/998 796/577/1000 498/875/1002
f 484/861/999 787/568/998 483/860/1001 367/453/1003
f 367/453/1003 483/860/1001 788/569/1004 486/863/1005
f 788/569/1004 483/860/1001 498/875/1002 797/578/1006
f 485/862/1007 788/569/1004 797/578/1006 499/876/1008
f 486/863/1005 788/569/1004 485/862/1007 368/454/1009
f 368/454/1009 485/862/1007 789/570/1010 488/865/1011
f 789/570/1010 485/862/1007 499/876/1008 798/579/1012
f 487/864/1013 789/570/1010 798/579/1012 500/877/1014
f 488/865/1011 789/570/1010 487/864/1013 369/455/1015
f 369/455/1015 487/864/1013 790/571/1016 490/867/1017
f 790/571/1016 487/864/1013 500/877/1014 799/580/1018
f 489/866/1019 790/571/1016 799/580/1018 501/878/1020
f 490/867/1017 790/571/1016 489/866/1019 370/456/1021
f 370/456/1021 489/866/1019 791/572/1022 492/869/1023
f 791/572/1022 489/866/1019 501/878/1020 800/581/1024
f 491/868/1025 791/572/1022 800/581/1024 502/879/1026
f 492/869/1023 791/572/1022 491/868/1025 371/457/1027
f 371/457/1027 491/868/1025 792/573/1028 493/870/1029
f 792/573/1028 491/868/1025 502/879/1026 801/582/1030
f 476/853/978 792/573/1028 801/582/1030 503/880/979
f 493/870/1029 792/573/1028 476/853/978 372/458/977
f 793/574/982 494/871/974 343/429/915 464/841/912
f 495/872/984 793/574/982 464/841/912 344/430/911
f 794/575/988 495/872/984 344/430/911 465/842/918
f 496/873/990 794/575/988 465/842/918 345/431/917
f 795/576/994 496/873/990 345/431/917 466/843/922
f 497/874/996 795/576/994 466/843/922 346/432/921
f 796/577/1000 497/874/996 346/432/921 467/844/926
f 498/875/1002 796/577/1000 467/844/926 347/433/925
f 797/578/1006 498/875/1002 347/433/925 468/845/930
f 499/876/1008 797/578/1006 468/845/930 348/434/929
f 798/579/1012 499/876/1008 348/434/929 469/846/934
f 500/877/1014 798/579/1012 469/846/934 349/435/933
f 799/580/1018 500/877/1014 349/435/933 470/847/938
f 501/878/1020 799/580/1018 470/847/938 350/436/937
f 800/581/1024 501/878/1020 350/436/937 471/848/942
f 502/879/1026 800/581/1024 471/848/942 351/437/941
f 801/582/1030 502/879/1026 351/437/941 472/849/946
f 503/880/979 801/582/1030 472/849/946 352/438/945
f 802/583/973 503/880/979 352/438/945 473/850/949
f 494/871/974 802/583/973 473/850/949 343/429/915
s 1
f 803/584/1031 504/881/1032 514/891/1033 813/594/1034
f 505/882/1035 803/584/1031 813/594/1034 515/892/1036
f 804/585/1037 505/882/1035 515/892/1036 814/595/1038
f 506/883/1039 804/585/1037 814/595/1038 516/893/1040
f 805/586/1041 506/883/1039 516/893/1040 815/596/1042
f 507/884/1043 805/586/1041 815/596/1042 517/894/1044
f 806/587/1045 507/884/1043 517/894/1044 816/597/1046
f 508/885/1047 806/587/1045 816/597/1046 518/895/1048
f 807/588/1049 508/885/1047 518/895/1048 817/598/1050
f 509/886/1051 807/588/1049 817/598/1050 519/896/1052
f 808/589/1053 509/886/1051 519/896/1052 818/599/1054
f 510/887/1055 808/589/1053 818/599/1054 520/897/1056
f 809/590/1057 510/887/1055 520/897/1056 819/600/1058
f 511/888/1059 809/590/1057 819/600/1058 521/898/1060
f 810/591/1061 511/888/1059 521/898/1060 820/601/1062
f 512/889/1063 810/591/1061 820/601/1062 522/899/1064
f 811/592/1065 512/889/1063 522/899/1064 821/602/1066
f 513/890/1067 811/592/1065 821/602/1066 523/900/1068
f 812/593/1069 513/890/1067 523/900/1068 822/603/1070
f 514/891/1033 504/881/1032 812/593/1069 822/603/1070
f 813/594/1034 514/891/1033 534/911/1071 833/614/1072
f 515/892/1036 813/594/1034 833/614/1072 535/912/1073
f 814/595/1038 515/892/1036 535/912/1073 834/615/1074
f 516/893/1040 814/595/1038 834/615/1074 536/913/1075
f 815/596/1042 516/893/1040 536/913/1075 835/616/1076
f 517/894/1044 815/596/1042 835/616/1076 537/914/1077
f 816/597/1046 517/894/1044 537/914/1077 836/617/1078
f 518/895/1048 816/597/1046 836/617/1078 538/915/1079
f 817/598/1050 518/895/1048 538/915/1079 837/618/1080
f 519/896/1052 817/598/1050 837/618/1080 539/916/1081
f 818/599/1054 519/896/1052 539/916/1081 838/619/1082
f 520/897/1056 818/599/1054 838/619/1082 540/917/1083
f 819/600/1058 520/897/1056 540/917/1083 839/620/1084
f 521/898/1060 819/600/1058 839/620/1084 541/918/1085
f 820/601/1062 521/898/1060 541/918/1085 840/621/1086
f 522/899/1064 820/601/1062 840/621/1086 542/919/1087
f 821/602/1066 522/899/1064 542/919/1087 841/622/1088
f 523/900/1068 821/602/1066 841/622/1088 543/920/1089
f 822/603/1070 523/900/1068 543/920/1089 842/623/1090
f 534/911/1071 514/891/1033 822/603/1070 842/623/1090
f 803/584/1031 823/604/596 524/901/562 504/881/1032
f 505/882/1035 525/902/593 823/604/596 803/584/1031
f 804/585/1037 824/605/594 525/902/593 505/882/1035
f 506/883/1039 526/903/589 824/605/594 804/585/1037
f 805/586/1041 825/606/590 526/903/589 506/883/1039
f 507/884/1043 527/904/585 825/606/590 805/586/1041
f 806/587/1045 826/607/586 527/904/585 507/884/1043
f 508/885/1047 528/905/581 826/607/586 806/587/1045
f 807/588/1049 827/608/582 528/905/581 508/885/1047
f 509/886/1051 529/906/577 827/608/582 807/588/1049
f 808/589/1053 828/609/578 529/906/577 509/886/1051
f 510/887/1055 530/907/573 828/609/578 808/589/1053
f 809/590/1057 829/610/574 530/907/573 510/887/1055
f 511/888/1059 531/908/569 829/610/574 809/590/1057
f 810/591/1061 830/611/570 531/908/569 511/888/1059
f 512/889/1063 532/909/565 830/611/570 810/591/1061
f 811/592/1065 831/612/566 532/909/565 512/889/1063
f 513/890/1067 533/910/560 831/612/566 811/592/1065
f 812/593/1069 832/613/561 533/910/560 513/890/1067
f 504/881/1032 524/901/562 832/613/561 812/593/1069
f 833/614/1072 534/911/1071 269/335/597 613/694/654
f 535/912/1073 833/614/1072 613/694/654 278/353/650
f 834/615/1074 535/912/1073 278/353/650 611/691/648
f 536/913/1075 834/615/1074 611/691/648 277/351/644
f 835/616/1076 536/913/1075 277/351/644 609/688/642
f 537/914/1077 835/616/1076 609/688/642 276/349/638
f 836/617/1078 537/914/1077 276/349/638 607/685/636
f 538/915/1079 836/617/1078 607/685/636 275/347/632
f 837/618/1080 538/915/1079 275/347/632 605/682/630
f 539/916/1081 837/618/1080 605/682/630 274/345/626
f 838/619/1082 539/916/1081 274/345/626 603/679/624
f 540/917/1083 838/619/1082 603/679/624 273/343/620
f 839/620/1084 540/917/1083 273/343/620 601/676/618
f 541/918/1085 839/620/1084 601/676/618 272/341/614
f 840/621/1086 541/918/1085 272/341/614 599/673/612
f 542/919/1087 840/621/1086 599/673/612 271/339/608
f 841/622/1088 542/919/1087 271/339/608 597/670/606
f 543/920/1089 841/622/1088 597/670/606 270/337/601
f 842/623/1090 543/920/1089 270/337/601 594/665/598
f 534/911/1071 842/623/1090 594/665/598 269/335/597
s 3
f 374/460/914 643/724/913 843/624/1091 545/922/1092
f 643/724/913 373/459/916 544/921/1093 843/624/1091
f 843/624/1091 544/921/1093 303/389/780 682/763/777
f 545/922/1092 843/624/1091 682/763/777 304/390/776
f 375/461/920 642/723/919 844/625/1094 546/923/1095
f 642/723/919 374/460/914 545/922/1092 844/625/1094
f 844/625/1094 545/922/1092 304/390/776 685/766/783
f 546/923/1095 844/625/1094 685/766/783 305/391/782
f 376/462/924 641/722/923 845/626/1096 547/924/1097
f 641/722/923 375/461/920 546/923/1095 845/626/1096
f 845/626/1096 546/923/1095 305/391/782 687/768/787
f 547/924/1097 845/626/1096 687/768/787 306/392/786
f 377/463/928 640/721/927 846/627/1098 548/925/1099
f 640/721/927 376/462/924 547/924/1097 846/627/1098
f 846/627/1098 547/924/1097 306/392/786 689/770/791
f 548/925/1099 846/627/1098 689/770/791 307/393/790
f 378/464/932 639/720/931 847/628/1100 549/926/1101
f 639/720/931 377/463/928 548/925/1099 847/628/1100
f 847/628/1100 548/925/1099 307/393/790 691/772/795
f 549/926/1101 847/628/1100 691/772/795 308/394/794
f 379/465/936 638/719/935 848/629/1102 550/927/1103
f 638/719/935 378/464/932 549/926/1101 848/629/1102
f 848/629/1102 549/926/1101 308/394/794 693/774/799
f 550/927/1103 848/629/1102 693/774/799 309/395/798
f 380/466/940 637/718/939 849/630/1104 551/928/1105
f 637/718/939 379/465/936 550/927/1103 849/630/1104
f 849/630/1104 550/927/1103 309/395/798 695/776/803
f 551/928/1105 849/630/1104 695/776/803 310/396/802
f 381/467/944 636/717/943 850/631/1106 552/929/1107
f 636/717/943 380/466/940 551/928/1105 850/631/1106
f 850/631/1106 551/928/1105 310/396/802 412/789/831
f 552/929/1107 850/631/1106 412/789/831 311/397/830
f 382/468/948 635/716/947 851/632/1108 553/930/1109
f 635/716/947 381/467/944 552/929/1107 851/632/1108
f 851/632/1108 552/929/1107 311/397/830 417/794/841
f 553/930/1109 851/632/1108 417/794/841 312/398/840
f 373/459/916 634/715/950 852/633/1110 544/921/1093
f 634/715/950 382/468/948 553/930/1109 852/633/1110
f 852/633/1110 553/930/1109 312/398/840 420/797/846
f 544/921/1093 852/633/1110 420/797/846 303/389/780
f 383/469/835 416/793/839 554/931/1111 319/405/1112
f 554/931/1111 416/793/839 392/478/815 313/399/1113
f 384/470/837 414/791/836 555/932/1114 320/406/1115
f 414/791/836 383/469/835 319/405/1112 555/932/1114
f 385/471/845 418/795/844 556/933/1116 321/407/1117
f 418/795/844 384/470/837 320/406/1115 556/933/1116
f 386/472/850 421/798/849 557/934/1118 322/408/1119
f 421/798/849 385/471/845 321/407/1117 557/934/1118
f 423/800/808 386/472/850 322/408/1119 558/935/1120
f 387/473/809 423/800/808 558/935/1120 314/400/1121
f 388/474/826 411/788/829 559/936/1122 318/404/1123
f 411/788/829 387/473/809 314/400/1121 559/936/1122
f 389/475/822 410/787/827 560/937/1124 317/403/1125
f 410/787/827 388/474/826 318/404/1123 560/937/1124
f 390/476/818 408/785/823 561/938/1126 316/402/1127
f 408/785/823 389/475/822 317/403/1125 561/938/1126
f 391/477/813 406/783/819 562/939/1128 315/401/1129
f 406/783/819 390/476/818 316/402/1127 562/939/1128
f 392/478/815 404/781/814 563/940/1130 313/399/1113
f 404/781/814 391/477/813 315/401/1129 563/940/1130
f 394/982/1131 623/962/1132 633/714/695 288/374/693
f 623/962/1132 393/479/1133 279/355/657 633/714/695
f 395/980/1134 622/960/1135 632/712/691 287/372/689
f 622/960/1135 394/982/1131 288/374/693 632/712/691
f 396/978/1136 621/958/1137 631/710/687 286/370/685
f 621/958/1137 395/980/1134 287/372/689 631/710/687
f 397/976/1138 620/956/1139 630/708/683 285/368/681
f 620/956/1139 396/978/1136 286/370/685 630/708/683
f 398/974/1140 619/954/1141 629/706/679 284/366/677
f 619/954/1141 397/976/1138 285/368/681 629/706/679
f 399/972/1142 618/952/1143 628/704/675 283/364/673
f 618/952/1143 398/974/1140 284/366/677 628/704/675
f 400/970/1144 617/950/1145 627/702/671 282/362/669
f 617/950/1145 399/972/1142 283/364/673 627/702/671
f 401/968/1146 616/948/1147 626/700/667 281/360/665
f 616/948/1147 400/970/1144 282/362/669 626/700/667
f 402/966/1148 615/946/1149 625/698/663 280/358/661
f 615/946/1149 401/968/1146 281/360/665 625/698/663
f 279/356/657 393/964/1133 614/944/1150 624/696/658
f 614/944/1150 402/966/1148 280/358/661 624/696/658
f 873/961/1151 874/988/1152 876/986/1153 875/983/1154
f 874/988/1152 873/961/1151 881/981/1155 882/990/1156
f 875/983/1154 876/986/1153 878/942/1157 877/963/1158
f 877/943/1158 878/1023/1157 912/1022/1159 911/965/1160
f 879/959/1161 880/992/1162 882/990/1156 881/981/1155
f 880/992/1162 879/959/1161 885/979/1163 886/994/1164
f 883/957/1165 884/996/1166 886/994/1164 885/979/1163
f 884/996/1166 883/957/1165 889/977/1167 890/998/1168
f 887/955/1169 888/1000/1170 890/998/1168 889/977/1167
f 888/1000/1170 887/955/1169 893/975/1171 894/1002/1172
f 891/953/1173 892/1004/1174 894/1002/1172 893/975/1171
f 892/1004/1174 891/953/1173 897/973/1175 898/1006/1176
f 895/951/1177 896/1008/1178 898/1006/1176 897/973/1175
f 896/1008/1178 895/951/1177 901/971/1179 902/1010/1180
f 899/949/1181 900/1012/1182 902/1010/1180 901/971/1179
f 900/1012/1182 899/949/1181 905/969/1183 906/1014/1184
f 903/947/1185 904/1016/1186 906/1014/1184 905/969/1183
f 904/1016/1186 903/947/1185 909/967/1187 910/1018/1188
f 907/945/1189 908/1020/1190 910/1018/1188 909/967/1187
f 908/1020/1190 907/945/1189 911/965/1160 912/1022/1159
f 402/966/1148 614/944/1150 911/965/1160 907/945/1189
f 401/968/1146 615/946/1149 909/967/1187 903/947/1185
f 400/970/1144 616/948/1147 905/969/1183 899/949/1181
f 399/972/1142 617/950/1145 901/971/1179 895/951/1177
f 398/974/1140 618/952/1143 897/973/1175 891/953/1173
f 397/976/1138 619/954/1141 893/975/1171 887/955/1169
f 396/978/1136 620/956/1139 889/977/1167 883/957/1165
f 395/980/1134 621/958/1137 885/979/1163 879/959/1161
f 394/982/1131 622/960/1135 881/981/1155 873/961/1151
f 393/479/1133 623/962/1132 875/983/1154 877/963/1158
f 614/944/1150 393/964/1133 877/943/1158 911/965/1160
f 615/946/1149 402/966/1148 907/945/1189 909/967/1187
f 616/948/1147 401/968/1146 903/947/1185 905/969/1183
f 617/950/1145 400/970/1144 899/949/1181 901/971/1179
f 618/952/1143 399/972/1142 895/951/1177 897/973/1175
f 619/954/1141 398/974/1140 891/953/1173 893/975/1171
f 620/956/1139 397/976/1138 887/955/1169 889/977/1167
f 621/958/1137 396/978/1136 883/957/1165 885/979/1163
f 622/960/1135 395/980/1134 879/959/1161 881/981/1155
f 623/962/1132 394/982/1131 873/961/1151 875/983/1154
f 854/987/1191 853/984/1192 878/985/1157 876/986/1153
f 855/989/1193 854/987/1191 876/986/1153 874/988/1152
f 856/991/1194 855/989/1193 874/988/1152 882/990/1156
f 857/993/1195 856/991/1194 882/990/1156 880/992/1162
f 858/995/1196 857/993/1195 880/992/1162 886/994/1164
f 859/997/1197 858/995/1196 886/994/1164 884/996/1166
f 860/999/1198 859/997/1197 884/996/1166 890/998/1168
f 861/1001/1199 860/999/1198 890/998/1168 888/1000/1170
f 862/1003/1200 861/1001/1199 888/1000/1170 894/1002/1172
f 863/1005/1201 862/1003/1200 894/1002/1172 892/1004/1174
f 864/1007/1202 863/1005/1201 892/1004/1174 898/1006/1176
f 865/1009/1203 864/1007/1202 898/1006/1176 896/1008/1178
f 866/1011/1204 865/1009/1203 896/1008/1178 902/1010/1180
f 867/1013/1205 866/1011/1204 902/1010/1180 900/1012/1182
f 868/1015/1206 867/1013/1205 900/1012/1182 906/1014/1184
f 869/1017/1207 868/1015/1206 906/1014/1184 904/1016/1186
f 870/1019/1208 869/1017/1207 904/1016/1186 910/1018/1188
f 871/1021/1209 870/1019/1208 910/1018/1188 908/1020/1190
f 872/1024/1210 871/1021/1209 908/1020/1190 912/1022/1159
f 878/1023/1157 853/941/1192 872/1024/1210 912/1022/1159
f 914/1026/951 913/1025/953 363/449/975 478/855/981
f 915/1027/952 914/1026/951 478/855/981 364/450/985
f 916/1028/954 915/1027/952 364/450/985 480/857/987
f 917/1029/955 916/1028/954 480/857/987 365/451/991
f 918/1030/956 917/1029/955 365/451/991 482/859/993
f 919/1031/957 918/1030/956 482/859/993 366/452/997
f 920/1032/958 919/1031/957 366/452/997 484/861/999
f 921/1033/959 920/1032/958 484/861/999 367/453/1003
f 922/1034/960 921/1033/959 367/453/1003 486/863/1005
f 923/1035/961 922/1034/960 486/863/1005 368/454/1009
f 924/1036/962 923/1035/961 368/454/1009 488/865/1011
f 925/1037/963 924/1036/962 488/865/1011 369/455/1015
f 926/1038/964 925/1037/963 369/455/1015 490/867/1017
f 927/1039/965 926/1038/964 490/867/1017 370/456/1021
f 928/1040/966 927/1039/965 370/456/1021 492/869/1023
f 929/1041/967 928/1040/966 492/869/1023 371/457/1027
f 930/1042/968 929/1041/967 371/457/1027 493/870/1029
f 931/1043/969 930/1042/968 493/870/1029 372/458/977
f 932/1044/970 931/1043/969 372/458/977 475/852/976
f 913/1025/953 932/1044/970 475/852/976 363/449/975
