# This file uses centimeters as units for non-parametric coordinates.

mtllib Stool.mtl
g default
v -11.765339 26.936778 64.661570
v -11.620178 26.936778 64.806729
v -11.620178 27.081937 64.661570
v -11.620178 26.501241 64.661570
v -11.620178 26.646400 64.806729
v -11.765339 26.646400 64.661570
v 4.669681 27.081937 64.661570
v 4.669681 26.936778 64.806729
v 4.814840 26.936778 64.661570
v 4.814840 26.646400 64.661570
v 4.669681 26.646400 64.806729
v 4.669681 26.501241 64.661570
v 4.669681 27.081937 48.948503
v 4.814840 26.936778 48.948503
v 4.669681 26.936778 48.803339
v 4.669681 26.646400 48.803339
v 4.814840 26.646400 48.948503
v 4.669681 26.501241 48.948503
v -11.620178 27.081937 48.948503
v -11.620178 26.936778 48.803339
v -11.765339 26.936778 48.948503
v -11.765339 26.646400 48.948503
v -11.620178 26.646400 48.803339
v -11.620178 26.501241 48.948503
vt 0.593946 0.149065
vt 0.592583 0.149065
vt 0.592583 0.028732
vt 0.593946 0.028732
vt 0.593946 0.150176
vt 0.592583 0.150176
vt 0.593946 0.027621
vt 0.592583 0.027621
vt 0.535176 0.147588
vt 0.533813 0.147588
vt 0.533813 0.027257
vt 0.535176 0.027257
vt 0.535176 0.148700
vt 0.533813 0.148700
vt 0.535176 0.026146
vt 0.533813 0.026146
vt 0.005589 0.128201
vt 0.005589 0.127122
vt 0.082058 0.127122
vt 0.082058 0.128201
vt 0.004883 0.127122
vt 0.005589 0.005973
vt 0.082058 0.005973
vt 0.082764 0.127122
vt 0.004883 0.005973
vt 0.005589 0.004893
vt 0.082058 0.004893
vt 0.082764 0.005973
vt 0.792195 0.127122
vt 0.792195 0.128201
vt 0.715727 0.128201
vt 0.715727 0.127122
vt 0.792902 0.127122
vt 0.715020 0.127122
vt 0.715727 0.005973
vt 0.792195 0.005973
vt 0.792902 0.005973
vt 0.715020 0.005973
vt 0.792195 0.004893
vt 0.715727 0.004893
vt 0.544706 0.178239
vt 0.543608 0.178239
vt 0.543608 0.024594
vt 0.544706 0.024594
vt 0.989280 0.004893
vt 0.990378 0.004893
vt 0.990378 0.158529
vt 0.989280 0.158529
vn -0.707102 0.707112 0.000000
vn -0.707102 0.707112 0.000000
vn -0.707102 0.707112 0.000000
vn -0.707102 0.707112 0.000000
vn -0.707102 0.000000 0.707111
vn -0.707102 0.000000 0.707111
vn -0.707102 0.000000 0.707111
vn -0.707102 0.000000 0.707111
vn 0.000000 0.707108 0.707106
vn 0.000000 0.707108 0.707106
vn 0.000000 0.707108 0.707106
vn 0.000000 0.707108 0.707106
vn -0.707102 -0.707112 0.000000
vn -0.707102 -0.707112 0.000000
vn -0.707102 -0.707112 0.000000
vn -0.707102 -0.707112 0.000000
vn 0.000000 -0.707108 0.707106
vn 0.000000 -0.707108 0.707106
vn 0.000000 -0.707108 0.707106
vn 0.000000 -0.707108 0.707106
vn 0.707105 0.707108 0.000000
vn 0.707105 0.707108 0.000000
vn 0.707105 0.707108 0.000000
vn 0.707105 0.707108 0.000000
vn 0.707108 0.000000 0.707105
vn 0.707108 0.000000 0.707105
vn 0.707108 0.000000 0.707105
vn 0.707108 0.000000 0.707105
vn 0.707105 -0.707108 0.000000
vn 0.707105 -0.707108 0.000000
vn 0.707105 -0.707108 0.000000
vn 0.707105 -0.707108 0.000000
vn 0.000000 0.707119 -0.707094
vn 0.000000 0.707119 -0.707094
vn 0.000000 0.707119 -0.707094
vn 0.000000 0.707119 -0.707094
vn 0.707121 0.000000 -0.707093
vn 0.707121 0.000000 -0.707093
vn 0.707121 0.000000 -0.707093
vn 0.707121 0.000000 -0.707093
vn 0.000000 -0.707119 -0.707094
vn 0.000000 -0.707119 -0.707094
vn 0.000000 -0.707119 -0.707094
vn 0.000000 -0.707119 -0.707094
vn -0.707114 0.000000 -0.707099
vn -0.707114 0.000000 -0.707099
vn -0.707114 0.000000 -0.707099
vn -0.707114 0.000000 -0.707099
vn 0.000000 0.000000 1.000000
vn 0.000000 0.000000 1.000000
vn 0.000000 0.000000 1.000000
vn 0.000000 0.000000 1.000000
vn 1.000000 0.000000 0.000000
vn 1.000000 0.000000 0.000000
vn 1.000000 0.000000 0.000000
vn 1.000000 0.000000 0.000000
vn 0.000000 0.000000 -1.000000
vn 0.000000 0.000000 -1.000000
vn 0.000000 0.000000 -1.000000
vn 0.000000 0.000000 -1.000000
vn -1.000000 0.000000 0.000000
vn -1.000000 0.000000 0.000000
vn -1.000000 0.000000 0.000000
vn -1.000000 0.000000 0.000000
vn 0.000000 -1.000000 0.000000
vn 0.000000 -1.000000 0.000000
vn 0.000000 -1.000000 0.000000
vn 0.000000 -1.000000 0.000000
vn 0.000000 1.000000 0.000000
vn 0.000000 1.000000 0.000000
vn 0.000000 1.000000 0.000000
vn 0.000000 1.000000 0.000000
vn -0.577347 0.577354 0.577349
vn -0.577347 0.577354 0.577349
vn -0.577347 0.577354 0.577349
vn -0.577347 -0.577354 0.577349
vn -0.577347 -0.577354 0.577349
vn -0.577347 -0.577354 0.577349
vn 0.577340 0.577347 0.577363
vn 0.577340 0.577347 0.577363
vn 0.577340 0.577347 0.577363
vn 0.577347 -0.577354 0.577349
vn 0.577347 -0.577354 0.577349
vn 0.577347 -0.577354 0.577349
vn 0.577347 0.577350 -0.577354
vn 0.577347 0.577350 -0.577354
vn 0.577347 0.577350 -0.577354
vn 0.577354 -0.577357 -0.577340
vn 0.577354 -0.577357 -0.577340
vn 0.577354 -0.577357 -0.577340
vn -0.577352 0.577361 -0.577338
vn -0.577352 0.577361 -0.577338
vn -0.577352 0.577362 -0.577338
vn -0.577352 -0.577362 -0.577338
vn -0.577352 -0.577361 -0.577338
vn -0.577352 -0.577361 -0.577338
s off
g pCube6
usemtl initialShadingGroup
f 1/17/1 3/18/2 19/19/3 21/20/4
f 2/15/5 1/12/6 6/11/7 5/16/8
f 3/18/9 2/21/10 8/25/11 7/22/12
f 4/29/13 6/30/14 22/31/15 24/32/16
f 5/33/17 4/29/18 12/36/19 11/37/20
f 7/22/21 9/26/22 14/27/23 13/23/24
f 9/1/25 8/5/26 11/6/27 10/2/28
f 10/39/29 12/36/30 18/35/31 17/40/32
f 13/23/33 15/28/34 20/24/35 19/19/36
f 15/7/37 14/4/38 17/3/39 16/8/40
f 16/38/41 18/35/42 24/32/43 23/34/44
f 21/9/45 20/13/46 23/14/47 22/10/48
f 2/41/49 5/42/50 11/43/51 8/44/52
f 9/1/53 10/2/54 17/3/55 14/4/56
f 15/45/57 16/46/58 23/47/59 20/48/60
f 21/9/61 22/10/62 6/11/63 1/12/64
f 4/29/65 24/32/66 18/35/67 12/36/68
f 19/19/69 3/18/70 7/22/71 13/23/72
f 1/17/73 2/21/74 3/18/75
f 4/29/76 5/33/77 6/30/78
f 7/22/79 8/25/80 9/26/81
f 10/39/82 11/37/83 12/36/84
f 13/23/85 14/27/86 15/28/87
f 16/38/88 17/40/89 18/35/90
f 19/19/91 20/24/92 21/20/93
f 22/31/94 23/34/95 24/32/96
g default
v 21.826200 -40.461619 55.789051
v 21.826200 -40.461619 57.119261
v 23.134193 -40.461619 55.789051
v 23.134193 -40.461619 57.119261
v 21.130458 -20.482384 55.642817
v 22.568693 -20.001587 55.642817
v 22.568693 -20.001587 57.265496
v 21.130458 -20.482384 57.265496
v 12.134153 0.357406 55.639665
v 13.735938 0.357405 55.639665
v 13.735930 0.357404 57.268646
v 12.134153 0.357406 57.268646
v 21.597299 -35.384704 55.556260
v 23.363078 -35.384711 55.556260
v 23.363078 -35.384707 57.352051
v 21.597299 -35.384707 57.352051
v 21.597299 -40.268756 55.556260
v 23.363078 -40.268756 55.556260
v 23.363078 -40.268756 57.352051
v 21.597299 -40.268756 57.352051
v 11.842927 0.357406 56.454152
v 21.849591 -20.241985 57.560525
v 12.935049 0.357406 57.564823
v 14.027163 0.357404 56.454152
v 22.830195 -19.914167 56.454152
v 22.480200 -35.384707 55.229762
v 21.566347 -24.799598 55.612144
v 23.222250 -24.799601 55.612144
v 23.222250 -24.799601 57.296172
v 23.684151 -35.384711 56.454152
v 22.480200 -35.384707 57.678554
v 21.566347 -24.799598 57.296172
v 21.276226 -35.384707 56.454152
v 21.597299 -39.707324 55.556260
v 23.363078 -39.707324 55.556260
v 23.363078 -39.707324 57.352051
v 21.597299 -39.707324 57.352051
v 21.654162 -40.480845 56.454152
v 21.625731 -40.383807 57.323141
v 21.276226 -40.268756 56.454152
v 21.625731 -40.383799 55.585170
v 23.684151 -40.268756 56.454152
v 23.334670 -40.383807 57.323141
v 23.306246 -40.480845 56.454152
v 23.334670 -40.383807 55.585170
v 22.480200 -40.480845 57.294231
v 22.480200 -40.480845 55.614080
v 22.480200 -40.268756 57.678554
v 22.480200 -40.268756 55.229762
v 21.849591 -20.241985 55.347795
v 12.935049 0.357405 55.343493
v 20.868987 -20.569801 56.454152
v 21.314156 -40.385554 56.454152
v 23.646221 -40.385554 56.454152
v 22.480200 -40.514605 56.454152
v 22.480200 -40.385554 57.640017
v 22.480200 -40.385554 55.268295
v 22.394275 -24.799601 55.305957
v 23.523323 -24.799601 56.454152
v 22.394275 -24.799601 57.602360
v 21.265266 -24.799598 56.454152
v 22.480200 -39.707324 55.229762
v 23.684151 -39.707324 56.454152
v 22.480200 -39.707324 57.678554
v 21.276226 -39.707324 56.454152
v 13.954353 0.357405 56.009886
v 13.954353 0.357404 56.898431
v 22.764813 -19.936020 56.896711
v 22.764813 -19.936020 56.011601
v 22.961782 -35.384707 55.311390
v 22.480200 -30.625720 55.305957
v 22.845908 -24.799601 55.382504
v 23.308152 -30.625724 55.612144
v 21.998618 -35.384707 55.311390
v 21.652218 -30.625724 55.612144
v 21.942681 -24.799598 55.382504
v 21.317688 -22.995654 55.612144
v 22.136584 -22.913749 55.305957
v 22.955473 -22.831847 55.612144
v 23.253248 -22.802062 56.454152
v 23.448047 -24.799601 55.994869
v 22.955473 -22.831847 57.296172
v 23.448047 -24.799601 56.913440
v 23.308152 -30.625724 57.296172
v 23.603881 -35.384711 56.943917
v 23.609225 -30.625724 56.454152
v 23.603881 -35.384715 55.964399
v 21.998618 -35.384707 57.596926
v 22.480200 -30.625720 57.602360
v 21.942681 -24.799598 57.525812
v 21.652218 -30.625724 57.296172
v 22.961782 -35.384707 57.596926
v 22.845908 -24.799598 57.525812
v 22.136584 -22.913749 57.602360
v 21.317688 -22.995654 57.296172
v 21.356520 -35.384707 55.964399
v 21.351176 -30.625720 56.454152
v 21.340511 -24.799598 55.994869
v 21.356520 -35.384707 56.943917
v 21.340511 -24.799598 56.913440
v 21.019905 -23.025435 56.454152
v 22.480200 -40.220736 55.229762
v 22.961782 -39.707324 55.311390
v 23.363078 -40.220736 55.556260
v 21.597307 -40.220736 55.556260
v 21.998618 -39.707316 55.311390
v 21.597307 -38.253611 55.556260
v 22.480200 -38.253611 55.229762
v 23.363078 -38.253611 55.556260
v 23.684151 -38.253611 56.454152
v 23.603881 -39.707324 55.964399
v 23.363078 -38.253611 57.352051
v 23.603881 -39.707324 56.943917
v 23.363078 -40.220736 57.352051
v 23.684151 -40.220744 56.454152
v 22.480200 -40.220736 57.678554
v 21.998618 -39.707324 57.596926
v 21.597307 -40.220736 57.352051
v 22.961782 -39.707324 57.596926
v 22.480200 -38.253611 57.678554
v 21.597307 -38.253611 57.352051
v 21.276226 -40.220736 56.454152
v 21.356520 -39.707324 55.964399
v 21.356520 -39.707324 56.943917
v 21.276226 -38.253611 56.454152
v 21.710987 -40.474490 56.059628
v 21.427844 -40.438868 56.454152
v 21.392155 -40.384677 55.980263
v 21.710987 -40.431887 55.671905
v 21.710987 -40.474490 56.848688
v 21.710987 -40.431887 57.236422
v 21.392155 -40.384677 56.928037
v 21.597307 -40.326274 57.352051
v 21.356520 -40.268756 56.943917
v 21.276226 -40.326274 56.454152
v 21.356520 -40.268756 55.964399
v 21.597307 -40.326274 55.556260
v 23.603881 -40.268756 55.964399
v 23.684151 -40.326274 56.454152
v 23.568215 -40.384677 55.980263
v 23.363078 -40.326274 55.556260
v 23.603881 -40.268756 56.943917
v 23.363078 -40.326274 57.352051
v 23.568215 -40.384677 56.928037
v 23.249390 -40.431887 57.236422
v 23.249390 -40.474490 56.848688
v 23.532541 -40.438868 56.454152
v 23.249390 -40.474490 56.059628
v 23.249390 -40.431887 55.671905
v 22.930565 -40.506137 56.454152
v 22.480200 -40.506137 55.996144
v 22.868140 -40.474498 55.671905
v 22.868140 -40.474498 57.236422
v 22.480200 -40.506137 56.912172
v 22.092253 -40.474498 57.236422
v 22.029804 -40.506137 56.454152
v 22.092253 -40.474498 55.671905
v 22.480200 -40.438868 57.524369
v 22.014231 -40.384677 57.560645
v 22.946170 -40.384677 57.560645
v 22.961782 -40.268756 57.596926
v 22.480200 -40.326274 57.678554
v 21.998618 -40.268756 57.596926
v 22.480200 -40.438868 55.383939
v 22.946170 -40.384677 55.347659
v 22.014231 -40.384677 55.347659
v 21.998618 -40.268756 55.311390
v 22.480200 -40.326274 55.229762
v 22.961782 -40.268756 55.311390
v 1.801870 25.678071 55.329044
v 1.801870 26.327130 55.629063
v 1.801870 25.029016 55.629063
v 1.801870 26.327127 57.279241
v 1.801870 26.563146 56.454152
v 1.801870 25.678071 57.579284
v 1.801870 25.029016 57.279241
v 1.801870 24.792997 56.454152
v 22.241801 -20.110859 55.421547
v 21.457349 -20.373112 55.421547
v 12.498172 0.357405 55.417537
v 13.371895 0.357405 55.417537
v 20.934337 -20.547947 56.011601
v 20.934337 -20.547947 56.896711
v 11.915714 0.357405 56.898431
v 11.915714 0.357406 56.009886
v 21.457349 -20.373112 57.486769
v 22.241801 -20.110859 57.486769
v 13.371895 0.357405 57.490776
v 12.498172 0.357406 57.490776
v 21.499207 -40.435374 56.027882
v 21.499207 -40.435374 56.880434
v 21.356520 -40.326274 56.943917
v 21.356520 -40.326274 55.964399
v 23.603881 -40.326274 55.964399
v 23.603881 -40.326274 56.943917
v 23.461170 -40.435382 56.880434
v 23.461170 -40.435374 56.027882
v 22.899325 -40.498164 56.027882
v 22.899325 -40.498164 56.880434
v 22.061044 -40.498164 56.880434
v 22.061044 -40.498164 56.027882
v 22.061044 -40.435374 57.451815
v 22.899325 -40.435374 57.451815
v 22.961782 -40.326274 57.596926
v 21.998618 -40.326274 57.596926
v 22.899325 -40.435374 55.456497
v 22.061052 -40.435374 55.456497
v 21.998618 -40.326274 55.311390
v 22.961782 -40.326274 55.311390
v 1.801870 26.032102 55.404044
v 1.801870 25.324041 55.404044
v 1.801870 26.504140 56.904206
v 1.801870 26.504140 56.004102
v 1.801870 25.324041 57.504268
v 1.801870 26.032102 57.504268
v 1.801870 24.852002 56.004102
v 1.801870 24.852002 56.904206
v 22.931810 -30.625724 55.382504
v 22.028583 -30.625720 55.382504
v 21.689898 -22.958426 55.382504
v 22.583247 -22.869075 55.382504
v 23.178812 -22.809508 55.994869
v 23.178812 -22.809508 56.913440
v 23.533956 -30.625720 56.913440
v 23.533956 -30.625724 55.994869
v 22.028583 -30.625720 57.525812
v 22.931810 -30.625720 57.525812
v 22.583247 -22.869075 57.525812
v 21.689898 -22.958426 57.525812
v 21.426444 -30.625720 55.994869
v 21.426444 -30.625720 56.913440
v 21.094325 -23.017993 56.913440
v 21.094325 -23.017993 55.994869
v 22.961782 -40.220736 55.311390
v 21.998618 -40.220736 55.311390
v 21.998618 -38.253611 55.311390
v 22.961782 -38.253611 55.311390
v 23.603881 -38.253611 55.964399
v 23.603881 -38.253611 56.943917
v 23.603881 -40.220736 56.943917
v 23.603881 -40.220736 55.964399
v 21.998618 -40.220736 57.596926
v 22.961782 -40.220736 57.596926
v 22.961782 -38.253611 57.596926
v 21.998618 -38.253611 57.596926
v 21.356520 -40.220736 55.964399
v 21.356520 -40.220736 56.943917
v 21.356520 -38.253611 56.943917
v 21.356520 -38.253611 55.964399
v 21.572687 -18.393459 55.516301
v 20.432608 -17.232067 55.508518
v 21.252384 -18.562458 55.374150
v 20.110773 -17.397272 55.371108
v 19.773264 -17.593164 55.390525
v 20.915411 -18.770229 55.387720
v 20.613296 -18.979233 55.542380
v 19.474641 -17.787922 55.551738
v 19.271955 -17.950798 55.839902
v 20.398124 -19.152511 55.824426
v 20.322708 -19.252209 56.220996
v 19.218109 -18.049068 56.240031
v 19.289558 -18.081371 56.680960
v 20.371155 -19.281216 56.661459
v 20.527713 -19.244114 57.074517
v 19.463727 -18.046926 57.091483
v 19.716486 -17.944504 57.400545
v 20.775835 -19.143700 57.388861
v 21.098137 -18.977651 57.533229
v 20.025346 -17.773659 57.537422
v 20.347958 -17.571468 57.517682
v 21.440244 -18.780060 57.521024
v 21.747252 -18.581203 57.365979
v 20.634174 -17.371612 57.356462
v 20.835553 -17.208414 57.068636
v 21.964477 -18.413105 57.082012
v 20.842624 -17.088482 56.228452
v 21.983683 -18.266819 56.241882
v 20.899768 -17.114735 56.668993
v 22.037318 -18.307403 56.683399
v 20.681563 -17.128269 55.817946
v 21.822466 -18.294781 55.829093
v 14.378371 -13.492285 55.309029
v 15.239725 -14.292610 55.243823
v 14.763658 -13.341255 55.385375
v 15.663689 -14.135285 55.314680
v 15.080577 -13.202646 55.614392
v 16.001431 -13.995705 55.548338
v 13.687437 -13.811612 55.614392
v 14.527515 -14.602434 55.584351
v 14.003772 -13.673409 55.385375
v 14.859743 -14.466182 55.334419
v 13.433838 -13.920381 56.454152
v 14.268868 -14.706754 56.477804
v 13.497453 -13.893826 55.996101
v 14.330866 -14.682422 55.992321
v 13.686060 -13.807719 57.293924
v 14.546449 -14.590841 57.358978
v 13.496722 -13.891744 56.912211
v 14.341149 -14.676129 56.960234
v 14.376621 -13.487279 57.599287
v 15.264244 -14.276753 57.664707
v 14.002115 -13.668641 57.522941
v 14.883632 -14.451209 57.593286
v 15.079387 -13.198977 57.293924
v 16.020000 -13.983458 57.323985
v 14.762064 -13.336561 57.522941
v 15.687476 -14.119902 57.574278
v 15.333841 -13.090106 56.454152
v 16.278530 -13.878947 56.429396
v 15.270708 -13.118828 55.996101
v 16.206521 -13.909968 55.946783
v 15.270008 -13.116807 56.912211
v 16.216712 -13.903275 56.915408
v 9.974887 19.440248 55.656706
v 9.600521 19.338308 55.439230
v 9.183699 19.200246 55.366729
v 8.820006 19.036443 55.439230
v 8.544253 18.886762 55.656706
v 8.374230 18.799184 56.019179
v 8.310840 18.773217 56.454153
v 8.374222 18.799184 56.889130
v 8.544253 18.886766 57.251606
v 8.819998 19.036447 57.469096
v 9.183699 19.200242 57.541588
v 9.600529 19.338308 57.469096
v 9.974887 19.440248 57.251606
v 10.194850 19.503652 56.889130
v 10.261554 19.528005 56.454153
v 10.194850 19.503652 56.019179
v 4.284013 26.409089 55.565489
v 5.228775 26.028798 55.565489
v 4.192358 26.106969 55.327432
v 5.138482 25.729432 55.327432
v 4.095216 25.744527 55.248087
v 5.039512 25.361005 55.248087
v 3.993340 25.381860 55.327432
v 4.936414 24.996328 55.327432
v 3.889290 25.078836 55.565489
v 4.835799 24.706498 55.565489
v 3.828591 24.896924 55.962258
v 4.777022 24.531083 55.962258
v 3.810385 24.836343 56.438384
v 4.759041 24.471097 56.438384
v 3.828424 24.896917 56.914513
v 4.777146 24.530969 56.914513
v 3.888877 25.078820 57.311278
v 4.836098 24.706205 57.311278
v 3.993025 25.381852 57.549343
v 4.936652 24.996099 57.549343
v 4.095216 25.744527 57.628705
v 5.039512 25.361005 57.628705
v 4.192611 26.106969 57.549343
v 5.138303 25.729604 57.549343
v 4.284545 26.409093 57.311278
v 5.228394 26.029172 57.311278
v 4.339468 26.590295 56.914513
v 5.282310 26.209088 56.914513
v 4.357644 26.650685 56.438384
v 5.300322 26.269052 56.438384
v 4.339188 26.590295 55.962258
v 5.282508 26.208890 55.962258
v -2.281063 26.340974 55.649043
v -2.281063 26.340970 57.259261
v -2.281063 25.074304 55.649055
v -2.281063 25.074304 57.259261
v -2.281063 25.707097 55.355679
v -2.281063 26.571210 56.454152
v -2.281063 25.707097 57.552637
v -2.281063 24.842984 56.454152
v -2.281063 26.052766 55.429119
v -2.281063 25.361970 55.429119
v -2.281063 26.513707 56.893226
v -2.281063 26.513707 56.015074
v -2.281063 25.361970 57.479193
v -2.281063 26.052766 57.479193
v -2.281063 24.901025 56.015074
v -2.281063 24.901025 56.893226
v -28.813363 -40.461619 55.789051
v -28.813363 -40.461619 57.119261
v -30.121348 -40.461619 55.789051
v -30.121348 -40.461619 57.119261
v -28.117629 -20.482384 55.642817
v -29.555848 -20.001587 55.642817
v -29.555848 -20.001587 57.265496
v -28.117629 -20.482384 57.265496
v -19.121328 0.357406 55.639665
v -20.723086 0.357405 55.639665
v -20.723082 0.357404 57.268646
v -19.121328 0.357406 57.268646
v -28.584462 -35.384704 55.556260
v -30.350241 -35.384711 55.556260
v -30.350241 -35.384707 57.352051
v -28.584462 -35.384707 57.352051
v -28.584462 -40.268756 55.556260
v -30.350241 -40.268756 55.556260
v -30.350241 -40.268756 57.352051
v -28.584462 -40.268756 57.352051
v -18.830091 0.357406 56.454152
v -28.836754 -20.241985 57.560525
v -19.922216 0.357406 57.564823
v -21.014319 0.357404 56.454152
v -29.817342 -19.914167 56.454152
v -29.467348 -35.384707 55.229762
v -28.553494 -24.799598 55.612144
v -30.209397 -24.799601 55.612144
v -30.209397 -24.799601 57.296172
v -30.671314 -35.384711 56.454152
v -29.467348 -35.384707 57.678554
v -28.553494 -24.799598 57.296172
v -28.263413 -35.384707 56.454152
v -28.584462 -39.707324 55.556260
v -30.350241 -39.707324 55.556260
v -30.350241 -39.707324 57.352051
v -28.584462 -39.707324 57.352051
v -28.641310 -40.480845 56.454152
v -28.612878 -40.383807 57.323141
v -28.263413 -40.268756 56.454152
v -28.612878 -40.383799 55.585170
v -30.671314 -40.268756 56.454152
v -30.321817 -40.383807 57.323141
v -30.293393 -40.480845 56.454152
v -30.321817 -40.383807 55.585170
v -29.467348 -40.480845 57.294231
v -29.467348 -40.480845 55.614080
v -29.467348 -40.268756 57.678554
v -29.467348 -40.268756 55.229762
v -28.836754 -20.241985 55.347795
v -19.922216 0.357405 55.343493
v -27.856135 -20.569801 56.454152
v -28.301319 -40.385554 56.454152
v -30.633412 -40.385554 56.454152
v -29.467348 -40.514605 56.454152
v -29.467348 -40.385554 57.640017
v -29.467348 -40.385554 55.268295
v -29.381446 -24.799601 55.305957
v -30.510470 -24.799601 56.454152
v -29.381446 -24.799601 57.602360
v -28.252413 -24.799598 56.454152
v -29.467348 -39.707324 55.229762
v -30.671314 -39.707324 56.454152
v -29.467348 -39.707324 57.678554
v -28.263413 -39.707324 56.454152
v -20.941504 0.357405 56.009886
v -20.941504 0.357404 56.898431
v -29.751988 -19.936020 56.896711
v -29.751988 -19.936020 56.011601
v -29.948937 -35.384707 55.311390
v -29.467348 -30.625720 55.305957
v -29.833056 -24.799601 55.382504
v -30.295315 -30.625724 55.612144
v -28.985766 -35.384707 55.311390
v -28.639412 -30.625724 55.612144
v -28.929844 -24.799598 55.382504
v -28.304835 -22.995654 55.612144
v -29.123732 -22.913749 55.305957
v -29.942621 -22.831847 55.612144
v -30.240396 -22.802062 56.454152
v -30.435202 -24.799601 55.994869
v -29.942621 -22.831847 57.296172
v -30.435202 -24.799601 56.913440
v -30.295315 -30.625724 57.296172
v -30.591028 -35.384711 56.943917
v -30.596372 -30.625724 56.454152
v -30.591028 -35.384715 55.964399
v -28.985766 -35.384707 57.596926
v -29.467348 -30.625720 57.602360
v -28.929844 -24.799598 57.525812
v -28.639412 -30.625724 57.296172
v -29.948937 -35.384707 57.596926
v -29.833056 -24.799598 57.525812
v -29.123732 -22.913749 57.602360
v -28.304835 -22.995654 57.296172
v -28.343667 -35.384707 55.964399
v -28.338323 -30.625720 56.454152
v -28.327686 -24.799598 55.994869
v -28.343667 -35.384707 56.943917
v -28.327686 -24.799598 56.913440
v -28.007052 -23.025435 56.454152
v -29.467348 -40.220736 55.229762
v -29.948937 -39.707324 55.311390
v -30.350241 -40.220736 55.556260
v -28.584462 -40.220736 55.556260
v -28.985766 -39.707316 55.311390
v -28.584462 -38.253611 55.556260
v -29.467348 -38.253611 55.229762
v -30.350241 -38.253611 55.556260
v -30.671314 -38.253611 56.454152
v -30.591028 -39.707324 55.964399
v -30.350241 -38.253611 57.352051
v -30.591028 -39.707324 56.943917
v -30.350241 -40.220736 57.352051
v -30.671314 -40.220744 56.454152
v -29.467348 -40.220736 57.678554
v -28.985766 -39.707324 57.596926
v -28.584462 -40.220736 57.352051
v -29.948937 -39.707324 57.596926
v -29.467348 -38.253611 57.678554
v -28.584462 -38.253611 57.352051
v -28.263413 -40.220736 56.454152
v -28.343667 -39.707324 55.964399
v -28.343667 -39.707324 56.943917
v -28.263413 -38.253611 56.454152
v -28.698170 -40.474490 56.059628
v -28.415007 -40.438868 56.454152
v -28.379349 -40.384677 55.980263
v -28.698170 -40.431887 55.671905
v -28.698170 -40.474490 56.848688
v -28.698170 -40.431887 57.236422
v -28.379349 -40.384677 56.928037
v -28.584462 -40.326274 57.352051
v -28.343667 -40.268756 56.943917
v -28.263413 -40.326274 56.454152
v -28.343667 -40.268756 55.964399
v -28.584462 -40.326274 55.556260
v -30.591028 -40.268756 55.964399
v -30.671314 -40.326274 56.454152
v -30.555378 -40.384677 55.980263
v -30.350241 -40.326274 55.556260
v -30.591028 -40.268756 56.943917
v -30.350241 -40.326274 57.352051
v -30.555378 -40.384677 56.928037
v -30.236557 -40.431887 57.236422
v -30.236557 -40.474490 56.848688
v -30.519696 -40.438868 56.454152
v -30.236557 -40.474490 56.059628
v -30.236557 -40.431887 55.671905
v -29.917729 -40.506137 56.454152
v -29.467348 -40.506137 55.996144
v -29.855295 -40.474498 55.671905
v -29.855295 -40.474498 57.236422
v -29.467348 -40.506137 56.912172
v -29.079408 -40.474498 57.236422
v -29.017002 -40.506137 56.454152
v -29.079408 -40.474498 55.671905
v -29.467348 -40.438868 57.524369
v -29.001378 -40.384677 57.560645
v -29.933325 -40.384677 57.560645
v -29.948937 -40.268756 57.596926
v -29.467348 -40.326274 57.678554
v -28.985766 -40.268756 57.596926
v -29.467348 -40.438868 55.383939
v -29.933325 -40.384677 55.347659
v -29.001378 -40.384677 55.347659
v -28.985766 -40.268756 55.311390
v -29.467348 -40.326274 55.229762
v -29.948937 -40.268756 55.311390
v -8.360873 25.678071 55.329044
v -8.360873 26.327130 55.629063
v -8.360873 25.029016 55.629063
v -8.360873 26.327127 57.279241
v -8.360873 26.563146 56.454152
v -8.360873 25.678071 57.579284
v -8.360873 25.029016 57.279241
v -8.360873 24.792997 56.454152
v -29.228976 -20.110859 55.421547
v -28.444505 -20.373112 55.421547
v -19.485351 0.357405 55.417537
v -20.359046 0.357405 55.417537
v -27.921512 -20.547947 56.011601
v -27.921512 -20.547947 56.896711
v -18.902885 0.357405 56.898431
v -18.902885 0.357406 56.009886
v -28.444505 -20.373112 57.486769
v -29.228976 -20.110859 57.486769
v -20.359046 0.357405 57.490776
v -19.485351 0.357406 57.490776
v -28.486371 -40.435374 56.027882
v -28.486371 -40.435374 56.880434
v -28.343667 -40.326274 56.943917
v -28.343667 -40.326274 55.964399
v -30.591028 -40.326274 55.964399
v -30.591028 -40.326274 56.943917
v -30.448341 -40.435382 56.880434
v -30.448341 -40.435374 56.027882
v -29.886500 -40.498164 56.027882
v -29.886500 -40.498164 56.880434
v -29.048207 -40.498164 56.880434
v -29.048207 -40.498164 56.027882
v -29.048207 -40.435374 57.451815
v -29.886500 -40.435374 57.451815
v -29.948937 -40.326274 57.596926
v -28.985766 -40.326274 57.596926
v -29.886500 -40.435374 55.456497
v -29.048215 -40.435374 55.456497
v -28.985766 -40.326274 55.311390
v -29.948937 -40.326274 55.311390
v -8.360873 26.032102 55.404044
v -8.360873 25.324041 55.404044
v -8.360873 26.504140 56.904206
v -8.360873 26.504140 56.004102
v -8.360873 25.324041 57.504268
v -8.360873 26.032102 57.504268
v -8.360873 24.852002 56.004102
v -8.360873 24.852002 56.904206
v -29.918965 -30.625724 55.382504
v -29.015738 -30.625720 55.382504
v -28.677062 -22.958426 55.382504
v -29.570395 -22.869075 55.382504
v -30.165960 -22.809508 55.994869
v -30.165960 -22.809508 56.913440
v -30.521112 -30.625720 56.913440
v -30.521112 -30.625724 55.994869
v -29.015738 -30.625720 57.525812
v -29.918965 -30.625720 57.525812
v -29.570395 -22.869075 57.525812
v -28.677062 -22.958426 57.525812
v -28.413592 -30.625720 55.994869
v -28.413592 -30.625720 56.913440
v -28.081496 -23.017993 56.913440
v -28.081496 -23.017993 55.994869
v -29.948937 -40.220736 55.311390
v -28.985766 -40.220736 55.311390
v -28.985766 -38.253611 55.311390
v -29.948937 -38.253611 55.311390
v -30.591028 -38.253611 55.964399
v -30.591028 -38.253611 56.943917
v -30.591028 -40.220736 56.943917
v -30.591028 -40.220736 55.964399
v -28.985766 -40.220736 57.596926
v -29.948937 -40.220736 57.596926
v -29.948937 -38.253611 57.596926
v -28.985766 -38.253611 57.596926
v -28.343667 -40.220736 55.964399
v -28.343667 -40.220736 56.943917
v -28.343667 -38.253611 56.943917
v -28.343667 -38.253611 55.964399
v -28.559842 -18.393459 55.516301
v -27.419756 -17.232067 55.508518
v -28.239578 -18.562458 55.374150
v -27.097944 -17.397272 55.371108
v -26.760423 -17.593164 55.390525
v -27.902567 -18.770229 55.387720
v -27.600451 -18.979233 55.542380
v -26.461804 -17.787922 55.551738
v -26.259130 -17.950798 55.839902
v -27.385268 -19.152511 55.824426
v -27.309872 -19.252209 56.220996
v -26.205280 -18.049068 56.240031
v -26.276706 -18.081371 56.680960
v -27.358314 -19.281216 56.661459
v -27.514860 -19.244114 57.074517
v -26.450890 -18.046926 57.091483
v -26.703649 -17.944504 57.400545
v -27.762991 -19.143700 57.388861
v -28.085284 -18.977651 57.533229
v -27.012513 -17.773659 57.537422
v -27.335122 -17.571468 57.517682
v -28.427415 -18.780060 57.521024
v -28.734408 -18.581203 57.365979
v -27.621368 -17.371612 57.356462
v -27.822717 -17.208414 57.068636
v -28.951625 -18.413105 57.082012
v -27.829819 -17.088482 56.228452
v -28.970831 -18.266819 56.241882
v -27.886939 -17.114735 56.668993
v -29.024466 -18.307403 56.683399
v -27.668718 -17.128269 55.817946
v -28.809614 -18.294781 55.829093
v -21.365519 -13.492285 55.309029
v -22.226888 -14.292610 55.243823
v -21.750822 -13.341255 55.385375
v -22.650840 -14.135285 55.314680
v -22.067756 -13.202646 55.614392
v -22.988606 -13.995705 55.548338
v -20.674604 -13.811612 55.614392
v -21.514694 -14.602434 55.584351
v -20.990935 -13.673409 55.385375
v -21.846902 -14.466182 55.334419
v -20.420989 -13.920381 56.454152
v -21.256012 -14.706754 56.477804
v -20.484617 -13.893826 55.996101
v -21.318021 -14.682422 55.992321
v -20.673223 -13.807719 57.293924
v -21.533616 -14.590841 57.358978
v -20.483862 -13.891744 56.912211
v -21.328301 -14.676129 56.960234
v -21.363800 -13.487279 57.599287
v -22.251395 -14.276753 57.664707
v -20.989278 -13.668641 57.522941
v -21.870779 -14.451209 57.593286
v -22.066535 -13.198977 57.293924
v -23.007178 -13.983458 57.323985
v -21.749227 -13.336561 57.522941
v -22.674620 -14.119902 57.574278
v -22.321005 -13.090106 56.454152
v -23.265717 -13.878947 56.429396
v -22.257871 -13.118828 55.996101
v -23.193688 -13.909968 55.946783
v -22.257187 -13.116807 56.912211
v -23.203863 -13.903275 56.915408
v -16.892212 19.446107 55.722183
v -16.553415 19.336370 55.522563
v -16.177229 19.191663 55.456015
v -15.850874 19.025666 55.522563
v -15.604561 18.876443 55.722183
v -15.452476 18.788751 56.054894
v -15.395515 18.762189 56.454153
v -15.452476 18.788751 56.853416
v -15.604561 18.876443 57.186129
v -15.850874 19.025670 57.385762
v -16.177229 19.191659 57.452301
v -16.553423 19.336366 57.385762
v -16.892212 19.446111 57.186129
v -17.091125 19.513803 56.853416
v -17.151205 19.539029 56.454153
v -17.091125 19.513803 56.054894
v -10.843027 26.409089 55.565489
v -11.787786 26.028798 55.565489
v -10.751349 26.106969 55.327432
v -11.697497 25.729432 55.327432
v -10.654226 25.744527 55.248087
v -11.598518 25.361005 55.248087
v -10.552354 25.381860 55.327432
v -11.495413 24.996328 55.327432
v -10.448289 25.078836 55.565489
v -11.394798 24.706498 55.565489
v -10.387610 24.896924 55.962258
v -11.336028 24.531083 55.962258
v -10.369399 24.836343 56.438384
v -11.318040 24.471097 56.438384
v -10.387427 24.896917 56.914513
v -11.336153 24.530969 56.914513
v -10.447884 25.078820 57.311278
v -11.395117 24.706205 57.311278
v -10.552031 25.381852 57.549343
v -11.495658 24.996099 57.549343
v -10.654226 25.744527 57.628705
v -11.598518 25.361005 57.628705
v -10.751610 26.106969 57.549343
v -11.697314 25.729604 57.549343
v -10.843544 26.409093 57.311278
v -11.787413 26.029172 57.311278
v -10.898475 26.590295 56.914513
v -11.841316 26.209088 56.914513
v -10.916658 26.650685 56.438384
v -11.859320 26.269052 56.438384
v -10.898199 26.590295 55.962258
v -11.841507 26.208890 55.962258
v 13.457672 -11.893771 55.243388
v 13.797718 -12.784796 55.263994
v 12.981777 -11.902848 55.324031
v 13.306443 -12.785226 55.340085
v 12.585436 -11.916638 55.566114
v 12.897088 -12.780218 55.577108
v 14.331270 -11.904526 55.566186
v 14.686819 -12.765083 55.586625
v 13.933887 -11.893664 55.324101
v 14.283523 -12.778983 55.346623
v 12.268307 -11.929000 56.454152
v 12.567568 -12.771829 56.454152
v 12.347636 -11.926267 56.938577
v 12.649876 -12.773782 56.933074
v 12.585436 -11.916562 57.342190
v 12.897407 -12.780075 57.331166
v 12.347636 -11.926296 55.969736
v 12.649751 -12.773859 55.975230
v 13.457657 -11.893540 57.664926
v 13.798402 -12.784555 57.644224
v 13.933879 -11.893402 57.584206
v 14.284255 -12.778693 57.561576
v 14.331262 -11.904326 57.342117
v 14.687488 -12.764766 57.321598
v 12.981777 -11.902697 57.584276
v 13.306933 -12.785038 57.568161
v 14.570003 -11.917142 55.969765
v 14.924533 -12.749317 55.981826
v 14.649628 -11.921440 56.454152
v 15.003745 -12.743294 56.454152
v 14.569996 -11.917048 56.938546
v 14.924930 -12.749086 56.926456
v -19.572603 -11.916638 55.566114
v -19.884240 -12.780218 55.577108
v -19.968963 -11.902848 55.324031
v -20.293595 -12.785226 55.340085
v -20.444824 -11.893771 55.243388
v -20.784896 -12.784796 55.263994
v -20.921038 -11.893664 55.324101
v -21.270675 -12.778983 55.346623
v -21.318433 -11.904527 55.566186
v -21.673982 -12.765083 55.586625
v -19.572599 -11.916562 57.342190
v -19.884567 -12.780075 57.331166
v -19.334791 -11.926267 56.938577
v -19.637063 -12.773783 56.933074
v -19.255486 -11.929000 56.454152
v -19.554735 -12.771829 56.454152
v -19.334791 -11.926296 55.969736
v -19.636915 -12.773859 55.975230
v -21.318422 -11.904326 57.342117
v -21.674639 -12.764766 57.321598
v -20.921027 -11.893402 57.584206
v -21.271410 -12.778693 57.561576
v -20.444808 -11.893540 57.664926
v -20.785546 -12.784555 57.644224
v -19.968956 -11.902697 57.584276
v -20.294081 -12.785038 57.568161
v -21.557174 -11.917141 55.969765
v -21.911696 -12.749315 55.981826
v -21.636780 -11.921440 56.454152
v -21.990893 -12.743293 56.454152
v -21.557174 -11.917049 56.938546
v -21.912077 -12.749086 56.926456
v 12.390552 15.837537 55.602238
v 12.669409 15.029061 55.597925
v 12.615859 15.866593 55.989423
v 12.890756 15.064389 55.987109
v 12.015688 15.796075 55.370013
v 12.299103 14.983934 55.364436
v 11.573436 15.722131 55.292627
v 11.856517 14.915748 55.286592
v 11.140924 15.609038 55.370103
v 11.418232 14.807519 55.364443
v 10.781003 15.503356 55.602507
v 11.054710 14.701989 55.597943
v 10.563887 15.446580 55.989655
v 10.835883 14.644990 55.987126
v 10.490330 15.433313 56.454152
v 10.762280 14.631768 56.454152
v 10.563810 15.446691 56.918652
v 10.835891 14.644862 56.921182
v 10.781034 15.503308 57.305805
v 11.054710 14.702054 57.310369
v 11.140924 15.609042 57.538225
v 11.418232 14.807523 57.543884
v 11.573429 15.722135 57.615690
v 11.856517 14.915750 57.621725
v 12.015696 15.796069 57.538315
v 12.299103 14.983928 57.543891
v 12.390552 15.837541 57.306074
v 12.669409 15.029067 57.310388
v 12.615859 15.866595 56.918886
v 12.890756 15.064389 56.921200
v 12.689696 15.882110 56.454152
v 12.963916 15.081453 56.454152
v -19.373192 15.835252 55.608219
v -19.656603 15.028466 55.597926
v -19.597297 15.863771 55.992620
v -19.877974 15.063588 55.987110
v -19.000452 15.794683 55.377803
v -19.286278 14.983567 55.364438
v -18.560767 15.721948 55.301121
v -18.843680 14.915704 55.286592
v -18.130813 15.610170 55.378133
v -18.405388 14.807832 55.364442
v -17.773215 15.505555 55.608979
v -18.041819 14.702691 55.597941
v -17.557406 15.449681 55.993248
v -17.822984 14.645707 55.987125
v -17.484429 15.436553 56.454152
v -17.749381 14.632697 56.454152
v -17.557449 15.449609 56.915062
v -17.822969 14.645799 56.921184
v -17.773145 15.505677 57.299329
v -18.041831 14.702554 57.310370
v -18.130813 15.610173 57.530194
v -18.405388 14.807836 57.543885
v -18.560763 15.721954 57.607195
v -18.843680 14.915706 57.621724
v -19.000452 15.794677 57.530524
v -19.286278 14.983562 57.543889
v -19.373192 15.835256 57.300093
v -19.656603 15.028474 57.310386
v -19.597297 15.863771 56.915688
v -19.877974 15.063588 56.921199
v -19.670753 15.879110 56.454152
v -19.951158 15.080571 56.454152
vt 0.138278 0.016046
vt 0.138964 0.014427
vt 0.140249 0.014627
vt 0.138976 0.016759
vt 0.136683 0.016738
vt 0.136871 0.014610
vt 0.139305 0.012072
vt 0.140677 0.012074
vt 0.140946 0.014937
vt 0.139523 0.017316
vt 0.136875 0.018045
vt 0.134366 0.017076
vt 0.134370 0.014794
vt 0.137061 0.012067
vt 0.138973 0.009715
vt 0.140258 0.009519
vt 0.141430 0.012076
vt 0.137178 0.018753
vt 0.134363 0.018471
vt 0.132049 0.016730
vt 0.131870 0.014601
vt 0.134375 0.012062
vt 0.136880 0.009524
vt 0.138293 0.008093
vt 0.138994 0.007383
vt 0.140957 0.009212
vt 0.134362 0.019234
vt 0.131853 0.018035
vt 0.130457 0.016032
vt 0.129777 0.014410
vt 0.131689 0.012057
vt 0.134380 0.009331
vt 0.136701 0.007395
vt 0.136897 0.006090
vt 0.139543 0.006828
vt 0.131547 0.018743
vt 0.129756 0.016742
vt 0.128492 0.014605
vt 0.129445 0.012053
vt 0.131879 0.009515
vt 0.134384 0.007049
vt 0.134387 0.005654
vt 0.137203 0.005382
vt 0.129207 0.017297
vt 0.127793 0.014913
vt 0.128073 0.012051
vt 0.129786 0.009698
vt 0.132067 0.007387
vt 0.131875 0.006080
vt 0.134388 0.004891
vt 0.127320 0.012049
vt 0.128501 0.009498
vt 0.130472 0.008079
vt 0.129774 0.007366
vt 0.131572 0.005372
vt 0.127804 0.009188
vt 0.129227 0.006809
vt 0.923987 0.083871
vt 0.921286 0.083871
vt 0.921298 0.059476
vt 0.923945 0.059477
vt 0.924284 0.095986
vt 0.921371 0.095920
vt 0.918586 0.083868
vt 0.918652 0.059474
vt 0.924019 0.023154
vt 0.921316 0.023152
vt 0.926458 0.083863
vt 0.926364 0.059477
vt 0.924164 0.102075
vt 0.921367 0.102071
vt 0.918457 0.095981
vt 0.926922 0.096200
vt 0.916115 0.083858
vt 0.916232 0.059472
vt 0.918612 0.023152
vt 0.926491 0.023162
vt 0.924325 0.011039
vt 0.921412 0.011102
vt 0.926735 0.102129
vt 0.918570 0.102073
vt 0.915818 0.096192
vt 0.916140 0.023157
vt 0.918498 0.011038
vt 0.926963 0.010827
vt 0.921414 0.004951
vt 0.924211 0.004949
vt 0.915999 0.102125
vt 0.915859 0.010824
vt 0.918617 0.004947
vt 0.926782 0.004899
vt 0.916046 0.004892
vt 0.094173 0.026104
vt 0.091452 0.026084
vt 0.091534 0.010951
vt 0.094363 0.010912
vt 0.094011 0.050496
vt 0.091366 0.050478
vt 0.088973 0.026075
vt 0.088933 0.011123
vt 0.091460 0.004920
vt 0.094403 0.004893
vt 0.096894 0.026119
vt 0.097191 0.010989
vt 0.093770 0.086817
vt 0.091051 0.086801
vt 0.088949 0.050462
vt 0.096656 0.050513
vt 0.088824 0.004919
vt 0.097346 0.004958
vt 0.099373 0.026144
vt 0.099791 0.011198
vt 0.096489 0.086837
vt 0.093758 0.102011
vt 0.090930 0.101934
vt 0.088573 0.086778
vt 0.099074 0.050529
vt 0.099981 0.004989
vt 0.098967 0.086847
vt 0.096587 0.101970
vt 0.093718 0.108029
vt 0.090775 0.107963
vt 0.088331 0.101727
vt 0.099189 0.101797
vt 0.096661 0.108004
vt 0.088140 0.107929
vt 0.099297 0.108007
vt 0.110876 0.016037
vt 0.110176 0.016749
vt 0.108907 0.014615
vt 0.110192 0.014417
vt 0.112469 0.016732
vt 0.112275 0.018038
vt 0.109628 0.017305
vt 0.108209 0.014924
vt 0.108483 0.012061
vt 0.109855 0.012061
vt 0.112285 0.014604
vt 0.114786 0.017073
vt 0.114786 0.018468
vt 0.111971 0.018746
vt 0.107730 0.012061
vt 0.108906 0.009507
vt 0.110191 0.009705
vt 0.112099 0.012060
vt 0.114786 0.014791
vt 0.117103 0.016731
vt 0.117298 0.018037
vt 0.114787 0.019231
vt 0.108208 0.009199
vt 0.110174 0.007373
vt 0.110874 0.008084
vt 0.112284 0.009517
vt 0.114785 0.012060
vt 0.117286 0.014602
vt 0.118696 0.016036
vt 0.119396 0.016747
vt 0.117602 0.018745
vt 0.109626 0.006817
vt 0.112272 0.006083
vt 0.112467 0.007389
vt 0.114784 0.009329
vt 0.117471 0.012059
vt 0.119379 0.014415
vt 0.120664 0.014612
vt 0.119944 0.017303
vt 0.111968 0.005375
vt 0.114784 0.005652
vt 0.114784 0.007046
vt 0.117285 0.009516
vt 0.119715 0.012059
vt 0.121087 0.012058
vt 0.121362 0.014921
vt 0.114783 0.004889
vt 0.117295 0.006082
vt 0.117101 0.007388
vt 0.119378 0.009703
vt 0.120663 0.009505
vt 0.121840 0.012058
vt 0.117599 0.005374
vt 0.119394 0.007371
vt 0.118694 0.008082
vt 0.121361 0.009196
vt 0.119942 0.006815
vt 0.013161 0.623497
vt 0.010372 0.622995
vt 0.010425 0.622580
vt 0.013237 0.623087
vt 0.007673 0.622583
vt 0.007676 0.622158
vt 0.010478 0.622243
vt 0.013300 0.622750
vt 0.015943 0.624032
vt 0.016043 0.623625
vt 0.007726 0.621816
vt 0.010523 0.621961
vt 0.013353 0.622468
vt 0.016115 0.623291
vt 0.018599 0.624613
vt 0.018749 0.624215
vt 0.004935 0.621364
vt 0.004883 0.621704
vt 0.007769 0.621531
vt 0.011037 0.618959
vt 0.013907 0.619472
vt 0.016174 0.623012
vt 0.018825 0.623878
vt 0.004979 0.621079
vt 0.008271 0.618494
vt 0.012597 0.610442
vt 0.015477 0.610967
vt 0.016769 0.620020
vt 0.018888 0.623596
vt 0.021512 0.624795
vt 0.021586 0.624459
vt 0.005480 0.618026
vt 0.009827 0.609942
vt 0.015701 0.593601
vt 0.018568 0.594131
vt 0.018356 0.611500
vt 0.019518 0.620578
vt 0.021647 0.624178
vt 0.007039 0.609440
vt 0.012942 0.593082
vt 0.021000 0.565667
vt 0.023696 0.566159
vt 0.021437 0.594654
vt 0.021123 0.612019
vt 0.022288 0.621142
vt 0.010163 0.592547
vt 0.018409 0.565184
vt 0.027660 0.531523
vt 0.030355 0.531980
vt 0.026392 0.566644
vt 0.024201 0.595148
vt 0.023908 0.612542
vt 0.015801 0.564679
vt 0.025069 0.531059
vt 0.030953 0.520400
vt 0.033584 0.521087
vt 0.033053 0.532436
vt 0.028986 0.567107
vt 0.026990 0.595634
vt 0.022467 0.530534
vt 0.028418 0.519724
vt 0.035463 0.504456
vt 0.037709 0.505573
vt 0.036214 0.521766
vt 0.035649 0.532896
vt 0.031602 0.567571
vt 0.025867 0.519006
vt 0.033267 0.503372
vt 0.039361 0.495760
vt 0.041211 0.497239
vt 0.039958 0.506682
vt 0.038751 0.522417
vt 0.038253 0.533417
vt 0.030929 0.502416
vt 0.037616 0.494168
vt 0.048211 0.490534
vt 0.046423 0.489093
vt 0.043132 0.498605
vt 0.042168 0.507728
vt 0.041302 0.523117
vt 0.044789 0.487453
vt 0.050081 0.491831
vt 0.076623 0.470687
vt 0.079125 0.471767
vt 0.045089 0.499876
vt 0.074379 0.469375
vt 0.051974 0.493076
vt 0.081353 0.472938
vt 0.044413 0.508883
vt 0.047207 0.501172
vt 0.053988 0.494510
vt 0.083580 0.474244
vt 0.072322 0.467582
vt 0.085642 0.476039
vt 0.091082 0.471683
vt 0.184555 0.245282
vt 0.184979 0.247549
vt 0.183809 0.243042
vt 0.185408 0.249810
vt 0.190697 0.245508
vt 0.190157 0.243285
vt 0.189596 0.240991
vt 0.186205 0.252009
vt 0.191273 0.247732
vt 0.204403 0.243710
vt 0.204396 0.245874
vt 0.204423 0.241492
vt 0.191941 0.250019
vt 0.204401 0.248035
vt 0.228801 0.243624
vt 0.228799 0.245735
vt 0.228803 0.241458
vt 0.204415 0.250252
vt 0.228798 0.247843
vt 0.265132 0.245914
vt 0.265129 0.243751
vt 0.265114 0.241533
vt 0.228797 0.250007
vt 0.265125 0.248076
vt 0.278832 0.245567
vt 0.279377 0.243344
vt 0.279943 0.241051
vt 0.265110 0.250294
vt 0.278252 0.247790
vt 0.284983 0.245349
vt 0.284541 0.247615
vt 0.285735 0.243110
vt 0.277583 0.250078
vt 0.284103 0.249873
vt 0.283332 0.252075
vt 0.394613 0.470947
vt 0.392108 0.472020
vt 0.393029 0.463552
vt 0.396862 0.469641
vt 0.389877 0.473183
vt 0.422966 0.490879
vt 0.424758 0.489444
vt 0.398924 0.467855
vt 0.426397 0.487808
vt 0.387646 0.474483
vt 0.421092 0.492170
vt 0.431800 0.496132
vt 0.429945 0.497605
vt 0.433549 0.494545
vt 0.385578 0.476271
vt 0.419195 0.493409
vt 0.428021 0.498965
vt 0.433422 0.505950
vt 0.435671 0.504840
vt 0.437871 0.503763
vt 0.417177 0.494837
vt 0.426059 0.500231
vt 0.431170 0.507052
vt 0.437500 0.521476
vt 0.440133 0.520798
vt 0.442670 0.520129
vt 0.423938 0.501520
vt 0.428957 0.508092
vt 0.434868 0.522148
vt 0.440696 0.532379
vt 0.443393 0.531930
vt 0.440212 0.502813
vt 0.445223 0.519418
vt 0.445985 0.531474
vt 0.426708 0.509239
vt 0.432329 0.522791
vt 0.437997 0.532827
vt 0.447252 0.566578
vt 0.449949 0.566094
vt 0.448588 0.530957
vt 0.452543 0.565619
vt 0.435400 0.533279
vt 0.444555 0.567055
vt 0.452295 0.594565
vt 0.455165 0.594044
vt 0.455152 0.565122
vt 0.457925 0.593534
vt 0.432794 0.533792
vt 0.429776 0.523483
vt 0.441959 0.567510
vt 0.449425 0.595079
vt 0.455336 0.611411
vt 0.458217 0.610894
vt 0.460705 0.593007
vt 0.460989 0.610403
vt 0.439342 0.567966
vt 0.446660 0.595565
vt 0.452456 0.611935
vt 0.456880 0.619920
vt 0.459752 0.619416
vt 0.463778 0.609909
vt 0.462519 0.618959
vt 0.443870 0.596043
vt 0.449687 0.612445
vt 0.454016 0.620459
vt 0.457426 0.622918
vt 0.460256 0.622420
vt 0.465312 0.618500
vt 0.463012 0.621998
vt 0.446900 0.612960
vt 0.451266 0.621009
vt 0.454602 0.623454
vt 0.457477 0.623200
vt 0.460301 0.622701
vt 0.465803 0.621554
vt 0.463054 0.622283
vt 0.448494 0.621565
vt 0.451887 0.624030
vt 0.454661 0.623733
vt 0.457539 0.623537
vt 0.460353 0.623039
vt 0.465846 0.621839
vt 0.463104 0.622625
vt 0.449126 0.624603
vt 0.451949 0.624311
vt 0.454732 0.624067
vt 0.457614 0.623948
vt 0.460405 0.623454
vt 0.465898 0.622179
vt 0.463105 0.623050
vt 0.449187 0.624884
vt 0.452024 0.624649
vt 0.454831 0.624474
vt 0.449259 0.625221
vt 0.452173 0.625047
vt 0.465827 0.385709
vt 0.463061 0.386327
vt 0.462949 0.385924
vt 0.465738 0.385300
vt 0.460414 0.386993
vt 0.460251 0.386600
vt 0.462867 0.385592
vt 0.465665 0.384965
vt 0.468598 0.385122
vt 0.468533 0.384709
vt 0.460165 0.386266
vt 0.462800 0.385315
vt 0.465605 0.384686
vt 0.468470 0.384373
vt 0.471272 0.384628
vt 0.471256 0.384203
vt 0.457501 0.387265
vt 0.457417 0.386931
vt 0.460094 0.385986
vt 0.462110 0.382348
vt 0.464954 0.381709
vt 0.468416 0.384093
vt 0.471196 0.383863
vt 0.457348 0.386652
vt 0.459380 0.382992
vt 0.460245 0.373893
vt 0.463103 0.373261
vt 0.467805 0.381104
vt 0.471144 0.383579
vt 0.473966 0.383328
vt 0.474028 0.383667
vt 0.456625 0.383644
vt 0.457498 0.374506
vt 0.456576 0.357166
vt 0.459425 0.356543
vt 0.465963 0.372636
vt 0.470555 0.380552
vt 0.473913 0.383045
vt 0.454733 0.375124
vt 0.453832 0.357757
vt 0.450627 0.329353
vt 0.453304 0.328771
vt 0.462272 0.355912
vt 0.468715 0.372041
vt 0.473327 0.379999
vt 0.451063 0.358341
vt 0.448051 0.329909
vt 0.442742 0.295405
vt 0.445422 0.294853
vt 0.455980 0.328183
vt 0.465011 0.355297
vt 0.471485 0.371443
vt 0.445456 0.330466
vt 0.440164 0.295958
vt 0.439196 0.284856
vt 0.441802 0.284085
vt 0.448100 0.294300
vt 0.458553 0.327606
vt 0.467771 0.354664
vt 0.437579 0.296573
vt 0.436683 0.285594
vt 0.434910 0.269889
vt 0.437126 0.268734
vt 0.444411 0.283306
vt 0.450672 0.293744
vt 0.461141 0.327008
vt 0.434159 0.286386
vt 0.432726 0.270995
vt 0.428631 0.262259
vt 0.430440 0.260703
vt 0.439334 0.267575
vt 0.446924 0.282537
vt 0.453255 0.293125
vt 0.426916 0.263885
vt 0.423038 0.254182
vt 0.421204 0.255637
vt 0.432314 0.259254
vt 0.441491 0.266444
vt 0.449452 0.281721
vt 0.419613 0.257328
vt 0.424982 0.252893
vt 0.392899 0.236839
vt 0.395140 0.235634
vt 0.434230 0.257939
vt 0.443736 0.265278
vt 0.390660 0.238198
vt 0.426941 0.251671
vt 0.397632 0.234547
vt 0.436303 0.256613
vt 0.428934 0.250239
vt 0.399860 0.233245
vt 0.388489 0.239888
vt 0.401899 0.231442
vt 0.396158 0.227030
vt 0.288659 0.013700
vt 0.289085 0.011440
vt 0.287871 0.015900
vt 0.289509 0.009173
vt 0.283371 0.009412
vt 0.282798 0.011633
vt 0.282125 0.013917
vt 0.290257 0.006933
vt 0.283901 0.007188
vt 0.269665 0.011970
vt 0.269667 0.009807
vt 0.269647 0.014188
vt 0.284446 0.004891
vt 0.269653 0.007643
vt 0.245266 0.011829
vt 0.245260 0.009721
vt 0.245271 0.013992
vt 0.269620 0.005424
vt 0.245254 0.007610
vt 0.208924 0.009978
vt 0.208938 0.012140
vt 0.208964 0.014358
vt 0.245247 0.005444
vt 0.208925 0.007814
vt 0.195217 0.009658
vt 0.195803 0.011876
vt 0.196487 0.014158
vt 0.208942 0.005595
vt 0.194672 0.007437
vt 0.189965 0.013973
vt 0.189521 0.011718
vt 0.190738 0.016173
vt 0.194114 0.005143
vt 0.189070 0.009454
vt 0.188307 0.007219
vt 0.084947 0.237737
vt 0.082698 0.236549
vt 0.094513 0.236248
vt 0.087196 0.239080
vt 0.080198 0.235480
vt 0.054935 0.255298
vt 0.056780 0.256740
vt 0.089379 0.240755
vt 0.058383 0.258420
vt 0.077961 0.234194
vt 0.052981 0.254023
vt 0.049400 0.263415
vt 0.047580 0.261872
vt 0.051128 0.265029
vt 0.075909 0.232406
vt 0.051014 0.252816
vt 0.045696 0.260437
vt 0.040953 0.269951
vt 0.043177 0.271090
vt 0.045369 0.272181
vt 0.049010 0.251398
vt 0.043770 0.259136
vt 0.038736 0.268809
vt 0.036388 0.285336
vt 0.038999 0.286088
vt 0.041518 0.286808
vt 0.041687 0.257825
vt 0.036571 0.267693
vt 0.033773 0.284576
vt 0.032846 0.296130
vt 0.035530 0.296663
vt 0.038111 0.297197
vt 0.034317 0.266543
vt 0.031254 0.283825
vt 0.030164 0.295596
vt 0.025209 0.330104
vt 0.027890 0.330667
vt 0.044047 0.287581
vt 0.040701 0.297793
vt 0.030470 0.331204
vt 0.028720 0.283027
vt 0.027587 0.295058
vt 0.022529 0.329535
vt 0.019290 0.357919
vt 0.022143 0.358522
vt 0.033070 0.331742
vt 0.024891 0.359093
vt 0.025001 0.294459
vt 0.019952 0.328977
vt 0.016438 0.357310
vt 0.015732 0.374663
vt 0.018595 0.375275
vt 0.027664 0.359657
vt 0.021346 0.375868
vt 0.017360 0.328398
vt 0.013694 0.356714
vt 0.012867 0.374059
vt 0.013942 0.383125
vt 0.016791 0.383744
vt 0.024115 0.376466
vt 0.019526 0.384368
vt 0.010930 0.356101
vt 0.010111 0.373484
vt 0.011087 0.382540
vt 0.013313 0.386106
vt 0.016122 0.386715
vt 0.022285 0.384999
vt 0.018833 0.387367
vt 0.007337 0.372906
vt 0.008334 0.382009
vt 0.010497 0.385534
vt 0.013255 0.386386
vt 0.016057 0.386993
vt 0.021584 0.388012
vt 0.018764 0.387647
vt 0.005557 0.381475
vt 0.007766 0.385040
vt 0.010446 0.385814
vt 0.013184 0.386722
vt 0.015978 0.387326
vt 0.021517 0.388292
vt 0.018680 0.387982
vt 0.004993 0.384526
vt 0.007716 0.385324
vt 0.010385 0.386151
vt 0.013099 0.387131
vt 0.015869 0.387729
vt 0.021435 0.388627
vt 0.018521 0.388376
vt 0.004943 0.384810
vt 0.007658 0.385665
vt 0.010323 0.386564
vt 0.004883 0.385148
vt 0.007645 0.386090
vt 0.789162 0.881886
vt 0.786284 0.881931
vt 0.786216 0.881516
vt 0.789163 0.881469
vt 0.783612 0.882544
vt 0.783458 0.882152
vt 0.786209 0.881171
vt 0.789163 0.881128
vt 0.792031 0.881934
vt 0.792100 0.881519
vt 0.786204 0.880882
vt 0.789163 0.880843
vt 0.792107 0.881173
vt 0.794703 0.882550
vt 0.794857 0.882159
vt 0.786191 0.877807
vt 0.789158 0.877790
vt 0.792112 0.880884
vt 0.786178 0.869119
vt 0.789143 0.869112
vt 0.792127 0.877797
vt 0.786141 0.851979
vt 0.789105 0.851977
vt 0.792108 0.869106
vt 0.786263 0.823549
vt 0.789042 0.823543
vt 0.792070 0.851966
vt 0.786183 0.788757
vt 0.788964 0.788723
vt 0.791823 0.823537
vt 0.786171 0.778025
vt 0.788940 0.778017
vt 0.791744 0.788744
vt 0.786236 0.763305
vt 0.788912 0.763277
vt 0.791709 0.778007
vt 0.783522 0.777990
vt 0.783729 0.762998
vt 0.784607 0.755468
vt 0.787212 0.755023
vt 0.791593 0.763161
vt 0.786678 0.745313
vt 0.784120 0.746067
vt 0.789836 0.754594
vt 0.794344 0.777964
vt 0.794104 0.762984
vt 0.789301 0.744771
vt 0.783930 0.709478
vt 0.786829 0.709162
vt 0.792296 0.754217
vt 0.791778 0.744564
vt 0.789751 0.709276
vt 0.792426 0.709901
vt 0.789530 0.702388
vt 0.777746 0.500521
vt 0.776330 0.460121
vt 0.779195 0.460277
vt 0.782043 0.459939
vt 0.775304 0.500695
vt 0.773790 0.459500
vt 0.784539 0.459158
vt 0.785450 0.500375
vt 0.809567 0.895531
vt 0.812520 0.895466
vt 0.812522 0.895808
vt 0.809577 0.895876
vt 0.809560 0.895243
vt 0.812518 0.895181
vt 0.815464 0.895490
vt 0.815460 0.895836
vt 0.812525 0.896224
vt 0.809648 0.896291
vt 0.809525 0.892167
vt 0.812491 0.892129
vt 0.815467 0.895201
vt 0.815394 0.896252
vt 0.806823 0.896533
vt 0.806980 0.896923
vt 0.809447 0.883480
vt 0.812412 0.883451
vt 0.815460 0.892114
vt 0.818222 0.896456
vt 0.818070 0.896848
vt 0.809284 0.866342
vt 0.812248 0.866318
vt 0.815377 0.883424
vt 0.809196 0.837909
vt 0.811977 0.837889
vt 0.815213 0.866285
vt 0.808867 0.803095
vt 0.811645 0.803096
vt 0.814757 0.837856
vt 0.808750 0.791083
vt 0.811531 0.791075
vt 0.814424 0.803042
vt 0.808686 0.773715
vt 0.811365 0.773676
vt 0.814312 0.791030
vt 0.807351 0.762334
vt 0.809973 0.762712
vt 0.814044 0.773660
vt 0.809686 0.752984
vt 0.807105 0.752453
vt 0.812611 0.763048
vt 0.812327 0.753283
vt 0.807103 0.719499
vt 0.810022 0.719657
vt 0.815086 0.763283
vt 0.816564 0.773471
vt 0.812940 0.719375
vt 0.814808 0.753286
vt 0.812726 0.712051
vt 0.815588 0.718620
vt 0.802347 0.510763
vt 0.800793 0.461133
vt 0.803647 0.460836
vt 0.806512 0.460989
vt 0.799818 0.510358
vt 0.798278 0.461874
vt 0.810115 0.510101
vt 0.809061 0.461603
vt 0.986284 0.938198
vt 0.986278 0.937781
vt 0.989224 0.937782
vt 0.989163 0.938199
vt 0.983416 0.938291
vt 0.983341 0.937877
vt 0.986272 0.937440
vt 0.989226 0.937437
vt 0.991992 0.938376
vt 0.991844 0.938769
vt 0.980755 0.938948
vt 0.980594 0.938560
vt 0.983329 0.937531
vt 0.986267 0.937155
vt 0.989226 0.937148
vt 0.983320 0.937243
vt 0.986225 0.934103
vt 0.989191 0.934073
vt 0.983256 0.934156
vt 0.986105 0.925425
vt 0.989070 0.925386
vt 0.983140 0.925466
vt 0.985876 0.908292
vt 0.988840 0.908248
vt 0.982911 0.908327
vt 0.985496 0.879860
vt 0.988276 0.879824
vt 0.982716 0.879898
vt 0.985032 0.845043
vt 0.987813 0.845034
vt 0.982253 0.845108
vt 0.984890 0.834338
vt 0.987659 0.834303
vt 0.982121 0.834372
vt 0.984688 0.819599
vt 0.987364 0.819586
vt 0.982005 0.819525
vt 0.986260 0.811321
vt 0.988871 0.811725
vt 0.989866 0.819240
vt 0.990307 0.834227
vt 0.979485 0.834370
vt 0.979493 0.819387
vt 0.983629 0.810933
vt 0.986642 0.801603
vt 0.989211 0.802317
vt 0.981164 0.810593
vt 0.984011 0.801102
vt 0.985928 0.765459
vt 0.988832 0.765729
vt 0.981531 0.800934
vt 0.983009 0.765619
vt 0.988663 0.758803
vt 0.980344 0.766285
vt 0.986714 0.556971
vt 0.989710 0.515041
vt 0.992573 0.514859
vt 0.986855 0.514766
vt 0.995117 0.514254
vt 0.993784 0.557190
vt 0.984332 0.514078
vt 0.984468 0.557042
vt 0.948958 0.926598
vt 0.948950 0.926943
vt 0.946003 0.926881
vt 0.946005 0.926540
vt 0.948879 0.927358
vt 0.946002 0.927298
vt 0.943066 0.926916
vt 0.943061 0.926570
vt 0.948964 0.926309
vt 0.946006 0.926255
vt 0.951705 0.927593
vt 0.951548 0.927983
vt 0.943133 0.927332
vt 0.943057 0.926282
vt 0.948993 0.923234
vt 0.946026 0.923203
vt 0.940458 0.927934
vt 0.940305 0.927542
vt 0.943057 0.923195
vt 0.949050 0.914547
vt 0.946085 0.914525
vt 0.943120 0.914504
vt 0.949173 0.897408
vt 0.946208 0.897390
vt 0.943244 0.897365
vt 0.949194 0.868975
vt 0.946413 0.868962
vt 0.943633 0.868935
vt 0.949442 0.834160
vt 0.946664 0.834167
vt 0.943885 0.834120
vt 0.949530 0.822147
vt 0.946749 0.822145
vt 0.943969 0.822107
vt 0.949554 0.804779
vt 0.946875 0.804746
vt 0.944195 0.804737
vt 0.950862 0.793395
vt 0.948241 0.793779
vt 0.945604 0.794121
vt 0.948505 0.784051
vt 0.951085 0.783513
vt 0.941675 0.804554
vt 0.943129 0.794362
vt 0.945865 0.784356
vt 0.951010 0.750560
vt 0.948091 0.750724
vt 0.943384 0.784364
vt 0.945172 0.750449
vt 0.950860 0.743260
vt 0.942522 0.749701
vt 0.950237 0.541341
vt 0.953893 0.490371
vt 0.956748 0.490652
vt 0.951028 0.490521
vt 0.959274 0.491358
vt 0.957391 0.541091
vt 0.947933 0.540877
vt 0.948473 0.491112
vt 0.376313 0.226981
vt 0.391148 0.220440
vt 0.783602 0.694119
vt 0.789241 0.688281
vt 0.099611 0.460765
vt 0.098149 0.463245
vt 0.080376 0.461337
vt 0.807348 0.706433
vt 0.812700 0.703415
vt 0.812401 0.706304
vt 0.102979 0.225306
vt 0.101462 0.227760
vt 0.083753 0.225973
vt 0.373111 0.463440
vt 0.989043 0.744709
vt 0.983134 0.750275
vt 0.388041 0.456943
vt 0.951240 0.734621
vt 0.950734 0.737493
vt 0.945680 0.737377
vt 0.377416 0.223592
vt 0.380086 0.222877
vt 0.382900 0.222311
vt 0.385737 0.221794
vt 0.096975 0.459833
vt 0.118931 0.389947
vt 0.783391 0.688463
vt 0.786314 0.688284
vt 0.786687 0.614868
vt 0.374778 0.224538
vt 0.085918 0.457501
vt 0.088651 0.458042
vt 0.091489 0.458555
vt 0.094303 0.459120
vt 0.370428 0.149991
vt 0.388468 0.221248
vt 0.806835 0.703562
vt 0.810632 0.630087
vt 0.809769 0.703625
vt 0.083239 0.456703
vt 0.387507 0.232492
vt 0.385843 0.227303
vt 0.385378 0.233831
vt 0.382899 0.227776
vt 0.391992 0.230001
vt 0.391505 0.226193
vt 0.389709 0.231134
vt 0.388764 0.226839
vt 0.783991 0.702550
vt 0.786490 0.693852
vt 0.089039 0.470067
vt 0.096904 0.465555
vt 0.383323 0.235419
vt 0.377487 0.229307
vt 0.380132 0.228378
vt 0.786757 0.702347
vt 0.789387 0.693936
vt 0.082423 0.466228
vt 0.088551 0.463549
vt 0.080271 0.464947
vt 0.085628 0.463089
vt 0.086912 0.468715
vt 0.094263 0.464623
vt 0.084710 0.467354
vt 0.091496 0.464021
vt 0.807062 0.709246
vt 0.809912 0.709372
vt 0.807235 0.712199
vt 0.394009 0.225066
vt 0.394135 0.228703
vt 0.082883 0.462452
vt 0.078230 0.463297
vt 0.812754 0.709105
vt 0.809985 0.712278
vt 0.097659 0.223684
vt 0.094841 0.223137
vt 0.092001 0.222641
vt 0.089266 0.222114
vt 0.371658 0.460967
vt 0.986118 0.744576
vt 0.989980 0.671261
vt 0.983191 0.744616
vt 0.100335 0.224379
vt 0.121890 0.154369
vt 0.382624 0.458264
vt 0.379785 0.458770
vt 0.376968 0.459325
vt 0.374295 0.460031
vt 0.086580 0.221327
vt 0.952647 0.661276
vt 0.948306 0.734692
vt 0.945375 0.734489
vt 0.367644 0.386396
vt 0.385359 0.457732
vt 0.088096 0.232010
vt 0.094882 0.228603
vt 0.090308 0.233352
vt 0.097653 0.229184
vt 0.083653 0.229610
vt 0.089010 0.227708
vt 0.085805 0.230893
vt 0.091935 0.228151
vt 0.985895 0.758644
vt 0.988921 0.750367
vt 0.380151 0.471899
vt 0.374348 0.465754
vt 0.376992 0.464830
vt 0.092447 0.234675
vt 0.100304 0.230095
vt 0.983123 0.758728
vt 0.986029 0.750145
vt 0.386537 0.467589
vt 0.385632 0.463322
vt 0.388827 0.466470
vt 0.388378 0.462692
vt 0.382200 0.470289
vt 0.379761 0.464236
vt 0.384330 0.468943
vt 0.382708 0.463773
vt 0.951027 0.740306
vt 0.948111 0.743346
vt 0.086264 0.227082
vt 0.081618 0.227952
vt 0.390889 0.461585
vt 0.390983 0.465196
vt 0.948176 0.740439
vt 0.945369 0.743125
vt 0.945334 0.740178
vt 0.341986 0.061345
vt 0.342872 0.063682
vt 0.802936 0.542147
vt 0.329680 0.072107
vt 0.783936 0.524170
vt 0.783546 0.526780
vt 0.778875 0.526928
vt 0.146915 0.303770
vt 0.131274 0.299869
vt 0.808435 0.536764
vt 0.133717 0.064207
vt 0.954846 0.567948
vt 0.149345 0.067982
vt 0.986365 0.583046
vt 0.991537 0.580539
vt 0.991051 0.583122
vt 0.327239 0.308306
vt 0.339549 0.297633
vt 0.340482 0.299949
vt 0.949118 0.573074
vt 0.339509 0.062388
vt 0.324941 0.041556
vt 0.322763 0.042904
vt 0.337002 0.063219
vt 0.320338 0.044004
vt 0.334452 0.064126
vt 0.317929 0.045140
vt 0.332003 0.065254
vt 0.315854 0.046392
vt 0.329650 0.066433
vt 0.314011 0.047734
vt 0.327238 0.067607
vt 0.312047 0.049182
vt 0.783002 0.500355
vt 0.781127 0.524210
vt 0.780372 0.500366
vt 0.778321 0.524347
vt 0.162078 0.285320
vt 0.144500 0.302601
vt 0.160111 0.283876
vt 0.142146 0.301424
vt 0.158265 0.282539
vt 0.139695 0.300300
vt 0.156188 0.281291
vt 0.137144 0.299398
vt 0.153778 0.280159
vt 0.134636 0.298569
vt 0.151352 0.279059
vt 0.132157 0.297531
vt 0.149172 0.277715
vt 0.807609 0.510632
vt 0.805628 0.536873
vt 0.804981 0.510807
vt 0.802819 0.536904
vt 0.365473 0.151264
vt 0.341999 0.066893
vt 0.362895 0.151873
vt 0.339521 0.067751
vt 0.360317 0.152481
vt 0.336971 0.068643
vt 0.357839 0.153084
vt 0.334491 0.069762
vt 0.367948 0.150657
vt 0.344469 0.065832
vt 0.805757 0.542048
vt 0.805257 0.630220
vt 0.807945 0.630181
vt 0.808578 0.542006
vt 0.129684 0.302012
vt 0.132152 0.303079
vt 0.103848 0.386219
vt 0.113966 0.388694
vt 0.142040 0.307120
vt 0.111386 0.388090
vt 0.139664 0.305938
vt 0.108807 0.387485
vt 0.137183 0.304822
vt 0.106331 0.386882
vt 0.134632 0.303935
vt 0.332118 0.070950
vt 0.355355 0.153740
vt 0.783998 0.614929
vt 0.784117 0.529377
vt 0.781312 0.615038
vt 0.778470 0.529556
vt 0.781292 0.529431
vt 0.116444 0.389294
vt 0.144480 0.308275
vt 0.134644 0.061889
vt 0.152170 0.042028
vt 0.154125 0.043335
vt 0.156315 0.044422
vt 0.137105 0.062924
vt 0.158487 0.045546
vt 0.139600 0.063740
vt 0.160350 0.046765
vt 0.142140 0.064622
vt 0.162001 0.048052
vt 0.144583 0.065718
vt 0.163813 0.049372
vt 0.146931 0.066860
vt 0.989129 0.556952
vt 0.985963 0.580449
vt 0.991541 0.557049
vt 0.988750 0.580447
vt 0.310346 0.285193
vt 0.312154 0.283869
vt 0.324864 0.303766
vt 0.313804 0.282579
vt 0.327274 0.302637
vt 0.315664 0.281356
vt 0.329620 0.301488
vt 0.317832 0.280225
vt 0.332061 0.300386
vt 0.320017 0.279130
vt 0.334598 0.299497
vt 0.321969 0.277818
vt 0.337090 0.298675
vt 0.952651 0.541487
vt 0.949269 0.567822
vt 0.955068 0.541449
vt 0.952056 0.567927
vt 0.109274 0.151377
vt 0.137100 0.068283
vt 0.111754 0.151967
vt 0.139655 0.069156
vt 0.114336 0.152557
vt 0.142143 0.070252
vt 0.116920 0.153146
vt 0.144528 0.071410
vt 0.106790 0.150729
vt 0.132148 0.066373
vt 0.134619 0.067433
vt 0.954761 0.573201
vt 0.949958 0.661243
vt 0.947271 0.661155
vt 0.951939 0.573153
vt 0.342057 0.302110
vt 0.365159 0.387052
vt 0.355038 0.389434
vt 0.332072 0.306016
vt 0.357518 0.388842
vt 0.334557 0.304914
vt 0.360100 0.388246
vt 0.337110 0.304033
vt 0.362681 0.387648
vt 0.339589 0.303176
vt 0.146982 0.072530
vt 0.119402 0.153731
vt 0.984603 0.671175
vt 0.985842 0.585633
vt 0.988666 0.585659
vt 0.987292 0.671193
vt 0.991490 0.585737
vt 0.352549 0.390079
vt 0.329690 0.307181
vn -0.107840 -0.988517 -0.105856
vn -0.112093 -0.992353 -0.051686
vn -0.266873 -0.958840 -0.096974
vn -0.207174 -0.956904 -0.203501
vn -0.115505 -0.993307 -0.000000
vn -0.279435 -0.960165 -0.000001
vn -0.606735 -0.794904 -0.000002
vn -0.559679 -0.803448 -0.203054
vn -0.415256 -0.812755 -0.408647
vn -0.112093 -0.992353 0.051684
vn -0.266871 -0.958841 0.096969
vn -0.107840 -0.988517 0.105850
vn -0.207171 -0.956906 0.203497
vn -0.415263 -0.812748 0.408653
vn -0.559687 -0.803445 0.203041
vn -0.894618 -0.310776 0.321056
vn -0.952530 -0.304446 -0.000001
vn -0.675323 -0.319766 0.664597
vn -0.713046 -0.000000 0.701117
vn -0.941610 -0.000000 0.336706
vn -1.000000 0.000000 0.000000
vn -0.894624 -0.310762 -0.321053
vn -0.675334 -0.319739 -0.664599
vn -0.941610 0.000000 -0.336705
vn -0.713050 0.000000 -0.701113
vn 0.713037 0.000000 -0.701126
vn 0.941609 0.000000 -0.336708
vn 0.894612 -0.310820 -0.321031
vn 0.675336 -0.319720 -0.664605
vn 1.000000 0.000000 0.000000
vn 0.952492 -0.304562 0.000001
vn 0.606714 -0.794920 0.000001
vn 0.559655 -0.803470 -0.203033
vn 0.415249 -0.812775 -0.408613
vn 0.941610 0.000000 0.336705
vn 0.894603 -0.310839 0.321038
vn 0.713037 0.000000 0.701126
vn 0.675328 -0.319749 0.664600
vn 0.415259 -0.812765 0.408623
vn 0.559671 -0.803458 0.203036
vn 0.266881 -0.958838 0.096973
vn 0.279454 -0.960159 -0.000003
vn 0.207166 -0.956907 0.203497
vn 0.107836 -0.988517 0.105855
vn 0.112082 -0.992354 0.051685
vn 0.115502 -0.993307 -0.000002
vn 0.266878 -0.958840 -0.096970
vn 0.207159 -0.956912 -0.203483
vn 0.112089 -0.992353 -0.051690
vn 0.107842 -0.988516 -0.105860
vn 0.042254 -0.998243 -0.041549
vn 0.052646 -0.992509 -0.110247
vn 0.041971 -0.999119 0.000000
vn -0.000000 -1.000000 0.000000
vn -0.000000 -0.999147 -0.041303
vn 0.000000 -0.993508 -0.113764
vn 0.042253 -0.998243 0.041548
vn 0.052645 -0.992509 0.110250
vn -0.000000 -0.993507 0.113766
vn -0.000000 -0.999147 0.041302
vn -0.042253 -0.998243 0.041546
vn -0.041971 -0.999119 0.000000
vn -0.052642 -0.992509 0.110245
vn -0.042253 -0.998243 -0.041546
vn -0.052643 -0.992510 -0.110243
vn -0.098900 -0.959776 0.262771
vn -0.000000 -0.961293 0.275527
vn -0.000000 -0.799379 0.600828
vn -0.207350 -0.806676 0.553426
vn 0.098896 -0.959778 0.262765
vn 0.207354 -0.806692 0.553400
vn 0.329955 -0.314229 0.890163
vn -0.000000 -0.308925 0.951087
vn 0.346862 0.000000 0.937916
vn -0.000000 0.000000 1.000000
vn -0.329949 -0.314254 0.890156
vn -0.346856 -0.000000 0.937918
vn 0.098896 -0.959781 -0.262755
vn -0.000000 -0.961296 -0.275516
vn -0.000000 -0.799367 -0.600844
vn 0.207353 -0.806688 -0.553407
vn -0.098904 -0.959778 -0.262764
vn -0.207353 -0.806681 -0.553418
vn -0.329953 -0.314212 -0.890170
vn 0.000000 -0.308867 -0.951105
vn -0.346854 0.000000 -0.937919
vn 0.000000 0.000000 -1.000000
vn 0.329958 -0.314186 -0.890177
vn 0.346857 0.000000 -0.937918
vn -0.017921 0.421608 -0.906601
vn -0.016829 -0.000715 -0.999858
vn 0.000001 0.001565 -0.999999
vn 0.000001 0.420978 -0.907071
vn -0.016455 0.787599 -0.615968
vn 0.000001 0.786593 -0.617471
vn -0.013163 -0.423414 -0.905840
vn -0.007440 -0.789322 -0.613935
vn -0.000002 -0.784747 -0.619817
vn 0.000001 -0.418328 -0.908296
vn -0.008535 -0.423896 0.905671
vn -0.011787 -0.001413 0.999930
vn 0.000001 0.001565 0.999999
vn 0.000001 -0.418341 0.908290
vn -0.004287 -0.789281 0.614017
vn -0.000002 -0.784750 0.619812
vn -0.013403 0.420984 0.906969
vn -0.013402 0.787209 0.616541
vn 0.000001 0.786597 0.617466
vn 0.000001 0.421001 0.907060
vn -0.002810 -0.962149 -0.272509
vn -0.000994 -1.000000 0.000210
vn -0.000007 -1.000000 -0.000000
vn -0.000005 -0.961071 -0.276301
vn -0.001414 -0.962050 0.272868
vn -0.000005 -0.961072 0.276299
vn 0.712991 0.010143 -0.701100
vn 0.346859 0.009982 -0.937864
vn 0.347232 0.010197 -0.937724
vn 0.713275 0.013243 -0.700759
vn 0.000000 0.009866 -0.999951
vn 0.000417 0.007337 -0.999973
vn 0.001649 0.000283 -0.999999
vn 0.348363 0.015827 -0.937226
vn 0.713745 0.032298 -0.699661
vn -0.346850 0.009982 -0.937867
vn -0.346415 0.004650 -0.938070
vn -0.712992 0.010142 -0.701099
vn -0.712739 0.001841 -0.701427
vn -0.711426 -0.031198 -0.702068
vn -0.345112 -0.015076 -0.938441
vn -0.355361 -0.030266 -0.934239
vn -0.002580 0.009432 -0.999952
vn -0.720152 -0.068176 -0.690459
vn -0.716574 -0.142940 -0.682708
vn -0.357074 -0.077741 -0.930835
vn -0.009753 -0.003291 -0.999947
vn 0.349676 0.053182 -0.935360
vn 0.714106 0.101662 -0.692617
vn 0.338874 0.083839 -0.937089
vn 0.691933 0.187620 -0.697156
vn 0.899649 0.253570 -0.355435
vn 0.934858 0.132130 -0.329517
vn 0.962587 0.267691 -0.042054
vn 0.990140 0.140081 -0.000000
vn 0.998976 0.045249 -0.000000
vn 0.940942 0.042587 -0.335878
vn 0.927750 0.250973 0.276213
vn 0.934859 0.132131 0.329514
vn 0.744533 0.197695 0.637642
vn 0.714109 0.101663 0.692613
vn 0.713749 0.032298 0.699657
vn 0.940944 0.042587 0.335874
vn 0.941574 0.014849 0.336480
vn 0.999884 0.015201 -0.000000
vn 0.713278 0.013243 0.700756
vn 0.712992 0.010143 0.701099
vn 0.941555 0.009854 0.336715
vn 0.999953 0.009702 -0.000000
vn 0.941572 0.014849 -0.336484
vn 0.941554 0.009854 -0.336718
vn -0.712993 0.010142 0.701098
vn -0.346853 0.009982 0.937866
vn -0.346416 0.004650 0.938069
vn -0.712742 0.001841 0.701424
vn 0.000000 0.009866 0.999951
vn 0.000417 0.007337 0.999973
vn 0.001650 0.000283 0.999999
vn -0.345112 -0.015076 0.938440
vn -0.711431 -0.031199 0.702064
vn 0.346862 0.009982 0.937863
vn 0.347232 0.010197 0.937724
vn 0.348363 0.015827 0.937226
vn 0.349678 0.053182 0.935359
vn -0.002580 0.009432 0.999952
vn 0.403517 0.109028 0.908453
vn 0.055210 0.026441 0.998125
vn -0.355363 -0.030266 0.934238
vn -0.720155 -0.068177 0.690455
vn -0.300895 -0.046244 0.952535
vn -0.679780 -0.109363 0.725216
vn -0.941557 0.009854 -0.336710
vn -0.941575 -0.000209 -0.336803
vn -0.999953 0.009703 -0.000000
vn -1.000000 -0.000791 -0.000000
vn -0.999043 -0.043749 0.000000
vn -0.940582 -0.041227 -0.337054
vn -0.941558 0.009854 0.336708
vn -0.941577 -0.000209 0.336799
vn -0.940584 -0.041227 0.337049
vn -0.940336 -0.089812 0.328181
vn -0.995497 -0.094796 -0.000000
vn -0.919777 -0.148944 0.363078
vn -0.985154 -0.168334 0.033694
vn -0.940334 -0.089812 -0.328185
vn -0.937568 -0.172512 -0.302002
vn 0.346853 0.000000 -0.937920
vn 0.713038 0.000000 -0.701126
vn -0.000001 0.000000 -1.000000
vn 0.000001 0.000000 -1.000000
vn 0.346853 0.000000 -0.937920
vn 0.713038 0.000000 -0.701125
vn -0.346846 -0.000000 -0.937922
vn -0.713037 0.000000 -0.701127
vn -0.713040 -0.000000 -0.701124
vn -0.346846 0.000000 -0.937922
vn -0.346846 -0.000000 -0.937922
vn 0.000000 0.000000 -1.000000
vn -0.713038 0.000000 -0.701125
vn 0.346853 0.000000 -0.937920
vn 0.713038 0.000000 -0.701125
vn 0.941610 0.000000 -0.336705
vn 1.000000 0.000000 0.000000
vn 1.000000 0.000000 -0.000000
vn 0.941610 0.000000 -0.336705
vn 0.941611 0.000000 0.336703
vn 0.713038 0.000000 0.701125
vn 0.713038 0.000000 0.701125
vn 0.941611 0.000000 0.336703
vn 0.941611 0.000000 0.336703
vn 1.000000 0.000000 0.000000
vn 0.713038 0.000000 0.701126
vn 0.941610 0.000000 -0.336705
vn -0.346850 -0.000000 0.937921
vn -0.713036 -0.000000 0.701127
vn -0.000000 0.000000 1.000000
vn -0.000000 0.000000 1.000000
vn -0.346850 0.000000 0.937921
vn -0.713038 0.000000 0.701125
vn 0.346857 0.000000 0.937918
vn 0.346857 0.000000 0.937918
vn 0.346857 0.000000 0.937918
vn 0.000000 0.000000 1.000000
vn -0.346850 -0.000000 0.937921
vn -0.713038 -0.000000 0.701125
vn -0.941608 0.000000 -0.336710
vn -1.000000 0.000000 -0.000000
vn -1.000000 0.000000 -0.000000
vn -0.941609 -0.000000 -0.336709
vn -0.941609 0.000000 0.336708
vn -0.941609 0.000000 0.336707
vn -0.941610 0.000000 0.336707
vn -1.000000 0.000000 -0.000000
vn -0.941609 0.000000 -0.336709
vn 0.528237 0.364357 -0.766948
vn 0.420145 0.542172 -0.727686
vn 0.560363 0.735719 -0.380410
vn 0.730243 0.519405 -0.443806
vn 0.200266 0.120589 -0.972292
vn 0.158726 0.187659 -0.969325
vn -0.116168 -0.096782 -0.988503
vn -0.100008 -0.159713 -0.982085
vn -0.415965 -0.292307 -0.861121
vn -0.331245 -0.463413 -0.821904
vn -0.693067 -0.464879 -0.550950
vn -0.517055 -0.696769 -0.497159
vn -0.827576 -0.538138 -0.159769
vn -0.594804 -0.788892 -0.154460
vn -0.835891 -0.525052 0.160021
vn -0.597816 -0.792842 0.118398
vn -0.755988 -0.461477 0.464242
vn -0.551315 -0.737629 0.389813
vn -0.522672 -0.322588 0.789146
vn -0.411567 -0.565938 0.714372
vn -0.170303 -0.107400 0.979521
vn -0.158594 -0.244486 0.956595
vn 0.150625 0.104789 0.983021
vn 0.101979 0.094901 0.990249
vn 0.444970 0.304209 0.842294
vn 0.333632 0.404060 0.851719
vn 0.701571 0.479646 0.527009
vn 0.518349 0.663248 0.539830
vn 0.810531 0.564157 0.157374
vn 0.595518 0.781606 0.185607
vn 0.601257 0.793211 -0.096471
vn 0.807486 0.571034 -0.147940
vn -0.021655 -0.001830 -0.999764
vn -0.058852 -0.096869 -0.993556
vn -0.291395 -0.423140 -0.857928
vn -0.315440 -0.278187 -0.907254
vn 0.264590 0.295580 -0.917946
vn 0.192125 0.254197 -0.947878
vn 0.519594 0.571367 -0.635266
vn 0.433074 0.591615 -0.680028
vn 0.641185 0.712258 -0.285606
vn 0.553451 0.760614 -0.339349
vn -0.582591 -0.520351 -0.624357
vn -0.482801 -0.682171 -0.549132
vn -0.569248 -0.796395 -0.204236
vn -0.716647 -0.638044 -0.281634
vn -0.747997 -0.663696 0.002783
vn -0.579761 -0.811796 0.069750
vn -0.544266 -0.765232 0.343793
vn -0.716233 -0.635947 0.287370
vn -0.581263 -0.514488 0.630425
vn -0.422468 -0.595184 0.683577
vn -0.182289 -0.259974 0.948253
vn -0.310423 -0.268418 0.911915
vn -0.013441 0.006962 0.999885
vn 0.070292 0.090420 0.993420
vn 0.303310 0.411249 0.859580
vn 0.274071 0.301132 0.913348
vn 0.525682 0.573553 0.628248
vn 0.490505 0.676443 0.549390
vn 0.572286 0.793284 0.207819
vn 0.643618 0.713227 0.277603
vn 0.667309 0.744770 -0.004089
vn 0.584933 0.808505 -0.064604
vn 0.062573 0.807151 -0.587020
vn 0.654129 0.529949 -0.539694
vn 0.417071 0.311789 -0.853721
vn 0.026123 0.458388 -0.888368
vn 0.077763 0.962080 -0.261448
vn 0.741376 0.626142 -0.241469
vn 0.115651 0.057633 -0.991616
vn -0.015401 0.046447 -0.998802
vn -0.231374 -0.209901 -0.949951
vn -0.058164 -0.369108 -0.927565
vn -0.579269 -0.453559 -0.677297
vn -0.094541 -0.750192 -0.654426
vn -0.767981 -0.567815 -0.296297
vn -0.111816 -0.949854 -0.292020
vn -0.809070 -0.587713 -0.000085
vn -0.114912 -0.993376 -0.000429
vn -0.768791 -0.566851 0.296040
vn -0.108817 -0.950486 0.291094
vn -0.581408 -0.451623 0.676758
vn -0.088008 -0.751723 0.653580
vn -0.234331 -0.207475 0.949759
vn -0.049302 -0.370781 0.927411
vn 0.113069 0.060245 0.991759
vn -0.006059 0.045165 0.998961
vn 0.415284 0.314130 0.853734
vn 0.034251 0.457606 0.888495
vn 0.653101 0.531379 0.539533
vn 0.067803 0.807032 0.586603
vn 0.740918 0.626734 0.241340
vn 0.080010 0.962093 0.260722
vn 0.760105 0.649800 -0.000056
vn 0.081606 0.996665 -0.000387
vn -0.012558 0.961734 0.273695
vn -0.012580 0.999921 0.000194
vn -0.013905 0.961845 -0.273241
vn 0.625081 0.436757 -0.646929
vn 0.328485 0.224139 -0.917529
vn -0.002968 -0.004292 -0.999986
vn -0.354373 -0.234129 -0.905320
vn -0.662420 -0.427780 -0.614982
vn -0.809552 -0.517278 -0.277577
vn -0.843761 -0.536719 0.000074
vn -0.809888 -0.516690 0.277692
vn -0.663265 -0.426569 0.614914
vn -0.356062 -0.232449 0.905090
vn -0.004944 -0.002442 0.999985
vn 0.326884 0.225898 0.917669
vn 0.624032 0.437983 0.647113
vn 0.780468 0.552313 -0.292948
vn 0.814810 0.579728 0.000072
vn 0.780009 0.552866 0.293130
vn -0.000000 1.000000 0.000000
vn 0.000000 0.961547 0.274639
vn 0.000000 0.961549 -0.274634
vn 0.107845 -0.988515 -0.105863
vn 0.207167 -0.956907 -0.203498
vn 0.266881 -0.958838 -0.096978
vn 0.112089 -0.992353 -0.051690
vn 0.279447 -0.960161 -0.000002
vn 0.115505 -0.993307 -0.000001
vn 0.559650 -0.803473 -0.203037
vn 0.606740 -0.794900 0.000000
vn 0.415243 -0.812782 -0.408605
vn 0.266878 -0.958839 0.096971
vn 0.112089 -0.992353 0.051687
vn 0.207164 -0.956909 0.203488
vn 0.107846 -0.988516 0.105857
vn 0.559665 -0.803464 0.203028
vn 0.415254 -0.812774 0.408609
vn 0.952498 -0.304544 0.000000
vn 0.894603 -0.310860 0.321017
vn 0.675324 -0.319787 0.664585
vn 0.941616 0.000000 0.336689
vn 0.713037 0.000000 0.701126
vn 1.000000 0.000000 -0.000000
vn 0.675332 -0.319764 -0.664588
vn 0.894608 -0.310851 -0.321010
vn 0.941615 0.000000 -0.336691
vn 0.713037 0.000000 -0.701126
vn -0.713047 0.000000 -0.701116
vn -0.675337 -0.319729 -0.664600
vn -0.894630 -0.310741 -0.321055
vn -0.941610 0.000000 -0.336705
vn -0.952546 -0.304393 -0.000002
vn -1.000000 0.000000 -0.000000
vn -0.559680 -0.803446 -0.203058
vn -0.606748 -0.794894 -0.000003
vn -0.415255 -0.812760 -0.408637
vn -0.894625 -0.310764 0.321049
vn -0.941611 0.000000 0.336703
vn -0.675332 -0.319779 0.664582
vn -0.713047 0.000000 0.701116
vn -0.559690 -0.803442 0.203047
vn -0.415264 -0.812755 0.408638
vn -0.279435 -0.960165 -0.000005
vn -0.266874 -0.958840 0.096971
vn -0.207173 -0.956904 0.203503
vn -0.112083 -0.992354 0.051687
vn -0.107835 -0.988517 0.105855
vn -0.115501 -0.993307 -0.000003
vn -0.207168 -0.956909 -0.203485
vn -0.266874 -0.958840 -0.096970
vn -0.112091 -0.992353 -0.051691
vn -0.107840 -0.988516 -0.105857
vn -0.052643 -0.992509 -0.110248
vn -0.042253 -0.998243 -0.041550
vn -0.041970 -0.999119 -0.000000
vn -0.000000 -0.999147 -0.041304
vn 0.000000 -1.000000 0.000000
vn -0.000000 -0.993508 -0.113766
vn -0.042253 -0.998243 0.041550
vn -0.052642 -0.992509 0.110249
vn 0.000000 -0.999147 0.041303
vn 0.000000 -0.993508 0.113766
vn 0.041970 -0.999119 0.000000
vn 0.042255 -0.998243 0.041549
vn 0.052645 -0.992509 0.110247
vn 0.052646 -0.992509 -0.110248
vn 0.042255 -0.998243 -0.041550
vn 0.098899 -0.959779 0.262762
vn 0.000000 -0.961294 0.275525
vn 0.207351 -0.806685 0.553412
vn 0.000000 -0.799379 0.600828
vn -0.098898 -0.959777 0.262769
vn -0.207350 -0.806685 0.553412
vn 0.000000 -0.308923 0.951087
vn -0.329948 -0.314243 0.890161
vn -0.346849 0.000000 0.937921
vn 0.000000 0.000000 1.000000
vn 0.329953 -0.314229 0.890163
vn 0.346862 0.000000 0.937916
vn -0.098898 -0.959780 -0.262759
vn 0.000000 -0.961295 -0.275520
vn -0.207352 -0.806682 -0.553415
vn 0.000001 -0.799366 -0.600844
vn 0.098903 -0.959778 -0.262763
vn 0.207353 -0.806687 -0.553409
vn 0.000001 -0.308861 -0.951107
vn 0.329956 -0.314190 -0.890176
vn 0.346857 0.000000 -0.937918
vn 0.000000 0.000000 -1.000000
vn -0.329955 -0.314190 -0.890177
vn -0.346844 0.000000 -0.937923
vn 0.013727 0.421195 -0.906866
vn 0.012837 -0.000546 -0.999917
vn 0.012658 0.787241 -0.616516
vn 0.010003 -0.422625 -0.906250
vn 0.005638 -0.788513 -0.614992
vn 0.006485 -0.422991 0.906111
vn 0.008989 -0.001078 0.999959
vn 0.003249 -0.788480 0.615052
vn 0.010264 0.420717 0.907134
vn 0.010307 0.786934 0.616951
vn 0.002130 -0.961938 -0.273259
vn 0.000758 -1.000000 0.000159
vn 0.001075 -0.961863 0.273530
vn -0.712994 0.010143 -0.701097
vn -0.713275 0.013243 -0.700759
vn -0.347230 0.010197 -0.937725
vn -0.346854 0.009982 -0.937866
vn -0.000417 0.007337 -0.999973
vn 0.000000 0.009866 -0.999951
vn -0.348365 0.015827 -0.937225
vn -0.001649 0.000284 -0.999999
vn -0.713743 0.032299 -0.699663
vn 0.346423 0.004650 -0.938067
vn 0.346858 0.009982 -0.937864
vn 0.712738 0.001841 -0.701428
vn 0.712991 0.010144 -0.701100
vn 0.345114 -0.015077 -0.938440
vn 0.711429 -0.031200 -0.702066
vn 0.002581 0.009432 -0.999952
vn 0.355360 -0.030265 -0.934239
vn 0.720159 -0.068176 -0.690452
vn 0.357075 -0.077742 -0.930835
vn 0.716580 -0.142943 -0.682701
vn 0.009754 -0.003292 -0.999947
vn -0.714105 0.101660 -0.692617
vn -0.349678 0.053181 -0.935359
vn -0.338877 0.083837 -0.937088
vn -0.691938 0.187621 -0.697152
vn -0.934859 0.132129 -0.329515
vn -0.899652 0.253570 -0.355428
vn -0.990140 0.140081 0.000000
vn -0.962586 0.267692 -0.042054
vn -0.940944 0.042588 -0.335872
vn -0.998976 0.045249 -0.000000
vn -0.934860 0.132129 0.329512
vn -0.927751 0.250973 0.276209
vn -0.714109 0.101660 0.692613
vn -0.744533 0.197696 0.637641
vn -0.940946 0.042588 0.335868
vn -0.713746 0.032299 0.699659
vn -0.999884 0.015201 -0.000000
vn -0.941576 0.014849 0.336472
vn -0.713278 0.013243 0.700756
vn -0.941557 0.009854 0.336711
vn -0.712995 0.010143 0.701096
vn -0.999953 0.009702 -0.000000
vn -0.941575 0.014849 -0.336476
vn -0.941556 0.009854 -0.336714
vn 0.712992 0.010144 0.701099
vn 0.712741 0.001841 0.701425
vn 0.346424 0.004650 0.938067
vn 0.346862 0.009982 0.937863
vn -0.000417 0.007337 0.999973
vn 0.000000 0.009866 0.999951
vn 0.345114 -0.015077 0.938440
vn -0.001650 0.000284 0.999999
vn 0.711433 -0.031200 0.702061
vn -0.347231 0.010197 0.937724
vn -0.346856 0.009982 0.937865
vn -0.348365 0.015828 0.937225
vn 0.002581 0.009431 0.999952
vn -0.349680 0.053181 0.935358
vn -0.403521 0.109028 0.908451
vn -0.055209 0.026441 0.998125
vn 0.720162 -0.068176 0.690448
vn 0.355362 -0.030266 0.934238
vn 0.300896 -0.046244 0.952535
vn 0.679785 -0.109365 0.725212
vn 0.941569 -0.000209 -0.336820
vn 0.941558 0.009854 -0.336707
vn 1.000000 -0.000791 0.000000
vn 0.999953 0.009701 0.000000
vn 0.940576 -0.041226 -0.337071
vn 0.999043 -0.043748 0.000000
vn 0.941570 -0.000209 0.336817
vn 0.941559 0.009854 0.336705
vn 0.940578 -0.041226 0.337067
vn 0.995497 -0.094796 -0.000000
vn 0.940333 -0.089811 0.328188
vn 0.919774 -0.148944 0.363087
vn 0.985154 -0.168333 0.033691
vn 0.940332 -0.089811 -0.328191
vn 0.937566 -0.172511 -0.302009
vn -0.713042 0.000000 -0.701122
vn -0.346847 0.000000 -0.937922
vn 0.000001 0.000000 -1.000000
vn -0.346847 0.000000 -0.937922
vn -0.000001 0.000000 -1.000000
vn -0.713042 0.000000 -0.701121
vn 0.346849 0.000000 -0.937921
vn 0.713037 0.000000 -0.701127
vn 0.346850 0.000000 -0.937921
vn 0.713039 0.000000 -0.701125
vn -0.000000 0.000000 -1.000000
vn 0.346850 0.000000 -0.937921
vn 0.713038 0.000000 -0.701125
vn -0.713042 0.000000 -0.701121
vn -0.346847 0.000000 -0.937922
vn -0.941610 0.000000 -0.336705
vn -1.000000 0.000000 0.000000
vn -0.941610 0.000000 -0.336705
vn -1.000000 0.000000 0.000000
vn -0.941611 0.000000 0.336703
vn -0.713042 0.000000 0.701121
vn -0.941611 0.000000 0.336703
vn -0.713042 0.000000 0.701121
vn -1.000000 0.000000 -0.000000
vn -0.941611 0.000000 0.336703
vn -0.713041 0.000000 0.701122
vn -0.941610 0.000000 -0.336705
vn 0.713038 0.000000 0.701126
vn 0.346854 0.000000 0.937919
vn -0.000000 0.000000 1.000000
vn 0.346854 0.000000 0.937919
vn 0.000000 0.000000 1.000000
vn 0.713038 0.000000 0.701125
vn -0.346852 0.000000 0.937920
vn -0.346852 0.000000 0.937920
vn 0.000000 0.000000 1.000000
vn -0.346852 0.000000 0.937920
vn 0.713038 0.000000 0.701125
vn 0.346854 0.000000 0.937919
vn 0.941618 0.000000 -0.336684
vn 1.000000 0.000000 0.000000
vn 0.941618 0.000000 -0.336684
vn 1.000000 0.000000 0.000000
vn 0.941618 0.000000 0.336682
vn 0.941619 0.000000 0.336681
vn 1.000000 0.000000 0.000000
vn 0.941619 0.000000 0.336682
vn 0.941618 0.000000 -0.336684
vn -0.528245 0.364366 -0.766938
vn -0.730242 0.519404 -0.443809
vn -0.560360 0.735714 -0.380425
vn -0.420146 0.542173 -0.727685
vn -0.158726 0.187659 -0.969325
vn -0.200270 0.120592 -0.972291
vn 0.100007 -0.159711 -0.982085
vn 0.116166 -0.096780 -0.988504
vn 0.331249 -0.463417 -0.821900
vn 0.415966 -0.292305 -0.861122
vn 0.517056 -0.696767 -0.497160
vn 0.693072 -0.464883 -0.550940
vn 0.594802 -0.788890 -0.154477
vn 0.827575 -0.538138 -0.159773
vn 0.597815 -0.792844 0.118393
vn 0.835892 -0.525052 0.160013
vn 0.551313 -0.737626 0.389823
vn 0.755984 -0.461479 0.464247
vn 0.411566 -0.565937 0.714373
vn 0.522676 -0.322591 0.789142
vn 0.158594 -0.244486 0.956595
vn 0.170301 -0.107398 0.979522
vn -0.101979 0.094901 0.990250
vn -0.150623 0.104787 0.983022
vn -0.333633 0.404058 0.851720
vn -0.444976 0.304211 0.842290
vn -0.518350 0.663249 0.539829
vn -0.701574 0.479647 0.527003
vn -0.595518 0.781604 0.185617
vn -0.810534 0.564152 0.157374
vn -0.601259 0.793209 -0.096471
vn -0.807489 0.571029 -0.147942
vn 0.021656 -0.001832 -0.999764
vn 0.315441 -0.278191 -0.907252
vn 0.291398 -0.423143 -0.857926
vn 0.058851 -0.096869 -0.993556
vn -0.192124 0.254196 -0.947878
vn -0.264587 0.295578 -0.917947
vn -0.433073 0.591613 -0.680031
vn -0.519590 0.571368 -0.635267
vn -0.553448 0.760610 -0.339363
vn -0.641182 0.712262 -0.285601
vn 0.582590 -0.520356 -0.624354
vn 0.716645 -0.638041 -0.281644
vn 0.569245 -0.796392 -0.204254
vn 0.482801 -0.682173 -0.549130
vn 0.748001 -0.663691 0.002777
vn 0.716236 -0.635940 0.287379
vn 0.544264 -0.765230 0.343803
vn 0.579761 -0.811796 0.069744
vn 0.581264 -0.514485 0.630427
vn 0.310423 -0.268418 0.911915
vn 0.182290 -0.259974 0.948253
vn 0.422466 -0.595183 0.683578
vn 0.013440 0.006963 0.999885
vn -0.274072 0.301136 0.913346
vn -0.303307 0.411245 0.859583
vn -0.070291 0.090420 0.993420
vn -0.525678 0.573553 0.628251
vn -0.643611 0.713231 0.277608
vn -0.572284 0.793282 0.207832
vn -0.490505 0.676445 0.549388
vn -0.667303 0.744775 -0.004090
vn -0.584932 0.808506 -0.064603
vn -0.062575 0.807152 -0.587018
vn -0.026121 0.458386 -0.888369
vn -0.407266 0.319097 -0.855752
vn -0.637418 0.546774 -0.542896
vn -0.722761 0.647010 -0.242887
vn -0.077762 0.962080 -0.261448
vn 0.015400 0.046446 -0.998802
vn -0.116265 0.053719 -0.991764
vn 0.058165 -0.369108 -0.927565
vn 0.216755 -0.226706 -0.949538
vn 0.094538 -0.750193 -0.654426
vn 0.551308 -0.485498 -0.678492
vn 0.111818 -0.949854 -0.292018
vn 0.734526 -0.609745 -0.297797
vn 0.114913 -0.993375 -0.000428
vn 0.774718 -0.632307 -0.000085
vn 0.108815 -0.950485 0.291096
vn 0.735358 -0.608865 0.297544
vn 0.088008 -0.751723 0.653580
vn 0.553456 -0.483744 0.677995
vn 0.049302 -0.370783 0.927410
vn 0.219696 -0.224498 0.949387
vn 0.006059 0.045166 0.998961
vn -0.113658 0.056135 0.991933
vn -0.034250 0.457606 0.888495
vn -0.405425 0.321296 0.855803
vn -0.067802 0.807032 0.586602
vn -0.636363 0.548144 0.542753
vn -0.080010 0.962094 0.260719
vn -0.722296 0.647581 0.242751
vn -0.081607 0.996664 -0.000390
vn -0.741008 0.671496 -0.000063
vn 0.009687 0.961683 0.273994
vn 0.009715 0.999953 0.000149
vn 0.010729 0.961771 -0.273643
vn -0.613006 0.453029 -0.647294
vn -0.323320 0.233179 -0.917111
vn -0.000645 -0.003574 -0.999993
vn 0.342844 -0.243787 -0.907208
vn 0.647043 -0.447270 -0.617483
vn 0.792646 -0.542007 -0.279178
vn 0.826159 -0.563437 0.000078
vn 0.792993 -0.541441 0.279292
vn 0.647915 -0.446109 0.617408
vn 0.344564 -0.242207 0.906979
vn 0.001370 -0.001850 0.999997
vn -0.321666 0.234835 0.917270
vn -0.611921 0.454204 0.647496
vn -0.765234 0.573011 -0.293385
vn -0.798858 0.601520 0.000067
vn -0.764765 0.573547 0.293561
vn -0.000860 0.005768 -0.999983
vn -0.006305 -0.048293 -0.998813
vn -0.331686 -0.226342 -0.915835
vn -0.350162 -0.016192 -0.936549
vn 0.349321 0.028857 -0.936559
vn 0.320962 0.141932 -0.936396
vn -0.649352 -0.392390 -0.651439
vn -0.716136 -0.038704 -0.696887
vn -0.824000 -0.478666 -0.303155
vn -0.940920 -0.052503 -0.334535
vn 0.716767 0.054756 -0.695160
vn 0.642098 0.345784 -0.684210
vn 0.940378 0.071720 -0.332485
vn 0.822860 0.471725 -0.316823
vn -0.998438 -0.055864 0.000000
vn -0.866266 -0.499584 0.000258
vn -0.823795 -0.478721 0.303625
vn -0.940920 -0.052514 0.334531
vn -0.649037 -0.392491 0.651691
vn -0.716149 -0.038724 0.696873
vn -0.331486 -0.226488 0.915871
vn -0.350198 -0.016210 0.936535
vn -0.000883 0.005760 0.999983
vn -0.006223 -0.048376 0.998810
vn 0.321043 0.142059 0.936349
vn 0.349332 0.028866 0.936554
vn 0.642292 0.346190 0.683823
vn 0.716805 0.054783 0.695119
vn 0.822997 0.472060 0.315968
vn 0.940400 0.071748 0.332416
vn 0.997108 0.075994 -0.000036
vn 0.863796 0.503841 -0.000501
vn 0.716125 -0.038703 -0.696898
vn 0.649352 -0.392389 -0.651440
vn 0.331686 -0.226341 -0.915835
vn 0.350166 -0.016191 -0.936548
vn 0.940920 -0.052503 -0.334534
vn 0.824002 -0.478666 -0.303151
vn 0.006303 -0.048291 -0.998813
vn 0.000861 0.005768 -0.999983
vn -0.320962 0.141934 -0.936396
vn -0.349323 0.028857 -0.936558
vn -0.642090 0.345783 -0.684218
vn -0.716761 0.054756 -0.695166
vn -0.822863 0.471728 -0.316812
vn -0.940378 0.071721 -0.332482
vn 0.716141 -0.038723 0.696881
vn 0.649041 -0.392488 0.651689
vn 0.823798 -0.478718 0.303622
vn 0.940921 -0.052514 0.334529
vn 0.350201 -0.016209 0.936534
vn 0.331490 -0.226489 0.915870
vn 0.866268 -0.499579 0.000262
vn 0.998438 -0.055865 0.000001
vn -0.716796 0.054783 0.695128
vn -0.642289 0.346187 0.683827
vn -0.321043 0.142060 0.936350
vn -0.349333 0.028865 0.936554
vn -0.940401 0.071748 0.332414
vn -0.822996 0.472060 0.315968
vn 0.006224 -0.048376 0.998810
vn 0.000883 0.005760 0.999983
vn -0.863796 0.503841 -0.000498
vn -0.997108 0.075994 -0.000039
vn -0.714276 -0.040078 -0.698716
vn -0.347661 -0.018715 -0.937433
vn 0.001521 0.001895 -0.999997
vn 0.350211 0.022821 -0.936393
vn 0.715635 0.044967 -0.697025
vn -0.714276 -0.040078 0.698715
vn -0.940935 -0.053213 0.334381
vn -0.998402 -0.056516 -0.000001
vn -0.940935 -0.053213 -0.334381
vn 0.715638 0.044967 0.697023
vn 0.350218 0.022821 0.936390
vn 0.001520 0.001894 0.999997
vn -0.347669 -0.018716 0.937431
vn 0.940937 0.058644 -0.333463
vn 0.998068 0.062132 0.000001
vn 0.940937 0.058644 0.333464
vn 0.347666 -0.018715 -0.937432
vn 0.714267 -0.040078 -0.698725
vn -0.001520 0.001895 -0.999997
vn -0.350213 0.022822 -0.936392
vn -0.715630 0.044967 -0.697031
vn 0.940935 -0.053214 0.334379
vn 0.714267 -0.040078 0.698725
vn 0.998402 -0.056517 -0.000002
vn 0.940935 -0.053213 -0.334381
vn -0.350220 0.022821 0.936389
vn -0.715631 0.044967 0.697030
vn -0.001519 0.001894 0.999997
vn 0.347672 -0.018716 0.937429
vn -0.940934 0.058643 -0.333472
vn -0.998068 0.062132 -0.000001
vn -0.940934 0.058644 0.333472
vn 0.624056 0.388867 -0.677744
vn 0.731797 0.061921 -0.678704
vn 0.374464 0.029950 -0.926758
vn 0.310558 0.207216 -0.927693
vn 0.808373 0.492461 -0.322513
vn 0.943444 0.081608 -0.321332
vn 0.854386 0.519638 -0.000001
vn 0.996198 0.087114 0.000000
vn 0.036682 -0.000806 -0.999327
vn -0.005428 0.013429 -0.999895
vn -0.304224 -0.031269 -0.952087
vn -0.327149 -0.185990 -0.926489
vn -0.682839 -0.062920 -0.727854
vn -0.642973 -0.374972 -0.667819
vn -0.934522 -0.083463 -0.345981
vn -0.819185 -0.479715 -0.314339
vn -0.996029 -0.089024 -0.000027
vn -0.861794 -0.507258 -0.000026
vn -0.934520 -0.083454 0.345989
vn -0.819171 -0.479735 0.314348
vn -0.682805 -0.062925 0.727885
vn -0.642971 -0.374949 0.667833
vn -0.304242 -0.031270 0.952081
vn -0.327163 -0.186003 0.926481
vn 0.036679 -0.000806 0.999327
vn -0.005427 0.013430 0.999895
vn 0.374471 0.029949 0.926755
vn 0.310563 0.207217 0.927692
vn 0.731802 0.061922 0.678699
vn 0.624064 0.388873 0.677733
vn 0.943443 0.081607 0.321334
vn 0.808374 0.492461 0.322510
vn -0.617358 0.402450 -0.675947
vn -0.731643 0.062364 -0.678829
vn -0.943376 0.081998 -0.321431
vn -0.801345 0.504113 -0.322050
vn -0.305119 0.223283 -0.925768
vn -0.374262 0.030471 -0.926822
vn -0.996165 0.087499 0.000000
vn -0.847467 0.530849 -0.000000
vn 0.010512 0.031009 -0.999464
vn -0.036425 -0.000221 -0.999336
vn 0.332873 -0.167902 -0.927903
vn 0.304509 -0.030714 -0.952014
vn 0.650028 -0.357211 -0.670719
vn 0.682976 -0.062408 -0.727770
vn 0.827657 -0.463579 -0.316352
vn 0.934590 -0.082955 -0.345918
vn 0.870729 -0.491764 0.000012
vn 0.996075 -0.088516 0.000014
vn 0.827676 -0.463560 0.316331
vn 0.934599 -0.082964 0.345894
vn 0.650035 -0.357242 0.670696
vn 0.683017 -0.062404 0.727732
vn 0.332864 -0.167888 0.927909
vn 0.304477 -0.030714 0.952025
vn 0.010511 0.031010 0.999464
vn -0.036422 -0.000221 0.999336
vn -0.305123 0.223284 0.925767
vn -0.374269 0.030470 0.926819
vn -0.617366 0.402456 0.675936
vn -0.731648 0.062365 0.678824
vn -0.801347 0.504114 0.322044
vn -0.943376 0.081998 0.321432
s 1
g pCube7
usemtl initialShadingGroup
f 25/49/97 150/50/98 214/51/99 153/52/100
f 150/50/98 62/55/101 151/56/102 214/51/99
f 214/51/99 151/56/102 77/65/103 152/57/104
f 153/52/100 214/51/99 152/57/104 65/58/105
f 62/55/101 154/63/106 215/64/107 151/56/102
f 154/63/106 26/72/108 155/73/109 215/64/107
f 215/64/107 155/73/109 63/83/110 156/74/111
f 151/56/102 215/64/107 156/74/111 77/65/103
f 77/681/103 156/682/111 216/683/112 159/684/113
f 156/682/111 63/685/110 157/686/114 216/683/112
f 216/262/112 157/248/114 44/255/115 158/263/116
f 159/684/113 216/683/112 158/687/116 64/688/117
f 65/694/105 152/689/104 217/690/118 161/695/119
f 152/689/104 77/681/103 159/684/113 217/690/118
f 217/690/118 159/684/113 64/688/117 160/693/120
f 161/463/119 217/474/118 160/475/120 41/468/121
f 42/480/122 162/487/123 218/488/124 165/473/125
f 162/743/123 66/744/126 163/745/127 218/746/124
f 218/746/124 163/745/127 78/751/128 164/752/129
f 165/757/125 218/746/124 164/752/129 69/758/130
f 66/744/126 166/749/131 219/750/132 163/745/127
f 166/249/131 43/243/133 167/238/134 219/250/132
f 219/750/132 167/762/134 67/763/135 168/756/136
f 163/745/127 219/750/132 168/756/136 78/751/128
f 78/99/128 168/104/136 220/100/137 171/94/138
f 168/104/136 67/105/135 169/102/139 220/100/137
f 220/100/137 169/102/139 28/101/140 170/95/141
f 171/94/138 220/100/137 170/95/141 68/87/142
f 69/92/130 164/93/129 221/86/143 173/85/144
f 164/93/129 78/99/128 171/94/138 221/86/143
f 221/86/143 171/94/138 68/87/142 172/78/145
f 173/85/144 221/86/143 172/78/145 27/77/146
f 27/77/146 172/78/145 222/69/147 176/68/148
f 172/78/145 68/87/142 174/79/149 222/69/147
f 222/69/147 174/79/149 79/70/150 175/61/151
f 176/68/148 222/69/147 175/61/151 71/60/152
f 68/87/142 170/95/141 223/88/153 174/79/149
f 170/95/141 28/101/140 177/96/154 223/88/153
f 223/88/153 177/96/154 70/89/155 178/80/156
f 174/79/149 223/88/153 178/80/156 79/70/150
f 79/70/150 178/80/156 224/71/157 180/62/158
f 178/80/156 70/89/155 179/81/159 224/71/157
f 224/71/157 179/81/159 26/72/108 154/63/106
f 180/62/158 224/71/157 154/63/106 62/55/101
f 71/60/152 175/61/151 225/54/160 181/53/161
f 175/61/151 79/70/150 180/62/158 225/54/160
f 225/54/160 180/62/158 62/55/101 150/50/98
f 181/53/161 225/54/160 150/50/98 25/49/97
f 26/72/108 179/81/159 226/82/162 155/73/109
f 179/81/159 70/89/155 182/90/163 226/82/162
f 226/82/162 182/90/163 80/98/164 183/91/165
f 155/73/109 226/82/162 183/91/165 63/83/110
f 70/89/155 177/96/154 227/97/166 182/90/163
f 177/96/154 28/101/140 169/102/139 227/97/166
f 227/97/166 169/102/139 67/105/135 184/103/167
f 182/90/163 227/97/166 184/103/167 80/98/164
f 80/233/164 184/234/167 228/235/168 186/236/169
f 184/234/167 67/237/135 167/238/134 228/235/168
f 228/235/168 167/238/134 43/243/133 185/239/170
f 186/236/169 228/235/168 185/239/170 72/240/171
f 63/247/110 183/241/165 229/242/172 157/248/114
f 183/241/165 80/233/164 186/236/169 229/242/172
f 229/242/172 186/236/169 72/240/171 187/246/173
f 157/248/114 229/242/172 187/246/173 44/255/115
f 27/77/146 176/68/148 230/76/174 173/85/144
f 176/68/148 71/60/152 188/67/175 230/76/174
f 230/76/174 188/67/175 81/75/176 189/84/177
f 173/85/144 230/76/174 189/84/177 69/92/130
f 71/60/152 181/53/161 231/59/178 188/67/175
f 181/53/161 25/49/97 153/52/100 231/59/178
f 231/59/178 153/52/100 65/58/105 190/66/179
f 188/67/175 231/59/178 190/66/179 81/75/176
f 81/458/176 190/459/179 232/460/180 192/461/181
f 190/459/179 65/462/105 161/463/119 232/460/180
f 232/460/180 161/463/119 41/468/121 191/464/182
f 192/461/181 232/460/180 191/464/182 73/465/183
f 69/472/130 189/466/177 233/467/184 165/473/125
f 189/466/177 81/458/176 192/461/181 233/467/184
f 233/467/184 192/461/181 73/465/183 193/471/185
f 165/473/125 233/467/184 193/471/185 42/480/122
f 234/565/186 194/562/187 390/567/188 394/570/189
f 195/569/190 234/565/186 394/570/189 386/574/191
f 235/561/192 196/563/193 388/568/194 395/566/195
f 194/562/187 235/561/192 395/566/195 390/567/188
f 238/341/196 199/338/197 392/343/198 398/346/199
f 200/345/200 238/341/196 398/346/199 389/350/201
f 239/337/202 197/339/203 387/344/204 399/342/205
f 199/338/197 239/337/202 399/342/205 392/343/198
f 240/106/206 201/107/207 393/108/208 400/109/209
f 196/116/193 240/106/206 400/109/209 388/117/194
f 241/112/210 200/122/200 389/123/201 401/113/211
f 201/107/207 241/112/210 401/113/211 393/108/208
f 38/508/212 94/500/213 242/507/214 97/515/215
f 94/500/213 50/492/216 95/499/217 242/507/214
f 242/507/214 95/499/217 82/506/218 96/514/219
f 97/515/215 242/507/214 96/514/219 52/522/220
f 50/492/216 98/491/221 243/498/222 95/499/217
f 98/491/221 37/497/223 99/504/224 243/498/222
f 243/498/222 99/504/224 51/511/225 100/505/226
f 95/499/217 243/498/222 100/505/226 82/506/218
f 82/506/218 100/505/226 244/512/227 102/513/228
f 100/505/226 51/511/225 101/518/229 244/512/227
f 244/512/227 101/518/229 29/525/230 203/519/231
f 102/513/228 244/512/227 203/519/231 74/520/232
f 52/522/220 96/514/219 245/521/233 103/529/234
f 96/514/219 82/506/218 102/513/228 245/521/233
f 245/521/233 102/513/228 74/520/232 202/528/235
f 103/529/234 245/521/233 202/528/235 30/535/236
f 30/535/236 93/542/237 246/536/238 103/529/234
f 93/776/237 49/777/239 104/774/240 246/773/238
f 246/773/238 104/774/240 83/771/241 105/770/242
f 103/529/234 246/536/238 105/530/242 52/522/220
f 49/777/239 92/781/243 247/778/244 104/774/240
f 92/306/243 31/300/245 106/293/246 247/299/244
f 247/299/244 106/293/246 53/286/247 107/292/248
f 104/774/240 247/778/244 107/775/248 83/771/241
f 83/771/241 107/775/248 248/772/249 110/768/250
f 107/292/248 53/286/247 108/279/251 248/285/249
f 248/285/249 108/279/251 39/272/252 109/278/253
f 110/768/250 248/772/249 109/769/253 54/765/254
f 52/522/220 105/530/242 249/523/255 97/515/215
f 105/770/242 83/771/241 110/768/250 249/767/255
f 249/767/255 110/768/250 54/765/254 111/764/256
f 97/515/215 249/523/255 111/516/256 38/508/212
f 40/283/257 112/275/258 250/282/259 115/290/260
f 112/275/258 55/267/261 113/274/262 250/282/259
f 250/282/259 113/274/262 84/281/263 114/289/264
f 115/290/260 250/282/259 114/289/264 56/297/265
f 55/267/261 116/266/266 251/273/267 113/274/262
f 116/266/266 39/272/252 108/279/251 251/273/267
f 251/273/267 108/279/251 53/286/247 117/280/268
f 113/274/262 251/273/267 117/280/268 84/281/263
f 84/281/263 117/280/268 252/287/269 118/288/270
f 117/280/268 53/286/247 106/293/246 252/287/269
f 252/287/269 106/293/246 31/300/245 211/294/271
f 118/288/270 252/287/269 211/294/271 46/295/272
f 56/297/265 114/289/264 253/296/273 119/304/274
f 114/289/264 84/281/263 118/288/270 253/296/273
f 253/296/273 118/288/270 46/295/272 210/303/275
f 119/304/274 253/296/273 210/303/275 32/311/276
f 37/497/223 120/503/277 254/510/278 99/504/224
f 120/707/277 57/703/279 121/706/280 254/710/278
f 254/710/278 121/706/280 85/709/281 122/713/282
f 99/504/224 254/510/278 122/517/282 51/511/225
f 57/703/279 123/702/283 255/705/284 121/706/280
f 123/291/283 40/283/257 115/290/260 255/298/284
f 255/298/284 115/290/260 56/297/265 124/305/285
f 121/706/280 255/705/284 124/708/285 85/709/281
f 85/709/281 124/708/285 256/711/286 125/712/287
f 124/305/285 56/297/265 119/304/274 256/312/286
f 256/711/286 119/717/274 32/718/276 207/714/288
f 125/712/287 256/711/286 207/714/288 76/715/289
f 51/511/225 122/517/282 257/524/290 101/518/229
f 122/713/282 85/709/281 125/712/287 257/716/290
f 257/716/290 125/712/287 76/715/289 206/721/291
f 101/725/229 257/716/290 206/721/291 29/726/230
f 42/480/122 193/471/185 258/479/292 128/486/293
f 193/471/185 73/465/183 126/470/294 258/479/292
f 258/479/292 126/470/294 86/478/295 127/485/296
f 128/486/293 258/479/292 127/485/296 59/494/297
f 73/465/183 191/464/182 259/469/298 126/470/294
f 191/464/182 41/468/121 129/476/299 259/469/298
f 259/469/298 129/476/299 58/482/300 130/477/301
f 126/470/294 259/469/298 130/477/301 86/478/295
f 86/478/295 130/477/301 260/483/302 132/484/303
f 130/477/301 58/482/300 131/490/304 260/483/302
f 260/483/302 131/490/304 37/497/223 98/491/221
f 132/484/303 260/483/302 98/491/221 50/492/216
f 59/494/297 127/485/296 261/493/305 133/501/306
f 127/485/296 86/478/295 132/484/303 261/493/305
f 261/493/305 132/484/303 50/492/216 94/500/213
f 133/501/306 261/493/305 94/500/213 38/508/212
f 38/508/212 111/516/256 262/509/307 133/501/306
f 111/764/256 54/765/254 134/760/308 262/759/307
f 262/759/307 134/760/308 87/754/309 135/753/310
f 133/501/306 262/509/307 135/502/310 59/494/297
f 54/765/254 109/769/253 263/766/311 134/760/308
f 109/278/253 39/272/252 136/265/312 263/271/311
f 263/271/311 136/265/312 60/257/313 137/264/314
f 134/760/308 263/766/311 137/761/314 87/754/309
f 87/754/309 137/761/314 264/755/315 139/748/316
f 137/264/314 60/257/313 138/251/317 264/256/315
f 264/256/315 138/251/317 43/243/133 166/249/131
f 139/748/316 264/755/315 166/749/131 66/744/126
f 59/494/297 135/502/310 265/495/318 128/486/293
f 135/753/310 87/754/309 139/748/316 265/747/318
f 265/747/318 139/748/316 66/744/126 162/743/123
f 128/486/293 265/495/318 162/487/123 42/480/122
f 44/255/115 187/246/173 266/254/319 142/261/320
f 187/246/173 72/240/171 140/245/321 266/254/319
f 266/254/319 140/245/321 88/253/322 141/260/323
f 142/261/320 266/254/319 141/260/323 61/269/324
f 72/240/171 185/239/170 267/244/325 140/245/321
f 185/239/170 43/243/133 138/251/317 267/244/325
f 267/244/325 138/251/317 60/257/313 143/252/326
f 140/245/321 267/244/325 143/252/326 88/253/322
f 88/253/322 143/252/326 268/258/327 144/259/328
f 143/252/326 60/257/313 136/265/312 268/258/327
f 268/258/327 136/265/312 39/272/252 116/266/266
f 144/259/328 268/258/327 116/266/266 55/267/261
f 61/269/324 141/260/323 269/268/329 145/276/330
f 141/260/323 88/253/322 144/259/328 269/268/329
f 269/268/329 144/259/328 55/267/261 112/275/258
f 145/276/330 269/268/329 112/275/258 40/283/257
f 41/468/121 160/475/120 270/481/331 129/476/299
f 160/693/120 64/688/117 146/692/332 270/698/331
f 270/698/331 146/692/332 89/697/333 147/701/334
f 129/476/299 270/481/331 147/489/334 58/482/300
f 64/688/117 158/687/116 271/691/335 146/692/332
f 158/263/116 44/255/115 142/261/320 271/270/335
f 271/270/335 142/261/320 61/269/324 148/277/336
f 146/692/332 271/691/335 148/696/336 89/697/333
f 89/697/333 148/696/336 272/699/337 149/700/338
f 148/277/336 61/269/324 145/276/330 272/284/337
f 272/284/337 145/276/330 40/283/257 123/291/283
f 149/700/338 272/699/337 123/702/283 57/703/279
f 58/482/300 147/489/334 273/496/339 131/490/304
f 147/701/334 89/697/333 149/700/338 273/704/339
f 273/704/339 149/700/338 57/703/279 120/707/277
f 131/490/304 273/496/339 120/503/277 37/497/223
f 274/541/340 275/544/341 304/547/342 305/546/343
f 275/544/341 274/541/340 276/534/344 277/538/345
f 277/538/345 276/534/344 279/527/346 278/532/347
f 278/532/347 279/527/346 280/526/348 281/533/349
f 281/533/349 280/526/348 283/531/350 282/537/351
f 282/731/351 283/730/350 284/724/352 285/727/353
f 285/727/353 284/724/352 287/720/354 286/722/355
f 286/722/355 287/720/354 288/719/356 289/723/357
f 289/323/357 288/322/356 291/317/358 290/319/359
f 290/319/359 291/317/358 292/310/360 293/314/361
f 293/314/361 292/310/360 295/302/362 294/308/363
f 294/308/363 295/302/362 296/301/364 297/309/365
f 297/309/365 296/301/364 299/307/366 298/313/367
f 298/791/367 299/788/366 303/784/368 302/785/369
f 300/782/370 301/780/371 305/779/343 304/783/342
f 301/780/371 300/782/370 302/785/369 303/784/368
f 30/535/236 202/528/235 276/534/344 274/541/340
f 202/528/235 74/520/232 279/527/346 276/534/344
f 74/520/232 203/519/231 280/526/348 279/527/346
f 203/519/231 29/525/230 283/531/350 280/526/348
f 29/726/230 206/721/291 284/724/352 283/730/350
f 206/721/291 76/715/289 287/720/354 284/724/352
f 76/715/289 207/714/288 288/719/356 287/720/354
f 207/321/288 32/311/276 291/317/358 288/322/356
f 32/311/276 210/303/275 292/310/360 291/317/358
f 210/303/275 46/295/272 295/302/362 292/310/360
f 46/295/272 211/294/271 296/301/364 295/302/362
f 211/294/271 31/300/245 299/307/366 296/301/364
f 303/784/368 299/788/366 31/789/245 92/781/243
f 301/780/371 303/784/368 92/781/243 49/777/239
f 305/779/343 301/780/371 49/777/239 93/776/237
f 274/541/340 305/546/343 93/542/237 30/535/236
f 306/969/372 307/540/373 315/539/374 314/963/375
f 307/540/373 306/969/372 308/967/376 309/545/377
f 309/545/377 308/967/376 310/992/378 311/548/379
f 311/548/379 310/992/378 334/551/380 335/550/381
f 312/965/382 313/543/383 319/549/384 318/975/385
f 313/543/383 312/965/382 314/963/375 315/539/374
f 316/978/386 317/729/387 323/728/388 322/971/389
f 317/729/387 316/978/386 318/734/385 319/732/384
f 320/973/390 321/324/391 327/320/392 326/984/393
f 321/324/391 320/973/390 322/327/389 323/326/388
f 324/986/394 325/316/395 331/315/396 330/980/397
f 325/316/395 324/986/394 326/984/393 327/320/392
f 328/982/398 329/318/399 337/325/400 336/994/401
f 329/318/399 328/982/398 330/980/397 331/315/396
f 332/996/402 333/787/403 335/786/381 334/990/380
f 333/787/403 332/996/402 336/792/401 337/790/400
f 277/538/345 278/532/347 307/540/373 309/545/377
f 275/544/341 277/538/345 309/545/377 311/548/379
f 281/533/349 282/537/351 313/543/383 315/539/374
f 278/532/347 281/533/349 315/539/374 307/540/373
f 285/727/353 286/722/355 317/729/387 319/732/384
f 282/731/351 285/727/353 319/732/384 313/733/383
f 289/323/357 290/319/359 321/324/391 323/326/388
f 286/722/355 289/723/357 323/728/388 317/729/387
f 293/314/361 294/308/363 325/316/395 327/320/392
f 290/319/359 293/314/361 327/320/392 321/324/391
f 297/309/365 298/313/367 329/318/399 331/315/396
f 294/308/363 297/309/365 331/315/396 325/316/395
f 333/787/403 337/790/400 302/785/369 300/782/370
f 337/790/400 329/793/399 298/791/367 302/785/369
f 311/548/379 335/550/381 304/547/342 275/544/341
f 335/786/381 333/787/403 300/782/370 304/783/342
f 354/564/404 355/559/405 357/555/406 356/560/407
f 355/166/405 354/160/404 384/152/408 385/158/409
f 356/560/407 357/555/406 359/553/410 358/556/411
f 358/556/411 359/553/410 361/552/412 360/557/413
f 360/557/413 361/552/412 363/554/414 362/558/415
f 362/121/415 363/128/414 365/118/416 364/110/417
f 364/110/417 365/118/416 367/119/418 366/111/419
f 366/111/419 367/119/418 369/129/420 368/120/421
f 368/120/421 369/129/420 371/136/422 370/130/423
f 370/340/423 371/335/422 373/331/424 372/336/425
f 372/336/425 373/331/424 375/329/426 374/332/427
f 374/332/427 375/329/426 377/328/428 376/333/429
f 376/333/429 377/328/428 379/330/430 378/334/431
f 378/148/431 379/157/430 381/149/432 380/143/433
f 380/143/433 381/149/432 383/150/434 382/144/435
f 382/144/435 383/150/434 385/158/409 384/152/408
f 354/564/404 356/560/407 234/565/186 195/569/190
f 356/560/407 358/556/411 194/562/187 234/565/186
f 358/556/411 360/557/413 235/561/192 194/562/187
f 360/557/413 362/558/415 196/563/193 235/561/192
f 236/142/436 197/147/203 378/148/431 380/143/433
f 198/141/437 236/142/436 380/143/433 382/144/435
f 237/151/438 198/141/437 382/144/435 384/152/408
f 195/159/190 237/151/438 384/152/408 354/160/404
f 370/340/423 372/336/425 238/341/196 200/345/200
f 372/336/425 374/332/427 199/338/197 238/341/196
f 374/332/427 376/333/429 239/337/202 199/338/197
f 376/333/429 378/334/431 197/339/203 239/337/202
f 362/121/415 364/110/417 240/106/206 196/116/193
f 364/110/417 366/111/419 201/107/207 240/106/206
f 366/111/419 368/120/421 241/112/210 201/107/207
f 368/120/421 370/130/423 200/122/200 241/112/210
f 338/1073/439 339/1075/440 357/555/406 355/559/405
f 339/1075/440 340/1077/441 359/553/410 357/555/406
f 340/1077/441 341/1079/442 361/552/412 359/553/410
f 341/1079/442 342/1081/443 363/554/414 361/552/412
f 363/741/414 342/742/443 343/1084/444 365/738/416
f 343/1084/444 344/1086/445 367/737/418 365/738/416
f 344/1086/445 345/735/446 369/736/420 367/737/418
f 345/735/446 346/739/447 371/740/422 369/736/420
f 346/1090/447 347/1092/448 373/331/424 371/335/422
f 347/1092/448 348/1094/449 375/329/426 373/331/424
f 348/1094/449 349/1096/450 377/328/428 375/329/426
f 349/1096/450 350/1098/451 379/330/430 377/328/428
f 353/794/452 338/798/439 355/799/405 385/795/409
f 352/1103/453 353/794/452 385/795/409 383/796/434
f 351/1101/454 352/1103/453 383/796/434 381/797/432
f 350/800/451 351/1101/454 381/797/432 379/801/430
f 391/145/455 396/146/456 236/142/436 198/141/437
f 396/146/456 387/155/204 197/147/203 236/142/436
f 386/165/191 397/156/457 237/151/438 195/159/190
f 397/156/457 391/145/455 198/141/437 237/151/438
f 402/176/458 530/177/459 591/178/460 527/179/461
f 527/179/461 591/178/460 528/184/462 439/185/463
f 591/178/460 529/183/464 454/190/465 528/184/462
f 530/177/459 442/182/466 529/183/464 591/178/460
f 439/185/463 528/184/462 592/191/467 531/192/468
f 531/192/468 592/191/467 532/199/469 403/200/470
f 592/191/467 533/198/471 440/207/472 532/199/469
f 528/184/462 454/190/465 533/198/471 592/191/467
f 454/802/465 536/803/473 593/804/474 533/805/471
f 533/805/471 593/804/474 534/810/475 440/811/472
f 593/456/474 535/453/476 421/447/477 534/454/475
f 536/803/473 441/808/478 535/809/476 593/804/474
f 442/812/466 538/813/479 594/807/480 529/806/464
f 529/806/464 594/807/480 536/803/473 454/802/465
f 594/807/480 537/814/481 441/808/478 536/803/473
f 538/668/479 418/661/482 537/667/481 594/674/480
f 419/670/483 542/677/484 595/679/485 539/676/486
f 539/864/486 595/865/485 540/866/487 443/867/488
f 595/865/485 541/868/489 455/869/490 540/866/487
f 542/874/484 446/875/491 541/868/489 595/865/485
f 443/867/488 540/866/487 596/870/492 543/871/493
f 543/444/493 596/451/492 544/445/494 420/438/495
f 596/870/492 545/876/496 444/880/497 544/881/494
f 540/866/487 455/869/490 545/876/496 596/870/492
f 455/227/490 548/220/498 597/226/499 545/231/496
f 545/231/496 597/226/499 546/229/500 444/232/497
f 597/226/499 547/225/501 405/230/502 546/229/500
f 548/220/498 445/219/503 547/225/501 597/226/499
f 446/214/491 550/205/504 598/213/505 541/221/489
f 541/221/489 598/213/505 548/220/498 455/227/490
f 598/213/505 549/212/506 445/219/503 548/220/498
f 550/205/504 404/204/507 549/212/506 598/213/505
f 404/204/507 553/195/508 599/203/509 549/212/506
f 549/212/506 599/203/509 551/211/510 445/219/503
f 599/203/509 552/194/511 456/202/512 551/211/510
f 553/195/508 448/187/513 552/194/511 599/203/509
f 445/219/503 551/211/510 600/218/514 547/225/501
f 547/225/501 600/218/514 554/224/515 405/230/502
f 600/218/514 555/210/516 447/217/517 554/224/515
f 551/211/510 456/202/512 555/210/516 600/218/514
f 456/202/512 557/193/518 601/201/519 555/210/516
f 555/210/516 601/201/519 556/209/520 447/217/517
f 601/201/519 531/192/468 403/200/470 556/209/520
f 557/193/518 439/185/463 531/192/468 601/201/519
f 448/187/513 558/180/521 602/186/522 552/194/511
f 552/194/511 602/186/522 557/193/518 456/202/512
f 602/186/522 527/179/461 439/185/463 557/193/518
f 558/180/521 402/176/458 527/179/461 602/186/522
f 403/200/470 532/199/469 603/208/523 556/209/520
f 556/209/520 603/208/523 559/216/524 447/217/517
f 603/208/523 560/215/525 457/222/526 559/216/524
f 532/199/469 440/207/472 560/215/525 603/208/523
f 447/217/517 559/216/524 604/223/527 554/224/515
f 554/224/515 604/223/527 546/229/500 405/230/502
f 604/223/527 561/228/528 444/232/497 546/229/500
f 559/216/524 457/222/526 561/228/528 604/223/527
f 457/449/526 563/442/529 605/443/530 561/450/528
f 561/450/528 605/443/530 544/445/494 444/452/497
f 605/443/530 562/436/531 420/438/495 544/445/494
f 563/442/529 449/435/532 562/436/531 605/443/530
f 440/457/472 534/454/475 606/448/533 560/455/525
f 560/455/525 606/448/533 563/442/529 457/449/526
f 606/448/533 564/441/534 449/435/532 563/442/529
f 534/454/475 421/447/477 564/441/534 606/448/533
f 404/204/507 550/205/504 607/196/535 553/195/508
f 553/195/508 607/196/535 565/188/536 448/187/513
f 607/196/535 566/206/537 458/197/538 565/188/536
f 550/205/504 446/214/491 566/206/537 607/196/535
f 448/187/513 565/188/536 608/181/539 558/180/521
f 558/180/521 608/181/539 530/177/459 402/176/458
f 608/181/539 567/189/540 442/182/466 530/177/459
f 565/188/536 458/197/538 567/189/540 608/181/539
f 458/672/538 569/665/541 609/666/542 567/673/540
f 567/673/540 609/666/542 538/668/479 442/675/466
f 609/666/542 568/659/543 418/661/482 538/668/479
f 569/665/541 450/658/544 568/659/543 609/666/542
f 446/680/491 542/677/484 610/671/545 566/678/537
f 566/678/537 610/671/545 569/665/541 458/672/538
f 610/671/545 570/664/546 450/658/544 569/665/541
f 542/677/484 419/670/483 570/664/546 610/671/545
f 611/575/547 394/570/189 390/567/188 571/571/548
f 572/579/549 386/574/191 394/570/189 611/575/547
f 612/572/550 395/566/195 388/568/194 573/573/551
f 571/571/548 390/567/188 395/566/195 612/572/550
f 615/351/552 398/346/199 392/343/198 576/347/553
f 577/355/554 389/350/201 398/346/199 615/351/552
f 616/348/555 399/342/205 387/344/204 574/349/556
f 576/347/553 392/343/198 399/342/205 616/348/555
f 617/114/557 400/109/209 393/108/208 578/115/558
f 573/125/551 388/117/194 400/109/209 617/114/557
f 618/124/559 401/113/211 389/123/201 577/131/554
f 578/115/558 393/108/208 401/113/211 618/124/559
f 415/642/560 474/635/561 619/629/562 471/636/563
f 471/636/563 619/629/562 472/622/564 427/630/565
f 619/629/562 473/621/566 459/616/567 472/622/564
f 474/635/561 429/628/568 473/621/566 619/629/562
f 427/630/565 472/622/564 620/623/569 475/631/570
f 475/631/570 620/623/569 476/626/571 414/633/572
f 620/623/569 477/617/573 428/618/574 476/626/571
f 472/622/564 459/616/567 477/617/573 620/623/569
f 459/616/567 479/610/575 621/611/576 477/617/573
f 477/617/573 621/611/576 478/612/577 428/618/574
f 621/611/576 580/605/578 406/606/579 478/612/577
f 479/610/575 451/604/580 580/605/578 621/611/576
f 429/628/568 480/620/581 622/615/582 473/621/566
f 473/621/566 622/615/582 479/610/575 459/616/567
f 622/615/582 579/609/583 451/604/580 479/610/575
f 480/620/581 407/614/584 579/609/583 622/615/582
f 407/614/584 480/620/581 623/627/585 470/619/586
f 470/898/586 623/895/585 481/896/587 426/899/588
f 623/895/585 482/892/589 460/893/590 481/896/587
f 480/620/581 429/628/568 482/634/589 623/627/585
f 426/899/588 481/896/587 624/897/591 469/900/592
f 469/394/592 624/395/591 483/388/593 408/382/594
f 624/395/591 484/402/595 430/396/596 483/388/593
f 481/896/587 460/893/590 484/894/595 624/897/591
f 460/893/590 487/890/597 625/891/598 484/894/595
f 484/402/595 625/408/598 485/403/599 430/396/596
f 625/408/598 486/416/600 416/409/601 485/403/599
f 487/890/597 431/887/602 486/888/600 625/891/598
f 429/628/568 474/635/561 626/641/603 482/634/589
f 482/892/589 626/889/603 487/890/597 460/893/590
f 626/889/603 488/886/604 431/887/602 487/890/597
f 474/635/561 415/642/560 488/648/604 626/641/603
f 417/419/605 492/412/606 627/405/607 489/413/608
f 489/413/608 627/405/607 490/400/609 432/406/610
f 627/405/607 491/399/611 461/392/612 490/400/609
f 492/412/606 433/404/613 491/399/611 627/405/607
f 432/406/610 490/400/609 628/401/614 493/407/615
f 493/407/615 628/401/614 485/403/599 416/409/601
f 628/401/614 494/393/616 430/396/596 485/403/599
f 490/400/609 461/392/612 494/393/616 628/401/614
f 461/392/612 495/386/617 629/387/618 494/393/616
f 494/393/616 629/387/618 483/388/593 430/396/596
f 629/387/618 588/381/619 408/382/594 483/388/593
f 495/386/617 423/380/620 588/381/619 629/387/618
f 433/404/613 496/398/621 630/391/622 491/399/611
f 491/399/611 630/391/622 495/386/617 461/392/612
f 630/391/622 587/385/623 423/380/620 495/386/617
f 496/398/621 409/390/624 587/385/623 630/391/622
f 414/633/572 476/626/571 631/632/625 497/639/626
f 497/826/626 631/829/625 498/827/627 434/824/628
f 631/829/625 499/832/629 462/830/630 498/827/627
f 476/626/571 428/618/574 499/625/629 631/632/625
f 434/824/628 498/827/627 632/828/631 500/825/632
f 500/425/632 632/418/631 492/412/606 417/419/605
f 632/418/631 501/410/633 433/404/613 492/412/606
f 498/827/627 462/830/630 501/831/633 632/828/631
f 462/830/630 502/833/634 633/834/635 501/831/633
f 501/410/633 633/411/635 496/398/621 433/404/613
f 633/834/635 584/837/636 409/841/624 496/842/621
f 502/833/634 453/836/637 584/837/636 633/834/635
f 428/618/574 478/612/577 634/624/638 499/625/629
f 499/832/629 634/835/638 502/833/634 462/830/630
f 634/835/638 583/838/639 453/836/637 502/833/634
f 478/843/577 406/844/579 583/838/639 634/835/638
f 419/670/483 505/663/640 635/657/641 570/664/546
f 570/664/546 635/657/641 503/651/642 450/658/544
f 635/657/641 504/650/643 463/644/644 503/651/642
f 505/663/640 436/656/645 504/650/643 635/657/641
f 450/658/544 503/651/642 636/652/646 568/659/543
f 568/659/543 636/652/646 506/654/647 418/661/482
f 636/652/646 507/645/648 435/647/649 506/654/647
f 503/651/642 463/644/644 507/645/648 636/652/646
f 463/644/644 509/637/650 637/638/651 507/645/648
f 507/645/648 637/638/651 508/640/652 435/647/649
f 637/638/651 475/631/570 414/633/572 508/640/652
f 509/637/650 427/630/565 475/631/570 637/638/651
f 436/656/645 510/649/653 638/643/654 504/650/643
f 504/650/643 638/643/654 509/637/650 463/644/644
f 638/643/654 471/636/563 427/630/565 509/637/650
f 510/649/653 415/642/560 471/636/563 638/643/654
f 415/642/560 510/649/653 639/655/655 488/648/604
f 488/886/604 639/883/655 511/884/656 431/887/602
f 639/883/655 512/878/657 464/879/658 511/884/656
f 510/649/653 436/656/645 512/662/657 639/655/655
f 431/887/602 511/884/656 640/885/659 486/888/600
f 486/416/600 640/423/659 513/417/660 416/409/601
f 640/423/659 514/430/661 437/424/662 513/417/660
f 511/884/656 464/879/658 514/882/661 640/885/659
f 464/879/658 516/873/663 641/877/664 514/882/661
f 514/430/661 641/437/664 515/431/665 437/424/662
f 641/437/664 543/444/493 420/438/495 515/431/665
f 516/873/663 443/867/488 543/871/493 641/877/664
f 436/656/645 505/663/640 642/669/666 512/662/657
f 512/878/657 642/872/666 516/873/663 464/879/658
f 642/872/666 539/864/486 443/867/488 516/873/663
f 505/663/640 419/670/483 539/676/486 642/669/666
f 421/447/477 519/440/667 643/434/668 564/441/534
f 564/441/534 643/434/668 517/428/669 449/435/532
f 643/434/668 518/427/670 465/421/671 517/428/669
f 519/440/667 438/433/672 518/427/670 643/434/668
f 449/435/532 517/428/669 644/429/673 562/436/531
f 562/436/531 644/429/673 515/431/665 420/438/495
f 644/429/673 520/422/674 437/424/662 515/431/665
f 517/428/669 465/421/671 520/422/674 644/429/673
f 465/421/671 521/414/675 645/415/676 520/422/674
f 520/422/674 645/415/676 513/417/660 437/424/662
f 645/415/676 493/407/615 416/409/601 513/417/660
f 521/414/675 432/406/610 493/407/615 645/415/676
f 438/433/672 522/426/677 646/420/678 518/427/670
f 518/427/670 646/420/678 521/414/675 465/421/671
f 646/420/678 489/413/608 432/406/610 521/414/675
f 522/426/677 417/419/605 489/413/608 646/420/678
f 418/661/482 506/654/647 647/660/679 537/667/481
f 537/814/481 647/817/679 523/815/680 441/808/478
f 647/817/679 524/820/681 466/818/682 523/815/680
f 506/654/647 435/647/649 524/653/681 647/660/679
f 441/808/478 523/815/680 648/816/683 535/809/476
f 535/453/476 648/446/683 519/440/667 421/447/477
f 648/446/683 525/439/684 438/433/672 519/440/667
f 523/815/680 466/818/682 525/819/684 648/816/683
f 466/818/682 526/821/685 649/822/686 525/819/684
f 525/439/684 649/432/686 522/426/677 438/433/672
f 649/432/686 500/425/632 417/419/605 522/426/677
f 526/821/685 434/824/628 500/825/632 649/822/686
f 435/647/649 508/640/652 650/646/687 524/653/681
f 524/820/681 650/823/687 526/821/685 466/818/682
f 650/823/687 497/826/626 434/824/628 526/821/685
f 508/640/652 414/633/572 497/639/626 650/646/687
f 651/608/688 682/613/689 681/607/690 652/602/691
f 652/602/691 654/597/692 653/603/693 651/608/688
f 654/597/692 655/592/694 656/599/695 653/603/693
f 655/592/694 658/593/696 657/598/697 656/599/695
f 658/593/696 659/595/698 660/600/699 657/598/697
f 659/852/698 662/849/700 661/845/701 660/848/699
f 662/849/700 663/846/702 664/839/703 661/845/701
f 663/846/702 666/847/704 665/840/705 664/839/703
f 666/383/704 667/378/706 668/384/707 665/389/705
f 667/378/706 670/373/708 669/379/709 668/384/707
f 670/373/708 671/368/710 672/375/711 669/379/709
f 671/368/710 674/369/712 673/374/713 672/375/711
f 674/369/712 675/371/714 676/376/715 673/374/713
f 675/911/714 679/908/716 680/903/717 676/907/715
f 677/904/718 681/905/690 682/901/689 678/902/719
f 678/902/719 680/903/717 679/908/716 677/904/718
f 407/614/584 651/608/688 653/603/693 579/609/583
f 579/609/583 653/603/693 656/599/695 451/604/580
f 451/604/580 656/599/695 657/598/697 580/605/578
f 580/605/578 657/598/697 660/600/699 406/606/579
f 406/844/579 660/848/699 661/845/701 583/838/639
f 583/838/639 661/845/701 664/839/703 453/836/637
f 453/836/637 664/839/703 665/840/705 584/837/636
f 584/397/636 665/389/705 668/384/707 409/390/624
f 409/390/624 668/384/707 669/379/709 587/385/623
f 587/385/623 669/379/709 672/375/711 423/380/620
f 423/380/620 672/375/711 673/374/713 588/381/619
f 588/381/619 673/374/713 676/376/715 408/382/594
f 680/903/717 469/900/592 408/906/594 676/907/715
f 678/902/719 426/899/588 469/900/592 680/903/717
f 682/901/689 470/898/586 426/899/588 678/902/719
f 651/608/688 407/614/584 470/619/586 682/613/689
f 683/1017/720 691/1019/721 692/587/722 684/588/723
f 684/588/723 686/591/724 685/1023/725 683/1017/720
f 686/591/724 688/596/726 687/1021/727 685/1023/725
f 688/596/726 712/601/728 711/1045/729 687/1021/727
f 689/1030/730 695/589/731 696/594/732 690/590/733
f 690/590/733 692/587/722 691/1019/721 689/1030/730
f 693/1025/734 699/854/735 700/851/736 694/850/737
f 694/850/737 696/853/732 695/1032/731 693/1025/734
f 697/1038/738 703/1040/739 704/367/740 698/372/741
f 698/372/741 700/377/736 699/1027/735 697/1038/738
f 701/1034/742 707/1036/743 708/363/744 702/364/745
f 702/364/745 704/367/740 703/1040/739 701/1034/742
f 705/1047/746 713/365/747 714/370/748 706/366/749
f 706/366/749 708/363/744 707/1036/743 705/1047/746
f 709/1043/750 711/913/729 712/909/728 710/910/751
f 710/910/751 714/912/748 713/1049/747 709/1043/750
f 654/597/692 686/591/724 684/588/723 655/592/694
f 652/602/691 688/596/726 686/591/724 654/597/692
f 658/593/696 692/587/722 690/590/733 659/595/698
f 655/592/694 684/588/723 692/587/722 658/593/696
f 662/849/700 696/853/732 694/850/737 663/846/702
f 659/852/698 690/855/733 696/853/732 662/849/700
f 666/383/704 700/377/736 698/372/741 667/378/706
f 663/846/702 694/850/737 700/851/736 666/847/704
f 670/373/708 704/367/740 702/364/745 671/368/710
f 667/378/706 698/372/741 704/367/740 670/373/708
f 674/369/712 708/363/744 706/366/749 675/371/714
f 671/368/710 702/364/745 708/363/744 674/369/712
f 710/910/751 677/904/718 679/908/716 714/912/748
f 714/912/748 679/908/716 675/911/714 706/914/749
f 688/596/726 652/602/691 681/607/690 712/601/728
f 712/909/728 681/905/690 677/904/718 710/910/751
f 731/584/752 733/580/753 734/585/754 732/586/755
f 732/175/755 762/173/756 761/168/757 731/172/752
f 733/580/753 735/576/758 736/582/759 734/585/754
f 735/576/758 737/577/760 738/581/761 736/582/759
f 737/577/760 739/578/762 740/583/763 738/581/761
f 739/133/762 741/126/764 742/135/765 740/139/763
f 741/126/764 743/127/766 744/134/767 742/135/765
f 743/127/766 745/132/768 746/138/769 744/134/767
f 745/132/768 747/137/770 748/140/771 746/138/769
f 747/360/770 749/356/772 750/361/773 748/362/771
f 749/356/772 751/352/774 752/358/775 750/361/773
f 751/352/774 753/353/776 754/357/777 752/358/775
f 753/353/776 755/354/778 756/359/779 754/357/777
f 755/171/778 757/163/780 758/170/781 756/174/779
f 757/163/780 759/162/782 760/169/783 758/170/781
f 759/162/782 761/168/757 762/173/756 760/169/783
f 731/584/752 572/579/549 611/575/547 733/580/753
f 733/580/753 611/575/547 571/571/548 735/576/758
f 735/576/758 571/571/548 612/572/550 737/577/760
f 737/577/760 612/572/550 573/573/551 739/578/762
f 613/154/784 757/163/780 755/171/778 574/164/556
f 575/153/785 759/162/782 757/163/780 613/154/784
f 614/161/786 761/168/757 759/162/782 575/153/785
f 572/167/549 731/172/752 761/168/757 614/161/786
f 747/360/770 577/355/554 615/351/552 749/356/772
f 749/356/772 615/351/552 576/347/553 751/352/774
f 751/352/774 576/347/553 616/348/555 753/353/776
f 753/353/776 616/348/555 574/349/556 755/354/778
f 739/133/762 573/125/551 617/114/557 741/126/764
f 741/126/764 617/114/557 578/115/558 743/127/766
f 743/127/766 578/115/558 618/124/559 745/132/768
f 745/132/768 618/124/559 577/131/554 747/137/770
f 715/1141/787 732/586/755 734/585/754 716/1142/788
f 716/1142/788 734/585/754 736/582/759 717/1144/789
f 717/1144/789 736/582/759 738/581/761 718/1146/790
f 718/1146/790 738/581/761 740/583/763 719/1148/791
f 740/862/763 742/859/765 720/856/792 719/863/791
f 720/856/792 742/859/765 744/857/767 721/1152/793
f 721/1152/793 744/857/767 746/858/769 722/1154/794
f 722/1154/794 746/858/769 748/860/771 723/861/795
f 723/1157/795 748/362/771 750/361/773 724/1159/796
f 724/1159/796 750/361/773 752/358/775 725/1161/797
f 725/1161/797 752/358/775 754/357/777 726/1163/798
f 726/1163/798 754/357/777 756/359/779 727/1165/799
f 730/1171/800 762/917/756 732/919/755 715/920/787
f 729/1169/801 760/916/783 762/917/756 730/1171/800
f 728/915/802 758/918/781 760/916/783 729/1169/801
f 727/921/799 756/922/779 758/918/781 728/915/802
f 391/145/455 575/153/785 613/154/784 396/146/456
f 396/146/456 613/154/784 574/164/556 387/155/204
f 386/165/191 572/167/549 614/161/786 397/156/457
f 397/156/457 614/161/786 575/153/785 391/145/455
f 763/945/803 764/964/804 766/966/805 765/944/806
f 764/964/804 763/945/803 771/946/807 772/970/808
f 765/944/806 766/966/805 768/977/809 767/943/810
f 767/943/810 768/977/809 780/923/811 779/952/812
f 769/958/813 770/968/814 772/970/808 771/946/807
f 770/968/814 769/958/813 789/924/815 790/991/816
f 773/950/817 774/972/818 776/925/819 775/949/820
f 774/972/818 773/950/817 779/926/812 780/979/811
f 775/927/820 776/928/819 778/985/821 777/947/822
f 777/947/822 778/985/821 788/987/823 787/956/824
f 781/955/825 782/981/826 784/983/827 783/954/828
f 782/981/826 781/955/825 787/956/824 788/987/823
f 783/954/828 784/983/827 786/993/829 785/953/830
f 785/953/830 786/993/829 794/929/831 793/962/832
f 790/930/816 789/959/815 791/961/833 792/989/834
f 792/989/834 791/961/833 793/931/832 794/932/831
f 795/1005/835 796/1020/836 798/1018/837 797/997/838
f 796/1020/836 795/1005/835 811/933/839 812/934/840
f 797/997/838 798/1018/837 800/1024/841 799/998/842
f 799/998/842 800/1024/841 802/1022/843 801/999/844
f 801/999/844 802/1022/843 804/1044/845 803/1000/846
f 803/1000/846 804/1044/845 822/935/847 821/1011/848
f 805/1010/849 806/1029/850 808/936/851 807/1001/852
f 806/1029/850 805/1010/849 819/1009/853 820/1039/854
f 807/937/852 808/1026/851 810/1033/855 809/1002/856
f 809/1002/856 810/1033/855 812/938/840 811/1004/839
f 813/1016/857 814/1037/858 816/1035/859 815/1007/860
f 814/1037/858 813/1016/857 825/939/861 826/1046/862
f 815/1007/860 816/1035/859 818/1041/863 817/1008/864
f 817/1008/864 818/1041/863 820/1039/854 819/1009/853
f 821/940/848 822/941/847 824/1048/865 823/1013/866
f 823/1013/866 824/1048/865 826/942/862 825/1014/861
f 765/944/806 767/943/810 33/1111/867 204/1109/868
f 763/945/803 765/944/806 204/1109/868 75/1107/869
f 771/946/807 763/945/803 75/1107/869 205/1105/870
f 769/958/813 771/946/807 205/1105/870 34/1113/871
f 775/927/820 777/947/822 36/1137/872 208/948/873
f 773/950/817 775/949/820 208/1134/873 45/1132/874
f 779/926/812 773/950/817 45/1132/874 209/951/875
f 767/943/810 779/952/812 209/1131/875 33/1111/867
f 783/954/828 785/953/830 35/1128/876 212/1126/877
f 781/955/825 783/954/828 212/1126/877 47/1124/878
f 787/956/824 781/955/825 47/1124/878 213/1122/879
f 777/947/822 787/956/824 213/1122/879 36/1137/872
f 34/1113/871 90/957/880 789/924/815 769/958/813
f 90/1116/880 48/1117/881 791/961/833 789/959/815
f 48/1117/881 91/960/882 793/931/832 791/961/833
f 91/1121/882 35/1128/876 785/953/830 793/962/832
f 306/969/372 314/963/375 766/966/805 764/964/804
f 314/963/375 312/965/382 768/977/809 766/966/805
f 310/992/378 308/967/376 772/970/808 770/968/814
f 308/967/376 306/969/372 764/964/804 772/970/808
f 316/978/386 322/971/389 776/925/819 774/972/818
f 322/327/389 320/973/390 778/985/821 776/974/819
f 312/965/382 318/975/385 780/976/811 768/977/809
f 318/734/385 316/978/386 774/972/818 780/979/811
f 324/986/394 330/980/397 784/983/827 782/981/826
f 330/980/397 328/982/398 786/993/829 784/983/827
f 320/973/390 326/984/393 788/987/823 778/985/821
f 326/984/393 324/986/394 782/981/826 788/987/823
f 790/988/816 792/989/834 332/996/402 334/990/380
f 770/968/814 790/991/816 334/551/380 310/992/378
f 794/929/831 786/993/829 328/982/398 336/994/401
f 792/989/834 794/995/831 336/792/401 332/996/402
f 797/997/838 581/1179/883 410/1199/884 795/1005/835
f 799/998/842 452/1177/885 581/1179/883 797/997/838
f 801/999/844 582/1175/886 452/1177/885 799/998/842
f 803/1000/846 411/1173/887 582/1175/886 801/999/844
f 807/1001/852 585/1205/888 413/1190/889 805/1010/849
f 809/1002/856 422/1203/890 585/1003/888 807/937/852
f 811/1004/839 586/1200/891 422/1203/890 809/1002/856
f 795/1005/835 410/1199/884 586/1006/891 811/933/839
f 815/1007/860 589/1196/892 412/1189/893 813/1016/857
f 817/1008/864 424/1194/894 589/1196/892 815/1007/860
f 819/1009/853 590/1192/895 424/1194/894 817/1008/864
f 805/1010/849 413/1190/889 590/1192/895 819/1009/853
f 411/1173/887 803/1000/846 821/1011/848 467/1181/896
f 467/1012/896 821/940/848 823/1013/866 425/1185/897
f 425/1185/897 823/1013/866 825/1014/861 468/1186/898
f 468/1015/898 825/939/861 813/1016/857 412/1189/893
f 683/1017/720 800/1024/841 798/1018/837 691/1019/721
f 691/1019/721 798/1018/837 796/1020/836 689/1030/730
f 687/1021/727 804/1044/845 802/1022/843 685/1023/725
f 685/1023/725 802/1022/843 800/1024/841 683/1017/720
f 693/1025/734 810/1033/855 808/1026/851 699/854/735
f 699/1027/735 808/1028/851 806/1029/850 697/1038/738
f 689/1030/730 796/1020/836 812/1031/840 695/589/731
f 695/1032/731 812/938/840 810/1033/855 693/1025/734
f 701/1034/742 818/1041/863 816/1035/859 707/1036/743
f 707/1036/743 816/1035/859 814/1037/858 705/1047/746
f 697/1038/738 806/1029/850 820/1039/854 703/1040/739
f 703/1040/739 820/1039/854 818/1041/863 701/1034/742
f 822/1042/847 711/913/729 709/1043/750 824/1048/865
f 804/1044/845 687/1021/727 711/1045/729 822/935/847
f 826/1046/862 713/365/747 705/1047/746 814/1037/858
f 824/1048/865 709/1043/750 713/1049/747 826/1050/862
f 827/1071/899 828/1106/900 832/1108/901 831/1074/902
f 828/1106/900 827/1071/899 829/1051/903 830/1052/904
f 830/1053/904 829/1104/903 857/1102/905 858/1115/906
f 831/1074/902 832/1108/901 834/1110/907 833/1076/908
f 833/1076/908 834/1110/907 836/1112/909 835/1078/910
f 835/1078/910 836/1112/909 838/1130/911 837/1080/912
f 837/1080/912 838/1130/911 840/1054/913 839/1082/914
f 839/1055/914 840/1056/913 842/1136/915 841/1085/916
f 841/1085/916 842/1136/915 844/1057/917 843/1087/918
f 843/1058/918 844/1138/917 846/1123/919 845/1089/920
f 845/1089/920 846/1123/919 848/1125/921 847/1091/922
f 847/1091/922 848/1125/921 850/1127/923 849/1093/924
f 849/1093/924 850/1127/923 852/1129/925 851/1095/926
f 851/1095/926 852/1129/925 854/1120/927 853/1097/928
f 853/1097/928 854/1120/927 856/1059/929 855/1099/930
f 855/1060/930 856/1118/929 858/1115/906 857/1102/905
f 859/1143/931 860/1183/932 862/1061/933 861/1139/934
f 860/1183/932 859/1143/931 863/1145/935 864/1174/936
f 861/1062/934 862/1184/933 890/1187/937 889/1172/938
f 864/1174/936 863/1145/935 865/1147/939 866/1176/940
f 866/1176/940 865/1147/939 867/1149/941 868/1178/942
f 868/1178/942 867/1149/941 869/1151/943 870/1180/944
f 870/1180/944 869/1151/943 871/1063/945 872/1198/946
f 872/1064/946 871/1153/945 873/1155/947 874/1202/948
f 874/1202/948 873/1155/947 875/1065/949 876/1066/950
f 876/1067/950 875/1158/949 877/1160/951 878/1206/952
f 878/1206/952 877/1160/951 879/1162/953 880/1191/954
f 880/1191/954 879/1162/953 881/1164/955 882/1193/956
f 882/1193/956 881/1164/955 883/1166/957 884/1195/958
f 884/1195/958 883/1166/957 885/1168/959 886/1197/960
f 886/1197/960 885/1168/959 887/1068/961 888/1069/962
f 888/1070/962 887/1170/961 889/1172/938 890/1187/937
f 827/1071/899 338/1073/439 353/1072/452 829/1051/903
f 338/1073/439 827/1071/899 831/1074/902 339/1075/440
f 339/1075/440 831/1074/902 833/1076/908 340/1077/441
f 340/1077/441 833/1076/908 835/1078/910 341/1079/442
f 341/1079/442 835/1078/910 837/1080/912 342/1081/443
f 342/1081/443 837/1080/912 839/1082/914 343/1083/444
f 343/1084/444 839/1055/914 841/1085/916 344/1086/445
f 344/1086/445 841/1085/916 843/1087/918 345/735/446
f 345/1088/446 843/1058/918 845/1089/920 346/1090/447
f 346/1090/447 845/1089/920 847/1091/922 347/1092/448
f 347/1092/448 847/1091/922 849/1093/924 348/1094/449
f 348/1094/449 849/1093/924 851/1095/926 349/1096/450
f 349/1096/450 851/1095/926 853/1097/928 350/1098/451
f 350/1098/451 853/1097/928 855/1099/930 351/1100/454
f 351/1101/454 855/1060/930 857/1102/905 352/1103/453
f 352/1103/453 857/1102/905 829/1104/903 353/794/452
f 34/1113/871 205/1105/870 832/1108/901 828/1106/900
f 205/1105/870 75/1107/869 834/1110/907 832/1108/901
f 75/1107/869 204/1109/868 836/1112/909 834/1110/907
f 204/1109/868 33/1111/867 838/1130/911 836/1112/909
f 34/1113/871 828/1106/900 830/1114/904 90/957/880
f 830/1053/904 858/1115/906 48/1117/881 90/1116/880
f 48/1117/881 858/1115/906 856/1118/929 91/960/882
f 856/1119/929 854/1120/927 35/1128/876 91/1121/882
f 36/1137/872 213/1122/879 848/1125/921 846/1123/919
f 213/1122/879 47/1124/878 850/1127/923 848/1125/921
f 47/1124/878 212/1126/877 852/1129/925 850/1127/923
f 212/1126/877 35/1128/876 854/1120/927 852/1129/925
f 838/1130/911 33/1111/867 209/1131/875 840/1054/913
f 209/951/875 45/1132/874 842/1136/915 840/1133/913
f 45/1132/874 208/1134/873 844/1135/917 842/1136/915
f 208/948/873 36/1137/872 846/1123/919 844/1138/917
f 859/1143/931 861/1139/934 730/1140/800 715/1141/787
f 715/1141/787 716/1142/788 863/1145/935 859/1143/931
f 716/1142/788 717/1144/789 865/1147/939 863/1145/935
f 717/1144/789 718/1146/790 867/1149/941 865/1147/939
f 718/1146/790 719/1148/791 869/1151/943 867/1149/941
f 719/1148/791 720/1150/792 871/1063/945 869/1151/943
f 720/856/792 721/1152/793 873/1155/947 871/1153/945
f 721/1152/793 722/1154/794 875/1065/949 873/1155/947
f 722/1156/794 723/1157/795 877/1160/951 875/1158/949
f 723/1157/795 724/1159/796 879/1162/953 877/1160/951
f 724/1159/796 725/1161/797 881/1164/955 879/1162/953
f 725/1161/797 726/1163/798 883/1166/957 881/1164/955
f 726/1163/798 727/1165/799 885/1168/959 883/1166/957
f 727/1165/799 728/1167/802 887/1068/961 885/1168/959
f 728/915/802 729/1169/801 889/1172/938 887/1170/961
f 729/1169/801 730/1171/800 861/1062/934 889/1172/938
f 411/1173/887 860/1183/932 864/1174/936 582/1175/886
f 582/1175/886 864/1174/936 866/1176/940 452/1177/885
f 452/1177/885 866/1176/940 868/1178/942 581/1179/883
f 581/1179/883 868/1178/942 870/1180/944 410/1199/884
f 411/1173/887 467/1181/896 862/1182/933 860/1183/932
f 862/1184/933 467/1012/896 425/1185/897 890/1187/937
f 425/1185/897 468/1186/898 888/1070/962 890/1187/937
f 888/1188/962 468/1015/898 412/1189/893 886/1197/960
f 413/1190/889 878/1206/952 880/1191/954 590/1192/895
f 590/1192/895 880/1191/954 882/1193/956 424/1194/894
f 424/1194/894 882/1193/956 884/1195/958 589/1196/892
f 589/1196/892 884/1195/958 886/1197/960 412/1189/893
f 870/1180/944 872/1198/946 586/1006/891 410/1199/884
f 586/1200/891 872/1201/946 874/1202/948 422/1203/890
f 422/1203/890 874/1202/948 876/1204/950 585/1003/888
f 585/1205/888 876/1067/950 878/1206/952 413/1190/889
g default
v -2.828475 -40.461619 81.773939
v -4.158685 -40.461619 81.773939
v -2.828475 -40.461619 83.081932
v -4.158685 -40.461619 83.081932
v -2.682240 -20.482384 81.078198
v -2.682240 -20.001587 82.516432
v -4.304919 -20.001587 82.516432
v -4.304919 -20.482384 81.078198
v -2.679089 0.357406 72.081892
v -2.679089 0.357405 73.683677
v -4.308070 0.357404 73.683670
v -4.308070 0.357406 72.081892
v -2.595684 -35.384704 81.545038
v -2.595684 -35.384711 83.310818
v -4.391475 -35.384707 83.310818
v -4.391475 -35.384707 81.545038
v -2.595684 -40.268756 81.545038
v -2.595684 -40.268756 83.310818
v -4.391475 -40.268756 83.310818
v -4.391475 -40.268756 81.545038
v -3.493576 0.357406 71.790667
v -4.599948 -20.241985 81.797330
v -4.604246 0.357406 72.882789
v -3.493576 0.357404 73.974903
v -3.493576 -19.914167 82.777934
v -2.269186 -35.384707 82.427940
v -2.651568 -24.799598 81.514086
v -2.651568 -24.799601 83.169989
v -4.335595 -24.799601 83.169989
v -3.493576 -35.384711 83.631890
v -4.717977 -35.384707 82.427940
v -4.335595 -24.799598 81.514086
v -3.493576 -35.384707 81.223966
v -2.595684 -39.707324 81.545038
v -2.595684 -39.707324 83.310818
v -4.391475 -39.707324 83.310818
v -4.391475 -39.707324 81.545038
v -3.493576 -40.480845 81.601902
v -4.362565 -40.383807 81.573470
v -3.493576 -40.268756 81.223966
v -2.624594 -40.383799 81.573470
v -3.493576 -40.268756 83.631890
v -4.362565 -40.383807 83.282409
v -3.493576 -40.480845 83.253985
v -2.624594 -40.383807 83.282409
v -4.333655 -40.480845 82.427940
v -2.653504 -40.480845 82.427940
v -4.717977 -40.268756 82.427940
v -2.269186 -40.268756 82.427940
v -2.387219 -20.241985 81.797330
v -2.382917 0.357405 72.882789
v -3.493576 -20.569801 80.816727
v -3.493576 -40.385554 81.261895
v -3.493576 -40.385554 83.593961
v -3.493576 -40.514605 82.427940
v -4.679441 -40.385554 82.427940
v -2.307719 -40.385554 82.427940
v -2.345380 -24.799601 82.342014
v -3.493576 -24.799601 83.471062
v -4.641783 -24.799601 82.342014
v -3.493576 -24.799598 81.213005
v -2.269186 -39.707324 82.427940
v -3.493576 -39.707324 83.631890
v -4.717977 -39.707324 82.427940
v -3.493576 -39.707324 81.223966
v -3.049309 0.357405 73.902092
v -3.937854 0.357404 73.902092
v -3.936135 -19.936020 82.712553
v -3.051025 -19.936020 82.712553
v -2.350814 -35.384707 82.909522
v -2.345380 -30.625720 82.427940
v -2.421928 -24.799601 82.793648
v -2.651568 -30.625724 83.255891
v -2.350814 -35.384707 81.946358
v -2.651568 -30.625724 81.599957
v -2.421928 -24.799598 81.890420
v -2.651568 -22.995654 81.265427
v -2.345380 -22.913749 82.084324
v -2.651568 -22.831847 82.903213
v -3.493576 -22.802062 83.200988
v -3.034292 -24.799601 83.395786
v -4.335595 -22.831847 82.903213
v -3.952864 -24.799601 83.395786
v -4.335595 -30.625724 83.255891
v -3.983341 -35.384711 83.551620
v -3.493576 -30.625724 83.556964
v -3.003822 -35.384715 83.551620
v -4.636350 -35.384707 81.946358
v -4.641783 -30.625720 82.427940
v -4.565235 -24.799598 81.890420
v -4.335595 -30.625724 81.599957
v -4.636350 -35.384707 82.909522
v -4.565235 -24.799598 82.793648
v -4.641783 -22.913749 82.084324
v -4.335595 -22.995654 81.265427
v -3.003822 -35.384707 81.304259
v -3.493576 -30.625720 81.298915
v -3.034292 -24.799598 81.288250
v -3.983341 -35.384707 81.304259
v -3.952864 -24.799598 81.288250
v -3.493576 -23.025435 80.967644
v -2.269186 -40.220736 82.427940
v -2.350814 -39.707324 82.909522
v -2.595684 -40.220736 83.310818
v -2.595684 -40.220736 81.545046
v -2.350814 -39.707316 81.946358
v -2.595684 -38.253611 81.545046
v -2.269186 -38.253611 82.427940
v -2.595684 -38.253611 83.310818
v -3.493576 -38.253611 83.631890
v -3.003822 -39.707324 83.551620
v -4.391475 -38.253611 83.310818
v -3.983341 -39.707324 83.551620
v -4.391475 -40.220736 83.310818
v -3.493576 -40.220744 83.631890
v -4.717977 -40.220736 82.427940
v -4.636350 -39.707324 81.946358
v -4.391475 -40.220736 81.545046
v -4.636350 -39.707324 82.909522
v -4.717977 -38.253611 82.427940
v -4.391475 -38.253611 81.545046
v -3.493576 -40.220736 81.223966
v -3.003822 -39.707324 81.304259
v -3.983341 -39.707324 81.304259
v -3.493576 -38.253611 81.223966
v -3.099051 -40.474490 81.658727
v -3.493576 -40.438868 81.375584
v -3.019686 -40.384677 81.339894
v -2.711329 -40.431887 81.658727
v -3.888112 -40.474490 81.658727
v -4.275846 -40.431887 81.658727
v -3.967460 -40.384677 81.339894
v -4.391475 -40.326274 81.545046
v -3.983341 -40.268756 81.304259
v -3.493576 -40.326274 81.223966
v -3.003822 -40.268756 81.304259
v -2.595684 -40.326274 81.545046
v -3.003822 -40.268756 83.551620
v -3.493576 -40.326274 83.631890
v -3.019686 -40.384677 83.515954
v -2.595684 -40.326274 83.310818
v -3.983341 -40.268756 83.551620
v -4.391475 -40.326274 83.310818
v -3.967460 -40.384677 83.515954
v -4.275846 -40.431887 83.197130
v -3.888112 -40.474490 83.197130
v -3.493576 -40.438868 83.480280
v -3.099051 -40.474490 83.197130
v -2.711329 -40.431887 83.197130
v -3.493576 -40.506137 82.878305
v -3.035567 -40.506137 82.427940
v -2.711329 -40.474498 82.815880
v -4.275846 -40.474498 82.815880
v -3.951596 -40.506137 82.427940
v -4.275846 -40.474498 82.039992
v -3.493576 -40.506137 81.977543
v -2.711329 -40.474498 82.039992
v -4.563792 -40.438868 82.427940
v -4.600069 -40.384677 81.961970
v -4.600069 -40.384677 82.893909
v -4.636350 -40.268756 82.909522
v -4.717977 -40.326274 82.427940
v -4.636350 -40.268756 81.946358
v -2.423363 -40.438868 82.427940
v -2.387082 -40.384677 82.893909
v -2.387082 -40.384677 81.961970
v -2.350814 -40.268756 81.946358
v -2.269186 -40.326274 82.427940
v -2.350814 -40.268756 82.909522
v -2.368468 25.678071 61.749609
v -2.668487 26.327130 61.749609
v -2.668487 25.029016 61.749609
v -4.318665 26.327127 61.749609
v -3.493576 26.563146 61.749609
v -4.618707 25.678071 61.749609
v -4.318665 25.029016 61.749609
v -3.493576 24.792997 61.749609
v -2.460970 -20.110859 82.189541
v -2.460970 -20.373112 81.405089
v -2.456960 0.357405 72.445912
v -2.456960 0.357405 73.319634
v -3.051025 -20.547947 80.882077
v -3.936135 -20.547947 80.882077
v -3.937854 0.357405 71.863454
v -3.049309 0.357406 71.863454
v -4.526193 -20.373112 81.405089
v -4.526193 -20.110859 82.189541
v -4.530199 0.357405 73.319634
v -4.530199 0.357406 72.445912
v -3.067306 -40.435374 81.446947
v -3.919858 -40.435374 81.446947
v -3.983341 -40.326274 81.304259
v -3.003822 -40.326274 81.304259
v -3.003822 -40.326274 83.551620
v -3.983341 -40.326274 83.551620
v -3.919858 -40.435382 83.408909
v -3.067306 -40.435374 83.408909
v -3.067306 -40.498164 82.847065
v -3.919858 -40.498164 82.847065
v -3.919858 -40.498164 82.008783
v -3.067306 -40.498164 82.008783
v -4.491239 -40.435374 82.008783
v -4.491239 -40.435374 82.847065
v -4.636350 -40.326274 82.909522
v -4.636350 -40.326274 81.946358
v -2.495921 -40.435374 82.847065
v -2.495921 -40.435374 82.008791
v -2.350814 -40.326274 81.946358
v -2.350814 -40.326274 82.909522
v -2.443468 26.032102 61.749609
v -2.443468 25.324041 61.749609
v -3.943630 26.504140 61.749609
v -3.043526 26.504140 61.749609
v -4.543692 25.324041 61.749609
v -4.543692 26.032102 61.749609
v -3.043526 24.852002 61.749609
v -3.943630 24.852002 61.749609
v -2.421928 -30.625724 82.879550
v -2.421928 -30.625720 81.976322
v -2.421928 -22.958426 81.637638
v -2.421928 -22.869075 82.530986
v -3.034292 -22.809508 83.126552
v -3.952864 -22.809508 83.126552
v -3.952864 -30.625720 83.481696
v -3.034292 -30.625724 83.481696
v -4.565235 -30.625720 81.976322
v -4.565235 -30.625720 82.879550
v -4.565235 -22.869075 82.530986
v -4.565235 -22.958426 81.637638
v -3.034292 -30.625720 81.374183
v -3.952864 -30.625720 81.374183
v -3.952864 -23.017993 81.042065
v -3.034292 -23.017993 81.042065
v -2.350814 -40.220736 82.909522
v -2.350814 -40.220736 81.946358
v -2.350814 -38.253611 81.946358
v -2.350814 -38.253611 82.909522
v -3.003822 -38.253611 83.551620
v -3.983341 -38.253611 83.551620
v -3.983341 -40.220736 83.551620
v -3.003822 -40.220736 83.551620
v -4.636350 -40.220736 81.946358
v -4.636350 -40.220736 82.909522
v -4.636350 -38.253611 82.909522
v -4.636350 -38.253611 81.946358
v -3.003822 -40.220736 81.304259
v -3.983341 -40.220736 81.304259
v -3.983341 -38.253611 81.304259
v -3.003822 -38.253611 81.304259
v -2.555725 -18.393459 81.520426
v -2.547942 -17.232067 80.380348
v -2.413574 -18.562458 81.200124
v -2.410532 -17.397272 80.058513
v -2.429948 -17.593164 79.721003
v -2.427144 -18.770229 80.863151
v -2.581803 -18.979233 80.561035
v -2.591161 -17.787922 79.422380
v -2.879326 -17.950798 79.219694
v -2.863849 -19.152511 80.345864
v -3.260420 -19.252209 80.270448
v -3.279455 -18.049068 79.165849
v -3.720383 -18.081371 79.237298
v -3.700883 -19.281216 80.318895
v -4.113940 -19.244114 80.475452
v -4.130906 -18.046926 79.411467
v -4.439968 -17.944504 79.664225
v -4.428284 -19.143700 80.723575
v -4.572652 -18.977651 81.045876
v -4.576845 -17.773659 79.973085
v -4.557106 -17.571468 80.295698
v -4.560447 -18.780060 81.387983
v -4.405402 -18.581203 81.694992
v -4.395885 -17.371612 80.581914
v -4.108060 -17.208414 80.783293
v -4.121435 -18.413105 81.912216
v -3.267876 -17.088482 80.790364
v -3.281305 -18.266819 81.931422
v -3.708417 -17.114735 80.847508
v -3.722823 -18.307403 81.985058
v -2.857369 -17.128269 80.629303
v -2.868517 -18.294781 81.770205
v -2.348453 -13.492285 74.326111
v -2.283247 -14.292610 75.187465
v -2.424799 -13.341255 74.711398
v -2.354104 -14.135285 75.611428
v -2.653815 -13.202646 75.028317
v -2.587762 -13.995705 75.949171
v -2.653815 -13.811612 73.635176
v -2.623774 -14.602434 74.475255
v -2.424799 -13.673409 73.951512
v -2.373843 -14.466182 74.807482
v -3.493576 -13.920381 73.381577
v -3.517228 -14.706754 74.216608
v -3.035525 -13.893826 73.445193
v -3.031745 -14.682422 74.278605
v -4.333347 -13.807719 73.633799
v -4.398402 -14.590841 74.494189
v -3.951634 -13.891744 73.444462
v -3.999657 -14.676129 74.288889
v -4.638711 -13.487279 74.324360
v -4.704131 -14.276753 75.211983
v -4.562364 -13.668641 73.949855
v -4.632709 -14.451209 74.831371
v -4.333347 -13.198977 75.027127
v -4.363409 -13.983458 75.967739
v -4.562364 -13.336561 74.709803
v -4.613702 -14.119902 75.635216
v -3.493576 -13.090106 75.281581
v -3.468820 -13.878947 76.226270
v -3.035525 -13.118828 75.218448
v -2.986207 -13.909968 76.154261
v -3.951634 -13.116807 75.217748
v -3.954832 -13.903275 76.164451
v -2.696130 19.440248 69.922627
v -2.478654 19.338308 69.548261
v -2.406152 19.200246 69.131438
v -2.478654 19.036443 68.767745
v -2.696130 18.886762 68.491992
v -3.058602 18.799184 68.321970
v -3.493576 18.773217 68.258580
v -3.928554 18.799184 68.321962
v -4.291030 18.886766 68.491992
v -4.508520 19.036447 68.767737
v -4.581011 19.200242 69.131438
v -4.508520 19.338308 69.548269
v -4.291030 19.440248 69.922627
v -3.928554 19.503652 70.142590
v -3.493576 19.528005 70.209294
v -3.058602 19.503652 70.142590
v -2.604913 26.409089 64.231752
v -2.604913 26.028798 65.176515
v -2.366856 26.106969 64.140098
v -2.366856 25.729432 65.086222
v -2.287510 25.744527 64.042955
v -2.287510 25.361005 64.987251
v -2.366856 25.381860 63.941079
v -2.366856 24.996328 64.884154
v -2.604913 25.078836 63.837029
v -2.604913 24.706498 64.783538
v -3.001681 24.896924 63.776331
v -3.001681 24.531083 64.724761
v -3.477807 24.836343 63.758124
v -3.477807 24.471097 64.706780
v -3.953937 24.896917 63.776163
v -3.953937 24.530969 64.724886
v -4.350702 25.078820 63.836617
v -4.350702 24.706205 64.783838
v -4.588767 25.381852 63.940764
v -4.588767 24.996099 64.884391
v -4.668129 25.744527 64.042955
v -4.668129 25.361005 64.987251
v -4.588767 26.106969 64.140351
v -4.588767 25.729604 65.086043
v -4.350702 26.409093 64.232285
v -4.350702 26.029172 65.176134
v -3.953937 26.590295 64.287208
v -3.953937 26.209088 65.230049
v -3.477807 26.650685 64.305383
v -3.477807 26.269052 65.248061
v -3.001681 26.590295 64.286928
v -3.001681 26.208890 65.230247
v -2.688467 26.340974 57.666677
v -4.298685 26.340970 57.666677
v -2.688479 25.074304 57.666677
v -4.298685 25.074304 57.666677
v -2.395103 25.707097 57.666677
v -3.493576 26.571210 57.666677
v -4.592061 25.707097 57.666677
v -3.493576 24.842984 57.666677
v -2.468543 26.052766 57.666677
v -2.468543 25.361970 57.666677
v -3.932650 26.513707 57.666677
v -3.054498 26.513707 57.666677
v -4.518617 25.361970 57.666677
v -4.518617 26.052766 57.666677
v -3.054498 24.901025 57.666677
v -3.932650 24.901025 57.666677
v -2.828475 -40.461619 31.134377
v -4.158685 -40.461619 31.134377
v -2.828475 -40.461619 29.826391
v -4.158685 -40.461619 29.826391
v -2.682240 -20.482384 31.830111
v -2.682240 -20.001587 30.391892
v -4.304919 -20.001587 30.391892
v -4.304919 -20.482384 31.830111
v -2.679089 0.357406 40.826412
v -2.679089 0.357405 39.224654
v -4.308070 0.357404 39.224658
v -4.308070 0.357406 40.826412
v -2.595684 -35.384704 31.363277
v -2.595684 -35.384711 29.597498
v -4.391475 -35.384707 29.597498
v -4.391475 -35.384707 31.363277
v -2.595684 -40.268756 31.363277
v -2.595684 -40.268756 29.597498
v -4.391475 -40.268756 29.597498
v -4.391475 -40.268756 31.363277
v -3.493576 0.357406 41.117649
v -4.599948 -20.241985 31.110986
v -4.604246 0.357406 40.025523
v -3.493576 0.357404 38.933421
v -3.493576 -19.914167 30.130397
v -2.269186 -35.384707 30.480392
v -2.651568 -24.799598 31.394245
v -2.651568 -24.799601 29.738342
v -4.335595 -24.799601 29.738342
v -3.493576 -35.384711 29.276426
v -4.717977 -35.384707 30.480392
v -4.335595 -24.799598 31.394245
v -3.493576 -35.384707 31.684327
v -2.595684 -39.707324 31.363277
v -2.595684 -39.707324 29.597498
v -4.391475 -39.707324 29.597498
v -4.391475 -39.707324 31.363277
v -3.493576 -40.480845 31.306430
v -4.362565 -40.383807 31.334861
v -3.493576 -40.268756 31.684327
v -2.624594 -40.383799 31.334861
v -3.493576 -40.268756 29.276426
v -4.362565 -40.383807 29.625922
v -3.493576 -40.480845 29.654346
v -2.624594 -40.383807 29.625922
v -4.333655 -40.480845 30.480392
v -2.653504 -40.480845 30.480392
v -4.717977 -40.268756 30.480392
v -2.269186 -40.268756 30.480392
v -2.387219 -20.241985 31.110986
v -2.382917 0.357405 40.025523
v -3.493576 -20.569801 32.091605
v -3.493576 -40.385554 31.646420
v -3.493576 -40.385554 29.314328
v -3.493576 -40.514605 30.480392
v -4.679441 -40.385554 30.480392
v -2.307719 -40.385554 30.480392
v -2.345380 -24.799601 30.566294
v -3.493576 -24.799601 29.437269
v -4.641783 -24.799601 30.566294
v -3.493576 -24.799598 31.695326
v -2.269186 -39.707324 30.480392
v -3.493576 -39.707324 29.276426
v -4.717977 -39.707324 30.480392
v -3.493576 -39.707324 31.684327
v -3.049309 0.357405 39.006235
v -3.937854 0.357404 39.006235
v -3.936135 -19.936020 30.195751
v -3.051025 -19.936020 30.195751
v -2.350814 -35.384707 29.998802
v -2.345380 -30.625720 30.480392
v -2.421928 -24.799601 30.114684
v -2.651568 -30.625724 29.652425
v -2.350814 -35.384707 30.961974
v -2.651568 -30.625724 31.308328
v -2.421928 -24.799598 31.017896
v -2.651568 -22.995654 31.642904
v -2.345380 -22.913749 30.824008
v -2.651568 -22.831847 30.005119
v -3.493576 -22.802062 29.707344
v -3.034292 -24.799601 29.512537
v -4.335595 -22.831847 30.005119
v -3.952864 -24.799601 29.512537
v -4.335595 -30.625724 29.652425
v -3.983341 -35.384711 29.356711
v -3.493576 -30.625724 29.351367
v -3.003822 -35.384715 29.356711
v -4.636350 -35.384707 30.961974
v -4.641783 -30.625720 30.480392
v -4.565235 -24.799598 31.017896
v -4.335595 -30.625724 31.308328
v -4.636350 -35.384707 29.998802
v -4.565235 -24.799598 30.114684
v -4.641783 -22.913749 30.824008
v -4.335595 -22.995654 31.642904
v -3.003822 -35.384707 31.604072
v -3.493576 -30.625720 31.609416
v -3.034292 -24.799598 31.620054
v -3.983341 -35.384707 31.604072
v -3.952864 -24.799598 31.620054
v -3.493576 -23.025435 31.940687
v -2.269186 -40.220736 30.480392
v -2.350814 -39.707324 29.998802
v -2.595684 -40.220736 29.597498
v -2.595684 -40.220736 31.363277
v -2.350814 -39.707316 30.961974
v -2.595684 -38.253611 31.363277
v -2.269186 -38.253611 30.480392
v -2.595684 -38.253611 29.597498
v -3.493576 -38.253611 29.276426
v -3.003822 -39.707324 29.356711
v -4.391475 -38.253611 29.597498
v -3.983341 -39.707324 29.356711
v -4.391475 -40.220736 29.597498
v -3.493576 -40.220744 29.276426
v -4.717977 -40.220736 30.480392
v -4.636350 -39.707324 30.961974
v -4.391475 -40.220736 31.363277
v -4.636350 -39.707324 29.998802
v -4.717977 -38.253611 30.480392
v -4.391475 -38.253611 31.363277
v -3.493576 -40.220736 31.684327
v -3.003822 -39.707324 31.604072
v -3.983341 -39.707324 31.604072
v -3.493576 -38.253611 31.684327
v -3.099051 -40.474490 31.249570
v -3.493576 -40.438868 31.532732
v -3.019686 -40.384677 31.568391
v -2.711329 -40.431887 31.249570
v -3.888112 -40.474490 31.249570
v -4.275846 -40.431887 31.249570
v -3.967460 -40.384677 31.568391
v -4.391475 -40.326274 31.363277
v -3.983341 -40.268756 31.604072
v -3.493576 -40.326274 31.684327
v -3.003822 -40.268756 31.604072
v -2.595684 -40.326274 31.363277
v -3.003822 -40.268756 29.356711
v -3.493576 -40.326274 29.276426
v -3.019686 -40.384677 29.392362
v -2.595684 -40.326274 29.597498
v -3.983341 -40.268756 29.356711
v -4.391475 -40.326274 29.597498
v -3.967460 -40.384677 29.392362
v -4.275846 -40.431887 29.711182
v -3.888112 -40.474490 29.711182
v -3.493576 -40.438868 29.428043
v -3.099051 -40.474490 29.711182
v -2.711329 -40.431887 29.711182
v -3.493576 -40.506137 30.030011
v -3.035567 -40.506137 30.480392
v -2.711329 -40.474498 30.092444
v -4.275846 -40.474498 30.092444
v -3.951596 -40.506137 30.480392
v -4.275846 -40.474498 30.868332
v -3.493576 -40.506137 30.930738
v -2.711329 -40.474498 30.868332
v -4.563792 -40.438868 30.480392
v -4.600069 -40.384677 30.946361
v -4.600069 -40.384677 30.014414
v -4.636350 -40.268756 29.998802
v -4.717977 -40.326274 30.480392
v -4.636350 -40.268756 30.961974
v -2.423363 -40.438868 30.480392
v -2.387082 -40.384677 30.014414
v -2.387082 -40.384677 30.946361
v -2.350814 -40.268756 30.961974
v -2.269186 -40.326274 30.480392
v -2.350814 -40.268756 29.998802
v -2.368468 25.678071 51.586867
v -2.668487 26.327130 51.586867
v -2.668487 25.029016 51.586867
v -4.318665 26.327127 51.586867
v -3.493576 26.563146 51.586867
v -4.618707 25.678071 51.586867
v -4.318665 25.029016 51.586867
v -3.493576 24.792997 51.586867
v -2.460970 -20.110859 30.718763
v -2.460970 -20.373112 31.503235
v -2.456960 0.357405 40.462388
v -2.456960 0.357405 39.588693
v -3.051025 -20.547947 32.026227
v -3.936135 -20.547947 32.026227
v -3.937854 0.357405 41.044854
v -3.049309 0.357406 41.044854
v -4.526193 -20.373112 31.503235
v -4.526193 -20.110859 30.718763
v -4.530199 0.357405 39.588693
v -4.530199 0.357406 40.462388
v -3.067306 -40.435374 31.461369
v -3.919858 -40.435374 31.461369
v -3.983341 -40.326274 31.604072
v -3.003822 -40.326274 31.604072
v -3.003822 -40.326274 29.356711
v -3.983341 -40.326274 29.356711
v -3.919858 -40.435382 29.499399
v -3.067306 -40.435374 29.499399
v -3.067306 -40.498164 30.061239
v -3.919858 -40.498164 30.061239
v -3.919858 -40.498164 30.899533
v -3.067306 -40.498164 30.899533
v -4.491239 -40.435374 30.899533
v -4.491239 -40.435374 30.061239
v -4.636350 -40.326274 29.998802
v -4.636350 -40.326274 30.961974
v -2.495921 -40.435374 30.061239
v -2.495921 -40.435374 30.899525
v -2.350814 -40.326274 30.961974
v -2.350814 -40.326274 29.998802
v -2.443468 26.032102 51.586867
v -2.443468 25.324041 51.586867
v -3.943630 26.504140 51.586867
v -3.043526 26.504140 51.586867
v -4.543692 25.324041 51.586867
v -4.543692 26.032102 51.586867
v -3.043526 24.852002 51.586867
v -3.943630 24.852002 51.586867
v -2.421928 -30.625724 30.028774
v -2.421928 -30.625720 30.932002
v -2.421928 -22.958426 31.270678
v -2.421928 -22.869075 30.377345
v -3.034292 -22.809508 29.781780
v -3.952864 -22.809508 29.781780
v -3.952864 -30.625720 29.426628
v -3.034292 -30.625724 29.426628
v -4.565235 -30.625720 30.932002
v -4.565235 -30.625720 30.028774
v -4.565235 -22.869075 30.377345
v -4.565235 -22.958426 31.270678
v -3.034292 -30.625720 31.534148
v -3.952864 -30.625720 31.534148
v -3.952864 -23.017993 31.866243
v -3.034292 -23.017993 31.866243
v -2.350814 -40.220736 29.998802
v -2.350814 -40.220736 30.961974
v -2.350814 -38.253611 30.961974
v -2.350814 -38.253611 29.998802
v -3.003822 -38.253611 29.356711
v -3.983341 -38.253611 29.356711
v -3.983341 -40.220736 29.356711
v -3.003822 -40.220736 29.356711
v -4.636350 -40.220736 30.961974
v -4.636350 -40.220736 29.998802
v -4.636350 -38.253611 29.998802
v -4.636350 -38.253611 30.961974
v -3.003822 -40.220736 31.604072
v -3.983341 -40.220736 31.604072
v -3.983341 -38.253611 31.604072
v -3.003822 -38.253611 31.604072
v -2.555725 -18.393459 31.387898
v -2.547942 -17.232067 32.527984
v -2.413574 -18.562458 31.708161
v -2.410532 -17.397272 32.849795
v -2.429948 -17.593164 33.187317
v -2.427144 -18.770229 32.045173
v -2.581803 -18.979233 32.347288
v -2.591161 -17.787922 33.485936
v -2.879326 -17.950798 33.688610
v -2.863849 -19.152511 32.562471
v -3.260420 -19.252209 32.637868
v -3.279455 -18.049068 33.742459
v -3.720383 -18.081371 33.671034
v -3.700883 -19.281216 32.589425
v -4.113940 -19.244114 32.432879
v -4.130906 -18.046926 33.496849
v -4.439968 -17.944504 33.244091
v -4.428284 -19.143700 32.184749
v -4.572652 -18.977651 31.862455
v -4.576845 -17.773659 32.935227
v -4.557106 -17.571468 32.612618
v -4.560447 -18.780060 31.520325
v -4.405402 -18.581203 31.213332
v -4.395885 -17.371612 32.326371
v -4.108060 -17.208414 32.125023
v -4.121435 -18.413105 30.996115
v -3.267876 -17.088482 32.117921
v -3.281305 -18.266819 30.976909
v -3.708417 -17.114735 32.060801
v -3.722823 -18.307403 30.923274
v -2.857369 -17.128269 32.279021
v -2.868517 -18.294781 31.138126
v -2.348453 -13.492285 38.582221
v -2.283247 -14.292610 37.720851
v -2.424799 -13.341255 38.196918
v -2.354104 -14.135285 37.296899
v -2.653815 -13.202646 37.879984
v -2.587762 -13.995705 36.959133
v -2.653815 -13.811612 39.273136
v -2.623774 -14.602434 38.433046
v -2.424799 -13.673409 38.956804
v -2.373843 -14.466182 38.100837
v -3.493576 -13.920381 39.526750
v -3.517228 -14.706754 38.691728
v -3.035525 -13.893826 39.463123
v -3.031745 -14.682422 38.629719
v -4.333347 -13.807719 39.274517
v -4.398402 -14.590841 38.414123
v -3.951634 -13.891744 39.463878
v -3.999657 -14.676129 38.619439
v -4.638711 -13.487279 38.583940
v -4.704131 -14.276753 37.696344
v -4.562364 -13.668641 38.958461
v -4.632709 -14.451209 38.076960
v -4.333347 -13.198977 37.881205
v -4.363409 -13.983458 36.940561
v -4.562364 -13.336561 38.198513
v -4.613702 -14.119902 37.273119
v -3.493576 -13.090106 37.626735
v -3.468820 -13.878947 36.682023
v -3.035525 -13.118828 37.689868
v -2.986207 -13.909968 36.754051
v -3.951634 -13.116807 37.690553
v -3.954832 -13.903275 36.743876
v -2.761607 19.446107 43.055528
v -2.561987 19.336370 43.394325
v -2.495438 19.191663 43.770511
v -2.561987 19.025666 44.096865
v -2.761607 18.876443 44.343179
v -3.094318 18.788751 44.495264
v -3.493577 18.762189 44.552224
v -3.892839 18.788751 44.495264
v -4.225553 18.876443 44.343179
v -4.425186 19.025670 44.096865
v -4.491725 19.191659 43.770511
v -4.425186 19.336366 43.394317
v -4.225553 19.446111 43.055528
v -3.892839 19.513803 42.856614
v -3.493577 19.539029 42.796534
v -3.094318 19.513803 42.856614
v -2.604913 26.409089 49.104712
v -2.604913 26.028798 48.159954
v -2.366856 26.106969 49.196390
v -2.366856 25.729432 48.250243
v -2.287510 25.744527 49.293513
v -2.287510 25.361005 48.349221
v -2.366856 25.381860 49.395385
v -2.366856 24.996328 48.452326
v -2.604913 25.078836 49.499451
v -2.604913 24.706498 48.552942
v -3.001681 24.896924 49.560130
v -3.001681 24.531083 48.611711
v -3.477807 24.836343 49.578340
v -3.477807 24.471097 48.629700
v -3.953937 24.896917 49.560313
v -3.953937 24.530969 48.611587
v -4.350702 25.078820 49.499856
v -4.350702 24.706205 48.552623
v -4.588767 25.381852 49.395708
v -4.588767 24.996099 48.452081
v -4.668129 25.744527 49.293513
v -4.668129 25.361005 48.349221
v -4.588767 26.106969 49.196130
v -4.588767 25.729604 48.250426
v -4.350702 26.409093 49.104195
v -4.350702 26.029172 48.160327
v -3.953937 26.590295 49.049265
v -3.953937 26.209088 48.106423
v -3.477807 26.650685 49.031082
v -3.477807 26.269052 48.088419
v -3.001681 26.590295 49.049541
v -3.001681 26.208890 48.106233
v -2.282812 -11.893771 73.405412
v -2.303418 -12.784796 73.745457
v -2.363455 -11.902848 72.929516
v -2.379509 -12.785226 73.254183
v -2.605538 -11.916638 72.533175
v -2.616532 -12.780218 72.844828
v -2.605610 -11.904526 74.279010
v -2.626049 -12.765083 74.634558
v -2.363524 -11.893664 73.881626
v -2.386046 -12.778983 74.231263
v -3.493576 -11.929000 72.216047
v -3.493576 -12.771829 72.515307
v -3.978000 -11.926267 72.295375
v -3.972498 -12.773782 72.597615
v -4.381614 -11.916562 72.533175
v -4.370590 -12.780075 72.845147
v -3.009159 -11.926296 72.295375
v -3.014654 -12.773859 72.597491
v -4.704350 -11.893540 73.405396
v -4.683648 -12.784555 73.746142
v -4.623629 -11.893402 73.881618
v -4.601000 -12.778693 74.231994
v -4.381540 -11.904326 74.279002
v -4.361022 -12.764766 74.635227
v -4.623700 -11.902697 72.929516
v -4.607584 -12.785038 73.254673
v -3.009188 -11.917142 74.517743
v -3.021249 -12.749317 74.872273
v -3.493576 -11.921440 74.597367
v -3.493576 -12.743294 74.951485
v -3.977970 -11.917048 74.517735
v -3.965880 -12.749086 74.872669
v -2.605538 -11.916638 40.375137
v -2.616532 -12.780218 40.063500
v -2.363455 -11.902848 39.978776
v -2.379509 -12.785226 39.654145
v -2.282812 -11.893771 39.502916
v -2.303418 -12.784796 39.162843
v -2.363524 -11.893664 39.026701
v -2.386046 -12.778983 38.677065
v -2.605610 -11.904527 38.629306
v -2.626049 -12.765083 38.273758
v -4.381614 -11.916562 40.375141
v -4.370590 -12.780075 40.063173
v -3.978000 -11.926267 40.612948
v -3.972498 -12.773783 40.310677
v -3.493576 -11.929000 40.692254
v -3.493576 -12.771829 40.393005
v -3.009159 -11.926296 40.612948
v -3.014654 -12.773859 40.310825
v -4.381540 -11.904326 38.629318
v -4.361022 -12.764766 38.273100
v -4.623629 -11.893402 39.026713
v -4.601000 -12.778693 38.676330
v -4.704350 -11.893540 39.502931
v -4.683648 -12.784555 39.162194
v -4.623700 -11.902697 39.978784
v -4.607584 -12.785038 39.653659
v -3.009188 -11.917141 38.390565
v -3.021249 -12.749315 38.036043
v -3.493576 -11.921440 38.310960
v -3.493576 -12.743293 37.956847
v -3.977970 -11.917049 38.390565
v -3.965880 -12.749086 38.035662
v -2.641661 15.837537 72.338291
v -2.637349 15.029061 72.617148
v -3.028847 15.866593 72.563599
v -3.026533 15.064389 72.838496
v -2.409436 15.796075 71.963428
v -2.403860 14.983934 72.246843
v -2.332050 15.722131 71.521176
v -2.326016 14.915748 71.804257
v -2.409527 15.609038 71.088663
v -2.403866 14.807519 71.365972
v -2.641931 15.503356 70.728743
v -2.637367 14.701989 71.002450
v -3.029079 15.446580 70.511627
v -3.026550 14.644990 70.783623
v -3.493576 15.433313 70.438070
v -3.493576 14.631768 70.710019
v -3.958075 15.446691 70.511549
v -3.960606 14.644862 70.783631
v -4.345229 15.503308 70.728774
v -4.349792 14.702054 71.002450
v -4.577648 15.609042 71.088663
v -4.583308 14.807523 71.365972
v -4.655113 15.722135 71.521168
v -4.661148 14.915750 71.804257
v -4.577739 15.796069 71.963436
v -4.583314 14.983928 72.246843
v -4.345497 15.837541 72.338291
v -4.349811 15.029067 72.617148
v -3.958309 15.866595 72.563599
v -3.960624 15.064389 72.838496
v -3.493576 15.882110 72.637436
v -3.493576 15.081453 72.911656
v -2.647642 15.835252 40.574548
v -2.637350 15.028466 40.291137
v -3.032044 15.863771 40.350443
v -3.026534 15.063588 40.069766
v -2.417227 15.794683 40.947288
v -2.403862 14.983567 40.661461
v -2.340544 15.721948 41.386973
v -2.326016 14.915704 41.104059
v -2.417557 15.610170 41.816926
v -2.403865 14.807832 41.542352
v -2.648403 15.505555 42.174525
v -2.637365 14.702691 41.905920
v -3.032671 15.449681 42.390334
v -3.026548 14.645707 42.124755
v -3.493576 15.436553 42.463311
v -3.493576 14.632697 42.198359
v -3.954486 15.449609 42.390291
v -3.960607 14.645799 42.124771
v -4.338753 15.505677 42.174595
v -4.349793 14.702554 41.905909
v -4.569618 15.610173 41.816926
v -4.583309 14.807836 41.542352
v -4.646619 15.721954 41.386977
v -4.661148 14.915706 41.104059
v -4.569948 15.794677 40.947288
v -4.583313 14.983562 40.661461
v -4.339516 15.835256 40.574548
v -4.349809 15.028474 40.291137
v -3.955112 15.863771 40.350443
v -3.960622 15.063588 40.069766
v -3.493576 15.879110 40.276987
v -3.493576 15.080571 39.996582
vt 0.138278 0.016046
vt 0.138964 0.014427
vt 0.140249 0.014627
vt 0.138976 0.016759
vt 0.136683 0.016738
vt 0.136871 0.014610
vt 0.139305 0.012072
vt 0.140677 0.012074
vt 0.140946 0.014937
vt 0.139523 0.017316
vt 0.136875 0.018045
vt 0.134366 0.017076
vt 0.134370 0.014794
vt 0.137061 0.012067
vt 0.138973 0.009715
vt 0.140258 0.009519
vt 0.141430 0.012076
vt 0.137178 0.018753
vt 0.134363 0.018471
vt 0.132049 0.016730
vt 0.131870 0.014601
vt 0.134375 0.012062
vt 0.136880 0.009524
vt 0.138293 0.008093
vt 0.138994 0.007383
vt 0.140957 0.009212
vt 0.134362 0.019234
vt 0.131853 0.018035
vt 0.130457 0.016032
vt 0.129777 0.014410
vt 0.131689 0.012057
vt 0.134380 0.009331
vt 0.136701 0.007395
vt 0.136897 0.006090
vt 0.139543 0.006828
vt 0.131547 0.018743
vt 0.129756 0.016742
vt 0.128492 0.014605
vt 0.129445 0.012053
vt 0.131879 0.009515
vt 0.134384 0.007049
vt 0.134387 0.005654
vt 0.137203 0.005382
vt 0.129207 0.017297
vt 0.127793 0.014913
vt 0.128073 0.012051
vt 0.129786 0.009698
vt 0.132067 0.007387
vt 0.131875 0.006080
vt 0.134388 0.004891
vt 0.127320 0.012049
vt 0.128501 0.009498
vt 0.130472 0.008079
vt 0.129774 0.007366
vt 0.131572 0.005372
vt 0.127804 0.009188
vt 0.129227 0.006809
vt 0.923987 0.083871
vt 0.921286 0.083871
vt 0.921298 0.059476
vt 0.923945 0.059477
vt 0.924284 0.095986
vt 0.921371 0.095920
vt 0.918586 0.083868
vt 0.918652 0.059474
vt 0.924019 0.023154
vt 0.921316 0.023152
vt 0.926458 0.083863
vt 0.926364 0.059477
vt 0.924164 0.102075
vt 0.921367 0.102071
vt 0.918457 0.095981
vt 0.926922 0.096200
vt 0.916115 0.083858
vt 0.916232 0.059472
vt 0.918612 0.023152
vt 0.926491 0.023162
vt 0.924325 0.011039
vt 0.921412 0.011102
vt 0.926735 0.102129
vt 0.918570 0.102073
vt 0.915818 0.096192
vt 0.916140 0.023157
vt 0.918498 0.011038
vt 0.926963 0.010827
vt 0.921414 0.004951
vt 0.924211 0.004949
vt 0.915999 0.102125
vt 0.915859 0.010824
vt 0.918617 0.004947
vt 0.926782 0.004899
vt 0.916046 0.004892
vt 0.094173 0.026104
vt 0.091452 0.026084
vt 0.091534 0.010951
vt 0.094363 0.010912
vt 0.094011 0.050496
vt 0.091366 0.050478
vt 0.088973 0.026075
vt 0.088933 0.011123
vt 0.091460 0.004920
vt 0.094403 0.004893
vt 0.096894 0.026119
vt 0.097191 0.010989
vt 0.093770 0.086817
vt 0.091051 0.086801
vt 0.088949 0.050462
vt 0.096656 0.050513
vt 0.088824 0.004919
vt 0.097346 0.004958
vt 0.099373 0.026144
vt 0.099791 0.011198
vt 0.096489 0.086837
vt 0.093758 0.102011
vt 0.090930 0.101934
vt 0.088573 0.086778
vt 0.099074 0.050529
vt 0.099981 0.004989
vt 0.098967 0.086847
vt 0.096587 0.101970
vt 0.093718 0.108029
vt 0.090775 0.107963
vt 0.088331 0.101727
vt 0.099189 0.101797
vt 0.096661 0.108004
vt 0.088140 0.107929
vt 0.099297 0.108007
vt 0.110876 0.016037
vt 0.110176 0.016749
vt 0.108907 0.014615
vt 0.110192 0.014417
vt 0.112469 0.016732
vt 0.112275 0.018038
vt 0.109628 0.017305
vt 0.108209 0.014924
vt 0.108483 0.012061
vt 0.109855 0.012061
vt 0.112285 0.014604
vt 0.114786 0.017073
vt 0.114786 0.018468
vt 0.111971 0.018746
vt 0.107730 0.012061
vt 0.108906 0.009507
vt 0.110191 0.009705
vt 0.112099 0.012060
vt 0.114786 0.014791
vt 0.117103 0.016731
vt 0.117298 0.018037
vt 0.114787 0.019231
vt 0.108208 0.009199
vt 0.110174 0.007373
vt 0.110874 0.008084
vt 0.112284 0.009517
vt 0.114785 0.012060
vt 0.117286 0.014602
vt 0.118696 0.016036
vt 0.119396 0.016747
vt 0.117602 0.018745
vt 0.109626 0.006817
vt 0.112272 0.006083
vt 0.112467 0.007389
vt 0.114784 0.009329
vt 0.117471 0.012059
vt 0.119379 0.014415
vt 0.120664 0.014612
vt 0.119944 0.017303
vt 0.111968 0.005375
vt 0.114784 0.005652
vt 0.114784 0.007046
vt 0.117285 0.009516
vt 0.119715 0.012059
vt 0.121087 0.012058
vt 0.121362 0.014921
vt 0.114783 0.004889
vt 0.117295 0.006082
vt 0.117101 0.007388
vt 0.119378 0.009703
vt 0.120663 0.009505
vt 0.121840 0.012058
vt 0.117599 0.005374
vt 0.119394 0.007371
vt 0.118694 0.008082
vt 0.121361 0.009196
vt 0.119942 0.006815
vt 0.013161 0.623497
vt 0.010372 0.622995
vt 0.010425 0.622580
vt 0.013237 0.623087
vt 0.007673 0.622583
vt 0.007676 0.622158
vt 0.010478 0.622243
vt 0.013300 0.622750
vt 0.015943 0.624032
vt 0.016043 0.623625
vt 0.007726 0.621816
vt 0.010523 0.621961
vt 0.013353 0.622468
vt 0.016115 0.623291
vt 0.018599 0.624613
vt 0.018749 0.624215
vt 0.004935 0.621364
vt 0.004883 0.621704
vt 0.007769 0.621531
vt 0.011037 0.618959
vt 0.013907 0.619472
vt 0.016174 0.623012
vt 0.018825 0.623878
vt 0.004979 0.621079
vt 0.008271 0.618494
vt 0.012597 0.610442
vt 0.015477 0.610967
vt 0.016769 0.620020
vt 0.018888 0.623596
vt 0.021512 0.624795
vt 0.021586 0.624459
vt 0.005480 0.618026
vt 0.009827 0.609942
vt 0.015701 0.593601
vt 0.018568 0.594131
vt 0.018356 0.611500
vt 0.019518 0.620578
vt 0.021647 0.624178
vt 0.007039 0.609440
vt 0.012942 0.593082
vt 0.021000 0.565667
vt 0.023696 0.566159
vt 0.021437 0.594654
vt 0.021123 0.612019
vt 0.022288 0.621142
vt 0.010163 0.592547
vt 0.018409 0.565184
vt 0.027660 0.531523
vt 0.030355 0.531980
vt 0.026392 0.566644
vt 0.024201 0.595148
vt 0.023908 0.612542
vt 0.015801 0.564679
vt 0.025069 0.531059
vt 0.030953 0.520400
vt 0.033584 0.521087
vt 0.033053 0.532436
vt 0.028986 0.567107
vt 0.026990 0.595634
vt 0.022467 0.530534
vt 0.028418 0.519724
vt 0.035463 0.504456
vt 0.037709 0.505573
vt 0.036214 0.521766
vt 0.035649 0.532896
vt 0.031602 0.567571
vt 0.025867 0.519006
vt 0.033267 0.503372
vt 0.039361 0.495760
vt 0.041211 0.497239
vt 0.039958 0.506682
vt 0.038751 0.522417
vt 0.038253 0.533417
vt 0.030929 0.502416
vt 0.037616 0.494168
vt 0.048211 0.490534
vt 0.046423 0.489093
vt 0.043132 0.498605
vt 0.042168 0.507728
vt 0.041302 0.523117
vt 0.044789 0.487453
vt 0.050081 0.491831
vt 0.076623 0.470687
vt 0.079125 0.471767
vt 0.045089 0.499876
vt 0.074379 0.469375
vt 0.051974 0.493076
vt 0.081353 0.472938
vt 0.044413 0.508883
vt 0.047207 0.501172
vt 0.053988 0.494510
vt 0.083580 0.474244
vt 0.072322 0.467582
vt 0.085642 0.476039
vt 0.091082 0.471683
vt 0.184555 0.245282
vt 0.184979 0.247549
vt 0.183809 0.243042
vt 0.185408 0.249810
vt 0.190697 0.245508
vt 0.190157 0.243285
vt 0.189596 0.240991
vt 0.186205 0.252009
vt 0.191273 0.247732
vt 0.204403 0.243710
vt 0.204396 0.245874
vt 0.204423 0.241492
vt 0.191941 0.250019
vt 0.204401 0.248035
vt 0.228801 0.243624
vt 0.228799 0.245735
vt 0.228803 0.241458
vt 0.204415 0.250252
vt 0.228798 0.247843
vt 0.265132 0.245914
vt 0.265129 0.243751
vt 0.265114 0.241533
vt 0.228797 0.250007
vt 0.265125 0.248076
vt 0.278832 0.245567
vt 0.279377 0.243344
vt 0.279943 0.241051
vt 0.265110 0.250294
vt 0.278252 0.247790
vt 0.284983 0.245349
vt 0.284541 0.247615
vt 0.285735 0.243110
vt 0.277583 0.250078
vt 0.284103 0.249873
vt 0.283332 0.252075
vt 0.394613 0.470947
vt 0.392108 0.472020
vt 0.393029 0.463552
vt 0.396862 0.469641
vt 0.389877 0.473183
vt 0.422966 0.490879
vt 0.424758 0.489444
vt 0.398924 0.467855
vt 0.426397 0.487808
vt 0.387646 0.474483
vt 0.421092 0.492170
vt 0.431800 0.496132
vt 0.429945 0.497605
vt 0.433549 0.494545
vt 0.385578 0.476271
vt 0.419195 0.493409
vt 0.428021 0.498965
vt 0.433422 0.505950
vt 0.435671 0.504840
vt 0.437871 0.503763
vt 0.417177 0.494837
vt 0.426059 0.500231
vt 0.431170 0.507052
vt 0.437500 0.521476
vt 0.440133 0.520798
vt 0.442670 0.520129
vt 0.423938 0.501520
vt 0.428957 0.508092
vt 0.434868 0.522148
vt 0.440696 0.532379
vt 0.443393 0.531930
vt 0.440212 0.502813
vt 0.445223 0.519418
vt 0.445985 0.531474
vt 0.426708 0.509239
vt 0.432329 0.522791
vt 0.437997 0.532827
vt 0.447252 0.566578
vt 0.449949 0.566094
vt 0.448588 0.530957
vt 0.452543 0.565619
vt 0.435400 0.533279
vt 0.444555 0.567055
vt 0.452295 0.594565
vt 0.455165 0.594044
vt 0.455152 0.565122
vt 0.457925 0.593534
vt 0.432794 0.533792
vt 0.429776 0.523483
vt 0.441959 0.567510
vt 0.449425 0.595079
vt 0.455336 0.611411
vt 0.458217 0.610894
vt 0.460705 0.593007
vt 0.460989 0.610403
vt 0.439342 0.567966
vt 0.446660 0.595565
vt 0.452456 0.611935
vt 0.456880 0.619920
vt 0.459752 0.619416
vt 0.463778 0.609909
vt 0.462519 0.618959
vt 0.443870 0.596043
vt 0.449687 0.612445
vt 0.454016 0.620459
vt 0.457426 0.622918
vt 0.460256 0.622420
vt 0.465312 0.618500
vt 0.463012 0.621998
vt 0.446900 0.612960
vt 0.451266 0.621009
vt 0.454602 0.623454
vt 0.457477 0.623200
vt 0.460301 0.622701
vt 0.465803 0.621554
vt 0.463054 0.622283
vt 0.448494 0.621565
vt 0.451887 0.624030
vt 0.454661 0.623733
vt 0.457539 0.623537
vt 0.460353 0.623039
vt 0.465846 0.621839
vt 0.463104 0.622625
vt 0.449126 0.624603
vt 0.451949 0.624311
vt 0.454732 0.624067
vt 0.457614 0.623948
vt 0.460405 0.623454
vt 0.465898 0.622179
vt 0.463105 0.623050
vt 0.449187 0.624884
vt 0.452024 0.624649
vt 0.454831 0.624474
vt 0.449259 0.625221
vt 0.452173 0.625047
vt 0.465827 0.385709
vt 0.463061 0.386327
vt 0.462949 0.385924
vt 0.465738 0.385300
vt 0.460414 0.386993
vt 0.460251 0.386600
vt 0.462867 0.385592
vt 0.465665 0.384965
vt 0.468598 0.385122
vt 0.468533 0.384709
vt 0.460165 0.386266
vt 0.462800 0.385315
vt 0.465605 0.384686
vt 0.468470 0.384373
vt 0.471272 0.384628
vt 0.471256 0.384203
vt 0.457501 0.387265
vt 0.457417 0.386931
vt 0.460094 0.385986
vt 0.462110 0.382348
vt 0.464954 0.381709
vt 0.468416 0.384093
vt 0.471196 0.383863
vt 0.457348 0.386652
vt 0.459380 0.382992
vt 0.460245 0.373893
vt 0.463103 0.373261
vt 0.467805 0.381104
vt 0.471144 0.383579
vt 0.473966 0.383328
vt 0.474028 0.383667
vt 0.456625 0.383644
vt 0.457498 0.374506
vt 0.456576 0.357166
vt 0.459425 0.356543
vt 0.465963 0.372636
vt 0.470555 0.380552
vt 0.473913 0.383045
vt 0.454733 0.375124
vt 0.453832 0.357757
vt 0.450627 0.329353
vt 0.453304 0.328771
vt 0.462272 0.355912
vt 0.468715 0.372041
vt 0.473327 0.379999
vt 0.451063 0.358341
vt 0.448051 0.329909
vt 0.442742 0.295405
vt 0.445422 0.294853
vt 0.455980 0.328183
vt 0.465011 0.355297
vt 0.471485 0.371443
vt 0.445456 0.330466
vt 0.440164 0.295958
vt 0.439196 0.284856
vt 0.441802 0.284085
vt 0.448100 0.294300
vt 0.458553 0.327606
vt 0.467771 0.354664
vt 0.437579 0.296573
vt 0.436683 0.285594
vt 0.434910 0.269889
vt 0.437126 0.268734
vt 0.444411 0.283306
vt 0.450672 0.293744
vt 0.461141 0.327008
vt 0.434159 0.286386
vt 0.432726 0.270995
vt 0.428631 0.262259
vt 0.430440 0.260703
vt 0.439334 0.267575
vt 0.446924 0.282537
vt 0.453255 0.293125
vt 0.426916 0.263885
vt 0.423038 0.254182
vt 0.421204 0.255637
vt 0.432314 0.259254
vt 0.441491 0.266444
vt 0.449452 0.281721
vt 0.419613 0.257328
vt 0.424982 0.252893
vt 0.392899 0.236839
vt 0.395140 0.235634
vt 0.434230 0.257939
vt 0.443736 0.265278
vt 0.390660 0.238198
vt 0.426941 0.251671
vt 0.397632 0.234547
vt 0.436303 0.256613
vt 0.428934 0.250239
vt 0.399860 0.233245
vt 0.388489 0.239888
vt 0.401899 0.231442
vt 0.396158 0.227030
vt 0.288659 0.013700
vt 0.289085 0.011440
vt 0.287871 0.015900
vt 0.289509 0.009173
vt 0.283371 0.009412
vt 0.282798 0.011633
vt 0.282125 0.013917
vt 0.290257 0.006933
vt 0.283901 0.007188
vt 0.269665 0.011970
vt 0.269667 0.009807
vt 0.269647 0.014188
vt 0.284446 0.004891
vt 0.269653 0.007643
vt 0.245266 0.011829
vt 0.245260 0.009721
vt 0.245271 0.013992
vt 0.269620 0.005424
vt 0.245254 0.007610
vt 0.208924 0.009978
vt 0.208938 0.012140
vt 0.208964 0.014358
vt 0.245247 0.005444
vt 0.208925 0.007814
vt 0.195217 0.009658
vt 0.195803 0.011876
vt 0.196487 0.014158
vt 0.208942 0.005595
vt 0.194672 0.007437
vt 0.189965 0.013973
vt 0.189521 0.011718
vt 0.190738 0.016173
vt 0.194114 0.005143
vt 0.189070 0.009454
vt 0.188307 0.007219
vt 0.084947 0.237737
vt 0.082698 0.236549
vt 0.094513 0.236248
vt 0.087196 0.239080
vt 0.080198 0.235480
vt 0.054935 0.255298
vt 0.056780 0.256740
vt 0.089379 0.240755
vt 0.058383 0.258420
vt 0.077961 0.234194
vt 0.052981 0.254023
vt 0.049400 0.263415
vt 0.047580 0.261872
vt 0.051128 0.265029
vt 0.075909 0.232406
vt 0.051014 0.252816
vt 0.045696 0.260437
vt 0.040953 0.269951
vt 0.043177 0.271090
vt 0.045369 0.272181
vt 0.049010 0.251398
vt 0.043770 0.259136
vt 0.038736 0.268809
vt 0.036388 0.285336
vt 0.038999 0.286088
vt 0.041518 0.286808
vt 0.041687 0.257825
vt 0.036571 0.267693
vt 0.033773 0.284576
vt 0.032846 0.296130
vt 0.035530 0.296663
vt 0.038111 0.297197
vt 0.034317 0.266543
vt 0.031254 0.283825
vt 0.030164 0.295596
vt 0.025209 0.330104
vt 0.027890 0.330667
vt 0.044047 0.287581
vt 0.040701 0.297793
vt 0.030470 0.331204
vt 0.028720 0.283027
vt 0.027587 0.295058
vt 0.022529 0.329535
vt 0.019290 0.357919
vt 0.022143 0.358522
vt 0.033070 0.331742
vt 0.024891 0.359093
vt 0.025001 0.294459
vt 0.019952 0.328977
vt 0.016438 0.357310
vt 0.015732 0.374663
vt 0.018595 0.375275
vt 0.027664 0.359657
vt 0.021346 0.375868
vt 0.017360 0.328398
vt 0.013694 0.356714
vt 0.012867 0.374059
vt 0.013942 0.383125
vt 0.016791 0.383744
vt 0.024115 0.376466
vt 0.019526 0.384368
vt 0.010930 0.356101
vt 0.010111 0.373484
vt 0.011087 0.382540
vt 0.013313 0.386106
vt 0.016122 0.386715
vt 0.022285 0.384999
vt 0.018833 0.387367
vt 0.007337 0.372906
vt 0.008334 0.382009
vt 0.010497 0.385534
vt 0.013255 0.386386
vt 0.016057 0.386993
vt 0.021584 0.388012
vt 0.018764 0.387647
vt 0.005557 0.381475
vt 0.007766 0.385040
vt 0.010446 0.385814
vt 0.013184 0.386722
vt 0.015978 0.387326
vt 0.021517 0.388292
vt 0.018680 0.387982
vt 0.004993 0.384526
vt 0.007716 0.385324
vt 0.010385 0.386151
vt 0.013099 0.387131
vt 0.015869 0.387729
vt 0.021435 0.388627
vt 0.018521 0.388376
vt 0.004943 0.384810
vt 0.007658 0.385665
vt 0.010323 0.386564
vt 0.004883 0.385148
vt 0.007645 0.386090
vt 0.789162 0.881886
vt 0.786284 0.881931
vt 0.786216 0.881516
vt 0.789163 0.881469
vt 0.783612 0.882544
vt 0.783458 0.882152
vt 0.786209 0.881171
vt 0.789163 0.881128
vt 0.792031 0.881934
vt 0.792100 0.881519
vt 0.786204 0.880882
vt 0.789163 0.880843
vt 0.792107 0.881173
vt 0.794703 0.882550
vt 0.794857 0.882159
vt 0.786191 0.877807
vt 0.789158 0.877790
vt 0.792112 0.880884
vt 0.786178 0.869119
vt 0.789143 0.869112
vt 0.792127 0.877797
vt 0.786141 0.851979
vt 0.789105 0.851977
vt 0.792108 0.869106
vt 0.786263 0.823549
vt 0.789042 0.823543
vt 0.792070 0.851966
vt 0.786183 0.788757
vt 0.788964 0.788723
vt 0.791823 0.823537
vt 0.786171 0.778025
vt 0.788940 0.778017
vt 0.791744 0.788744
vt 0.786236 0.763305
vt 0.788912 0.763277
vt 0.791709 0.778007
vt 0.783522 0.777990
vt 0.783729 0.762998
vt 0.784607 0.755468
vt 0.787212 0.755023
vt 0.791593 0.763161
vt 0.786678 0.745313
vt 0.784120 0.746067
vt 0.789836 0.754594
vt 0.794344 0.777964
vt 0.794104 0.762984
vt 0.789301 0.744771
vt 0.783930 0.709478
vt 0.786829 0.709162
vt 0.792296 0.754217
vt 0.791778 0.744564
vt 0.789751 0.709276
vt 0.792426 0.709901
vt 0.789530 0.702388
vt 0.777746 0.500521
vt 0.776330 0.460121
vt 0.779195 0.460277
vt 0.782043 0.459939
vt 0.775304 0.500695
vt 0.773790 0.459500
vt 0.784539 0.459158
vt 0.785450 0.500375
vt 0.809567 0.895531
vt 0.812520 0.895466
vt 0.812522 0.895808
vt 0.809577 0.895876
vt 0.809560 0.895243
vt 0.812518 0.895181
vt 0.815464 0.895490
vt 0.815460 0.895836
vt 0.812525 0.896224
vt 0.809648 0.896291
vt 0.809525 0.892167
vt 0.812491 0.892129
vt 0.815467 0.895201
vt 0.815394 0.896252
vt 0.806823 0.896533
vt 0.806980 0.896923
vt 0.809447 0.883480
vt 0.812412 0.883451
vt 0.815460 0.892114
vt 0.818222 0.896456
vt 0.818070 0.896848
vt 0.809284 0.866342
vt 0.812248 0.866318
vt 0.815377 0.883424
vt 0.809196 0.837909
vt 0.811977 0.837889
vt 0.815213 0.866285
vt 0.808867 0.803095
vt 0.811645 0.803096
vt 0.814757 0.837856
vt 0.808750 0.791083
vt 0.811531 0.791075
vt 0.814424 0.803042
vt 0.808686 0.773715
vt 0.811365 0.773676
vt 0.814312 0.791030
vt 0.807351 0.762334
vt 0.809973 0.762712
vt 0.814044 0.773660
vt 0.809686 0.752984
vt 0.807105 0.752453
vt 0.812611 0.763048
vt 0.812327 0.753283
vt 0.807103 0.719499
vt 0.810022 0.719657
vt 0.815086 0.763283
vt 0.816564 0.773471
vt 0.812940 0.719375
vt 0.814808 0.753286
vt 0.812726 0.712051
vt 0.815588 0.718620
vt 0.802347 0.510763
vt 0.800793 0.461133
vt 0.803647 0.460836
vt 0.806512 0.460989
vt 0.799818 0.510358
vt 0.798278 0.461874
vt 0.810115 0.510101
vt 0.809061 0.461603
vt 0.986284 0.938198
vt 0.986278 0.937781
vt 0.989224 0.937782
vt 0.989163 0.938199
vt 0.983416 0.938291
vt 0.983341 0.937877
vt 0.986272 0.937440
vt 0.989226 0.937437
vt 0.991992 0.938376
vt 0.991844 0.938769
vt 0.980755 0.938948
vt 0.980594 0.938560
vt 0.983329 0.937531
vt 0.986267 0.937155
vt 0.989226 0.937148
vt 0.983320 0.937243
vt 0.986225 0.934103
vt 0.989191 0.934073
vt 0.983256 0.934156
vt 0.986105 0.925425
vt 0.989070 0.925386
vt 0.983140 0.925466
vt 0.985876 0.908292
vt 0.988840 0.908248
vt 0.982911 0.908327
vt 0.985496 0.879860
vt 0.988276 0.879824
vt 0.982716 0.879898
vt 0.985032 0.845043
vt 0.987813 0.845034
vt 0.982253 0.845108
vt 0.984890 0.834338
vt 0.987659 0.834303
vt 0.982121 0.834372
vt 0.984688 0.819599
vt 0.987364 0.819586
vt 0.982005 0.819525
vt 0.986260 0.811321
vt 0.988871 0.811725
vt 0.989866 0.819240
vt 0.990307 0.834227
vt 0.979485 0.834370
vt 0.979493 0.819387
vt 0.983629 0.810933
vt 0.986642 0.801603
vt 0.989211 0.802317
vt 0.981164 0.810593
vt 0.984011 0.801102
vt 0.985928 0.765459
vt 0.988832 0.765729
vt 0.981531 0.800934
vt 0.983009 0.765619
vt 0.988663 0.758803
vt 0.980344 0.766285
vt 0.986714 0.556971
vt 0.989710 0.515041
vt 0.992573 0.514859
vt 0.986855 0.514766
vt 0.995117 0.514254
vt 0.993784 0.557190
vt 0.984332 0.514078
vt 0.984468 0.557042
vt 0.948958 0.926598
vt 0.948950 0.926943
vt 0.946003 0.926881
vt 0.946005 0.926540
vt 0.948879 0.927358
vt 0.946002 0.927298
vt 0.943066 0.926916
vt 0.943061 0.926570
vt 0.948964 0.926309
vt 0.946006 0.926255
vt 0.951705 0.927593
vt 0.951548 0.927983
vt 0.943133 0.927332
vt 0.943057 0.926282
vt 0.948993 0.923234
vt 0.946026 0.923203
vt 0.940458 0.927934
vt 0.940305 0.927542
vt 0.943057 0.923195
vt 0.949050 0.914547
vt 0.946085 0.914525
vt 0.943120 0.914504
vt 0.949173 0.897408
vt 0.946208 0.897390
vt 0.943244 0.897365
vt 0.949194 0.868975
vt 0.946413 0.868962
vt 0.943633 0.868935
vt 0.949442 0.834160
vt 0.946664 0.834167
vt 0.943885 0.834120
vt 0.949530 0.822147
vt 0.946749 0.822145
vt 0.943969 0.822107
vt 0.949554 0.804779
vt 0.946875 0.804746
vt 0.944195 0.804737
vt 0.950862 0.793395
vt 0.948241 0.793779
vt 0.945604 0.794121
vt 0.948505 0.784051
vt 0.951085 0.783513
vt 0.941675 0.804554
vt 0.943129 0.794362
vt 0.945865 0.784356
vt 0.951010 0.750560
vt 0.948091 0.750724
vt 0.943384 0.784364
vt 0.945172 0.750449
vt 0.950860 0.743260
vt 0.942522 0.749701
vt 0.950237 0.541341
vt 0.953893 0.490371
vt 0.956748 0.490652
vt 0.951028 0.490521
vt 0.959274 0.491358
vt 0.957391 0.541091
vt 0.947933 0.540877
vt 0.948473 0.491112
vt 0.376313 0.226981
vt 0.391148 0.220440
vt 0.783602 0.694119
vt 0.789241 0.688281
vt 0.099611 0.460765
vt 0.098149 0.463245
vt 0.080376 0.461337
vt 0.807348 0.706433
vt 0.812700 0.703415
vt 0.812401 0.706304
vt 0.102979 0.225306
vt 0.101462 0.227760
vt 0.083753 0.225973
vt 0.373111 0.463440
vt 0.989043 0.744709
vt 0.983134 0.750275
vt 0.388041 0.456943
vt 0.951240 0.734621
vt 0.950734 0.737493
vt 0.945680 0.737377
vt 0.377416 0.223592
vt 0.380086 0.222877
vt 0.382900 0.222311
vt 0.385737 0.221794
vt 0.096975 0.459833
vt 0.118931 0.389947
vt 0.783391 0.688463
vt 0.786314 0.688284
vt 0.786687 0.614868
vt 0.374778 0.224538
vt 0.085918 0.457501
vt 0.088651 0.458042
vt 0.091489 0.458555
vt 0.094303 0.459120
vt 0.370428 0.149991
vt 0.388468 0.221248
vt 0.806835 0.703562
vt 0.810632 0.630087
vt 0.809769 0.703625
vt 0.083239 0.456703
vt 0.387507 0.232492
vt 0.385843 0.227303
vt 0.385378 0.233831
vt 0.382899 0.227776
vt 0.391992 0.230001
vt 0.391505 0.226193
vt 0.389709 0.231134
vt 0.388764 0.226839
vt 0.783991 0.702550
vt 0.786490 0.693852
vt 0.089039 0.470067
vt 0.096904 0.465555
vt 0.383323 0.235419
vt 0.377487 0.229307
vt 0.380132 0.228378
vt 0.786757 0.702347
vt 0.789387 0.693936
vt 0.082423 0.466228
vt 0.088551 0.463549
vt 0.080271 0.464947
vt 0.085628 0.463089
vt 0.086912 0.468715
vt 0.094263 0.464623
vt 0.084710 0.467354
vt 0.091496 0.464021
vt 0.807062 0.709246
vt 0.809912 0.709372
vt 0.807235 0.712199
vt 0.394009 0.225066
vt 0.394135 0.228703
vt 0.082883 0.462452
vt 0.078230 0.463297
vt 0.812754 0.709105
vt 0.809985 0.712278
vt 0.097659 0.223684
vt 0.094841 0.223137
vt 0.092001 0.222641
vt 0.089266 0.222114
vt 0.371658 0.460967
vt 0.986118 0.744576
vt 0.989980 0.671261
vt 0.983191 0.744616
vt 0.100335 0.224379
vt 0.121890 0.154369
vt 0.382624 0.458264
vt 0.379785 0.458770
vt 0.376968 0.459325
vt 0.374295 0.460031
vt 0.086580 0.221327
vt 0.952647 0.661276
vt 0.948306 0.734692
vt 0.945375 0.734489
vt 0.367644 0.386396
vt 0.385359 0.457732
vt 0.088096 0.232010
vt 0.094882 0.228603
vt 0.090308 0.233352
vt 0.097653 0.229184
vt 0.083653 0.229610
vt 0.089010 0.227708
vt 0.085805 0.230893
vt 0.091935 0.228151
vt 0.985895 0.758644
vt 0.988921 0.750367
vt 0.380151 0.471899
vt 0.374348 0.465754
vt 0.376992 0.464830
vt 0.092447 0.234675
vt 0.100304 0.230095
vt 0.983123 0.758728
vt 0.986029 0.750145
vt 0.386537 0.467589
vt 0.385632 0.463322
vt 0.388827 0.466470
vt 0.388378 0.462692
vt 0.382200 0.470289
vt 0.379761 0.464236
vt 0.384330 0.468943
vt 0.382708 0.463773
vt 0.951027 0.740306
vt 0.948111 0.743346
vt 0.086264 0.227082
vt 0.081618 0.227952
vt 0.390889 0.461585
vt 0.390983 0.465196
vt 0.948176 0.740439
vt 0.945369 0.743125
vt 0.945334 0.740178
vt 0.341986 0.061345
vt 0.342872 0.063682
vt 0.802936 0.542147
vt 0.329680 0.072107
vt 0.783936 0.524170
vt 0.783546 0.526780
vt 0.778875 0.526928
vt 0.146915 0.303770
vt 0.131274 0.299869
vt 0.808435 0.536764
vt 0.133717 0.064207
vt 0.954846 0.567948
vt 0.149345 0.067982
vt 0.986365 0.583046
vt 0.991537 0.580539
vt 0.991051 0.583122
vt 0.327239 0.308306
vt 0.339549 0.297633
vt 0.340482 0.299949
vt 0.949118 0.573074
vt 0.339509 0.062388
vt 0.324941 0.041556
vt 0.322763 0.042904
vt 0.337002 0.063219
vt 0.320338 0.044004
vt 0.334452 0.064126
vt 0.317929 0.045140
vt 0.332003 0.065254
vt 0.315854 0.046392
vt 0.329650 0.066433
vt 0.314011 0.047734
vt 0.327238 0.067607
vt 0.312047 0.049182
vt 0.783002 0.500355
vt 0.781127 0.524210
vt 0.780372 0.500366
vt 0.778321 0.524347
vt 0.162078 0.285320
vt 0.144500 0.302601
vt 0.160111 0.283876
vt 0.142146 0.301424
vt 0.158265 0.282539
vt 0.139695 0.300300
vt 0.156188 0.281291
vt 0.137144 0.299398
vt 0.153778 0.280159
vt 0.134636 0.298569
vt 0.151352 0.279059
vt 0.132157 0.297531
vt 0.149172 0.277715
vt 0.807609 0.510632
vt 0.805628 0.536873
vt 0.804981 0.510807
vt 0.802819 0.536904
vt 0.365473 0.151264
vt 0.341999 0.066893
vt 0.362895 0.151873
vt 0.339521 0.067751
vt 0.360317 0.152481
vt 0.336971 0.068643
vt 0.357839 0.153084
vt 0.334491 0.069762
vt 0.367948 0.150657
vt 0.344469 0.065832
vt 0.805757 0.542048
vt 0.805257 0.630220
vt 0.807945 0.630181
vt 0.808578 0.542006
vt 0.129684 0.302012
vt 0.132152 0.303079
vt 0.103848 0.386219
vt 0.113966 0.388694
vt 0.142040 0.307120
vt 0.111386 0.388090
vt 0.139664 0.305938
vt 0.108807 0.387485
vt 0.137183 0.304822
vt 0.106331 0.386882
vt 0.134632 0.303935
vt 0.332118 0.070950
vt 0.355355 0.153740
vt 0.783998 0.614929
vt 0.784117 0.529377
vt 0.781312 0.615038
vt 0.778470 0.529556
vt 0.781292 0.529431
vt 0.116444 0.389294
vt 0.144480 0.308275
vt 0.134644 0.061889
vt 0.152170 0.042028
vt 0.154125 0.043335
vt 0.156315 0.044422
vt 0.137105 0.062924
vt 0.158487 0.045546
vt 0.139600 0.063740
vt 0.160350 0.046765
vt 0.142140 0.064622
vt 0.162001 0.048052
vt 0.144583 0.065718
vt 0.163813 0.049372
vt 0.146931 0.066860
vt 0.989129 0.556952
vt 0.985963 0.580449
vt 0.991541 0.557049
vt 0.988750 0.580447
vt 0.310346 0.285193
vt 0.312154 0.283869
vt 0.324864 0.303766
vt 0.313804 0.282579
vt 0.327274 0.302637
vt 0.315664 0.281356
vt 0.329620 0.301488
vt 0.317832 0.280225
vt 0.332061 0.300386
vt 0.320017 0.279130
vt 0.334598 0.299497
vt 0.321969 0.277818
vt 0.337090 0.298675
vt 0.952651 0.541487
vt 0.949269 0.567822
vt 0.955068 0.541449
vt 0.952056 0.567927
vt 0.109274 0.151377
vt 0.137100 0.068283
vt 0.111754 0.151967
vt 0.139655 0.069156
vt 0.114336 0.152557
vt 0.142143 0.070252
vt 0.116920 0.153146
vt 0.144528 0.071410
vt 0.106790 0.150729
vt 0.132148 0.066373
vt 0.134619 0.067433
vt 0.954761 0.573201
vt 0.949958 0.661243
vt 0.947271 0.661155
vt 0.951939 0.573153
vt 0.342057 0.302110
vt 0.365159 0.387052
vt 0.355038 0.389434
vt 0.332072 0.306016
vt 0.357518 0.388842
vt 0.334557 0.304914
vt 0.360100 0.388246
vt 0.337110 0.304033
vt 0.362681 0.387648
vt 0.339589 0.303176
vt 0.146982 0.072530
vt 0.119402 0.153731
vt 0.984603 0.671175
vt 0.985842 0.585633
vt 0.988666 0.585659
vt 0.987292 0.671193
vt 0.991490 0.585737
vt 0.352549 0.390079
vt 0.329690 0.307181
vn 0.105856 -0.988517 -0.107840
vn 0.051686 -0.992353 -0.112093
vn 0.096974 -0.958840 -0.266873
vn 0.203501 -0.956904 -0.207174
vn 0.000000 -0.993307 -0.115505
vn 0.000001 -0.960165 -0.279435
vn 0.000002 -0.794904 -0.606735
vn 0.203054 -0.803448 -0.559679
vn 0.408647 -0.812755 -0.415256
vn -0.051684 -0.992353 -0.112093
vn -0.096969 -0.958841 -0.266871
vn -0.105850 -0.988517 -0.107840
vn -0.203497 -0.956906 -0.207171
vn -0.408653 -0.812748 -0.415263
vn -0.203041 -0.803445 -0.559687
vn -0.321056 -0.310776 -0.894618
vn 0.000001 -0.304446 -0.952530
vn -0.664597 -0.319766 -0.675323
vn -0.701117 -0.000000 -0.713046
vn -0.336706 -0.000000 -0.941610
vn -0.000000 0.000000 -1.000000
vn 0.321053 -0.310762 -0.894624
vn 0.664599 -0.319739 -0.675334
vn 0.336705 0.000000 -0.941610
vn 0.701113 0.000000 -0.713050
vn 0.701126 0.000000 0.713037
vn 0.336708 0.000000 0.941609
vn 0.321031 -0.310820 0.894612
vn 0.664605 -0.319720 0.675336
vn -0.000000 0.000000 1.000000
vn -0.000001 -0.304562 0.952492
vn -0.000001 -0.794920 0.606714
vn 0.203033 -0.803470 0.559655
vn 0.408613 -0.812775 0.415249
vn -0.336705 0.000000 0.941610
vn -0.321038 -0.310839 0.894603
vn -0.701126 0.000000 0.713037
vn -0.664600 -0.319749 0.675328
vn -0.408623 -0.812765 0.415259
vn -0.203036 -0.803458 0.559671
vn -0.096973 -0.958838 0.266881
vn 0.000003 -0.960159 0.279454
vn -0.203497 -0.956907 0.207166
vn -0.105855 -0.988517 0.107836
vn -0.051685 -0.992354 0.112082
vn 0.000002 -0.993307 0.115502
vn 0.096970 -0.958840 0.266878
vn 0.203483 -0.956912 0.207159
vn 0.051690 -0.992353 0.112089
vn 0.105860 -0.988516 0.107842
vn 0.041549 -0.998243 0.042254
vn 0.110247 -0.992509 0.052646
vn -0.000000 -0.999119 0.041971
vn -0.000000 -1.000000 -0.000000
vn 0.041303 -0.999147 -0.000000
vn 0.113764 -0.993508 0.000000
vn -0.041548 -0.998243 0.042253
vn -0.110250 -0.992509 0.052645
vn -0.113766 -0.993507 -0.000000
vn -0.041302 -0.999147 -0.000000
vn -0.041546 -0.998243 -0.042253
vn -0.000000 -0.999119 -0.041971
vn -0.110245 -0.992509 -0.052642
vn 0.041546 -0.998243 -0.042253
vn 0.110243 -0.992510 -0.052643
vn -0.262771 -0.959776 -0.098900
vn -0.275527 -0.961293 -0.000000
vn -0.600828 -0.799379 -0.000000
vn -0.553426 -0.806676 -0.207351
vn -0.262765 -0.959778 0.098896
vn -0.553400 -0.806692 0.207354
vn -0.890163 -0.314229 0.329955
vn -0.951087 -0.308925 -0.000000
vn -0.937916 0.000000 0.346862
vn -1.000000 0.000000 -0.000000
vn -0.890156 -0.314254 -0.329949
vn -0.937918 -0.000000 -0.346856
vn 0.262755 -0.959781 0.098896
vn 0.275516 -0.961296 -0.000000
vn 0.600844 -0.799367 -0.000000
vn 0.553407 -0.806688 0.207353
vn 0.262764 -0.959778 -0.098904
vn 0.553418 -0.806681 -0.207353
vn 0.890170 -0.314212 -0.329953
vn 0.951105 -0.308867 0.000000
vn 0.937919 0.000000 -0.346854
vn 1.000000 0.000000 0.000000
vn 0.890177 -0.314186 0.329958
vn 0.937918 0.000000 0.346857
vn 0.906601 0.421608 -0.017921
vn 0.999858 -0.000715 -0.016829
vn 0.999999 0.001565 0.000001
vn 0.907071 0.420978 0.000001
vn 0.615968 0.787599 -0.016455
vn 0.617471 0.786593 0.000001
vn 0.905840 -0.423414 -0.013163
vn 0.613935 -0.789322 -0.007440
vn 0.619817 -0.784747 -0.000002
vn 0.908296 -0.418328 0.000001
vn -0.905671 -0.423896 -0.008535
vn -0.999930 -0.001413 -0.011787
vn -0.999999 0.001565 0.000001
vn -0.908290 -0.418341 0.000001
vn -0.614017 -0.789281 -0.004287
vn -0.619812 -0.784750 -0.000002
vn -0.906969 0.420984 -0.013403
vn -0.616541 0.787209 -0.013402
vn -0.617466 0.786597 0.000001
vn -0.907060 0.421001 0.000001
vn 0.272509 -0.962149 -0.002810
vn -0.000210 -1.000000 -0.000994
vn 0.000000 -1.000000 -0.000007
vn 0.276301 -0.961071 -0.000005
vn -0.272868 -0.962050 -0.001414
vn -0.276299 -0.961072 -0.000005
vn 0.701100 0.010143 0.712991
vn 0.937864 0.009982 0.346859
vn 0.937724 0.010197 0.347232
vn 0.700759 0.013243 0.713275
vn 0.999951 0.009866 0.000000
vn 0.999973 0.007337 0.000417
vn 0.999999 0.000283 0.001649
vn 0.937226 0.015827 0.348363
vn 0.699661 0.032298 0.713745
vn 0.937867 0.009982 -0.346850
vn 0.938070 0.004650 -0.346415
vn 0.701099 0.010142 -0.712992
vn 0.701427 0.001841 -0.712739
vn 0.702068 -0.031198 -0.711426
vn 0.938441 -0.015076 -0.345112
vn 0.934239 -0.030266 -0.355361
vn 0.999952 0.009432 -0.002580
vn 0.690459 -0.068176 -0.720152
vn 0.682708 -0.142940 -0.716574
vn 0.930835 -0.077741 -0.357074
vn 0.999947 -0.003291 -0.009753
vn 0.935360 0.053182 0.349676
vn 0.692617 0.101662 0.714106
vn 0.937089 0.083839 0.338874
vn 0.697156 0.187620 0.691933
vn 0.355435 0.253570 0.899649
vn 0.329517 0.132130 0.934858
vn 0.042054 0.267691 0.962587
vn 0.000000 0.140081 0.990140
vn 0.000000 0.045249 0.998976
vn 0.335878 0.042587 0.940942
vn -0.276213 0.250973 0.927750
vn -0.329514 0.132131 0.934859
vn -0.637642 0.197695 0.744533
vn -0.692613 0.101663 0.714109
vn -0.699657 0.032298 0.713749
vn -0.335874 0.042587 0.940944
vn -0.336480 0.014849 0.941574
vn 0.000000 0.015201 0.999884
vn -0.700756 0.013243 0.713278
vn -0.701099 0.010143 0.712992
vn -0.336715 0.009854 0.941555
vn 0.000000 0.009702 0.999953
vn 0.336484 0.014849 0.941572
vn 0.336718 0.009854 0.941554
vn -0.701098 0.010142 -0.712993
vn -0.937866 0.009982 -0.346853
vn -0.938069 0.004650 -0.346416
vn -0.701424 0.001841 -0.712742
vn -0.999951 0.009866 0.000000
vn -0.999973 0.007337 0.000417
vn -0.999999 0.000283 0.001650
vn -0.938440 -0.015076 -0.345112
vn -0.702064 -0.031199 -0.711431
vn -0.937863 0.009982 0.346862
vn -0.937724 0.010197 0.347232
vn -0.937226 0.015827 0.348363
vn -0.935359 0.053182 0.349678
vn -0.999952 0.009432 -0.002580
vn -0.908453 0.109028 0.403517
vn -0.998125 0.026441 0.055210
vn -0.934238 -0.030266 -0.355363
vn -0.690455 -0.068177 -0.720155
vn -0.952535 -0.046244 -0.300895
vn -0.725216 -0.109363 -0.679780
vn 0.336710 0.009854 -0.941557
vn 0.336803 -0.000209 -0.941575
vn 0.000000 0.009703 -0.999953
vn 0.000000 -0.000791 -1.000000
vn -0.000000 -0.043749 -0.999043
vn 0.337054 -0.041227 -0.940582
vn -0.336708 0.009854 -0.941558
vn -0.336799 -0.000209 -0.941577
vn -0.337049 -0.041227 -0.940584
vn -0.328181 -0.089812 -0.940336
vn 0.000000 -0.094796 -0.995497
vn -0.363078 -0.148944 -0.919777
vn -0.033694 -0.168334 -0.985154
vn 0.328185 -0.089812 -0.940334
vn 0.302002 -0.172512 -0.937568
vn 0.937920 0.000000 0.346853
vn 0.701126 0.000000 0.713038
vn 1.000000 0.000000 -0.000001
vn 1.000000 0.000000 0.000001
vn 0.937920 0.000000 0.346853
vn 0.701125 0.000000 0.713038
vn 0.937922 -0.000000 -0.346846
vn 0.701127 0.000000 -0.713037
vn 0.701124 -0.000000 -0.713040
vn 0.937922 0.000000 -0.346846
vn 0.937922 -0.000000 -0.346846
vn 1.000000 0.000000 0.000000
vn 0.701125 0.000000 -0.713038
vn 0.937920 0.000000 0.346853
vn 0.701125 0.000000 0.713038
vn 0.336705 0.000000 0.941610
vn -0.000000 0.000000 1.000000
vn 0.000000 0.000000 1.000000
vn 0.336705 0.000000 0.941610
vn -0.336703 0.000000 0.941611
vn -0.701125 0.000000 0.713038
vn -0.701125 0.000000 0.713038
vn -0.336703 0.000000 0.941611
vn -0.336703 0.000000 0.941611
vn -0.000000 0.000000 1.000000
vn -0.701126 0.000000 0.713038
vn 0.336705 0.000000 0.941610
vn -0.937921 -0.000000 -0.346850
vn -0.701127 -0.000000 -0.713036
vn -1.000000 0.000000 -0.000000
vn -1.000000 0.000000 -0.000000
vn -0.937921 0.000000 -0.346850
vn -0.701125 0.000000 -0.713038
vn -0.937918 0.000000 0.346857
vn -0.937918 0.000000 0.346857
vn -0.937918 0.000000 0.346857
vn -1.000000 0.000000 0.000000
vn -0.937921 -0.000000 -0.346850
vn -0.701125 -0.000000 -0.713038
vn 0.336710 0.000000 -0.941608
vn 0.000000 0.000000 -1.000000
vn 0.000000 0.000000 -1.000000
vn 0.336709 -0.000000 -0.941609
vn -0.336708 0.000000 -0.941609
vn -0.336707 0.000000 -0.941609
vn -0.336707 0.000000 -0.941610
vn 0.000000 0.000000 -1.000000
vn 0.336709 0.000000 -0.941609
vn 0.766948 0.364357 0.528237
vn 0.727686 0.542172 0.420145
vn 0.380410 0.735719 0.560363
vn 0.443806 0.519405 0.730243
vn 0.972292 0.120589 0.200266
vn 0.969325 0.187659 0.158726
vn 0.988503 -0.096782 -0.116168
vn 0.982085 -0.159713 -0.100008
vn 0.861121 -0.292307 -0.415965
vn 0.821904 -0.463413 -0.331245
vn 0.550950 -0.464879 -0.693067
vn 0.497159 -0.696769 -0.517055
vn 0.159769 -0.538138 -0.827576
vn 0.154460 -0.788892 -0.594804
vn -0.160021 -0.525052 -0.835891
vn -0.118398 -0.792842 -0.597816
vn -0.464242 -0.461477 -0.755988
vn -0.389813 -0.737629 -0.551315
vn -0.789146 -0.322588 -0.522672
vn -0.714372 -0.565938 -0.411567
vn -0.979521 -0.107400 -0.170303
vn -0.956595 -0.244486 -0.158594
vn -0.983021 0.104789 0.150625
vn -0.990249 0.094901 0.101979
vn -0.842294 0.304209 0.444970
vn -0.851719 0.404060 0.333632
vn -0.527009 0.479646 0.701571
vn -0.539830 0.663248 0.518349
vn -0.157374 0.564157 0.810531
vn -0.185607 0.781606 0.595518
vn 0.096471 0.793211 0.601257
vn 0.147940 0.571034 0.807486
vn 0.999764 -0.001830 -0.021655
vn 0.993556 -0.096869 -0.058852
vn 0.857928 -0.423140 -0.291395
vn 0.907254 -0.278187 -0.315440
vn 0.917946 0.295580 0.264590
vn 0.947878 0.254197 0.192125
vn 0.635266 0.571367 0.519594
vn 0.680028 0.591615 0.433074
vn 0.285606 0.712258 0.641185
vn 0.339349 0.760614 0.553451
vn 0.624357 -0.520351 -0.582591
vn 0.549132 -0.682171 -0.482801
vn 0.204236 -0.796395 -0.569248
vn 0.281634 -0.638044 -0.716647
vn -0.002783 -0.663696 -0.747997
vn -0.069750 -0.811796 -0.579761
vn -0.343793 -0.765232 -0.544266
vn -0.287370 -0.635947 -0.716233
vn -0.630425 -0.514488 -0.581263
vn -0.683577 -0.595184 -0.422468
vn -0.948253 -0.259974 -0.182289
vn -0.911915 -0.268418 -0.310423
vn -0.999885 0.006962 -0.013441
vn -0.993420 0.090420 0.070292
vn -0.859580 0.411249 0.303310
vn -0.913348 0.301132 0.274071
vn -0.628248 0.573553 0.525682
vn -0.549390 0.676443 0.490505
vn -0.207819 0.793284 0.572286
vn -0.277603 0.713227 0.643618
vn 0.004089 0.744770 0.667309
vn 0.064604 0.808505 0.584933
vn 0.587020 0.807151 0.062573
vn 0.539694 0.529949 0.654129
vn 0.853721 0.311789 0.417071
vn 0.888368 0.458388 0.026123
vn 0.261448 0.962080 0.077763
vn 0.241469 0.626142 0.741376
vn 0.991616 0.057633 0.115651
vn 0.998802 0.046447 -0.015401
vn 0.949951 -0.209901 -0.231374
vn 0.927565 -0.369108 -0.058164
vn 0.677297 -0.453559 -0.579269
vn 0.654426 -0.750192 -0.094541
vn 0.296297 -0.567815 -0.767981
vn 0.292020 -0.949854 -0.111816
vn 0.000085 -0.587713 -0.809070
vn 0.000429 -0.993376 -0.114912
vn -0.296040 -0.566851 -0.768791
vn -0.291094 -0.950486 -0.108817
vn -0.676758 -0.451623 -0.581408
vn -0.653580 -0.751723 -0.088008
vn -0.949759 -0.207475 -0.234331
vn -0.927411 -0.370781 -0.049302
vn -0.991759 0.060245 0.113069
vn -0.998961 0.045165 -0.006059
vn -0.853734 0.314130 0.415284
vn -0.888495 0.457606 0.034251
vn -0.539533 0.531379 0.653101
vn -0.586603 0.807032 0.067803
vn -0.241340 0.626734 0.740918
vn -0.260722 0.962093 0.080010
vn 0.000056 0.649800 0.760105
vn 0.000387 0.996665 0.081606
vn -0.273695 0.961734 -0.012558
vn -0.000194 0.999921 -0.012580
vn 0.273241 0.961845 -0.013905
vn 0.646929 0.436757 0.625081
vn 0.917529 0.224139 0.328485
vn 0.999986 -0.004292 -0.002968
vn 0.905320 -0.234129 -0.354373
vn 0.614982 -0.427780 -0.662420
vn 0.277577 -0.517278 -0.809552
vn -0.000074 -0.536719 -0.843761
vn -0.277692 -0.516690 -0.809888
vn -0.614914 -0.426569 -0.663265
vn -0.905090 -0.232449 -0.356062
vn -0.999985 -0.002442 -0.004944
vn -0.917669 0.225898 0.326884
vn -0.647113 0.437983 0.624032
vn 0.292948 0.552313 0.780468
vn -0.000072 0.579728 0.814810
vn -0.293130 0.552866 0.780009
vn -0.000000 1.000000 -0.000000
vn -0.274639 0.961547 0.000000
vn 0.274634 0.961549 0.000000
vn 0.105863 -0.988515 0.107845
vn 0.203498 -0.956907 0.207167
vn 0.096978 -0.958838 0.266881
vn 0.051690 -0.992353 0.112089
vn 0.000002 -0.960161 0.279447
vn 0.000001 -0.993307 0.115505
vn 0.203037 -0.803473 0.559650
vn -0.000000 -0.794900 0.606740
vn 0.408605 -0.812782 0.415243
vn -0.096971 -0.958839 0.266878
vn -0.051687 -0.992353 0.112089
vn -0.203488 -0.956909 0.207164
vn -0.105857 -0.988516 0.107846
vn -0.203028 -0.803464 0.559665
vn -0.408609 -0.812774 0.415254
vn -0.000000 -0.304544 0.952498
vn -0.321017 -0.310860 0.894603
vn -0.664585 -0.319787 0.675324
vn -0.336689 0.000000 0.941616
vn -0.701126 0.000000 0.713037
vn 0.000000 0.000000 1.000000
vn 0.664588 -0.319764 0.675332
vn 0.321010 -0.310851 0.894608
vn 0.336691 0.000000 0.941615
vn 0.701126 0.000000 0.713037
vn 0.701116 0.000000 -0.713047
vn 0.664600 -0.319729 -0.675337
vn 0.321055 -0.310741 -0.894630
vn 0.336705 0.000000 -0.941610
vn 0.000002 -0.304393 -0.952546
vn 0.000000 0.000000 -1.000000
vn 0.203058 -0.803446 -0.559680
vn 0.000003 -0.794894 -0.606748
vn 0.408637 -0.812760 -0.415255
vn -0.321049 -0.310764 -0.894625
vn -0.336703 0.000000 -0.941611
vn -0.664582 -0.319779 -0.675332
vn -0.701116 0.000000 -0.713047
vn -0.203047 -0.803442 -0.559690
vn -0.408638 -0.812755 -0.415264
vn 0.000005 -0.960165 -0.279435
vn -0.096971 -0.958840 -0.266874
vn -0.203503 -0.956904 -0.207173
vn -0.051687 -0.992354 -0.112083
vn -0.105855 -0.988517 -0.107835
vn 0.000003 -0.993307 -0.115501
vn 0.203485 -0.956909 -0.207168
vn 0.096970 -0.958840 -0.266874
vn 0.051691 -0.992353 -0.112091
vn 0.105857 -0.988516 -0.107840
vn 0.110248 -0.992509 -0.052643
vn 0.041550 -0.998243 -0.042253
vn 0.000000 -0.999119 -0.041970
vn 0.041304 -0.999147 -0.000000
vn -0.000000 -1.000000 0.000000
vn 0.113766 -0.993508 -0.000000
vn -0.041550 -0.998243 -0.042253
vn -0.110249 -0.992509 -0.052642
vn -0.041303 -0.999147 0.000000
vn -0.113766 -0.993508 0.000000
vn -0.000000 -0.999119 0.041970
vn -0.041549 -0.998243 0.042255
vn -0.110247 -0.992509 0.052645
vn 0.110248 -0.992509 0.052646
vn 0.041550 -0.998243 0.042255
vn -0.262762 -0.959779 0.098899
vn -0.275525 -0.961294 0.000000
vn -0.553412 -0.806685 0.207351
vn -0.600828 -0.799379 0.000000
vn -0.262769 -0.959777 -0.098898
vn -0.553412 -0.806685 -0.207350
vn -0.951087 -0.308923 0.000000
vn -0.890161 -0.314243 -0.329948
vn -0.937921 0.000000 -0.346849
vn -1.000000 0.000000 0.000000
vn -0.890163 -0.314229 0.329953
vn -0.937916 0.000000 0.346862
vn 0.262759 -0.959780 -0.098898
vn 0.275520 -0.961295 0.000000
vn 0.553415 -0.806682 -0.207352
vn 0.600844 -0.799366 0.000001
vn 0.262763 -0.959778 0.098903
vn 0.553409 -0.806687 0.207353
vn 0.951107 -0.308861 0.000001
vn 0.890176 -0.314190 0.329956
vn 0.937918 0.000000 0.346857
vn 1.000000 0.000000 0.000000
vn 0.890177 -0.314190 -0.329955
vn 0.937923 0.000000 -0.346844
vn 0.906866 0.421195 0.013727
vn 0.999917 -0.000546 0.012837
vn 0.616516 0.787241 0.012658
vn 0.906250 -0.422625 0.010003
vn 0.614992 -0.788513 0.005638
vn -0.906111 -0.422991 0.006485
vn -0.999959 -0.001078 0.008989
vn -0.615052 -0.788480 0.003249
vn -0.907134 0.420717 0.010264
vn -0.616951 0.786934 0.010307
vn 0.273259 -0.961938 0.002130
vn -0.000159 -1.000000 0.000758
vn -0.273530 -0.961863 0.001075
vn 0.701097 0.010143 -0.712994
vn 0.700759 0.013243 -0.713275
vn 0.937725 0.010197 -0.347230
vn 0.937866 0.009982 -0.346854
vn 0.999973 0.007337 -0.000417
vn 0.999951 0.009866 0.000000
vn 0.937225 0.015827 -0.348365
vn 0.999999 0.000284 -0.001649
vn 0.699663 0.032299 -0.713743
vn 0.938067 0.004650 0.346423
vn 0.937864 0.009982 0.346858
vn 0.701428 0.001841 0.712738
vn 0.701100 0.010144 0.712991
vn 0.938440 -0.015077 0.345114
vn 0.702066 -0.031200 0.711429
vn 0.999952 0.009432 0.002581
vn 0.934239 -0.030265 0.355360
vn 0.690452 -0.068176 0.720159
vn 0.930835 -0.077742 0.357075
vn 0.682701 -0.142943 0.716580
vn 0.999947 -0.003292 0.009754
vn 0.692617 0.101660 -0.714106
vn 0.935359 0.053181 -0.349678
vn 0.937088 0.083837 -0.338877
vn 0.697152 0.187621 -0.691938
vn 0.329515 0.132129 -0.934859
vn 0.355428 0.253570 -0.899652
vn -0.000000 0.140081 -0.990140
vn 0.042054 0.267692 -0.962586
vn 0.335872 0.042588 -0.940944
vn 0.000000 0.045249 -0.998976
vn -0.329512 0.132129 -0.934860
vn -0.276209 0.250972 -0.927751
vn -0.692613 0.101660 -0.714109
vn -0.637641 0.197696 -0.744533
vn -0.335868 0.042588 -0.940946
vn -0.699659 0.032299 -0.713746
vn 0.000000 0.015201 -0.999884
vn -0.336472 0.014849 -0.941576
vn -0.700756 0.013243 -0.713278
vn -0.336711 0.009854 -0.941557
vn -0.701096 0.010143 -0.712995
vn 0.000000 0.009702 -0.999953
vn 0.336476 0.014849 -0.941575
vn 0.336714 0.009854 -0.941556
vn -0.701099 0.010144 0.712992
vn -0.701425 0.001841 0.712741
vn -0.938067 0.004650 0.346424
vn -0.937863 0.009982 0.346862
vn -0.999973 0.007337 -0.000417
vn -0.999951 0.009866 0.000000
vn -0.938440 -0.015077 0.345114
vn -0.999999 0.000284 -0.001650
vn -0.702061 -0.031200 0.711433
vn -0.937724 0.010197 -0.347231
vn -0.937865 0.009982 -0.346856
vn -0.937225 0.015828 -0.348365
vn -0.999952 0.009431 0.002581
vn -0.935358 0.053181 -0.349680
vn -0.908451 0.109028 -0.403521
vn -0.998125 0.026441 -0.055209
vn -0.690448 -0.068176 0.720162
vn -0.934239 -0.030266 0.355362
vn -0.952535 -0.046244 0.300896
vn -0.725212 -0.109365 0.679785
vn 0.336820 -0.000209 0.941569
vn 0.336707 0.009854 0.941558
vn -0.000000 -0.000791 1.000000
vn -0.000000 0.009701 0.999953
vn 0.337071 -0.041226 0.940576
vn -0.000000 -0.043748 0.999043
vn -0.336817 -0.000209 0.941570
vn -0.336705 0.009854 0.941559
vn -0.337067 -0.041226 0.940578
vn 0.000000 -0.094796 0.995497
vn -0.328188 -0.089811 0.940333
vn -0.363087 -0.148944 0.919774
vn -0.033691 -0.168333 0.985154
vn 0.328191 -0.089811 0.940332
vn 0.302009 -0.172511 0.937566
vn 0.701122 0.000000 -0.713042
vn 0.937922 0.000000 -0.346847
vn 1.000000 0.000000 0.000001
vn 0.937922 0.000000 -0.346847
vn 1.000000 0.000000 -0.000001
vn 0.701121 0.000000 -0.713042
vn 0.937921 0.000000 0.346849
vn 0.701127 0.000000 0.713037
vn 0.937921 0.000000 0.346850
vn 0.701125 0.000000 0.713039
vn 1.000000 0.000000 -0.000000
vn 0.937921 0.000000 0.346850
vn 0.701125 0.000000 0.713038
vn 0.701121 0.000000 -0.713042
vn 0.937922 0.000000 -0.346847
vn 0.336705 0.000000 -0.941610
vn -0.000000 0.000000 -1.000000
vn 0.336705 0.000000 -0.941610
vn -0.000000 0.000000 -1.000000
vn -0.336703 0.000000 -0.941611
vn -0.701121 0.000000 -0.713042
vn -0.336703 0.000000 -0.941611
vn -0.701121 0.000000 -0.713042
vn 0.000000 0.000000 -1.000000
vn -0.336703 0.000000 -0.941611
vn -0.701122 0.000000 -0.713041
vn 0.336705 0.000000 -0.941610
vn -0.701126 0.000000 0.713038
vn -0.937919 0.000000 0.346854
vn -1.000000 0.000000 -0.000000
vn -0.937919 0.000000 0.346854
vn -1.000000 0.000000 0.000000
vn -0.701125 0.000000 0.713038
vn -0.937920 0.000000 -0.346852
vn -0.937920 0.000000 -0.346852
vn -1.000000 0.000000 0.000000
vn -0.937920 0.000000 -0.346852
vn -0.701125 0.000000 0.713038
vn -0.937919 0.000000 0.346854
vn 0.336684 0.000000 0.941618
vn -0.000000 0.000000 1.000000
vn 0.336684 0.000000 0.941618
vn -0.000000 0.000000 1.000000
vn -0.336682 0.000000 0.941618
vn -0.336681 0.000000 0.941619
vn -0.000000 0.000000 1.000000
vn -0.336682 0.000000 0.941619
vn 0.336684 0.000000 0.941618
vn 0.766938 0.364366 -0.528245
vn 0.443809 0.519404 -0.730242
vn 0.380425 0.735713 -0.560360
vn 0.727685 0.542173 -0.420146
vn 0.969325 0.187659 -0.158726
vn 0.972291 0.120592 -0.200270
vn 0.982085 -0.159711 0.100007
vn 0.988504 -0.096780 0.116166
vn 0.821900 -0.463417 0.331249
vn 0.861122 -0.292305 0.415966
vn 0.497160 -0.696767 0.517056
vn 0.550940 -0.464883 0.693072
vn 0.154477 -0.788890 0.594802
vn 0.159773 -0.538138 0.827575
vn -0.118393 -0.792844 0.597814
vn -0.160013 -0.525052 0.835892
vn -0.389823 -0.737626 0.551313
vn -0.464247 -0.461479 0.755984
vn -0.714373 -0.565937 0.411566
vn -0.789142 -0.322591 0.522676
vn -0.956595 -0.244486 0.158594
vn -0.979522 -0.107398 0.170301
vn -0.990250 0.094901 -0.101979
vn -0.983022 0.104787 -0.150623
vn -0.851720 0.404058 -0.333633
vn -0.842290 0.304211 -0.444976
vn -0.539829 0.663249 -0.518350
vn -0.527003 0.479647 -0.701574
vn -0.185617 0.781604 -0.595518
vn -0.157374 0.564152 -0.810534
vn 0.096471 0.793209 -0.601259
vn 0.147942 0.571029 -0.807489
vn 0.999764 -0.001832 0.021656
vn 0.907252 -0.278191 0.315441
vn 0.857926 -0.423143 0.291398
vn 0.993556 -0.096869 0.058851
vn 0.947878 0.254196 -0.192124
vn 0.917947 0.295578 -0.264587
vn 0.680031 0.591613 -0.433073
vn 0.635267 0.571368 -0.519590
vn 0.339363 0.760610 -0.553448
vn 0.285601 0.712262 -0.641182
vn 0.624354 -0.520356 0.582590
vn 0.281644 -0.638041 0.716645
vn 0.204254 -0.796392 0.569245
vn 0.549130 -0.682173 0.482801
vn -0.002777 -0.663691 0.748001
vn -0.287379 -0.635940 0.716236
vn -0.343803 -0.765230 0.544264
vn -0.069744 -0.811796 0.579761
vn -0.630427 -0.514485 0.581264
vn -0.911915 -0.268418 0.310423
vn -0.948253 -0.259974 0.182290
vn -0.683578 -0.595183 0.422466
vn -0.999885 0.006963 0.013440
vn -0.913346 0.301136 -0.274072
vn -0.859583 0.411245 -0.303307
vn -0.993420 0.090420 -0.070291
vn -0.628251 0.573553 -0.525678
vn -0.277608 0.713231 -0.643611
vn -0.207832 0.793282 -0.572284
vn -0.549388 0.676445 -0.490505
vn 0.004090 0.744775 -0.667303
vn 0.064603 0.808506 -0.584932
vn 0.587018 0.807152 -0.062575
vn 0.888369 0.458386 -0.026121
vn 0.855752 0.319097 -0.407266
vn 0.542896 0.546774 -0.637418
vn 0.242887 0.647010 -0.722761
vn 0.261448 0.962080 -0.077762
vn 0.998802 0.046446 0.015400
vn 0.991764 0.053719 -0.116265
vn 0.927565 -0.369108 0.058165
vn 0.949538 -0.226706 0.216755
vn 0.654426 -0.750193 0.094538
vn 0.678492 -0.485498 0.551308
vn 0.292018 -0.949854 0.111818
vn 0.297797 -0.609745 0.734526
vn 0.000428 -0.993375 0.114913
vn 0.000085 -0.632307 0.774718
vn -0.291096 -0.950485 0.108815
vn -0.297544 -0.608865 0.735358
vn -0.653580 -0.751723 0.088008
vn -0.677995 -0.483744 0.553456
vn -0.927410 -0.370783 0.049302
vn -0.949387 -0.224498 0.219696
vn -0.998961 0.045166 0.006059
vn -0.991933 0.056135 -0.113658
vn -0.888495 0.457606 -0.034250
vn -0.855803 0.321296 -0.405425
vn -0.586602 0.807032 -0.067802
vn -0.542753 0.548144 -0.636363
vn -0.260719 0.962094 -0.080010
vn -0.242751 0.647581 -0.722296
vn 0.000390 0.996664 -0.081607
vn 0.000063 0.671496 -0.741008
vn -0.273994 0.961683 0.009687
vn -0.000149 0.999953 0.009715
vn 0.273643 0.961771 0.010729
vn 0.647294 0.453029 -0.613006
vn 0.917111 0.233179 -0.323320
vn 0.999993 -0.003574 -0.000645
vn 0.907208 -0.243787 0.342844
vn 0.617483 -0.447270 0.647043
vn 0.279178 -0.542007 0.792646
vn -0.000078 -0.563437 0.826159
vn -0.279292 -0.541441 0.792993
vn -0.617408 -0.446109 0.647915
vn -0.906979 -0.242207 0.344564
vn -0.999997 -0.001850 0.001370
vn -0.917270 0.234835 -0.321666
vn -0.647496 0.454204 -0.611921
vn 0.293385 0.573011 -0.765234
vn -0.000067 0.601520 -0.798858
vn -0.293561 0.573547 -0.764765
vn 0.999983 0.005768 -0.000860
vn 0.998813 -0.048293 -0.006305
vn 0.915835 -0.226342 -0.331686
vn 0.936549 -0.016192 -0.350162
vn 0.936559 0.028857 0.349321
vn 0.936396 0.141932 0.320962
vn 0.651439 -0.392390 -0.649352
vn 0.696887 -0.038704 -0.716136
vn 0.303155 -0.478666 -0.824000
vn 0.334535 -0.052503 -0.940920
vn 0.695160 0.054756 0.716767
vn 0.684210 0.345784 0.642098
vn 0.332485 0.071720 0.940378
vn 0.316823 0.471725 0.822860
vn -0.000000 -0.055864 -0.998438
vn -0.000258 -0.499584 -0.866266
vn -0.303625 -0.478721 -0.823795
vn -0.334531 -0.052514 -0.940920
vn -0.651691 -0.392491 -0.649037
vn -0.696873 -0.038724 -0.716149
vn -0.915871 -0.226488 -0.331486
vn -0.936535 -0.016210 -0.350198
vn -0.999983 0.005760 -0.000883
vn -0.998810 -0.048376 -0.006223
vn -0.936349 0.142059 0.321043
vn -0.936554 0.028866 0.349332
vn -0.683823 0.346190 0.642292
vn -0.695119 0.054783 0.716805
vn -0.315968 0.472060 0.822997
vn -0.332416 0.071748 0.940400
vn 0.000036 0.075994 0.997108
vn 0.000501 0.503841 0.863796
vn 0.696898 -0.038703 0.716125
vn 0.651440 -0.392389 0.649352
vn 0.915835 -0.226341 0.331686
vn 0.936548 -0.016191 0.350166
vn 0.334534 -0.052503 0.940920
vn 0.303151 -0.478666 0.824002
vn 0.998813 -0.048291 0.006303
vn 0.999983 0.005768 0.000861
vn 0.936396 0.141934 -0.320962
vn 0.936558 0.028857 -0.349323
vn 0.684218 0.345783 -0.642090
vn 0.695166 0.054756 -0.716761
vn 0.316812 0.471728 -0.822863
vn 0.332482 0.071721 -0.940378
vn -0.696881 -0.038723 0.716141
vn -0.651689 -0.392488 0.649041
vn -0.303622 -0.478718 0.823798
vn -0.334529 -0.052514 0.940921
vn -0.936534 -0.016209 0.350201
vn -0.915870 -0.226489 0.331490
vn -0.000262 -0.499579 0.866268
vn -0.000001 -0.055865 0.998438
vn -0.695128 0.054783 -0.716796
vn -0.683827 0.346187 -0.642289
vn -0.936350 0.142060 -0.321043
vn -0.936554 0.028865 -0.349333
vn -0.332414 0.071748 -0.940401
vn -0.315968 0.472060 -0.822996
vn -0.998810 -0.048376 0.006224
vn -0.999983 0.005760 0.000883
vn 0.000498 0.503841 -0.863796
vn 0.000039 0.075994 -0.997108
vn 0.698716 -0.040078 -0.714276
vn 0.937433 -0.018715 -0.347661
vn 0.999997 0.001895 0.001521
vn 0.936393 0.022821 0.350211
vn 0.697025 0.044967 0.715635
vn -0.698715 -0.040078 -0.714276
vn -0.334381 -0.053213 -0.940935
vn 0.000001 -0.056516 -0.998402
vn 0.334381 -0.053213 -0.940935
vn -0.697023 0.044967 0.715638
vn -0.936390 0.022821 0.350218
vn -0.999997 0.001894 0.001520
vn -0.937431 -0.018716 -0.347669
vn 0.333463 0.058644 0.940937
vn -0.000001 0.062132 0.998068
vn -0.333464 0.058644 0.940937
vn 0.937432 -0.018715 0.347666
vn 0.698725 -0.040078 0.714267
vn 0.999997 0.001895 -0.001520
vn 0.936392 0.022822 -0.350213
vn 0.697031 0.044967 -0.715630
vn -0.334379 -0.053214 0.940935
vn -0.698725 -0.040078 0.714267
vn 0.000002 -0.056517 0.998402
vn 0.334381 -0.053213 0.940935
vn -0.936389 0.022821 -0.350220
vn -0.697030 0.044967 -0.715631
vn -0.999997 0.001894 -0.001519
vn -0.937429 -0.018716 0.347672
vn 0.333472 0.058643 -0.940934
vn 0.000001 0.062132 -0.998068
vn -0.333472 0.058644 -0.940934
vn 0.677744 0.388867 0.624056
vn 0.678704 0.061921 0.731797
vn 0.926758 0.029950 0.374464
vn 0.927693 0.207216 0.310558
vn 0.322513 0.492461 0.808373
vn 0.321332 0.081608 0.943444
vn 0.000001 0.519638 0.854386
vn -0.000000 0.087114 0.996198
vn 0.999327 -0.000806 0.036682
vn 0.999895 0.013429 -0.005428
vn 0.952087 -0.031269 -0.304224
vn 0.926489 -0.185990 -0.327149
vn 0.727854 -0.062920 -0.682839
vn 0.667819 -0.374972 -0.642973
vn 0.345981 -0.083463 -0.934522
vn 0.314339 -0.479715 -0.819185
vn 0.000027 -0.089024 -0.996029
vn 0.000026 -0.507258 -0.861794
vn -0.345989 -0.083454 -0.934520
vn -0.314348 -0.479735 -0.819171
vn -0.727885 -0.062925 -0.682805
vn -0.667833 -0.374949 -0.642971
vn -0.952081 -0.031270 -0.304242
vn -0.926481 -0.186003 -0.327163
vn -0.999327 -0.000806 0.036679
vn -0.999895 0.013430 -0.005427
vn -0.926755 0.029949 0.374471
vn -0.927692 0.207217 0.310563
vn -0.678699 0.061922 0.731802
vn -0.677733 0.388873 0.624064
vn -0.321334 0.081607 0.943443
vn -0.322510 0.492461 0.808374
vn 0.675947 0.402450 -0.617358
vn 0.678829 0.062364 -0.731643
vn 0.321431 0.081998 -0.943376
vn 0.322050 0.504113 -0.801345
vn 0.925768 0.223283 -0.305119
vn 0.926822 0.030471 -0.374262
vn -0.000000 0.087499 -0.996165
vn 0.000000 0.530849 -0.847467
vn 0.999464 0.031009 0.010512
vn 0.999336 -0.000221 -0.036425
vn 0.927903 -0.167902 0.332873
vn 0.952014 -0.030714 0.304509
vn 0.670719 -0.357211 0.650028
vn 0.727770 -0.062408 0.682976
vn 0.316352 -0.463579 0.827657
vn 0.345918 -0.082955 0.934590
vn -0.000012 -0.491764 0.870729
vn -0.000014 -0.088516 0.996075
vn -0.316331 -0.463560 0.827676
vn -0.345894 -0.082964 0.934598
vn -0.670696 -0.357242 0.650035
vn -0.727732 -0.062404 0.683017
vn -0.927909 -0.167888 0.332864
vn -0.952025 -0.030714 0.304477
vn -0.999464 0.031010 0.010511
vn -0.999336 -0.000221 -0.036422
vn -0.925767 0.223284 -0.305123
vn -0.926819 0.030470 -0.374269
vn -0.675936 0.402456 -0.617366
vn -0.678824 0.062365 -0.731648
vn -0.322044 0.504114 -0.801347
vn -0.321432 0.081998 -0.943376
s 1
g pCube5
usemtl initialShadingGroup
f 891/1207/963 1016/1208/964 1080/1209/965 1019/1210/966
f 1016/1208/964 928/1213/967 1017/1214/968 1080/1209/965
f 1080/1209/965 1017/1214/968 943/1223/969 1018/1215/970
f 1019/1210/966 1080/1209/965 1018/1215/970 931/1216/971
f 928/1213/967 1020/1221/972 1081/1222/973 1017/1214/968
f 1020/1221/972 892/1230/974 1021/1231/975 1081/1222/973
f 1081/1222/973 1021/1231/975 929/1241/976 1022/1232/977
f 1017/1214/968 1081/1222/973 1022/1232/977 943/1223/969
f 943/1839/969 1022/1840/977 1082/1841/978 1025/1842/979
f 1022/1840/977 929/1843/976 1023/1844/980 1082/1841/978
f 1082/1420/978 1023/1406/980 910/1413/981 1024/1421/982
f 1025/1842/979 1082/1841/978 1024/1845/982 930/1846/983
f 931/1852/971 1018/1847/970 1083/1848/984 1027/1853/985
f 1018/1847/970 943/1839/969 1025/1842/979 1083/1848/984
f 1083/1848/984 1025/1842/979 930/1846/983 1026/1851/986
f 1027/1621/985 1083/1632/984 1026/1633/986 907/1626/987
f 908/1638/988 1028/1645/989 1084/1646/990 1031/1631/991
f 1028/1901/989 932/1902/992 1029/1903/993 1084/1904/990
f 1084/1904/990 1029/1903/993 944/1909/994 1030/1910/995
f 1031/1915/991 1084/1904/990 1030/1910/995 935/1916/996
f 932/1902/992 1032/1907/997 1085/1908/998 1029/1903/993
f 1032/1407/997 909/1401/999 1033/1396/1000 1085/1408/998
f 1085/1908/998 1033/1920/1000 933/1921/1001 1034/1914/1002
f 1029/1903/993 1085/1908/998 1034/1914/1002 944/1909/994
f 944/1257/994 1034/1262/1002 1086/1258/1003 1037/1252/1004
f 1034/1262/1002 933/1263/1001 1035/1260/1005 1086/1258/1003
f 1086/1258/1003 1035/1260/1005 894/1259/1006 1036/1253/1007
f 1037/1252/1004 1086/1258/1003 1036/1253/1007 934/1245/1008
f 935/1250/996 1030/1251/995 1087/1244/1009 1039/1243/1010
f 1030/1251/995 944/1257/994 1037/1252/1004 1087/1244/1009
f 1087/1244/1009 1037/1252/1004 934/1245/1008 1038/1236/1011
f 1039/1243/1010 1087/1244/1009 1038/1236/1011 893/1235/1012
f 893/1235/1012 1038/1236/1011 1088/1227/1013 1042/1226/1014
f 1038/1236/1011 934/1245/1008 1040/1237/1015 1088/1227/1013
f 1088/1227/1013 1040/1237/1015 945/1228/1016 1041/1219/1017
f 1042/1226/1014 1088/1227/1013 1041/1219/1017 937/1218/1018
f 934/1245/1008 1036/1253/1007 1089/1246/1019 1040/1237/1015
f 1036/1253/1007 894/1259/1006 1043/1254/1020 1089/1246/1019
f 1089/1246/1019 1043/1254/1020 936/1247/1021 1044/1238/1022
f 1040/1237/1015 1089/1246/1019 1044/1238/1022 945/1228/1016
f 945/1228/1016 1044/1238/1022 1090/1229/1023 1046/1220/1024
f 1044/1238/1022 936/1247/1021 1045/1239/1025 1090/1229/1023
f 1090/1229/1023 1045/1239/1025 892/1230/974 1020/1221/972
f 1046/1220/1024 1090/1229/1023 1020/1221/972 928/1213/967
f 937/1218/1018 1041/1219/1017 1091/1212/1026 1047/1211/1027
f 1041/1219/1017 945/1228/1016 1046/1220/1024 1091/1212/1026
f 1091/1212/1026 1046/1220/1024 928/1213/967 1016/1208/964
f 1047/1211/1027 1091/1212/1026 1016/1208/964 891/1207/963
f 892/1230/974 1045/1239/1025 1092/1240/1028 1021/1231/975
f 1045/1239/1025 936/1247/1021 1048/1248/1029 1092/1240/1028
f 1092/1240/1028 1048/1248/1029 946/1256/1030 1049/1249/1031
f 1021/1231/975 1092/1240/1028 1049/1249/1031 929/1241/976
f 936/1247/1021 1043/1254/1020 1093/1255/1032 1048/1248/1029
f 1043/1254/1020 894/1259/1006 1035/1260/1005 1093/1255/1032
f 1093/1255/1032 1035/1260/1005 933/1263/1001 1050/1261/1033
f 1048/1248/1029 1093/1255/1032 1050/1261/1033 946/1256/1030
f 946/1391/1030 1050/1392/1033 1094/1393/1034 1052/1394/1035
f 1050/1392/1033 933/1395/1001 1033/1396/1000 1094/1393/1034
f 1094/1393/1034 1033/1396/1000 909/1401/999 1051/1397/1036
f 1052/1394/1035 1094/1393/1034 1051/1397/1036 938/1398/1037
f 929/1405/976 1049/1399/1031 1095/1400/1038 1023/1406/980
f 1049/1399/1031 946/1391/1030 1052/1394/1035 1095/1400/1038
f 1095/1400/1038 1052/1394/1035 938/1398/1037 1053/1404/1039
f 1023/1406/980 1095/1400/1038 1053/1404/1039 910/1413/981
f 893/1235/1012 1042/1226/1014 1096/1234/1040 1039/1243/1010
f 1042/1226/1014 937/1218/1018 1054/1225/1041 1096/1234/1040
f 1096/1234/1040 1054/1225/1041 947/1233/1042 1055/1242/1043
f 1039/1243/1010 1096/1234/1040 1055/1242/1043 935/1250/996
f 937/1218/1018 1047/1211/1027 1097/1217/1044 1054/1225/1041
f 1047/1211/1027 891/1207/963 1019/1210/966 1097/1217/1044
f 1097/1217/1044 1019/1210/966 931/1216/971 1056/1224/1045
f 1054/1225/1041 1097/1217/1044 1056/1224/1045 947/1233/1042
f 947/1616/1042 1056/1617/1045 1098/1618/1046 1058/1619/1047
f 1056/1617/1045 931/1620/971 1027/1621/985 1098/1618/1046
f 1098/1618/1046 1027/1621/985 907/1626/987 1057/1622/1048
f 1058/1619/1047 1098/1618/1046 1057/1622/1048 939/1623/1049
f 935/1630/996 1055/1624/1043 1099/1625/1050 1031/1631/991
f 1055/1624/1043 947/1616/1042 1058/1619/1047 1099/1625/1050
f 1099/1625/1050 1058/1619/1047 939/1623/1049 1059/1629/1051
f 1031/1631/991 1099/1625/1050 1059/1629/1051 908/1638/988
f 1100/1723/1052 1060/1720/1053 1256/1725/1054 1260/1728/1055
f 1061/1727/1056 1100/1723/1052 1260/1728/1055 1252/1732/1057
f 1101/1719/1058 1062/1721/1059 1254/1726/1060 1261/1724/1061
f 1060/1720/1053 1101/1719/1058 1261/1724/1061 1256/1725/1054
f 1104/1499/1062 1065/1496/1063 1258/1501/1064 1264/1504/1065
f 1066/1503/1066 1104/1499/1062 1264/1504/1065 1255/1508/1067
f 1105/1495/1068 1063/1497/1069 1253/1502/1070 1265/1500/1071
f 1065/1496/1063 1105/1495/1068 1265/1500/1071 1258/1501/1064
f 1106/1264/1072 1067/1265/1073 1259/1266/1074 1266/1267/1075
f 1062/1274/1059 1106/1264/1072 1266/1267/1075 1254/1275/1060
f 1107/1270/1076 1066/1280/1066 1255/1281/1067 1267/1271/1077
f 1067/1265/1073 1107/1270/1076 1267/1271/1077 1259/1266/1074
f 904/1666/1078 960/1658/1079 1108/1665/1080 963/1673/1081
f 960/1658/1079 916/1650/1082 961/1657/1083 1108/1665/1080
f 1108/1665/1080 961/1657/1083 948/1664/1084 962/1672/1085
f 963/1673/1081 1108/1665/1080 962/1672/1085 918/1680/1086
f 916/1650/1082 964/1649/1087 1109/1656/1088 961/1657/1083
f 964/1649/1087 903/1655/1089 965/1662/1090 1109/1656/1088
f 1109/1656/1088 965/1662/1090 917/1669/1091 966/1663/1092
f 961/1657/1083 1109/1656/1088 966/1663/1092 948/1664/1084
f 948/1664/1084 966/1663/1092 1110/1670/1093 968/1671/1094
f 966/1663/1092 917/1669/1091 967/1676/1095 1110/1670/1093
f 1110/1670/1093 967/1676/1095 895/1683/1096 1069/1677/1097
f 968/1671/1094 1110/1670/1093 1069/1677/1097 940/1678/1098
f 918/1680/1086 962/1672/1085 1111/1679/1099 969/1687/1100
f 962/1672/1085 948/1664/1084 968/1671/1094 1111/1679/1099
f 1111/1679/1099 968/1671/1094 940/1678/1098 1068/1686/1101
f 969/1687/1100 1111/1679/1099 1068/1686/1101 896/1693/1102
f 896/1693/1102 959/1700/1103 1112/1694/1104 969/1687/1100
f 959/1934/1103 915/1935/1105 970/1932/1106 1112/1931/1104
f 1112/1931/1104 970/1932/1106 949/1929/1107 971/1928/1108
f 969/1687/1100 1112/1694/1104 971/1688/1108 918/1680/1086
f 915/1935/1105 958/1939/1109 1113/1936/1110 970/1932/1106
f 958/1464/1109 897/1458/1111 972/1451/1112 1113/1457/1110
f 1113/1457/1110 972/1451/1112 919/1444/1113 973/1450/1114
f 970/1932/1106 1113/1936/1110 973/1933/1114 949/1929/1107
f 949/1929/1107 973/1933/1114 1114/1930/1115 976/1926/1116
f 973/1450/1114 919/1444/1113 974/1437/1117 1114/1443/1115
f 1114/1443/1115 974/1437/1117 905/1430/1118 975/1436/1119
f 976/1926/1116 1114/1930/1115 975/1927/1119 920/1923/1120
f 918/1680/1086 971/1688/1108 1115/1681/1121 963/1673/1081
f 971/1928/1108 949/1929/1107 976/1926/1116 1115/1925/1121
f 1115/1925/1121 976/1926/1116 920/1923/1120 977/1922/1122
f 963/1673/1081 1115/1681/1121 977/1674/1122 904/1666/1078
f 906/1441/1123 978/1433/1124 1116/1440/1125 981/1448/1126
f 978/1433/1124 921/1425/1127 979/1432/1128 1116/1440/1125
f 1116/1440/1125 979/1432/1128 950/1439/1129 980/1447/1130
f 981/1448/1126 1116/1440/1125 980/1447/1130 922/1455/1131
f 921/1425/1127 982/1424/1132 1117/1431/1133 979/1432/1128
f 982/1424/1132 905/1430/1118 974/1437/1117 1117/1431/1133
f 1117/1431/1133 974/1437/1117 919/1444/1113 983/1438/1134
f 979/1432/1128 1117/1431/1133 983/1438/1134 950/1439/1129
f 950/1439/1129 983/1438/1134 1118/1445/1135 984/1446/1136
f 983/1438/1134 919/1444/1113 972/1451/1112 1118/1445/1135
f 1118/1445/1135 972/1451/1112 897/1458/1111 1077/1452/1137
f 984/1446/1136 1118/1445/1135 1077/1452/1137 912/1453/1138
f 922/1455/1131 980/1447/1130 1119/1454/1139 985/1462/1140
f 980/1447/1130 950/1439/1129 984/1446/1136 1119/1454/1139
f 1119/1454/1139 984/1446/1136 912/1453/1138 1076/1461/1141
f 985/1462/1140 1119/1454/1139 1076/1461/1141 898/1469/1142
f 903/1655/1089 986/1661/1143 1120/1668/1144 965/1662/1090
f 986/1865/1143 923/1861/1145 987/1864/1146 1120/1868/1144
f 1120/1868/1144 987/1864/1146 951/1867/1147 988/1871/1148
f 965/1662/1090 1120/1668/1144 988/1675/1148 917/1669/1091
f 923/1861/1145 989/1860/1149 1121/1863/1150 987/1864/1146
f 989/1449/1149 906/1441/1123 981/1448/1126 1121/1456/1150
f 1121/1456/1150 981/1448/1126 922/1455/1131 990/1463/1151
f 987/1864/1146 1121/1863/1150 990/1866/1151 951/1867/1147
f 951/1867/1147 990/1866/1151 1122/1869/1152 991/1870/1153
f 990/1463/1151 922/1455/1131 985/1462/1140 1122/1470/1152
f 1122/1869/1152 985/1875/1140 898/1876/1142 1073/1872/1154
f 991/1870/1153 1122/1869/1152 1073/1872/1154 942/1873/1155
f 917/1669/1091 988/1675/1148 1123/1682/1156 967/1676/1095
f 988/1871/1148 951/1867/1147 991/1870/1153 1123/1874/1156
f 1123/1874/1156 991/1870/1153 942/1873/1155 1072/1879/1157
f 967/1883/1095 1123/1874/1156 1072/1879/1157 895/1884/1096
f 908/1638/988 1059/1629/1051 1124/1637/1158 994/1644/1159
f 1059/1629/1051 939/1623/1049 992/1628/1160 1124/1637/1158
f 1124/1637/1158 992/1628/1160 952/1636/1161 993/1643/1162
f 994/1644/1159 1124/1637/1158 993/1643/1162 925/1652/1163
f 939/1623/1049 1057/1622/1048 1125/1627/1164 992/1628/1160
f 1057/1622/1048 907/1626/987 995/1634/1165 1125/1627/1164
f 1125/1627/1164 995/1634/1165 924/1640/1166 996/1635/1167
f 992/1628/1160 1125/1627/1164 996/1635/1167 952/1636/1161
f 952/1636/1161 996/1635/1167 1126/1641/1168 998/1642/1169
f 996/1635/1167 924/1640/1166 997/1648/1170 1126/1641/1168
f 1126/1641/1168 997/1648/1170 903/1655/1089 964/1649/1087
f 998/1642/1169 1126/1641/1168 964/1649/1087 916/1650/1082
f 925/1652/1163 993/1643/1162 1127/1651/1171 999/1659/1172
f 993/1643/1162 952/1636/1161 998/1642/1169 1127/1651/1171
f 1127/1651/1171 998/1642/1169 916/1650/1082 960/1658/1079
f 999/1659/1172 1127/1651/1171 960/1658/1079 904/1666/1078
f 904/1666/1078 977/1674/1122 1128/1667/1173 999/1659/1172
f 977/1922/1122 920/1923/1120 1000/1918/1174 1128/1917/1173
f 1128/1917/1173 1000/1918/1174 953/1912/1175 1001/1911/1176
f 999/1659/1172 1128/1667/1173 1001/1660/1176 925/1652/1163
f 920/1923/1120 975/1927/1119 1129/1924/1177 1000/1918/1174
f 975/1436/1119 905/1430/1118 1002/1423/1178 1129/1429/1177
f 1129/1429/1177 1002/1423/1178 926/1415/1179 1003/1422/1180
f 1000/1918/1174 1129/1924/1177 1003/1919/1180 953/1912/1175
f 953/1912/1175 1003/1919/1180 1130/1913/1181 1005/1906/1182
f 1003/1422/1180 926/1415/1179 1004/1409/1183 1130/1414/1181
f 1130/1414/1181 1004/1409/1183 909/1401/999 1032/1407/997
f 1005/1906/1182 1130/1913/1181 1032/1907/997 932/1902/992
f 925/1652/1163 1001/1660/1176 1131/1653/1184 994/1644/1159
f 1001/1911/1176 953/1912/1175 1005/1906/1182 1131/1905/1184
f 1131/1905/1184 1005/1906/1182 932/1902/992 1028/1901/989
f 994/1644/1159 1131/1653/1184 1028/1645/989 908/1638/988
f 910/1413/981 1053/1404/1039 1132/1412/1185 1008/1419/1186
f 1053/1404/1039 938/1398/1037 1006/1403/1187 1132/1412/1185
f 1132/1412/1185 1006/1403/1187 954/1411/1188 1007/1418/1189
f 1008/1419/1186 1132/1412/1185 1007/1418/1189 927/1427/1190
f 938/1398/1037 1051/1397/1036 1133/1402/1191 1006/1403/1187
f 1051/1397/1036 909/1401/999 1004/1409/1183 1133/1402/1191
f 1133/1402/1191 1004/1409/1183 926/1415/1179 1009/1410/1192
f 1006/1403/1187 1133/1402/1191 1009/1410/1192 954/1411/1188
f 954/1411/1188 1009/1410/1192 1134/1416/1193 1010/1417/1194
f 1009/1410/1192 926/1415/1179 1002/1423/1178 1134/1416/1193
f 1134/1416/1193 1002/1423/1178 905/1430/1118 982/1424/1132
f 1010/1417/1194 1134/1416/1193 982/1424/1132 921/1425/1127
f 927/1427/1190 1007/1418/1189 1135/1426/1195 1011/1434/1196
f 1007/1418/1189 954/1411/1188 1010/1417/1194 1135/1426/1195
f 1135/1426/1195 1010/1417/1194 921/1425/1127 978/1433/1124
f 1011/1434/1196 1135/1426/1195 978/1433/1124 906/1441/1123
f 907/1626/987 1026/1633/986 1136/1639/1197 995/1634/1165
f 1026/1851/986 930/1846/983 1012/1850/1198 1136/1856/1197
f 1136/1856/1197 1012/1850/1198 955/1855/1199 1013/1859/1200
f 995/1634/1165 1136/1639/1197 1013/1647/1200 924/1640/1166
f 930/1846/983 1024/1845/982 1137/1849/1201 1012/1850/1198
f 1024/1421/982 910/1413/981 1008/1419/1186 1137/1428/1201
f 1137/1428/1201 1008/1419/1186 927/1427/1190 1014/1435/1202
f 1012/1850/1198 1137/1849/1201 1014/1854/1202 955/1855/1199
f 955/1855/1199 1014/1854/1202 1138/1857/1203 1015/1858/1204
f 1014/1435/1202 927/1427/1190 1011/1434/1196 1138/1442/1203
f 1138/1442/1203 1011/1434/1196 906/1441/1123 989/1449/1149
f 1015/1858/1204 1138/1857/1203 989/1860/1149 923/1861/1145
f 924/1640/1166 1013/1647/1200 1139/1654/1205 997/1648/1170
f 1013/1859/1200 955/1855/1199 1015/1858/1204 1139/1862/1205
f 1139/1862/1205 1015/1858/1204 923/1861/1145 986/1865/1143
f 997/1648/1170 1139/1654/1205 986/1661/1143 903/1655/1089
f 1140/1699/1206 1141/1702/1207 1170/1705/1208 1171/1704/1209
f 1141/1702/1207 1140/1699/1206 1142/1692/1210 1143/1696/1211
f 1143/1696/1211 1142/1692/1210 1145/1685/1212 1144/1690/1213
f 1144/1690/1213 1145/1685/1212 1146/1684/1214 1147/1691/1215
f 1147/1691/1215 1146/1684/1214 1149/1689/1216 1148/1695/1217
f 1148/1889/1217 1149/1888/1216 1150/1882/1218 1151/1885/1219
f 1151/1885/1219 1150/1882/1218 1153/1878/1220 1152/1880/1221
f 1152/1880/1221 1153/1878/1220 1154/1877/1222 1155/1881/1223
f 1155/1481/1223 1154/1480/1222 1157/1475/1224 1156/1477/1225
f 1156/1477/1225 1157/1475/1224 1158/1468/1226 1159/1472/1227
f 1159/1472/1227 1158/1468/1226 1161/1460/1228 1160/1466/1229
f 1160/1466/1229 1161/1460/1228 1162/1459/1230 1163/1467/1231
f 1163/1467/1231 1162/1459/1230 1165/1465/1232 1164/1471/1233
f 1164/1949/1233 1165/1946/1232 1169/1942/1234 1168/1943/1235
f 1166/1940/1236 1167/1938/1237 1171/1937/1209 1170/1941/1208
f 1167/1938/1237 1166/1940/1236 1168/1943/1235 1169/1942/1234
f 896/1693/1102 1068/1686/1101 1142/1692/1210 1140/1699/1206
f 1068/1686/1101 940/1678/1098 1145/1685/1212 1142/1692/1210
f 940/1678/1098 1069/1677/1097 1146/1684/1214 1145/1685/1212
f 1069/1677/1097 895/1683/1096 1149/1689/1216 1146/1684/1214
f 895/1884/1096 1072/1879/1157 1150/1882/1218 1149/1888/1216
f 1072/1879/1157 942/1873/1155 1153/1878/1220 1150/1882/1218
f 942/1873/1155 1073/1872/1154 1154/1877/1222 1153/1878/1220
f 1073/1479/1154 898/1469/1142 1157/1475/1224 1154/1480/1222
f 898/1469/1142 1076/1461/1141 1158/1468/1226 1157/1475/1224
f 1076/1461/1141 912/1453/1138 1161/1460/1228 1158/1468/1226
f 912/1453/1138 1077/1452/1137 1162/1459/1230 1161/1460/1228
f 1077/1452/1137 897/1458/1111 1165/1465/1232 1162/1459/1230
f 1169/1942/1234 1165/1946/1232 897/1947/1111 958/1939/1109
f 1167/1938/1237 1169/1942/1234 958/1939/1109 915/1935/1105
f 1171/1937/1209 1167/1938/1237 915/1935/1105 959/1934/1103
f 1140/1699/1206 1171/1704/1209 959/1700/1103 896/1693/1102
f 1172/2127/1238 1173/1698/1239 1181/1697/1240 1180/2121/1241
f 1173/1698/1239 1172/2127/1238 1174/2125/1242 1175/1703/1243
f 1175/1703/1243 1174/2125/1242 1176/2150/1244 1177/1706/1245
f 1177/1706/1245 1176/2150/1244 1200/1709/1246 1201/1708/1247
f 1178/2123/1248 1179/1701/1249 1185/1707/1250 1184/2133/1251
f 1179/1701/1249 1178/2123/1248 1180/2121/1241 1181/1697/1240
f 1182/2136/1252 1183/1887/1253 1189/1886/1254 1188/2129/1255
f 1183/1887/1253 1182/2136/1252 1184/1892/1251 1185/1890/1250
f 1186/2131/1256 1187/1482/1257 1193/1478/1258 1192/2142/1259
f 1187/1482/1257 1186/2131/1256 1188/1485/1255 1189/1484/1254
f 1190/2144/1260 1191/1474/1261 1197/1473/1262 1196/2138/1263
f 1191/1474/1261 1190/2144/1260 1192/2142/1259 1193/1478/1258
f 1194/2140/1264 1195/1476/1265 1203/1483/1266 1202/2152/1267
f 1195/1476/1265 1194/2140/1264 1196/2138/1263 1197/1473/1262
f 1198/2154/1268 1199/1945/1269 1201/1944/1247 1200/2148/1246
f 1199/1945/1269 1198/2154/1268 1202/1950/1267 1203/1948/1266
f 1143/1696/1211 1144/1690/1213 1173/1698/1239 1175/1703/1243
f 1141/1702/1207 1143/1696/1211 1175/1703/1243 1177/1706/1245
f 1147/1691/1215 1148/1695/1217 1179/1701/1249 1181/1697/1240
f 1144/1690/1213 1147/1691/1215 1181/1697/1240 1173/1698/1239
f 1151/1885/1219 1152/1880/1221 1183/1887/1253 1185/1890/1250
f 1148/1889/1217 1151/1885/1219 1185/1890/1250 1179/1891/1249
f 1155/1481/1223 1156/1477/1225 1187/1482/1257 1189/1484/1254
f 1152/1880/1221 1155/1881/1223 1189/1886/1254 1183/1887/1253
f 1159/1472/1227 1160/1466/1229 1191/1474/1261 1193/1478/1258
f 1156/1477/1225 1159/1472/1227 1193/1478/1258 1187/1482/1257
f 1163/1467/1231 1164/1471/1233 1195/1476/1265 1197/1473/1262
f 1160/1466/1229 1163/1467/1231 1197/1473/1262 1191/1474/1261
f 1199/1945/1269 1203/1948/1266 1168/1943/1235 1166/1940/1236
f 1203/1948/1266 1195/1951/1265 1164/1949/1233 1168/1943/1235
f 1177/1706/1245 1201/1708/1247 1170/1705/1208 1141/1702/1207
f 1201/1944/1247 1199/1945/1269 1166/1940/1236 1170/1941/1208
f 1220/1722/1270 1221/1717/1271 1223/1713/1272 1222/1718/1273
f 1221/1324/1271 1220/1318/1270 1250/1310/1274 1251/1316/1275
f 1222/1718/1273 1223/1713/1272 1225/1711/1276 1224/1714/1277
f 1224/1714/1277 1225/1711/1276 1227/1710/1278 1226/1715/1279
f 1226/1715/1279 1227/1710/1278 1229/1712/1280 1228/1716/1281
f 1228/1279/1281 1229/1286/1280 1231/1276/1282 1230/1268/1283
f 1230/1268/1283 1231/1276/1282 1233/1277/1284 1232/1269/1285
f 1232/1269/1285 1233/1277/1284 1235/1287/1286 1234/1278/1287
f 1234/1278/1287 1235/1287/1286 1237/1294/1288 1236/1288/1289
f 1236/1498/1289 1237/1493/1288 1239/1489/1290 1238/1494/1291
f 1238/1494/1291 1239/1489/1290 1241/1487/1292 1240/1490/1293
f 1240/1490/1293 1241/1487/1292 1243/1486/1294 1242/1491/1295
f 1242/1491/1295 1243/1486/1294 1245/1488/1296 1244/1492/1297
f 1244/1306/1297 1245/1315/1296 1247/1307/1298 1246/1301/1299
f 1246/1301/1299 1247/1307/1298 1249/1308/1300 1248/1302/1301
f 1248/1302/1301 1249/1308/1300 1251/1316/1275 1250/1310/1274
f 1220/1722/1270 1222/1718/1273 1100/1723/1052 1061/1727/1056
f 1222/1718/1273 1224/1714/1277 1060/1720/1053 1100/1723/1052
f 1224/1714/1277 1226/1715/1279 1101/1719/1058 1060/1720/1053
f 1226/1715/1279 1228/1716/1281 1062/1721/1059 1101/1719/1058
f 1102/1300/1302 1063/1305/1069 1244/1306/1297 1246/1301/1299
f 1064/1299/1303 1102/1300/1302 1246/1301/1299 1248/1302/1301
f 1103/1309/1304 1064/1299/1303 1248/1302/1301 1250/1310/1274
f 1061/1317/1056 1103/1309/1304 1250/1310/1274 1220/1318/1270
f 1236/1498/1289 1238/1494/1291 1104/1499/1062 1066/1503/1066
f 1238/1494/1291 1240/1490/1293 1065/1496/1063 1104/1499/1062
f 1240/1490/1293 1242/1491/1295 1105/1495/1068 1065/1496/1063
f 1242/1491/1295 1244/1492/1297 1063/1497/1069 1105/1495/1068
f 1228/1279/1281 1230/1268/1283 1106/1264/1072 1062/1274/1059
f 1230/1268/1283 1232/1269/1285 1067/1265/1073 1106/1264/1072
f 1232/1269/1285 1234/1278/1287 1107/1270/1076 1067/1265/1073
f 1234/1278/1287 1236/1288/1289 1066/1280/1066 1107/1270/1076
f 1204/2231/1305 1205/2233/1306 1223/1713/1272 1221/1717/1271
f 1205/2233/1306 1206/2235/1307 1225/1711/1276 1223/1713/1272
f 1206/2235/1307 1207/2237/1308 1227/1710/1278 1225/1711/1276
f 1207/2237/1308 1208/2239/1309 1229/1712/1280 1227/1710/1278
f 1229/1899/1280 1208/1900/1309 1209/2242/1310 1231/1896/1282
f 1209/2242/1310 1210/2244/1311 1233/1895/1284 1231/1896/1282
f 1210/2244/1311 1211/1893/1312 1235/1894/1286 1233/1895/1284
f 1211/1893/1312 1212/1897/1313 1237/1898/1288 1235/1894/1286
f 1212/2248/1313 1213/2250/1314 1239/1489/1290 1237/1493/1288
f 1213/2250/1314 1214/2252/1315 1241/1487/1292 1239/1489/1290
f 1214/2252/1315 1215/2254/1316 1243/1486/1294 1241/1487/1292
f 1215/2254/1316 1216/2256/1317 1245/1488/1296 1243/1486/1294
f 1219/1952/1318 1204/1956/1305 1221/1957/1271 1251/1953/1275
f 1218/2261/1319 1219/1952/1318 1251/1953/1275 1249/1954/1300
f 1217/2259/1320 1218/2261/1319 1249/1954/1300 1247/1955/1298
f 1216/1958/1317 1217/2259/1320 1247/1955/1298 1245/1959/1296
f 1257/1303/1321 1262/1304/1322 1102/1300/1302 1064/1299/1303
f 1262/1304/1322 1253/1313/1070 1063/1305/1069 1102/1300/1302
f 1252/1323/1057 1263/1314/1323 1103/1309/1304 1061/1317/1056
f 1263/1314/1323 1257/1303/1321 1064/1299/1303 1103/1309/1304
f 1268/1334/1324 1396/1335/1325 1457/1336/1326 1393/1337/1327
f 1393/1337/1327 1457/1336/1326 1394/1342/1328 1305/1343/1329
f 1457/1336/1326 1395/1341/1330 1320/1348/1331 1394/1342/1328
f 1396/1335/1325 1308/1340/1332 1395/1341/1330 1457/1336/1326
f 1305/1343/1329 1394/1342/1328 1458/1349/1333 1397/1350/1334
f 1397/1350/1334 1458/1349/1333 1398/1357/1335 1269/1358/1336
f 1458/1349/1333 1399/1356/1337 1306/1365/1338 1398/1357/1335
f 1394/1342/1328 1320/1348/1331 1399/1356/1337 1458/1349/1333
f 1320/1960/1331 1402/1961/1339 1459/1962/1340 1399/1963/1337
f 1399/1963/1337 1459/1962/1340 1400/1968/1341 1306/1969/1338
f 1459/1614/1340 1401/1611/1342 1287/1605/1343 1400/1612/1341
f 1402/1961/1339 1307/1966/1344 1401/1967/1342 1459/1962/1340
f 1308/1970/1332 1404/1971/1345 1460/1965/1346 1395/1964/1330
f 1395/1964/1330 1460/1965/1346 1402/1961/1339 1320/1960/1331
f 1460/1965/1346 1403/1972/1347 1307/1966/1344 1402/1961/1339
f 1404/1826/1345 1284/1819/1348 1403/1825/1347 1460/1832/1346
f 1285/1828/1349 1408/1835/1350 1461/1837/1351 1405/1834/1352
f 1405/2022/1352 1461/2023/1351 1406/2024/1353 1309/2025/1354
f 1461/2023/1351 1407/2026/1355 1321/2027/1356 1406/2024/1353
f 1408/2032/1350 1312/2033/1357 1407/2026/1355 1461/2023/1351
f 1309/2025/1354 1406/2024/1353 1462/2028/1358 1409/2029/1359
f 1409/1602/1359 1462/1609/1358 1410/1603/1360 1286/1596/1361
f 1462/2028/1358 1411/2034/1362 1310/2038/1363 1410/2039/1360
f 1406/2024/1353 1321/2027/1356 1411/2034/1362 1462/2028/1358
f 1321/1385/1356 1414/1378/1364 1463/1384/1365 1411/1389/1362
f 1411/1389/1362 1463/1384/1365 1412/1387/1366 1310/1390/1363
f 1463/1384/1365 1413/1383/1367 1271/1388/1368 1412/1387/1366
f 1414/1378/1364 1311/1377/1369 1413/1383/1367 1463/1384/1365
f 1312/1372/1357 1416/1363/1370 1464/1371/1371 1407/1379/1355
f 1407/1379/1355 1464/1371/1371 1414/1378/1364 1321/1385/1356
f 1464/1371/1371 1415/1370/1372 1311/1377/1369 1414/1378/1364
f 1416/1363/1370 1270/1362/1373 1415/1370/1372 1464/1371/1371
f 1270/1362/1373 1419/1353/1374 1465/1361/1375 1415/1370/1372
f 1415/1370/1372 1465/1361/1375 1417/1369/1376 1311/1377/1369
f 1465/1361/1375 1418/1352/1377 1322/1360/1378 1417/1369/1376
f 1419/1353/1374 1314/1345/1379 1418/1352/1377 1465/1361/1375
f 1311/1377/1369 1417/1369/1376 1466/1376/1380 1413/1383/1367
f 1413/1383/1367 1466/1376/1380 1420/1382/1381 1271/1388/1368
f 1466/1376/1380 1421/1368/1382 1313/1375/1383 1420/1382/1381
f 1417/1369/1376 1322/1360/1378 1421/1368/1382 1466/1376/1380
f 1322/1360/1378 1423/1351/1384 1467/1359/1385 1421/1368/1382
f 1421/1368/1382 1467/1359/1385 1422/1367/1386 1313/1375/1383
f 1467/1359/1385 1397/1350/1334 1269/1358/1336 1422/1367/1386
f 1423/1351/1384 1305/1343/1329 1397/1350/1334 1467/1359/1385
f 1314/1345/1379 1424/1338/1387 1468/1344/1388 1418/1352/1377
f 1418/1352/1377 1468/1344/1388 1423/1351/1384 1322/1360/1378
f 1468/1344/1388 1393/1337/1327 1305/1343/1329 1423/1351/1384
f 1424/1338/1387 1268/1334/1324 1393/1337/1327 1468/1344/1388
f 1269/1358/1336 1398/1357/1335 1469/1366/1389 1422/1367/1386
f 1422/1367/1386 1469/1366/1389 1425/1374/1390 1313/1375/1383
f 1469/1366/1389 1426/1373/1391 1323/1380/1392 1425/1374/1390
f 1398/1357/1335 1306/1365/1338 1426/1373/1391 1469/1366/1389
f 1313/1375/1383 1425/1374/1390 1470/1381/1393 1420/1382/1381
f 1420/1382/1381 1470/1381/1393 1412/1387/1366 1271/1388/1368
f 1470/1381/1393 1427/1386/1394 1310/1390/1363 1412/1387/1366
f 1425/1374/1390 1323/1380/1392 1427/1386/1394 1470/1381/1393
f 1323/1607/1392 1429/1600/1395 1471/1601/1396 1427/1608/1394
f 1427/1608/1394 1471/1601/1396 1410/1603/1360 1310/1610/1363
f 1471/1601/1396 1428/1594/1397 1286/1596/1361 1410/1603/1360
f 1429/1600/1395 1315/1593/1398 1428/1594/1397 1471/1601/1396
f 1306/1615/1338 1400/1612/1341 1472/1606/1399 1426/1613/1391
f 1426/1613/1391 1472/1606/1399 1429/1600/1395 1323/1607/1392
f 1472/1606/1399 1430/1599/1400 1315/1593/1398 1429/1600/1395
f 1400/1612/1341 1287/1605/1343 1430/1599/1400 1472/1606/1399
f 1270/1362/1373 1416/1363/1370 1473/1354/1401 1419/1353/1374
f 1419/1353/1374 1473/1354/1401 1431/1346/1402 1314/1345/1379
f 1473/1354/1401 1432/1364/1403 1324/1355/1404 1431/1346/1402
f 1416/1363/1370 1312/1372/1357 1432/1364/1403 1473/1354/1401
f 1314/1345/1379 1431/1346/1402 1474/1339/1405 1424/1338/1387
f 1424/1338/1387 1474/1339/1405 1396/1335/1325 1268/1334/1324
f 1474/1339/1405 1433/1347/1406 1308/1340/1332 1396/1335/1325
f 1431/1346/1402 1324/1355/1404 1433/1347/1406 1474/1339/1405
f 1324/1830/1404 1435/1823/1407 1475/1824/1408 1433/1831/1406
f 1433/1831/1406 1475/1824/1408 1404/1826/1345 1308/1833/1332
f 1475/1824/1408 1434/1817/1409 1284/1819/1348 1404/1826/1345
f 1435/1823/1407 1316/1816/1410 1434/1817/1409 1475/1824/1408
f 1312/1838/1357 1408/1835/1350 1476/1829/1411 1432/1836/1403
f 1432/1836/1403 1476/1829/1411 1435/1823/1407 1324/1830/1404
f 1476/1829/1411 1436/1822/1412 1316/1816/1410 1435/1823/1407
f 1408/1835/1350 1285/1828/1349 1436/1822/1412 1476/1829/1411
f 1477/1733/1413 1260/1728/1055 1256/1725/1054 1437/1729/1414
f 1438/1737/1415 1252/1732/1057 1260/1728/1055 1477/1733/1413
f 1478/1730/1416 1261/1724/1061 1254/1726/1060 1439/1731/1417
f 1437/1729/1414 1256/1725/1054 1261/1724/1061 1478/1730/1416
f 1481/1509/1418 1264/1504/1065 1258/1501/1064 1442/1505/1419
f 1443/1513/1420 1255/1508/1067 1264/1504/1065 1481/1509/1418
f 1482/1506/1421 1265/1500/1071 1253/1502/1070 1440/1507/1422
f 1442/1505/1419 1258/1501/1064 1265/1500/1071 1482/1506/1421
f 1483/1272/1423 1266/1267/1075 1259/1266/1074 1444/1273/1424
f 1439/1283/1417 1254/1275/1060 1266/1267/1075 1483/1272/1423
f 1484/1282/1425 1267/1271/1077 1255/1281/1067 1443/1289/1420
f 1444/1273/1424 1259/1266/1074 1267/1271/1077 1484/1282/1425
f 1281/1800/1426 1340/1793/1427 1485/1787/1428 1337/1794/1429
f 1337/1794/1429 1485/1787/1428 1338/1780/1430 1293/1788/1431
f 1485/1787/1428 1339/1779/1432 1325/1774/1433 1338/1780/1430
f 1340/1793/1427 1295/1786/1434 1339/1779/1432 1485/1787/1428
f 1293/1788/1431 1338/1780/1430 1486/1781/1435 1341/1789/1436
f 1341/1789/1436 1486/1781/1435 1342/1784/1437 1280/1791/1438
f 1486/1781/1435 1343/1775/1439 1294/1776/1440 1342/1784/1437
f 1338/1780/1430 1325/1774/1433 1343/1775/1439 1486/1781/1435
f 1325/1774/1433 1345/1768/1441 1487/1769/1442 1343/1775/1439
f 1343/1775/1439 1487/1769/1442 1344/1770/1443 1294/1776/1440
f 1487/1769/1442 1446/1763/1444 1272/1764/1445 1344/1770/1443
f 1345/1768/1441 1317/1762/1446 1446/1763/1444 1487/1769/1442
f 1295/1786/1434 1346/1778/1447 1488/1773/1448 1339/1779/1432
f 1339/1779/1432 1488/1773/1448 1345/1768/1441 1325/1774/1433
f 1488/1773/1448 1445/1767/1449 1317/1762/1446 1345/1768/1441
f 1346/1778/1447 1273/1772/1450 1445/1767/1449 1488/1773/1448
f 1273/1772/1450 1346/1778/1447 1489/1785/1451 1336/1777/1452
f 1336/2056/1452 1489/2053/1451 1347/2054/1453 1292/2057/1454
f 1489/2053/1451 1348/2050/1455 1326/2051/1456 1347/2054/1453
f 1346/1778/1447 1295/1786/1434 1348/1792/1455 1489/1785/1451
f 1292/2057/1454 1347/2054/1453 1490/2055/1457 1335/2058/1458
f 1335/1552/1458 1490/1553/1457 1349/1546/1459 1274/1540/1460
f 1490/1553/1457 1350/1560/1461 1296/1554/1462 1349/1546/1459
f 1347/2054/1453 1326/2051/1456 1350/2052/1461 1490/2055/1457
f 1326/2051/1456 1353/2048/1463 1491/2049/1464 1350/2052/1461
f 1350/1560/1461 1491/1566/1464 1351/1561/1465 1296/1554/1462
f 1491/1566/1464 1352/1574/1466 1282/1567/1467 1351/1561/1465
f 1353/2048/1463 1297/2045/1468 1352/2046/1466 1491/2049/1464
f 1295/1786/1434 1340/1793/1427 1492/1799/1469 1348/1792/1455
f 1348/2050/1455 1492/2047/1469 1353/2048/1463 1326/2051/1456
f 1492/2047/1469 1354/2044/1470 1297/2045/1468 1353/2048/1463
f 1340/1793/1427 1281/1800/1426 1354/1806/1470 1492/1799/1469
f 1283/1577/1471 1358/1570/1472 1493/1563/1473 1355/1571/1474
f 1355/1571/1474 1493/1563/1473 1356/1558/1475 1298/1564/1476
f 1493/1563/1473 1357/1557/1477 1327/1550/1478 1356/1558/1475
f 1358/1570/1472 1299/1562/1479 1357/1557/1477 1493/1563/1473
f 1298/1564/1476 1356/1558/1475 1494/1559/1480 1359/1565/1481
f 1359/1565/1481 1494/1559/1480 1351/1561/1465 1282/1567/1467
f 1494/1559/1480 1360/1551/1482 1296/1554/1462 1351/1561/1465
f 1356/1558/1475 1327/1550/1478 1360/1551/1482 1494/1559/1480
f 1327/1550/1478 1361/1544/1483 1495/1545/1484 1360/1551/1482
f 1360/1551/1482 1495/1545/1484 1349/1546/1459 1296/1554/1462
f 1495/1545/1484 1454/1539/1485 1274/1540/1460 1349/1546/1459
f 1361/1544/1483 1289/1538/1486 1454/1539/1485 1495/1545/1484
f 1299/1562/1479 1362/1556/1487 1496/1549/1488 1357/1557/1477
f 1357/1557/1477 1496/1549/1488 1361/1544/1483 1327/1550/1478
f 1496/1549/1488 1453/1543/1489 1289/1538/1486 1361/1544/1483
f 1362/1556/1487 1275/1548/1490 1453/1543/1489 1496/1549/1488
f 1280/1791/1438 1342/1784/1437 1497/1790/1491 1363/1797/1492
f 1363/1984/1492 1497/1987/1491 1364/1985/1493 1300/1982/1494
f 1497/1987/1491 1365/1990/1495 1328/1988/1496 1364/1985/1493
f 1342/1784/1437 1294/1776/1440 1365/1783/1495 1497/1790/1491
f 1300/1982/1494 1364/1985/1493 1498/1986/1497 1366/1983/1498
f 1366/1583/1498 1498/1576/1497 1358/1570/1472 1283/1577/1471
f 1498/1576/1497 1367/1568/1499 1299/1562/1479 1358/1570/1472
f 1364/1985/1493 1328/1988/1496 1367/1989/1499 1498/1986/1497
f 1328/1988/1496 1368/1991/1500 1499/1992/1501 1367/1989/1499
f 1367/1568/1499 1499/1569/1501 1362/1556/1487 1299/1562/1479
f 1499/1992/1501 1450/1995/1502 1275/1999/1490 1362/2000/1487
f 1368/1991/1500 1319/1994/1503 1450/1995/1502 1499/1992/1501
f 1294/1776/1440 1344/1770/1443 1500/1782/1504 1365/1783/1495
f 1365/1990/1495 1500/1993/1504 1368/1991/1500 1328/1988/1496
f 1500/1993/1504 1449/1996/1505 1319/1994/1503 1368/1991/1500
f 1344/2001/1443 1272/2002/1445 1449/1996/1505 1500/1993/1504
f 1285/1828/1349 1371/1821/1506 1501/1815/1507 1436/1822/1412
f 1436/1822/1412 1501/1815/1507 1369/1809/1508 1316/1816/1410
f 1501/1815/1507 1370/1808/1509 1329/1802/1510 1369/1809/1508
f 1371/1821/1506 1302/1814/1511 1370/1808/1509 1501/1815/1507
f 1316/1816/1410 1369/1809/1508 1502/1810/1512 1434/1817/1409
f 1434/1817/1409 1502/1810/1512 1372/1812/1513 1284/1819/1348
f 1502/1810/1512 1373/1803/1514 1301/1805/1515 1372/1812/1513
f 1369/1809/1508 1329/1802/1510 1373/1803/1514 1502/1810/1512
f 1329/1802/1510 1375/1795/1516 1503/1796/1517 1373/1803/1514
f 1373/1803/1514 1503/1796/1517 1374/1798/1518 1301/1805/1515
f 1503/1796/1517 1341/1789/1436 1280/1791/1438 1374/1798/1518
f 1375/1795/1516 1293/1788/1431 1341/1789/1436 1503/1796/1517
f 1302/1814/1511 1376/1807/1519 1504/1801/1520 1370/1808/1509
f 1370/1808/1509 1504/1801/1520 1375/1795/1516 1329/1802/1510
f 1504/1801/1520 1337/1794/1429 1293/1788/1431 1375/1795/1516
f 1376/1807/1519 1281/1800/1426 1337/1794/1429 1504/1801/1520
f 1281/1800/1426 1376/1807/1519 1505/1813/1521 1354/1806/1470
f 1354/2044/1470 1505/2041/1521 1377/2042/1522 1297/2045/1468
f 1505/2041/1521 1378/2036/1523 1330/2037/1524 1377/2042/1522
f 1376/1807/1519 1302/1814/1511 1378/1820/1523 1505/1813/1521
f 1297/2045/1468 1377/2042/1522 1506/2043/1525 1352/2046/1466
f 1352/1574/1466 1506/1581/1525 1379/1575/1526 1282/1567/1467
f 1506/1581/1525 1380/1588/1527 1303/1582/1528 1379/1575/1526
f 1377/2042/1522 1330/2037/1524 1380/2040/1527 1506/2043/1525
f 1330/2037/1524 1382/2031/1529 1507/2035/1530 1380/2040/1527
f 1380/1588/1527 1507/1595/1530 1381/1589/1531 1303/1582/1528
f 1507/1595/1530 1409/1602/1359 1286/1596/1361 1381/1589/1531
f 1382/2031/1529 1309/2025/1354 1409/2029/1359 1507/2035/1530
f 1302/1814/1511 1371/1821/1506 1508/1827/1532 1378/1820/1523
f 1378/2036/1523 1508/2030/1532 1382/2031/1529 1330/2037/1524
f 1508/2030/1532 1405/2022/1352 1309/2025/1354 1382/2031/1529
f 1371/1821/1506 1285/1828/1349 1405/1834/1352 1508/1827/1532
f 1287/1605/1343 1385/1598/1533 1509/1592/1534 1430/1599/1400
f 1430/1599/1400 1509/1592/1534 1383/1586/1535 1315/1593/1398
f 1509/1592/1534 1384/1585/1536 1331/1579/1537 1383/1586/1535
f 1385/1598/1533 1304/1591/1538 1384/1585/1536 1509/1592/1534
f 1315/1593/1398 1383/1586/1535 1510/1587/1539 1428/1594/1397
f 1428/1594/1397 1510/1587/1539 1381/1589/1531 1286/1596/1361
f 1510/1587/1539 1386/1580/1540 1303/1582/1528 1381/1589/1531
f 1383/1586/1535 1331/1579/1537 1386/1580/1540 1510/1587/1539
f 1331/1579/1537 1387/1572/1541 1511/1573/1542 1386/1580/1540
f 1386/1580/1540 1511/1573/1542 1379/1575/1526 1303/1582/1528
f 1511/1573/1542 1359/1565/1481 1282/1567/1467 1379/1575/1526
f 1387/1572/1541 1298/1564/1476 1359/1565/1481 1511/1573/1542
f 1304/1591/1538 1388/1584/1543 1512/1578/1544 1384/1585/1536
f 1384/1585/1536 1512/1578/1544 1387/1572/1541 1331/1579/1537
f 1512/1578/1544 1355/1571/1474 1298/1564/1476 1387/1572/1541
f 1388/1584/1543 1283/1577/1471 1355/1571/1474 1512/1578/1544
f 1284/1819/1348 1372/1812/1513 1513/1818/1545 1403/1825/1347
f 1403/1972/1347 1513/1975/1545 1389/1973/1546 1307/1966/1344
f 1513/1975/1545 1390/1978/1547 1332/1976/1548 1389/1973/1546
f 1372/1812/1513 1301/1805/1515 1390/1811/1547 1513/1818/1545
f 1307/1966/1344 1389/1973/1546 1514/1974/1549 1401/1967/1342
f 1401/1611/1342 1514/1604/1549 1385/1598/1533 1287/1605/1343
f 1514/1604/1549 1391/1597/1550 1304/1591/1538 1385/1598/1533
f 1389/1973/1546 1332/1976/1548 1391/1977/1550 1514/1974/1549
f 1332/1976/1548 1392/1979/1551 1515/1980/1552 1391/1977/1550
f 1391/1597/1550 1515/1590/1552 1388/1584/1543 1304/1591/1538
f 1515/1590/1552 1366/1583/1498 1283/1577/1471 1388/1584/1543
f 1392/1979/1551 1300/1982/1494 1366/1983/1498 1515/1980/1552
f 1301/1805/1515 1374/1798/1518 1516/1804/1553 1390/1811/1547
f 1390/1978/1547 1516/1981/1553 1392/1979/1551 1332/1976/1548
f 1516/1981/1553 1363/1984/1492 1300/1982/1494 1392/1979/1551
f 1374/1798/1518 1280/1791/1438 1363/1797/1492 1516/1804/1553
f 1517/1766/1554 1548/1771/1555 1547/1765/1556 1518/1760/1557
f 1518/1760/1557 1520/1755/1558 1519/1761/1559 1517/1766/1554
f 1520/1755/1558 1521/1750/1560 1522/1757/1561 1519/1761/1559
f 1521/1750/1560 1524/1751/1562 1523/1756/1563 1522/1757/1561
f 1524/1751/1562 1525/1753/1564 1526/1758/1565 1523/1756/1563
f 1525/2010/1564 1528/2007/1566 1527/2003/1567 1526/2006/1565
f 1528/2007/1566 1529/2004/1568 1530/1997/1569 1527/2003/1567
f 1529/2004/1568 1532/2005/1570 1531/1998/1571 1530/1997/1569
f 1532/1541/1570 1533/1536/1572 1534/1542/1573 1531/1547/1571
f 1533/1536/1572 1536/1531/1574 1535/1537/1575 1534/1542/1573
f 1536/1531/1574 1537/1526/1576 1538/1533/1577 1535/1537/1575
f 1537/1526/1576 1540/1527/1578 1539/1532/1579 1538/1533/1577
f 1540/1527/1578 1541/1529/1580 1542/1534/1581 1539/1532/1579
f 1541/2069/1580 1545/2066/1582 1546/2061/1583 1542/2065/1581
f 1543/2062/1584 1547/2063/1556 1548/2059/1555 1544/2060/1585
f 1544/2060/1585 1546/2061/1583 1545/2066/1582 1543/2062/1584
f 1273/1772/1450 1517/1766/1554 1519/1761/1559 1445/1767/1449
f 1445/1767/1449 1519/1761/1559 1522/1757/1561 1317/1762/1446
f 1317/1762/1446 1522/1757/1561 1523/1756/1563 1446/1763/1444
f 1446/1763/1444 1523/1756/1563 1526/1758/1565 1272/1764/1445
f 1272/2002/1445 1526/2006/1565 1527/2003/1567 1449/1996/1505
f 1449/1996/1505 1527/2003/1567 1530/1997/1569 1319/1994/1503
f 1319/1994/1503 1530/1997/1569 1531/1998/1571 1450/1995/1502
f 1450/1555/1502 1531/1547/1571 1534/1542/1573 1275/1548/1490
f 1275/1548/1490 1534/1542/1573 1535/1537/1575 1453/1543/1489
f 1453/1543/1489 1535/1537/1575 1538/1533/1577 1289/1538/1486
f 1289/1538/1486 1538/1533/1577 1539/1532/1579 1454/1539/1485
f 1454/1539/1485 1539/1532/1579 1542/1534/1581 1274/1540/1460
f 1546/2061/1583 1335/2058/1458 1274/2064/1460 1542/2065/1581
f 1544/2060/1585 1292/2057/1454 1335/2058/1458 1546/2061/1583
f 1548/2059/1555 1336/2056/1452 1292/2057/1454 1544/2060/1585
f 1517/1766/1554 1273/1772/1450 1336/1777/1452 1548/1771/1555
f 1549/2175/1586 1557/2177/1587 1558/1745/1588 1550/1746/1589
f 1550/1746/1589 1552/1749/1590 1551/2181/1591 1549/2175/1586
f 1552/1749/1590 1554/1754/1592 1553/2179/1593 1551/2181/1591
f 1554/1754/1592 1578/1759/1594 1577/2203/1595 1553/2179/1593
f 1555/2188/1596 1561/1747/1597 1562/1752/1598 1556/1748/1599
f 1556/1748/1599 1558/1745/1588 1557/2177/1587 1555/2188/1596
f 1559/2183/1600 1565/2012/1601 1566/2009/1602 1560/2008/1603
f 1560/2008/1603 1562/2011/1598 1561/2190/1597 1559/2183/1600
f 1563/2196/1604 1569/2198/1605 1570/1525/1606 1564/1530/1607
f 1564/1530/1607 1566/1535/1602 1565/2185/1601 1563/2196/1604
f 1567/2192/1608 1573/2194/1609 1574/1521/1610 1568/1522/1611
f 1568/1522/1611 1570/1525/1606 1569/2198/1605 1567/2192/1608
f 1571/2205/1612 1579/1523/1613 1580/1528/1614 1572/1524/1615
f 1572/1524/1615 1574/1521/1610 1573/2194/1609 1571/2205/1612
f 1575/2201/1616 1577/2071/1595 1578/2067/1594 1576/2068/1617
f 1576/2068/1617 1580/2070/1614 1579/2207/1613 1575/2201/1616
f 1520/1755/1558 1552/1749/1590 1550/1746/1589 1521/1750/1560
f 1518/1760/1557 1554/1754/1592 1552/1749/1590 1520/1755/1558
f 1524/1751/1562 1558/1745/1588 1556/1748/1599 1525/1753/1564
f 1521/1750/1560 1550/1746/1589 1558/1745/1588 1524/1751/1562
f 1528/2007/1566 1562/2011/1598 1560/2008/1603 1529/2004/1568
f 1525/2010/1564 1556/2013/1599 1562/2011/1598 1528/2007/1566
f 1532/1541/1570 1566/1535/1602 1564/1530/1607 1533/1536/1572
f 1529/2004/1568 1560/2008/1603 1566/2009/1602 1532/2005/1570
f 1536/1531/1574 1570/1525/1606 1568/1522/1611 1537/1526/1576
f 1533/1536/1572 1564/1530/1607 1570/1525/1606 1536/1531/1574
f 1540/1527/1578 1574/1521/1610 1572/1524/1615 1541/1529/1580
f 1537/1526/1576 1568/1522/1611 1574/1521/1610 1540/1527/1578
f 1576/2068/1617 1543/2062/1584 1545/2066/1582 1580/2070/1614
f 1580/2070/1614 1545/2066/1582 1541/2069/1580 1572/2072/1615
f 1554/1754/1592 1518/1760/1557 1547/1765/1556 1578/1759/1594
f 1578/2067/1594 1547/2063/1556 1543/2062/1584 1576/2068/1617
f 1597/1742/1618 1599/1738/1619 1600/1743/1620 1598/1744/1621
f 1598/1333/1621 1628/1331/1622 1627/1326/1623 1597/1330/1618
f 1599/1738/1619 1601/1734/1624 1602/1740/1625 1600/1743/1620
f 1601/1734/1624 1603/1735/1626 1604/1739/1627 1602/1740/1625
f 1603/1735/1626 1605/1736/1628 1606/1741/1629 1604/1739/1627
f 1605/1291/1628 1607/1284/1630 1608/1293/1631 1606/1297/1629
f 1607/1284/1630 1609/1285/1632 1610/1292/1633 1608/1293/1631
f 1609/1285/1632 1611/1290/1634 1612/1296/1635 1610/1292/1633
f 1611/1290/1634 1613/1295/1636 1614/1298/1637 1612/1296/1635
f 1613/1518/1636 1615/1514/1638 1616/1519/1639 1614/1520/1637
f 1615/1514/1638 1617/1510/1640 1618/1516/1641 1616/1519/1639
f 1617/1510/1640 1619/1511/1642 1620/1515/1643 1618/1516/1641
f 1619/1511/1642 1621/1512/1644 1622/1517/1645 1620/1515/1643
f 1621/1329/1644 1623/1321/1646 1624/1328/1647 1622/1332/1645
f 1623/1321/1646 1625/1320/1648 1626/1327/1649 1624/1328/1647
f 1625/1320/1648 1627/1326/1623 1628/1331/1622 1626/1327/1649
f 1597/1742/1618 1438/1737/1415 1477/1733/1413 1599/1738/1619
f 1599/1738/1619 1477/1733/1413 1437/1729/1414 1601/1734/1624
f 1601/1734/1624 1437/1729/1414 1478/1730/1416 1603/1735/1626
f 1603/1735/1626 1478/1730/1416 1439/1731/1417 1605/1736/1628
f 1479/1312/1650 1623/1321/1646 1621/1329/1644 1440/1322/1422
f 1441/1311/1651 1625/1320/1648 1623/1321/1646 1479/1312/1650
f 1480/1319/1652 1627/1326/1623 1625/1320/1648 1441/1311/1651
f 1438/1325/1415 1597/1330/1618 1627/1326/1623 1480/1319/1652
f 1613/1518/1636 1443/1513/1420 1481/1509/1418 1615/1514/1638
f 1615/1514/1638 1481/1509/1418 1442/1505/1419 1617/1510/1640
f 1617/1510/1640 1442/1505/1419 1482/1506/1421 1619/1511/1642
f 1619/1511/1642 1482/1506/1421 1440/1507/1422 1621/1512/1644
f 1605/1291/1628 1439/1283/1417 1483/1272/1423 1607/1284/1630
f 1607/1284/1630 1483/1272/1423 1444/1273/1424 1609/1285/1632
f 1609/1285/1632 1444/1273/1424 1484/1282/1425 1611/1290/1634
f 1611/1290/1634 1484/1282/1425 1443/1289/1420 1613/1295/1636
f 1581/2299/1653 1598/1744/1621 1600/1743/1620 1582/2300/1654
f 1582/2300/1654 1600/1743/1620 1602/1740/1625 1583/2302/1655
f 1583/2302/1655 1602/1740/1625 1604/1739/1627 1584/2304/1656
f 1584/2304/1656 1604/1739/1627 1606/1741/1629 1585/2306/1657
f 1606/2020/1629 1608/2017/1631 1586/2014/1658 1585/2021/1657
f 1586/2014/1658 1608/2017/1631 1610/2015/1633 1587/2310/1659
f 1587/2310/1659 1610/2015/1633 1612/2016/1635 1588/2312/1660
f 1588/2312/1660 1612/2016/1635 1614/2018/1637 1589/2019/1661
f 1589/2315/1661 1614/1520/1637 1616/1519/1639 1590/2317/1662
f 1590/2317/1662 1616/1519/1639 1618/1516/1641 1591/2319/1663
f 1591/2319/1663 1618/1516/1641 1620/1515/1643 1592/2321/1664
f 1592/2321/1664 1620/1515/1643 1622/1517/1645 1593/2323/1665
f 1596/2329/1666 1628/2075/1622 1598/2077/1621 1581/2078/1653
f 1595/2327/1667 1626/2074/1649 1628/2075/1622 1596/2329/1666
f 1594/2073/1668 1624/2076/1647 1626/2074/1649 1595/2327/1667
f 1593/2079/1665 1622/2080/1645 1624/2076/1647 1594/2073/1668
f 1257/1303/1321 1441/1311/1651 1479/1312/1650 1262/1304/1322
f 1262/1304/1322 1479/1312/1650 1440/1322/1422 1253/1313/1070
f 1252/1323/1057 1438/1325/1415 1480/1319/1652 1263/1314/1323
f 1263/1314/1323 1480/1319/1652 1441/1311/1651 1257/1303/1321
f 1629/2103/1669 1630/2122/1670 1632/2124/1671 1631/2102/1672
f 1630/2122/1670 1629/2103/1669 1637/2104/1673 1638/2128/1674
f 1631/2102/1672 1632/2124/1671 1634/2135/1675 1633/2101/1676
f 1633/2101/1676 1634/2135/1675 1646/2081/1677 1645/2110/1678
f 1635/2116/1679 1636/2126/1680 1638/2128/1674 1637/2104/1673
f 1636/2126/1680 1635/2116/1679 1655/2082/1681 1656/2149/1682
f 1639/2108/1683 1640/2130/1684 1642/2083/1685 1641/2107/1686
f 1640/2130/1684 1639/2108/1683 1645/2084/1678 1646/2137/1677
f 1641/2085/1686 1642/2086/1685 1644/2143/1687 1643/2105/1688
f 1643/2105/1688 1644/2143/1687 1654/2145/1689 1653/2114/1690
f 1647/2113/1691 1648/2139/1692 1650/2141/1693 1649/2112/1694
f 1648/2139/1692 1647/2113/1691 1653/2114/1690 1654/2145/1689
f 1649/2112/1694 1650/2141/1693 1652/2151/1695 1651/2111/1696
f 1651/2111/1696 1652/2151/1695 1660/2087/1697 1659/2120/1698
f 1656/2088/1682 1655/2117/1681 1657/2119/1699 1658/2147/1700
f 1658/2147/1700 1657/2119/1699 1659/2089/1698 1660/2090/1697
f 1661/2163/1701 1662/2178/1702 1664/2176/1703 1663/2155/1704
f 1662/2178/1702 1661/2163/1701 1677/2091/1705 1678/2092/1706
f 1663/2155/1704 1664/2176/1703 1666/2182/1707 1665/2156/1708
f 1665/2156/1708 1666/2182/1707 1668/2180/1709 1667/2157/1710
f 1667/2157/1710 1668/2180/1709 1670/2202/1711 1669/2158/1712
f 1669/2158/1712 1670/2202/1711 1688/2093/1713 1687/2169/1714
f 1671/2168/1715 1672/2187/1716 1674/2094/1717 1673/2159/1718
f 1672/2187/1716 1671/2168/1715 1685/2167/1719 1686/2197/1720
f 1673/2095/1718 1674/2184/1717 1676/2191/1721 1675/2160/1722
f 1675/2160/1722 1676/2191/1721 1678/2096/1706 1677/2162/1705
f 1679/2174/1723 1680/2195/1724 1682/2193/1725 1681/2165/1726
f 1680/2195/1724 1679/2174/1723 1691/2097/1727 1692/2204/1728
f 1681/2165/1726 1682/2193/1725 1684/2199/1729 1683/2166/1730
f 1683/2166/1730 1684/2199/1729 1686/2197/1720 1685/2167/1719
f 1687/2098/1714 1688/2099/1713 1690/2206/1731 1689/2171/1732
f 1689/2171/1732 1690/2206/1731 1692/2100/1728 1691/2172/1727
f 1631/2102/1672 1633/2101/1676 899/2269/1733 1070/2267/1734
f 1629/2103/1669 1631/2102/1672 1070/2267/1734 941/2265/1735
f 1637/2104/1673 1629/2103/1669 941/2265/1735 1071/2263/1736
f 1635/2116/1679 1637/2104/1673 1071/2263/1736 900/2271/1737
f 1641/2085/1686 1643/2105/1688 902/2295/1738 1074/2106/1739
f 1639/2108/1683 1641/2107/1686 1074/2292/1739 911/2290/1740
f 1645/2084/1678 1639/2108/1683 911/2290/1740 1075/2109/1741
f 1633/2101/1676 1645/2110/1678 1075/2289/1741 899/2269/1733
f 1649/2112/1694 1651/2111/1696 901/2286/1742 1078/2284/1743
f 1647/2113/1691 1649/2112/1694 1078/2284/1743 913/2282/1744
f 1653/2114/1690 1647/2113/1691 913/2282/1744 1079/2280/1745
f 1643/2105/1688 1653/2114/1690 1079/2280/1745 902/2295/1738
f 900/2271/1737 956/2115/1746 1655/2082/1681 1635/2116/1679
f 956/2274/1746 914/2275/1747 1657/2119/1699 1655/2117/1681
f 914/2275/1747 957/2118/1748 1659/2089/1698 1657/2119/1699
f 957/2279/1748 901/2286/1742 1651/2111/1696 1659/2120/1698
f 1172/2127/1238 1180/2121/1241 1632/2124/1671 1630/2122/1670
f 1180/2121/1241 1178/2123/1248 1634/2135/1675 1632/2124/1671
f 1176/2150/1244 1174/2125/1242 1638/2128/1674 1636/2126/1680
f 1174/2125/1242 1172/2127/1238 1630/2122/1670 1638/2128/1674
f 1182/2136/1252 1188/2129/1255 1642/2083/1685 1640/2130/1684
f 1188/1485/1255 1186/2131/1256 1644/2143/1687 1642/2132/1685
f 1178/2123/1248 1184/2133/1251 1646/2134/1677 1634/2135/1675
f 1184/1892/1251 1182/2136/1252 1640/2130/1684 1646/2137/1677
f 1190/2144/1260 1196/2138/1263 1650/2141/1693 1648/2139/1692
f 1196/2138/1263 1194/2140/1264 1652/2151/1695 1650/2141/1693
f 1186/2131/1256 1192/2142/1259 1654/2145/1689 1644/2143/1687
f 1192/2142/1259 1190/2144/1260 1648/2139/1692 1654/2145/1689
f 1656/2146/1682 1658/2147/1700 1198/2154/1268 1200/2148/1246
f 1636/2126/1680 1656/2149/1682 1200/1709/1246 1176/2150/1244
f 1660/2087/1697 1652/2151/1695 1194/2140/1264 1202/2152/1267
f 1658/2147/1700 1660/2153/1697 1202/1950/1267 1198/2154/1268
f 1663/2155/1704 1447/2337/1749 1276/2357/1750 1661/2163/1701
f 1665/2156/1708 1318/2335/1751 1447/2337/1749 1663/2155/1704
f 1667/2157/1710 1448/2333/1752 1318/2335/1751 1665/2156/1708
f 1669/2158/1712 1277/2331/1753 1448/2333/1752 1667/2157/1710
f 1673/2159/1718 1451/2363/1754 1279/2348/1755 1671/2168/1715
f 1675/2160/1722 1288/2361/1756 1451/2161/1754 1673/2095/1718
f 1677/2162/1705 1452/2358/1757 1288/2361/1756 1675/2160/1722
f 1661/2163/1701 1276/2357/1750 1452/2164/1757 1677/2091/1705
f 1681/2165/1726 1455/2354/1758 1278/2347/1759 1679/2174/1723
f 1683/2166/1730 1290/2352/1760 1455/2354/1758 1681/2165/1726
f 1685/2167/1719 1456/2350/1761 1290/2352/1760 1683/2166/1730
f 1671/2168/1715 1279/2348/1755 1456/2350/1761 1685/2167/1719
f 1277/2331/1753 1669/2158/1712 1687/2169/1714 1333/2339/1762
f 1333/2170/1762 1687/2098/1714 1689/2171/1732 1291/2343/1763
f 1291/2343/1763 1689/2171/1732 1691/2172/1727 1334/2344/1764
f 1334/2173/1764 1691/2097/1727 1679/2174/1723 1278/2347/1759
f 1549/2175/1586 1666/2182/1707 1664/2176/1703 1557/2177/1587
f 1557/2177/1587 1664/2176/1703 1662/2178/1702 1555/2188/1596
f 1553/2179/1593 1670/2202/1711 1668/2180/1709 1551/2181/1591
f 1551/2181/1591 1668/2180/1709 1666/2182/1707 1549/2175/1586
f 1559/2183/1600 1676/2191/1721 1674/2184/1717 1565/2012/1601
f 1565/2185/1601 1674/2186/1717 1672/2187/1716 1563/2196/1604
f 1555/2188/1596 1662/2178/1702 1678/2189/1706 1561/1747/1597
f 1561/2190/1597 1678/2096/1706 1676/2191/1721 1559/2183/1600
f 1567/2192/1608 1684/2199/1729 1682/2193/1725 1573/2194/1609
f 1573/2194/1609 1682/2193/1725 1680/2195/1724 1571/2205/1612
f 1563/2196/1604 1672/2187/1716 1686/2197/1720 1569/2198/1605
f 1569/2198/1605 1686/2197/1720 1684/2199/1729 1567/2192/1608
f 1688/2200/1713 1577/2071/1595 1575/2201/1616 1690/2206/1731
f 1670/2202/1711 1553/2179/1593 1577/2203/1595 1688/2093/1713
f 1692/2204/1728 1579/1523/1613 1571/2205/1612 1680/2195/1724
f 1690/2206/1731 1575/2201/1616 1579/2207/1613 1692/2208/1728
f 1693/2229/1765 1694/2264/1766 1698/2266/1767 1697/2232/1768
f 1694/2264/1766 1693/2229/1765 1695/2209/1769 1696/2210/1770
f 1696/2211/1770 1695/2262/1769 1723/2260/1771 1724/2273/1772
f 1697/2232/1768 1698/2266/1767 1700/2268/1773 1699/2234/1774
f 1699/2234/1774 1700/2268/1773 1702/2270/1775 1701/2236/1776
f 1701/2236/1776 1702/2270/1775 1704/2288/1777 1703/2238/1778
f 1703/2238/1778 1704/2288/1777 1706/2212/1779 1705/2240/1780
f 1705/2213/1780 1706/2214/1779 1708/2294/1781 1707/2243/1782
f 1707/2243/1782 1708/2294/1781 1710/2215/1783 1709/2245/1784
f 1709/2216/1784 1710/2296/1783 1712/2281/1785 1711/2247/1786
f 1711/2247/1786 1712/2281/1785 1714/2283/1787 1713/2249/1788
f 1713/2249/1788 1714/2283/1787 1716/2285/1789 1715/2251/1790
f 1715/2251/1790 1716/2285/1789 1718/2287/1791 1717/2253/1792
f 1717/2253/1792 1718/2287/1791 1720/2278/1793 1719/2255/1794
f 1719/2255/1794 1720/2278/1793 1722/2217/1795 1721/2257/1796
f 1721/2218/1796 1722/2276/1795 1724/2273/1772 1723/2260/1771
f 1725/2301/1797 1726/2341/1798 1728/2219/1799 1727/2297/1800
f 1726/2341/1798 1725/2301/1797 1729/2303/1801 1730/2332/1802
f 1727/2220/1800 1728/2342/1799 1756/2345/1803 1755/2330/1804
f 1730/2332/1802 1729/2303/1801 1731/2305/1805 1732/2334/1806
f 1732/2334/1806 1731/2305/1805 1733/2307/1807 1734/2336/1808
f 1734/2336/1808 1733/2307/1807 1735/2309/1809 1736/2338/1810
f 1736/2338/1810 1735/2309/1809 1737/2221/1811 1738/2356/1812
f 1738/2222/1812 1737/2311/1811 1739/2313/1813 1740/2360/1814
f 1740/2360/1814 1739/2313/1813 1741/2223/1815 1742/2224/1816
f 1742/2225/1816 1741/2316/1815 1743/2318/1817 1744/2364/1818
f 1744/2364/1818 1743/2318/1817 1745/2320/1819 1746/2349/1820
f 1746/2349/1820 1745/2320/1819 1747/2322/1821 1748/2351/1822
f 1748/2351/1822 1747/2322/1821 1749/2324/1823 1750/2353/1824
f 1750/2353/1824 1749/2324/1823 1751/2326/1825 1752/2355/1826
f 1752/2355/1826 1751/2326/1825 1753/2226/1827 1754/2227/1828
f 1754/2228/1828 1753/2328/1827 1755/2330/1804 1756/2345/1803
f 1693/2229/1765 1204/2231/1305 1219/2230/1318 1695/2209/1769
f 1204/2231/1305 1693/2229/1765 1697/2232/1768 1205/2233/1306
f 1205/2233/1306 1697/2232/1768 1699/2234/1774 1206/2235/1307
f 1206/2235/1307 1699/2234/1774 1701/2236/1776 1207/2237/1308
f 1207/2237/1308 1701/2236/1776 1703/2238/1778 1208/2239/1309
f 1208/2239/1309 1703/2238/1778 1705/2240/1780 1209/2241/1310
f 1209/2242/1310 1705/2213/1780 1707/2243/1782 1210/2244/1311
f 1210/2244/1311 1707/2243/1782 1709/2245/1784 1211/1893/1312
f 1211/2246/1312 1709/2216/1784 1711/2247/1786 1212/2248/1313
f 1212/2248/1313 1711/2247/1786 1713/2249/1788 1213/2250/1314
f 1213/2250/1314 1713/2249/1788 1715/2251/1790 1214/2252/1315
f 1214/2252/1315 1715/2251/1790 1717/2253/1792 1215/2254/1316
f 1215/2254/1316 1717/2253/1792 1719/2255/1794 1216/2256/1317
f 1216/2256/1317 1719/2255/1794 1721/2257/1796 1217/2258/1320
f 1217/2259/1320 1721/2218/1796 1723/2260/1771 1218/2261/1319
f 1218/2261/1319 1723/2260/1771 1695/2262/1769 1219/1952/1318
f 900/2271/1737 1071/2263/1736 1698/2266/1767 1694/2264/1766
f 1071/2263/1736 941/2265/1735 1700/2268/1773 1698/2266/1767
f 941/2265/1735 1070/2267/1734 1702/2270/1775 1700/2268/1773
f 1070/2267/1734 899/2269/1733 1704/2288/1777 1702/2270/1775
f 900/2271/1737 1694/2264/1766 1696/2272/1770 956/2115/1746
f 1696/2211/1770 1724/2273/1772 914/2275/1747 956/2274/1746
f 914/2275/1747 1724/2273/1772 1722/2276/1795 957/2118/1748
f 1722/2277/1795 1720/2278/1793 901/2286/1742 957/2279/1748
f 902/2295/1738 1079/2280/1745 1714/2283/1787 1712/2281/1785
f 1079/2280/1745 913/2282/1744 1716/2285/1789 1714/2283/1787
f 913/2282/1744 1078/2284/1743 1718/2287/1791 1716/2285/1789
f 1078/2284/1743 901/2286/1742 1720/2278/1793 1718/2287/1791
f 1704/2288/1777 899/2269/1733 1075/2289/1741 1706/2212/1779
f 1075/2109/1741 911/2290/1740 1708/2294/1781 1706/2291/1779
f 911/2290/1740 1074/2292/1739 1710/2293/1783 1708/2294/1781
f 1074/2106/1739 902/2295/1738 1712/2281/1785 1710/2296/1783
f 1725/2301/1797 1727/2297/1800 1596/2298/1666 1581/2299/1653
f 1581/2299/1653 1582/2300/1654 1729/2303/1801 1725/2301/1797
f 1582/2300/1654 1583/2302/1655 1731/2305/1805 1729/2303/1801
f 1583/2302/1655 1584/2304/1656 1733/2307/1807 1731/2305/1805
f 1584/2304/1656 1585/2306/1657 1735/2309/1809 1733/2307/1807
f 1585/2306/1657 1586/2308/1658 1737/2221/1811 1735/2309/1809
f 1586/2014/1658 1587/2310/1659 1739/2313/1813 1737/2311/1811
f 1587/2310/1659 1588/2312/1660 1741/2223/1815 1739/2313/1813
f 1588/2314/1660 1589/2315/1661 1743/2318/1817 1741/2316/1815
f 1589/2315/1661 1590/2317/1662 1745/2320/1819 1743/2318/1817
f 1590/2317/1662 1591/2319/1663 1747/2322/1821 1745/2320/1819
f 1591/2319/1663 1592/2321/1664 1749/2324/1823 1747/2322/1821
f 1592/2321/1664 1593/2323/1665 1751/2326/1825 1749/2324/1823
f 1593/2323/1665 1594/2325/1668 1753/2226/1827 1751/2326/1825
f 1594/2073/1668 1595/2327/1667 1755/2330/1804 1753/2328/1827
f 1595/2327/1667 1596/2329/1666 1727/2220/1800 1755/2330/1804
f 1277/2331/1753 1726/2341/1798 1730/2332/1802 1448/2333/1752
f 1448/2333/1752 1730/2332/1802 1732/2334/1806 1318/2335/1751
f 1318/2335/1751 1732/2334/1806 1734/2336/1808 1447/2337/1749
f 1447/2337/1749 1734/2336/1808 1736/2338/1810 1276/2357/1750
f 1277/2331/1753 1333/2339/1762 1728/2340/1799 1726/2341/1798
f 1728/2342/1799 1333/2170/1762 1291/2343/1763 1756/2345/1803
f 1291/2343/1763 1334/2344/1764 1754/2228/1828 1756/2345/1803
f 1754/2346/1828 1334/2173/1764 1278/2347/1759 1752/2355/1826
f 1279/2348/1755 1744/2364/1818 1746/2349/1820 1456/2350/1761
f 1456/2350/1761 1746/2349/1820 1748/2351/1822 1290/2352/1760
f 1290/2352/1760 1748/2351/1822 1750/2353/1824 1455/2354/1758
f 1455/2354/1758 1750/2353/1824 1752/2355/1826 1278/2347/1759
f 1736/2338/1810 1738/2356/1812 1452/2164/1757 1276/2357/1750
f 1452/2358/1757 1738/2359/1812 1740/2360/1814 1288/2361/1756
f 1288/2361/1756 1740/2360/1814 1742/2362/1816 1451/2161/1754
f 1451/2363/1754 1742/2225/1816 1744/2364/1818 1279/2348/1755
g default
v 18.390169 -21.234996 49.481250
v 15.089369 -21.234996 43.003066
v 9.948252 -21.234996 37.861948
v 3.470066 -21.234996 34.561151
v -3.711056 -21.234996 33.423773
v -10.892179 -21.234996 34.561153
v -17.370361 -21.234996 37.861954
v -22.511476 -21.234996 43.003070
v -25.812273 -21.234996 49.481253
v -26.949651 -21.234996 56.662374
v -25.812273 -21.234996 63.843494
v -22.511474 -21.234996 70.321677
v -17.370359 -21.234996 75.462789
v -10.892177 -21.234996 78.763589
v -3.711057 -21.234996 79.900965
v 3.470062 -21.234996 78.763587
v 9.948244 -21.234996 75.462789
v 15.089358 -21.234996 70.321675
v 18.390155 -21.234996 63.843493
v 19.527533 -21.234996 56.662374
v 18.438246 -20.915835 49.465630
v 15.130266 -20.915835 42.973354
v 9.977963 -20.915835 37.821054
v 3.485687 -20.915835 34.513076
v -3.711056 -20.915835 33.373224
v -10.907799 -20.915835 34.513078
v -17.400074 -20.915835 37.821057
v -22.552371 -20.915835 42.973358
v -25.860348 -20.915835 49.465632
v -27.000200 -20.915835 56.662374
v -25.860348 -20.915835 63.859115
v -22.552369 -20.915835 70.351388
v -17.400071 -20.915835 75.503686
v -10.907797 -20.915835 78.811664
v -3.711057 -20.915835 79.951514
v 3.485683 -20.915835 78.811662
v 9.977956 -20.915835 75.503684
v 15.130252 -20.915835 70.351386
v 18.438232 -20.915835 63.859113
v 19.578082 -20.915835 56.662374
v 18.577768 -20.627916 49.420296
v 15.248950 -20.627916 42.887124
v 10.064193 -20.627916 37.702369
v 3.531020 -20.627916 34.373553
v -3.711056 -20.627916 33.226521
v -10.953133 -20.627916 34.373553
v -17.486303 -20.627916 37.702373
v -22.671057 -20.627916 42.887128
v -25.999873 -20.627916 49.420299
v -27.146903 -20.627916 56.662374
v -25.999873 -20.627916 63.904448
v -22.671055 -20.627916 70.437617
v -17.486300 -20.627916 75.622370
v -10.953131 -20.627916 78.951186
v -3.711057 -20.627916 80.098217
v 3.531017 -20.627916 78.951184
v 10.064186 -20.627916 75.622368
v 15.248938 -20.627916 70.437617
v 18.577754 -20.627916 63.904447
v 19.724785 -20.627916 56.662374
v 18.795078 -20.399422 49.349688
v 15.433805 -20.399422 42.752819
v 10.198498 -20.399422 37.517512
v 3.601629 -20.399422 34.156241
v -3.711056 -20.399422 32.998027
v -11.023742 -20.399422 34.156243
v -17.620609 -20.399422 37.517518
v -22.855912 -20.399422 42.752823
v -26.217183 -20.399422 49.349690
v -27.375397 -20.399422 56.662374
v -26.217183 -20.399422 63.975057
v -22.855910 -20.399422 70.571923
v -17.620606 -20.399422 75.807225
v -11.023739 -20.399422 79.168496
v -3.711057 -20.399422 80.326710
v 3.601625 -20.399422 79.168496
v 10.198491 -20.399422 75.807225
v 15.433793 -20.399422 70.571921
v 18.795064 -20.399422 63.975055
v 19.953278 -20.399422 56.662374
v 19.068906 -20.252720 49.260715
v 15.666737 -20.252720 42.583584
v 10.367734 -20.252720 37.284580
v 3.690601 -20.252720 33.882415
v -3.711056 -20.252720 32.710108
v -11.112714 -20.252720 33.882415
v -17.789843 -20.252720 37.284586
v -23.088844 -20.252720 42.583587
v -26.491009 -20.252720 49.260718
v -27.663316 -20.252720 56.662374
v -26.491009 -20.252720 64.064029
v -23.088842 -20.252720 70.741158
v -17.789841 -20.252720 76.040157
v -11.112712 -20.252720 79.442325
v -3.711057 -20.252720 80.614630
v 3.690597 -20.252720 79.442323
v 10.367725 -20.252720 76.040155
v 15.666725 -20.252720 70.741157
v 19.068893 -20.252720 64.064027
v 20.241198 -20.252720 56.662374
v 19.372446 -20.202170 49.162089
v 15.924943 -20.202170 42.395985
v 10.555332 -20.202170 37.026374
v 3.789227 -20.202170 33.578874
v -3.711056 -20.202170 32.390947
v -11.211340 -20.202170 33.578876
v -17.977442 -20.202170 37.026380
v -23.347050 -20.202170 42.395989
v -26.794550 -20.202170 49.162092
v -27.982477 -20.202170 56.662374
v -26.794550 -20.202170 64.162655
v -23.347048 -20.202170 70.928756
v -17.977439 -20.202170 76.298364
v -11.211338 -20.202170 79.745864
v -3.711057 -20.202170 80.933791
v 3.789223 -20.202170 79.745864
v 10.555323 -20.202170 76.298364
v 15.924932 -20.202170 70.928755
v 19.372432 -20.202170 64.162653
v 20.560359 -20.202170 56.662374
v 19.675987 -20.252720 49.063463
v 16.183152 -20.252720 42.208387
v 10.742930 -20.252720 36.768167
v 3.887854 -20.252720 33.275334
v -3.711056 -20.252720 32.071786
v -11.309966 -20.252720 33.275334
v -18.165040 -20.252720 36.768171
v -23.605257 -20.252720 42.208391
v -27.098090 -20.252720 49.063466
v -28.301639 -20.252720 56.662374
v -27.098090 -20.252720 64.261281
v -23.605255 -20.252720 71.116354
v -18.165037 -20.252720 76.556570
v -11.309964 -20.252720 80.049405
v -3.711057 -20.252720 81.252952
v 3.887849 -20.252720 80.049403
v 10.742921 -20.252720 76.556570
v 16.183138 -20.252720 71.116353
v 19.675971 -20.252720 64.261280
v 20.879520 -20.252720 56.662374
v 19.949815 -20.399422 48.974491
v 16.416084 -20.399422 42.039152
v 10.912166 -20.399422 36.535235
v 3.976826 -20.399422 33.001506
v -3.711056 -20.399422 31.783866
v -11.398938 -20.399422 33.001508
v -18.334275 -20.399422 36.535239
v -23.838189 -20.399422 42.039157
v -27.371918 -20.399422 48.974494
v -28.589558 -20.399422 56.662374
v -27.371918 -20.399422 64.350253
v -23.838187 -20.399422 71.285590
v -18.334272 -20.399422 76.789502
v -11.398936 -20.399422 80.323233
v -3.711057 -20.399422 81.540873
v 3.976821 -20.399422 80.323231
v 10.912157 -20.399422 76.789502
v 16.416070 -20.399422 71.285588
v 19.949799 -20.399422 64.350252
v 21.167439 -20.399422 56.662374
v 20.167125 -20.627916 48.903883
v 16.600939 -20.627916 41.904847
v 11.046470 -20.627916 36.350380
v 4.047434 -20.627916 32.784196
v -3.711056 -20.627916 31.555372
v -11.469547 -20.627916 32.784196
v -18.468580 -20.627916 36.350384
v -24.023044 -20.627916 41.904852
v -27.589228 -20.627916 48.903886
v -28.818052 -20.627916 56.662374
v -27.589228 -20.627916 64.420861
v -24.023042 -20.627916 71.419895
v -18.468577 -20.627916 76.974357
v -11.469544 -20.627916 80.540543
v -3.711057 -20.627916 81.769367
v 4.047430 -20.627916 80.540542
v 11.046462 -20.627916 76.974357
v 16.600925 -20.627916 71.419893
v 20.167110 -20.627916 64.420860
v 21.395933 -20.627916 56.662374
v 20.306648 -20.915835 48.858549
v 16.719623 -20.915835 41.818617
v 11.132701 -20.915835 36.231696
v 4.092768 -20.915835 32.644671
v -3.711056 -20.915835 31.408670
v -11.514880 -20.915835 32.644673
v -18.554810 -20.915835 36.231700
v -24.141728 -20.915835 41.818622
v -27.728751 -20.915835 48.858552
v -28.964754 -20.915835 56.662374
v -27.728751 -20.915835 64.466195
v -24.141728 -20.915835 71.506125
v -18.554807 -20.915835 77.093043
v -11.514878 -20.915835 80.680066
v -3.711057 -20.915835 81.916070
v 4.092763 -20.915835 80.680064
v 11.132692 -20.915835 77.093041
v 16.719609 -20.915835 71.506123
v 20.306632 -20.915835 64.466194
v 21.542636 -20.915835 56.662374
v 20.354723 -21.234996 48.842928
v 16.760520 -21.234996 41.788905
v 11.162412 -21.234996 36.190800
v 4.108388 -21.234996 32.596597
v -3.711056 -21.234996 31.358120
v -11.530501 -21.234996 32.596599
v -18.584522 -21.234996 36.190804
v -24.182624 -21.234996 41.788910
v -27.776827 -21.234996 48.842931
v -29.015304 -21.234996 56.662374
v -27.776827 -21.234996 64.481816
v -24.182622 -21.234996 71.535836
v -18.584519 -21.234996 77.133938
v -11.530499 -21.234996 80.728141
v -3.711057 -21.234996 81.966619
v 4.108384 -21.234996 80.728139
v 11.162404 -21.234996 77.133936
v 16.760506 -21.234996 71.535835
v 20.354709 -21.234996 64.481815
v 21.593185 -21.234996 56.662374
v 20.306648 -21.554157 48.858549
v 16.719623 -21.554157 41.818617
v 11.132701 -21.554157 36.231696
v 4.092768 -21.554157 32.644671
v -3.711056 -21.554157 31.408670
v -11.514880 -21.554157 32.644673
v -18.554810 -21.554157 36.231700
v -24.141728 -21.554157 41.818622
v -27.728751 -21.554157 48.858552
v -28.964754 -21.554157 56.662374
v -27.728751 -21.554157 64.466195
v -24.141728 -21.554157 71.506125
v -18.554807 -21.554157 77.093043
v -11.514878 -21.554157 80.680066
v -3.711057 -21.554157 81.916070
v 4.092763 -21.554157 80.680064
v 11.132692 -21.554157 77.093041
v 16.719609 -21.554157 71.506123
v 20.306632 -21.554157 64.466194
v 21.542636 -21.554157 56.662374
v 20.167125 -21.842076 48.903883
v 16.600939 -21.842076 41.904847
v 11.046470 -21.842076 36.350380
v 4.047434 -21.842076 32.784196
v -3.711056 -21.842076 31.555372
v -11.469547 -21.842076 32.784196
v -18.468580 -21.842076 36.350384
v -24.023044 -21.842076 41.904852
v -27.589228 -21.842076 48.903886
v -28.818052 -21.842076 56.662374
v -27.589228 -21.842076 64.420861
v -24.023042 -21.842076 71.419895
v -18.468577 -21.842076 76.974357
v -11.469544 -21.842076 80.540543
v -3.711057 -21.842076 81.769367
v 4.047430 -21.842076 80.540542
v 11.046462 -21.842076 76.974357
v 16.600925 -21.842076 71.419893
v 20.167110 -21.842076 64.420860
v 21.395933 -21.842076 56.662374
v 19.949815 -22.070570 48.974491
v 16.416084 -22.070570 42.039152
v 10.912166 -22.070570 36.535235
v 3.976826 -22.070570 33.001506
v -3.711056 -22.070570 31.783866
v -11.398938 -22.070570 33.001508
v -18.334275 -22.070570 36.535239
v -23.838189 -22.070570 42.039157
v -27.371918 -22.070570 48.974494
v -28.589558 -22.070570 56.662374
v -27.371918 -22.070570 64.350253
v -23.838187 -22.070570 71.285590
v -18.334272 -22.070570 76.789502
v -11.398936 -22.070570 80.323233
v -3.711057 -22.070570 81.540873
v 3.976821 -22.070570 80.323231
v 10.912157 -22.070570 76.789502
v 16.416070 -22.070570 71.285588
v 19.949799 -22.070570 64.350252
v 21.167439 -22.070570 56.662374
v 19.675987 -22.217272 49.063463
v 16.183152 -22.217272 42.208387
v 10.742930 -22.217272 36.768167
v 3.887854 -22.217272 33.275334
v -3.711056 -22.217272 32.071786
v -11.309966 -22.217272 33.275334
v -18.165040 -22.217272 36.768171
v -23.605257 -22.217272 42.208391
v -27.098090 -22.217272 49.063466
v -28.301639 -22.217272 56.662374
v -27.098090 -22.217272 64.261281
v -23.605255 -22.217272 71.116354
v -18.165037 -22.217272 76.556570
v -11.309964 -22.217272 80.049405
v -3.711057 -22.217272 81.252952
v 3.887849 -22.217272 80.049403
v 10.742921 -22.217272 76.556570
v 16.183138 -22.217272 71.116353
v 19.675971 -22.217272 64.261280
v 20.879520 -22.217272 56.662374
v 19.372446 -22.267823 49.162089
v 15.924943 -22.267823 42.395985
v 10.555332 -22.267823 37.026374
v 3.789227 -22.267823 33.578874
v -3.711056 -22.267823 32.390947
v -11.211340 -22.267823 33.578876
v -17.977442 -22.267823 37.026380
v -23.347050 -22.267823 42.395989
v -26.794550 -22.267823 49.162092
v -27.982477 -22.267823 56.662374
v -26.794550 -22.267823 64.162655
v -23.347048 -22.267823 70.928756
v -17.977439 -22.267823 76.298364
v -11.211338 -22.267823 79.745864
v -3.711057 -22.267823 80.933791
v 3.789223 -22.267823 79.745864
v 10.555323 -22.267823 76.298364
v 15.924932 -22.267823 70.928755
v 19.372432 -22.267823 64.162653
v 20.560359 -22.267823 56.662374
v 19.068906 -22.217273 49.260715
v 15.666737 -22.217273 42.583584
v 10.367734 -22.217273 37.284580
v 3.690601 -22.217273 33.882415
v -3.711056 -22.217273 32.710108
v -11.112714 -22.217273 33.882415
v -17.789843 -22.217273 37.284586
v -23.088844 -22.217273 42.583587
v -26.491009 -22.217273 49.260718
v -27.663316 -22.217273 56.662374
v -26.491009 -22.217273 64.064029
v -23.088842 -22.217273 70.741158
v -17.789841 -22.217273 76.040157
v -11.112712 -22.217273 79.442325
v -3.711057 -22.217273 80.614630
v 3.690597 -22.217273 79.442323
v 10.367725 -22.217273 76.040155
v 15.666725 -22.217273 70.741157
v 19.068893 -22.217273 64.064027
v 20.241198 -22.217273 56.662374
v 18.795078 -22.070570 49.349688
v 15.433805 -22.070570 42.752819
v 10.198498 -22.070570 37.517512
v 3.601629 -22.070570 34.156241
v -3.711056 -22.070570 32.998027
v -11.023742 -22.070570 34.156243
v -17.620609 -22.070570 37.517518
v -22.855912 -22.070570 42.752823
v -26.217183 -22.070570 49.349690
v -27.375397 -22.070570 56.662374
v -26.217183 -22.070570 63.975057
v -22.855910 -22.070570 70.571923
v -17.620606 -22.070570 75.807225
v -11.023739 -22.070570 79.168496
v -3.711057 -22.070570 80.326710
v 3.601625 -22.070570 79.168496
v 10.198491 -22.070570 75.807225
v 15.433793 -22.070570 70.571921
v 18.795064 -22.070570 63.975055
v 19.953278 -22.070570 56.662374
v 18.577768 -21.842076 49.420296
v 15.248950 -21.842076 42.887124
v 10.064193 -21.842076 37.702369
v 3.531020 -21.842076 34.373553
v -3.711056 -21.842076 33.226521
v -10.953133 -21.842076 34.373553
v -17.486303 -21.842076 37.702373
v -22.671057 -21.842076 42.887128
v -25.999873 -21.842076 49.420299
v -27.146903 -21.842076 56.662374
v -25.999873 -21.842076 63.904448
v -22.671055 -21.842076 70.437617
v -17.486300 -21.842076 75.622370
v -10.953131 -21.842076 78.951186
v -3.711057 -21.842076 80.098217
v 3.531017 -21.842076 78.951184
v 10.064186 -21.842076 75.622368
v 15.248938 -21.842076 70.437617
v 18.577754 -21.842076 63.904447
v 19.724785 -21.842076 56.662374
v 18.438246 -21.554157 49.465630
v 15.130266 -21.554157 42.973354
v 9.977963 -21.554157 37.821054
v 3.485687 -21.554157 34.513076
v -3.711056 -21.554157 33.373224
v -10.907799 -21.554157 34.513078
v -17.400074 -21.554157 37.821057
v -22.552371 -21.554157 42.973358
v -25.860348 -21.554157 49.465632
v -27.000200 -21.554157 56.662374
v -25.860348 -21.554157 63.859115
v -22.552369 -21.554157 70.351388
v -17.400071 -21.554157 75.503686
v -10.907797 -21.554157 78.811664
v -3.711057 -21.554157 79.951514
v 3.485683 -21.554157 78.811662
v 9.977956 -21.554157 75.503684
v 15.130252 -21.554157 70.351386
v 18.438232 -21.554157 63.859113
v 19.578082 -21.554157 56.662374
vt 0.617956 0.650479
vt 0.617956 0.605643
vt 0.620165 0.605751
vt 0.620165 0.650685
vt 0.615747 0.650685
vt 0.615747 0.605751
vt 0.617956 0.555941
vt 0.620165 0.555941
vt 0.622158 0.606064
vt 0.622158 0.651282
vt 0.617956 0.686062
vt 0.620165 0.686345
vt 0.613754 0.651282
vt 0.613754 0.606064
vt 0.615747 0.555941
vt 0.615747 0.686345
vt 0.617956 0.506239
vt 0.620165 0.506130
vt 0.622158 0.555941
vt 0.623739 0.606553
vt 0.623739 0.652211
vt 0.622158 0.687167
vt 0.612173 0.652211
vt 0.612173 0.606553
vt 0.613754 0.555941
vt 0.613754 0.687167
vt 0.615747 0.506130
vt 0.617956 0.461402
vt 0.620165 0.461196
vt 0.622158 0.505817
vt 0.623739 0.555941
vt 0.623739 0.688446
vt 0.612173 0.555941
vt 0.612173 0.688446
vt 0.613754 0.505817
vt 0.615747 0.461196
vt 0.617956 0.425819
vt 0.620165 0.425536
vt 0.622158 0.460599
vt 0.623739 0.505328
vt 0.612173 0.505328
vt 0.613754 0.460599
vt 0.615747 0.425536
vt 0.622158 0.424715
vt 0.623739 0.459670
vt 0.612173 0.459670
vt 0.613754 0.424715
vt 0.623739 0.423435
vt 0.612173 0.423435
vt 0.559186 0.105815
vt 0.559186 0.060979
vt 0.561395 0.060773
vt 0.561395 0.105707
vt 0.556977 0.105707
vt 0.556977 0.060773
vt 0.559186 0.025396
vt 0.561395 0.025113
vt 0.563388 0.060176
vt 0.563388 0.105393
vt 0.559186 0.155517
vt 0.561395 0.155517
vt 0.554984 0.105393
vt 0.554984 0.060176
vt 0.556977 0.025113
vt 0.556977 0.155517
vt 0.563388 0.024292
vt 0.564969 0.059247
vt 0.564969 0.104905
vt 0.563388 0.155517
vt 0.559186 0.205219
vt 0.561395 0.205327
vt 0.553403 0.104905
vt 0.553403 0.059247
vt 0.554984 0.024292
vt 0.554984 0.155517
vt 0.556977 0.205327
vt 0.564969 0.023012
vt 0.564969 0.155517
vt 0.563388 0.205641
vt 0.559186 0.250056
vt 0.561395 0.250261
vt 0.553403 0.023012
vt 0.553403 0.155517
vt 0.554984 0.205641
vt 0.556977 0.250261
vt 0.564969 0.206130
vt 0.563388 0.250858
vt 0.559186 0.285638
vt 0.561395 0.285921
vt 0.553403 0.206130
vt 0.554984 0.250858
vt 0.556977 0.285921
vt 0.564969 0.251788
vt 0.563388 0.286743
vt 0.553403 0.251788
vt 0.554984 0.286743
vt 0.564969 0.288022
vt 0.553403 0.288022
vt 0.387071 0.652306
vt 0.387071 0.700717
vt 0.385080 0.700403
vt 0.385080 0.651710
vt 0.388652 0.653235
vt 0.388652 0.701205
vt 0.387071 0.754380
vt 0.385080 0.754380
vt 0.382872 0.700295
vt 0.382872 0.651504
vt 0.387071 0.613888
vt 0.385080 0.613067
vt 0.388652 0.754380
vt 0.388652 0.615166
vt 0.387071 0.808044
vt 0.385080 0.808357
vt 0.382872 0.754380
vt 0.380665 0.700403
vt 0.380665 0.651710
vt 0.382872 0.612784
vt 0.388652 0.807555
vt 0.387071 0.856454
vt 0.385080 0.857051
vt 0.382872 0.808465
vt 0.380665 0.754380
vt 0.378673 0.700717
vt 0.378673 0.652306
vt 0.380665 0.613067
vt 0.388652 0.855525
vt 0.387071 0.894873
vt 0.385080 0.895694
vt 0.382872 0.857256
vt 0.380665 0.808357
vt 0.378673 0.754380
vt 0.377093 0.701205
vt 0.377093 0.653235
vt 0.378673 0.613888
vt 0.388652 0.893594
vt 0.382872 0.895976
vt 0.380665 0.857051
vt 0.378673 0.808044
vt 0.377093 0.754380
vt 0.377093 0.615166
vt 0.380665 0.895694
vt 0.378673 0.856454
vt 0.377093 0.807555
vt 0.378673 0.894873
vt 0.377093 0.855525
vt 0.377093 0.893594
vt 0.093221 0.806266
vt 0.093221 0.854676
vt 0.091230 0.855273
vt 0.091230 0.806579
vt 0.094802 0.805778
vt 0.094802 0.853747
vt 0.093221 0.893095
vt 0.091230 0.893916
vt 0.089022 0.855478
vt 0.089022 0.806688
vt 0.093221 0.752603
vt 0.091230 0.752603
vt 0.094802 0.891816
vt 0.094802 0.752603
vt 0.089022 0.894199
vt 0.086815 0.855273
vt 0.086815 0.806579
vt 0.089022 0.752603
vt 0.093221 0.698939
vt 0.091230 0.698626
vt 0.094802 0.699428
vt 0.086815 0.893916
vt 0.084823 0.854676
vt 0.084823 0.806266
vt 0.086815 0.752603
vt 0.089022 0.698518
vt 0.093221 0.650529
vt 0.091230 0.649933
vt 0.094802 0.651458
vt 0.084823 0.893095
vt 0.083243 0.853747
vt 0.083243 0.805778
vt 0.084823 0.752603
vt 0.086815 0.698626
vt 0.089022 0.649727
vt 0.093221 0.612110
vt 0.091230 0.611289
vt 0.094802 0.613389
vt 0.083243 0.891816
vt 0.083243 0.752603
vt 0.084823 0.698939
vt 0.086815 0.649933
vt 0.089022 0.611006
vt 0.083243 0.699428
vt 0.084823 0.650529
vt 0.086815 0.611289
vt 0.083243 0.651458
vt 0.084823 0.612110
vt 0.083243 0.613389
vt 0.734804 0.639893
vt 0.755011 0.600235
vt 0.756658 0.600769
vt 0.736205 0.640911
vt 0.761974 0.556272
vt 0.763705 0.556272
vt 0.758483 0.601362
vt 0.737757 0.642039
vt 0.703331 0.671367
vt 0.704348 0.672767
vt 0.755011 0.512310
vt 0.756658 0.511775
vt 0.765624 0.556272
vt 0.760307 0.601955
vt 0.739309 0.643166
vt 0.705476 0.674320
vt 0.663672 0.691574
vt 0.664207 0.693220
vt 0.734804 0.472651
vt 0.736205 0.471634
vt 0.758482 0.511182
vt 0.767543 0.556272
vt 0.761953 0.602490
vt 0.740710 0.644184
vt 0.706604 0.675872
vt 0.664800 0.695045
vt 0.663247 0.690268
vt 0.702523 0.670256
vt 0.619709 0.698537
vt 0.619709 0.700268
vt 0.703331 0.441177
vt 0.704348 0.439777
vt 0.737757 0.470506
vt 0.760307 0.510589
vt 0.769274 0.556272
vt 0.707621 0.677272
vt 0.665392 0.696870
vt 0.619709 0.702187
vt 0.619709 0.697164
vt 0.575747 0.691574
vt 0.575212 0.693220
vt 0.663672 0.420970
vt 0.664207 0.419324
vt 0.705476 0.438225
vt 0.739309 0.469378
vt 0.761953 0.510054
vt 0.665927 0.698516
vt 0.619709 0.704105
vt 0.574619 0.695045
vt 0.576172 0.690268
vt 0.536088 0.671367
vt 0.535071 0.672767
vt 0.702523 0.442289
vt 0.663247 0.422277
vt 0.619709 0.414007
vt 0.619709 0.412276
vt 0.664800 0.417499
vt 0.706604 0.436673
vt 0.740709 0.468361
vt 0.708429 0.678383
vt 0.666352 0.699823
vt 0.619709 0.705836
vt 0.574026 0.696870
vt 0.533943 0.674320
vt 0.536896 0.670256
vt 0.504615 0.639893
vt 0.503214 0.640911
vt 0.619709 0.415381
vt 0.575747 0.420970
vt 0.575212 0.419324
vt 0.619709 0.410358
vt 0.665392 0.415674
vt 0.707621 0.435272
vt 0.619709 0.707210
vt 0.573492 0.698516
vt 0.532815 0.675872
vt 0.501662 0.642039
vt 0.484407 0.600234
vt 0.482761 0.600769
vt 0.576172 0.422277
vt 0.536088 0.441177
vt 0.535071 0.439777
vt 0.574619 0.417499
vt 0.619709 0.408439
vt 0.665927 0.414028
vt 0.573067 0.699823
vt 0.531798 0.677272
vt 0.500110 0.643166
vt 0.480936 0.601362
vt 0.477444 0.556272
vt 0.475714 0.556272
vt 0.536896 0.442289
vt 0.504615 0.472651
vt 0.503214 0.471634
vt 0.533943 0.438225
vt 0.574026 0.415674
vt 0.619709 0.406708
vt 0.666352 0.412722
vt 0.708429 0.434161
vt 0.530990 0.678383
vt 0.498709 0.644184
vt 0.479112 0.601955
vt 0.473795 0.556272
vt 0.484407 0.512310
vt 0.482761 0.511775
vt 0.501662 0.470506
vt 0.532815 0.436673
vt 0.573492 0.414028
vt 0.619709 0.405334
vt 0.477466 0.602490
vt 0.471876 0.556272
vt 0.480936 0.511182
vt 0.500110 0.469378
vt 0.531798 0.435272
vt 0.573067 0.412722
vt 0.470145 0.556272
vt 0.479112 0.510589
vt 0.498710 0.468361
vt 0.530990 0.434161
vt 0.477466 0.510054
vt 0.682101 0.067955
vt 0.703358 0.109674
vt 0.701711 0.110209
vt 0.680700 0.068973
vt 0.710682 0.155919
vt 0.708950 0.155919
vt 0.699885 0.110802
vt 0.679147 0.070101
vt 0.648993 0.034847
vt 0.647975 0.036248
vt 0.703358 0.202165
vt 0.701711 0.201630
vt 0.707031 0.155919
vt 0.698059 0.111395
vt 0.677594 0.071230
vt 0.646847 0.037801
vt 0.607274 0.013590
vt 0.606739 0.015237
vt 0.682101 0.243883
vt 0.680700 0.242865
vt 0.699885 0.201036
vt 0.705111 0.155919
vt 0.696412 0.111931
vt 0.676192 0.072248
vt 0.645718 0.039354
vt 0.606146 0.017063
vt 0.607699 0.012283
vt 0.649801 0.033735
vt 0.561029 0.006266
vt 0.561029 0.007998
vt 0.648993 0.276991
vt 0.647975 0.275590
vt 0.679147 0.241737
vt 0.698059 0.200443
vt 0.703379 0.155919
vt 0.644700 0.040756
vt 0.605553 0.018889
vt 0.561029 0.009917
vt 0.561029 0.004891
vt 0.514783 0.013590
vt 0.515319 0.015237
vt 0.607274 0.298248
vt 0.606739 0.296601
vt 0.646847 0.274037
vt 0.677594 0.240608
vt 0.696412 0.199908
vt 0.605017 0.020536
vt 0.561029 0.011837
vt 0.515912 0.017063
vt 0.514359 0.012283
vt 0.473065 0.034847
vt 0.474083 0.036248
vt 0.649801 0.278103
vt 0.607699 0.299555
vt 0.561029 0.305573
vt 0.561029 0.303841
vt 0.606146 0.294775
vt 0.645718 0.272484
vt 0.676192 0.239590
vt 0.643892 0.041868
vt 0.604593 0.021843
vt 0.561029 0.013569
vt 0.516505 0.018889
vt 0.475211 0.037801
vt 0.472257 0.033735
vt 0.439957 0.067955
vt 0.441358 0.068973
vt 0.561029 0.306947
vt 0.514783 0.298248
vt 0.515319 0.296601
vt 0.561029 0.301921
vt 0.605553 0.292949
vt 0.644700 0.271083
vt 0.561029 0.014944
vt 0.517040 0.020536
vt 0.476340 0.039354
vt 0.442911 0.070101
vt 0.418700 0.109674
vt 0.420347 0.110209
vt 0.514359 0.299555
vt 0.473065 0.276991
vt 0.474083 0.275590
vt 0.515912 0.294775
vt 0.561029 0.300001
vt 0.605017 0.291302
vt 0.517465 0.021843
vt 0.477358 0.040756
vt 0.444464 0.071230
vt 0.422173 0.110802
vt 0.411375 0.155919
vt 0.413107 0.155919
vt 0.472257 0.278103
vt 0.439957 0.243883
vt 0.441358 0.242865
vt 0.475211 0.274037
vt 0.516505 0.292949
vt 0.561029 0.298269
vt 0.604593 0.289995
vt 0.643892 0.269971
vt 0.478166 0.041868
vt 0.445865 0.072248
vt 0.423999 0.111395
vt 0.415027 0.155919
vt 0.418700 0.202165
vt 0.420347 0.201630
vt 0.442911 0.241737
vt 0.476340 0.272484
vt 0.517040 0.291302
vt 0.561029 0.296895
vt 0.425646 0.111931
vt 0.416947 0.155919
vt 0.422173 0.201036
vt 0.444464 0.240608
vt 0.477358 0.271083
vt 0.517465 0.289995
vt 0.418679 0.155919
vt 0.423999 0.200443
vt 0.445865 0.239590
vt 0.478166 0.269971
vt 0.425646 0.199908
vt 0.841315 0.046785
vt 0.841315 0.005622
vt 0.843343 0.005434
vt 0.843343 0.046686
vt 0.839287 0.046686
vt 0.839287 0.005434
vt 0.845173 0.004886
vt 0.845173 0.046398
vt 0.841315 0.092414
vt 0.843343 0.092414
vt 0.837458 0.046398
vt 0.837458 0.004886
vt 0.839287 0.092414
vt 0.845173 0.092414
vt 0.841315 0.138043
vt 0.843343 0.138142
vt 0.837458 0.092414
vt 0.839287 0.138142
vt 0.845173 0.138430
vt 0.841315 0.179206
vt 0.843343 0.179394
vt 0.837458 0.138430
vt 0.839287 0.179394
vt 0.845173 0.179942
vt 0.837458 0.179942
vt 0.856008 0.138044
vt 0.856008 0.179206
vt 0.853980 0.179395
vt 0.853980 0.138143
vt 0.858036 0.138143
vt 0.858036 0.179395
vt 0.852150 0.179943
vt 0.852150 0.138431
vt 0.856008 0.092414
vt 0.853980 0.092414
vt 0.859865 0.138431
vt 0.859865 0.179943
vt 0.858036 0.092414
vt 0.852150 0.092414
vt 0.856008 0.046785
vt 0.853980 0.046686
vt 0.859865 0.092414
vt 0.858036 0.046686
vt 0.852150 0.046398
vt 0.856008 0.005622
vt 0.853980 0.005434
vt 0.859865 0.046398
vt 0.858036 0.005434
vt 0.852150 0.004886
vt 0.859865 0.004886
vt 0.866843 0.050097
vt 0.866843 0.005629
vt 0.868672 0.005081
vt 0.868672 0.049809
vt 0.870700 0.004892
vt 0.870700 0.049709
vt 0.866843 0.099389
vt 0.868672 0.099389
vt 0.872728 0.005081
vt 0.872728 0.049809
vt 0.870700 0.099389
vt 0.866843 0.148682
vt 0.868672 0.148970
vt 0.874557 0.005629
vt 0.874557 0.050097
vt 0.872728 0.099389
vt 0.870700 0.149069
vt 0.866843 0.193150
vt 0.868672 0.193698
vt 0.874557 0.099389
vt 0.872728 0.148970
vt 0.870700 0.193887
vt 0.874557 0.148682
vt 0.872728 0.193698
vt 0.874557 0.193150
vt 0.889249 0.148681
vt 0.889249 0.193149
vt 0.887420 0.193697
vt 0.887420 0.148970
vt 0.885392 0.193886
vt 0.885392 0.149069
vt 0.889249 0.099389
vt 0.887420 0.099389
vt 0.883364 0.193697
vt 0.883364 0.148970
vt 0.885392 0.099389
vt 0.889249 0.050096
vt 0.887420 0.049808
vt 0.881535 0.193149
vt 0.881535 0.148681
vt 0.883364 0.099389
vt 0.885392 0.049709
vt 0.889249 0.005629
vt 0.887420 0.005081
vt 0.881535 0.099389
vt 0.883364 0.049808
vt 0.885392 0.004892
vt 0.881535 0.050096
vt 0.883364 0.005081
vt 0.881535 0.005629
vn -0.809017 0.000000 0.587785
vn -0.951057 -0.000000 0.309016
vn -0.903003 0.313847 0.293402
vn -0.768140 0.313847 0.558086
vn -0.587785 -0.000000 0.809017
vn -0.558087 0.313844 0.768141
vn -0.309017 0.000000 0.951056
vn -0.293404 0.313844 0.903004
vn 0.000000 -0.000000 1.000000
vn 0.000000 0.313846 0.949474
vn 0.309017 -0.000000 0.951056
vn 0.293404 0.313847 0.903003
vn 0.587785 -0.000000 0.809017
vn 0.558087 0.313847 0.768140
vn 0.809017 0.000000 0.587785
vn 0.768140 0.313847 0.558086
vn 0.951056 -0.000000 0.309017
vn 0.903003 0.313848 0.293403
vn 1.000000 0.000000 -0.000000
vn 0.949474 0.313847 -0.000000
vn 0.951056 0.000000 -0.309017
vn 0.903003 0.313847 -0.293404
vn 0.809017 -0.000000 -0.587785
vn 0.768140 0.313846 -0.558087
vn 0.587785 -0.000000 -0.809017
vn 0.558087 0.313844 -0.768141
vn 0.309017 -0.000000 -0.951057
vn 0.293404 0.313845 -0.903004
vn -0.000000 0.000000 -1.000000
vn -0.000000 0.313845 -0.949474
vn -0.309017 -0.000000 -0.951057
vn -0.293404 0.313845 -0.903004
vn -0.587785 -0.000000 -0.809017
vn -0.558087 0.313845 -0.768141
vn -0.809017 0.000000 -0.587785
vn -0.768141 0.313846 -0.558087
vn -0.951056 0.000000 -0.309017
vn -0.903003 0.313846 -0.293403
vn -1.000000 -0.000000 -0.000001
vn -0.949474 0.313845 -0.000001
vn -0.763969 0.595596 0.248228
vn -0.649870 0.595596 0.472159
vn -0.472158 0.595597 0.649870
vn -0.248228 0.595596 0.763968
vn 0.000000 0.595596 0.803284
vn 0.248228 0.595596 0.763968
vn 0.472159 0.595596 0.649870
vn 0.649870 0.595597 0.472158
vn 0.763967 0.595598 0.248228
vn 0.803284 0.595597 -0.000000
vn 0.763968 0.595596 -0.248228
vn 0.649871 0.595595 -0.472159
vn 0.472159 0.595595 -0.649871
vn 0.248229 0.595595 -0.763969
vn -0.000000 0.595596 -0.803284
vn -0.248228 0.595596 -0.763968
vn -0.472158 0.595597 -0.649870
vn -0.649870 0.595596 -0.472158
vn -0.763968 0.595597 -0.248228
vn -0.803284 0.595597 -0.000001
vn -0.548672 0.816809 0.178274
vn -0.466728 0.816810 0.339098
vn -0.339097 0.816810 0.466728
vn -0.178274 0.816809 0.548672
vn 0.000000 0.816809 0.576908
vn 0.178275 0.816809 0.548672
vn 0.339099 0.816809 0.466729
vn 0.466729 0.816808 0.339098
vn 0.548672 0.816809 0.178274
vn 0.576908 0.816809 -0.000000
vn 0.548673 0.816809 -0.178274
vn 0.466729 0.816808 -0.339099
vn 0.339099 0.816808 -0.466729
vn 0.178274 0.816809 -0.548672
vn -0.000000 0.816809 -0.576908
vn -0.178275 0.816809 -0.548673
vn -0.339098 0.816809 -0.466729
vn -0.466729 0.816809 -0.339098
vn -0.548673 0.816808 -0.178275
vn -0.576909 0.816808 -0.000001
vn -0.279572 0.955818 0.090838
vn -0.237818 0.955818 0.172785
vn -0.172785 0.955818 0.237819
vn -0.090839 0.955818 0.279573
vn 0.000000 0.955818 0.293960
vn 0.090839 0.955818 0.279573
vn 0.172786 0.955818 0.237819
vn 0.237819 0.955817 0.172786
vn 0.279574 0.955817 0.090839
vn 0.293960 0.955818 -0.000000
vn 0.279573 0.955818 -0.090839
vn 0.237818 0.955818 -0.172785
vn 0.172785 0.955818 -0.237819
vn 0.090839 0.955818 -0.279573
vn -0.000000 0.955818 -0.293960
vn -0.090839 0.955818 -0.279573
vn -0.172786 0.955818 -0.237819
vn -0.237819 0.955818 -0.172786
vn -0.279573 0.955818 -0.090839
vn -0.293961 0.955818 -0.000000
vn 0.015854 0.999861 -0.005151
vn 0.013486 0.999861 -0.009798
vn 0.009798 0.999861 -0.013486
vn 0.005151 0.999861 -0.015854
vn -0.000000 0.999861 -0.016670
vn -0.005151 0.999861 -0.015854
vn -0.009798 0.999861 -0.013486
vn -0.013487 0.999861 -0.009798
vn -0.015854 0.999861 -0.005151
vn -0.016670 0.999861 -0.000000
vn -0.015854 0.999861 0.005151
vn -0.013486 0.999861 0.009798
vn -0.009798 0.999861 0.013486
vn -0.005151 0.999861 0.015854
vn -0.000000 0.999861 0.016670
vn 0.005151 0.999861 0.015854
vn 0.009798 0.999861 0.013486
vn 0.013486 0.999861 0.009798
vn 0.015854 0.999861 0.005151
vn 0.016670 0.999861 0.000000
vn 0.308246 0.946020 -0.100155
vn 0.262210 0.946020 -0.190506
vn 0.190506 0.946020 -0.262210
vn 0.100155 0.946020 -0.308246
vn -0.000000 0.946020 -0.324109
vn -0.100155 0.946020 -0.308246
vn -0.190506 0.946020 -0.262209
vn -0.262210 0.946020 -0.190506
vn -0.308246 0.946020 -0.100155
vn -0.324109 0.946020 -0.000000
vn -0.308246 0.946020 0.100155
vn -0.262210 0.946020 0.190506
vn -0.190506 0.946020 0.262209
vn -0.100155 0.946020 0.308245
vn 0.000000 0.946020 0.324109
vn 0.100155 0.946020 0.308246
vn 0.190506 0.946020 0.262210
vn 0.262210 0.946019 0.190507
vn 0.308247 0.946019 0.100155
vn 0.324109 0.946020 0.000000
vn 0.569407 0.800966 -0.185011
vn 0.484367 0.800966 -0.351913
vn 0.351913 0.800965 -0.484367
vn 0.185012 0.800965 -0.569408
vn -0.000000 0.800965 -0.598710
vn -0.185012 0.800966 -0.569407
vn -0.351913 0.800966 -0.484367
vn -0.484367 0.800965 -0.351913
vn -0.569408 0.800965 -0.185012
vn -0.598711 0.800965 0.000000
vn -0.569409 0.800964 0.185012
vn -0.484368 0.800964 0.351914
vn -0.351913 0.800965 0.484367
vn -0.185012 0.800966 0.569407
vn 0.000000 0.800966 0.598710
vn 0.185012 0.800966 0.569407
vn 0.351913 0.800965 0.484367
vn 0.484367 0.800965 0.351913
vn 0.569407 0.800966 0.185011
vn 0.598709 0.800967 0.000001
vn 0.774907 0.579763 -0.251782
vn 0.659175 0.579763 -0.478918
vn 0.478918 0.579765 -0.659174
vn 0.251782 0.579766 -0.774905
vn -0.000000 0.579766 -0.814783
vn -0.251782 0.579765 -0.774905
vn -0.478918 0.579765 -0.659174
vn -0.659174 0.579764 -0.478918
vn -0.774906 0.579765 -0.251782
vn -0.814783 0.579766 0.000000
vn -0.774906 0.579764 0.251782
vn -0.659174 0.579764 0.478918
vn -0.478917 0.579766 0.659173
vn -0.251782 0.579765 0.774905
vn 0.000000 0.579765 0.814784
vn 0.251782 0.579764 0.774906
vn 0.478918 0.579764 0.659175
vn 0.659174 0.579765 0.478918
vn 0.774904 0.579767 0.251782
vn 0.814784 0.579764 0.000001
vn 0.906025 0.304065 -0.294384
vn 0.770710 0.304068 -0.559954
vn 0.559954 0.304070 -0.770710
vn 0.294385 0.304069 -0.906024
vn -0.000000 0.304068 -0.952650
vn -0.294385 0.304068 -0.906024
vn -0.559954 0.304068 -0.770710
vn -0.770710 0.304070 -0.559953
vn -0.906023 0.304071 -0.294385
vn -0.952650 0.304069 0.000000
vn -0.906025 0.304067 0.294385
vn -0.770710 0.304068 0.559954
vn -0.559953 0.304070 0.770710
vn -0.294385 0.304068 0.906024
vn 0.000000 0.304067 0.952651
vn 0.294385 0.304067 0.906025
vn 0.559954 0.304067 0.770710
vn 0.770710 0.304069 0.559954
vn 0.906024 0.304070 0.294385
vn 0.952650 0.304068 0.000001
vn 0.951057 0.000000 -0.309016
vn 0.809017 0.000000 -0.587785
vn 0.587785 0.000000 -0.809017
vn 0.309017 0.000000 -0.951056
vn -0.000000 0.000000 -1.000000
vn -0.309017 0.000000 -0.951056
vn -0.587785 0.000000 -0.809017
vn -0.809017 0.000000 -0.587785
vn -0.951057 0.000000 -0.309017
vn -1.000000 0.000000 0.000000
vn -0.951057 0.000000 0.309017
vn -0.809017 0.000000 0.587785
vn -0.587785 -0.000000 0.809017
vn -0.309017 0.000000 0.951056
vn 0.000000 0.000000 1.000000
vn 0.309017 -0.000000 0.951056
vn 0.587785 0.000000 0.809017
vn 0.809017 0.000000 0.587785
vn 0.951056 -0.000000 0.309017
vn 1.000000 0.000000 0.000001
vn 0.906026 -0.304065 -0.294384
vn 0.770710 -0.304068 -0.559954
vn 0.559954 -0.304070 -0.770710
vn 0.294385 -0.304068 -0.906024
vn -0.000000 -0.304068 -0.952650
vn -0.294385 -0.304068 -0.906024
vn -0.559954 -0.304068 -0.770710
vn -0.770710 -0.304070 -0.559954
vn -0.906023 -0.304071 -0.294385
vn -0.952650 -0.304069 0.000000
vn -0.906025 -0.304067 0.294385
vn -0.770710 -0.304068 0.559954
vn -0.559953 -0.304070 0.770710
vn -0.294385 -0.304068 0.906024
vn 0.000000 -0.304067 0.952651
vn 0.294385 -0.304067 0.906025
vn 0.559954 -0.304067 0.770710
vn 0.770710 -0.304069 0.559954
vn 0.906024 -0.304070 0.294385
vn 0.952650 -0.304068 0.000001
vn 0.774907 -0.579763 -0.251782
vn 0.659175 -0.579763 -0.478918
vn 0.478918 -0.579764 -0.659174
vn 0.251782 -0.579765 -0.774905
vn -0.000000 -0.579765 -0.814783
vn -0.251782 -0.579765 -0.774905
vn -0.478918 -0.579765 -0.659174
vn -0.659175 -0.579764 -0.478918
vn -0.774906 -0.579764 -0.251782
vn -0.814783 -0.579766 0.000000
vn -0.774906 -0.579763 0.251782
vn -0.659174 -0.579764 0.478918
vn -0.478917 -0.579766 0.659173
vn -0.251782 -0.579765 0.774905
vn 0.000000 -0.579764 0.814784
vn 0.251782 -0.579764 0.774906
vn 0.478918 -0.579764 0.659175
vn 0.659174 -0.579765 0.478918
vn 0.774904 -0.579767 0.251782
vn 0.814784 -0.579764 0.000001
vn 0.569407 -0.800966 -0.185011
vn 0.484367 -0.800965 -0.351913
vn 0.351913 -0.800965 -0.484367
vn 0.185012 -0.800965 -0.569408
vn -0.000000 -0.800965 -0.598711
vn -0.185012 -0.800965 -0.569408
vn -0.351913 -0.800965 -0.484367
vn -0.484367 -0.800965 -0.351913
vn -0.569409 -0.800965 -0.185012
vn -0.598712 -0.800965 0.000000
vn -0.569409 -0.800964 0.185012
vn -0.484368 -0.800964 0.351914
vn -0.351914 -0.800965 0.484367
vn -0.185012 -0.800966 0.569407
vn 0.000000 -0.800966 0.598710
vn 0.185012 -0.800965 0.569407
vn 0.351914 -0.800965 0.484367
vn 0.484367 -0.800965 0.351914
vn 0.569407 -0.800966 0.185011
vn 0.598709 -0.800967 0.000001
vn 0.308246 -0.946020 -0.100155
vn 0.262210 -0.946020 -0.190507
vn 0.190506 -0.946020 -0.262210
vn 0.100155 -0.946020 -0.308246
vn -0.000000 -0.946020 -0.324109
vn -0.100155 -0.946020 -0.308246
vn -0.190506 -0.946020 -0.262209
vn -0.262210 -0.946020 -0.190506
vn -0.308247 -0.946019 -0.100155
vn -0.324110 -0.946020 -0.000000
vn -0.308246 -0.946020 0.100155
vn -0.262210 -0.946020 0.190507
vn -0.190506 -0.946020 0.262210
vn -0.100155 -0.946020 0.308246
vn 0.000000 -0.946020 0.324109
vn 0.100155 -0.946020 0.308246
vn 0.190507 -0.946020 0.262210
vn 0.262211 -0.946019 0.190507
vn 0.308247 -0.946019 0.100156
vn 0.324109 -0.946020 0.000000
vn 0.015854 -0.999861 -0.005151
vn 0.013486 -0.999861 -0.009798
vn 0.009798 -0.999861 -0.013486
vn 0.005151 -0.999861 -0.015854
vn -0.000000 -0.999861 -0.016670
vn -0.005151 -0.999861 -0.015854
vn -0.009798 -0.999861 -0.013487
vn -0.013487 -0.999861 -0.009799
vn -0.015854 -0.999861 -0.005151
vn -0.016670 -0.999861 -0.000000
vn -0.015854 -0.999861 0.005151
vn -0.013486 -0.999861 0.009798
vn -0.009798 -0.999861 0.013486
vn -0.005151 -0.999861 0.015854
vn 0.000000 -0.999861 0.016670
vn 0.005151 -0.999861 0.015854
vn 0.009798 -0.999861 0.013486
vn 0.013486 -0.999861 0.009798
vn 0.015854 -0.999861 0.005151
vn 0.016670 -0.999861 0.000000
vn -0.279573 -0.955818 0.090838
vn -0.237819 -0.955818 0.172785
vn -0.172785 -0.955818 0.237819
vn -0.090839 -0.955818 0.279573
vn 0.000000 -0.955818 0.293960
vn 0.090839 -0.955818 0.279573
vn 0.172786 -0.955818 0.237819
vn 0.237819 -0.955817 0.172786
vn 0.279574 -0.955817 0.090839
vn 0.293960 -0.955818 -0.000000
vn 0.279573 -0.955818 -0.090839
vn 0.237818 -0.955818 -0.172785
vn 0.172785 -0.955818 -0.237819
vn 0.090839 -0.955818 -0.279573
vn -0.000000 -0.955818 -0.293960
vn -0.090839 -0.955818 -0.279573
vn -0.172785 -0.955818 -0.237819
vn -0.237819 -0.955818 -0.172785
vn -0.279573 -0.955818 -0.090839
vn -0.293960 -0.955818 -0.000000
vn -0.548673 -0.816809 0.178274
vn -0.466728 -0.816809 0.339098
vn -0.339097 -0.816810 0.466728
vn -0.178274 -0.816809 0.548672
vn 0.000000 -0.816809 0.576909
vn 0.178275 -0.816809 0.548672
vn 0.339099 -0.816809 0.466729
vn 0.466729 -0.816808 0.339099
vn 0.548673 -0.816809 0.178274
vn 0.576908 -0.816809 -0.000000
vn 0.548673 -0.816808 -0.178275
vn 0.466730 -0.816808 -0.339099
vn 0.339099 -0.816809 -0.466729
vn 0.178274 -0.816809 -0.548672
vn -0.000000 -0.816809 -0.576909
vn -0.178275 -0.816809 -0.548673
vn -0.339098 -0.816809 -0.466729
vn -0.466729 -0.816809 -0.339098
vn -0.548673 -0.816808 -0.178275
vn -0.576909 -0.816808 -0.000001
vn -0.763969 -0.595595 0.248228
vn -0.649871 -0.595595 0.472159
vn -0.472158 -0.595597 0.649870
vn -0.248228 -0.595597 0.763968
vn 0.000000 -0.595596 0.803284
vn 0.248228 -0.595596 0.763969
vn 0.472159 -0.595596 0.649871
vn 0.649870 -0.595597 0.472158
vn 0.763968 -0.595597 0.248228
vn 0.803284 -0.595597 -0.000000
vn 0.763969 -0.595596 -0.248229
vn 0.649871 -0.595595 -0.472159
vn 0.472159 -0.595595 -0.649871
vn 0.248229 -0.595595 -0.763969
vn -0.000000 -0.595596 -0.803284
vn -0.248228 -0.595596 -0.763968
vn -0.472158 -0.595597 -0.649870
vn -0.649870 -0.595596 -0.472158
vn -0.763968 -0.595596 -0.248228
vn -0.803284 -0.595597 -0.000001
vn -0.903003 -0.313847 0.293402
vn -0.768140 -0.313847 0.558087
vn -0.558087 -0.313844 0.768141
vn -0.293404 -0.313844 0.903004
vn 0.000000 -0.313846 0.949474
vn 0.293404 -0.313847 0.903003
vn 0.558087 -0.313847 0.768140
vn 0.768140 -0.313847 0.558086
vn 0.903003 -0.313847 0.293403
vn 0.949474 -0.313847 -0.000000
vn 0.903003 -0.313847 -0.293404
vn 0.768141 -0.313845 -0.558087
vn 0.558087 -0.313844 -0.768141
vn 0.293404 -0.313845 -0.903004
vn -0.000000 -0.313845 -0.949474
vn -0.293404 -0.313845 -0.903004
vn -0.558087 -0.313845 -0.768141
vn -0.768141 -0.313846 -0.558087
vn -0.903004 -0.313846 -0.293403
vn -0.949474 -0.313845 -0.000001
s 1
g pTorus1
usemtl initialShadingGroup
f 1758/2365/1829 1757/2366/1830 1777/2367/1831 1778/2368/1832
f 1759/2375/1833 1758/2365/1829 1778/2368/1832 1779/2376/1834
f 1760/2801/1835 1759/2802/1833 1779/2803/1834 1780/2804/1836
f 1761/2809/1837 1760/2801/1835 1780/2804/1836 1781/2810/1838
f 1762/2815/1839 1761/2809/1837 1781/2810/1838 1782/2816/1840
f 1763/2820/1841 1762/2815/1839 1782/2816/1840 1783/2821/1842
f 1764/2415/1843 1763/2420/1841 1783/2421/1842 1784/2416/1844
f 1765/2414/1845 1764/2415/1843 1784/2416/1844 1785/2417/1846
f 1766/2424/1847 1765/2414/1845 1785/2417/1846 1786/2425/1848
f 1767/2434/1849 1766/2424/1847 1786/2425/1848 1787/2435/1850
f 1768/2444/1851 1767/2434/1849 1787/2435/1850 1788/2445/1852
f 1769/2452/1853 1768/2444/1851 1788/2445/1852 1789/2453/1854
f 1770/2826/1855 1769/2827/1853 1789/2828/1854 1790/2829/1856
f 1771/2834/1857 1770/2826/1855 1790/2829/1856 1791/2835/1858
f 1772/2840/1859 1771/2834/1857 1791/2835/1858 1792/2841/1860
f 1773/2845/1861 1772/2840/1859 1792/2841/1860 1793/2846/1862
f 1774/2392/1863 1773/2401/1861 1793/2402/1862 1794/2393/1864
f 1775/2381/1865 1774/2392/1863 1794/2393/1864 1795/2382/1866
f 1776/2371/1867 1775/2381/1865 1795/2382/1866 1796/2372/1868
f 1757/2366/1830 1776/2371/1867 1796/2372/1868 1777/2367/1831
f 1778/2368/1832 1777/2367/1831 1797/2373/1869 1798/2374/1870
f 1779/2376/1834 1778/2368/1832 1798/2374/1870 1799/2386/1871
f 1780/2804/1836 1779/2803/1834 1799/2807/1871 1800/2808/1872
f 1781/2810/1838 1780/2804/1836 1800/2808/1872 1801/2814/1873
f 1782/2816/1840 1781/2810/1838 1801/2814/1873 1802/2819/1874
f 1783/2821/1842 1782/2816/1840 1802/2819/1874 1803/2824/1875
f 1784/2416/1844 1783/2421/1842 1803/2430/1875 1804/2422/1876
f 1785/2417/1846 1784/2416/1844 1804/2422/1876 1805/2423/1877
f 1786/2425/1848 1785/2417/1846 1805/2423/1877 1806/2433/1878
f 1787/2435/1850 1786/2425/1848 1806/2433/1878 1807/2443/1879
f 1788/2445/1852 1787/2435/1850 1807/2443/1879 1808/2451/1880
f 1789/2453/1854 1788/2445/1852 1808/2451/1880 1809/2458/1881
f 1790/2829/1856 1789/2828/1854 1809/2832/1881 1810/2833/1882
f 1791/2835/1858 1790/2829/1856 1810/2833/1882 1811/2839/1883
f 1792/2841/1860 1791/2835/1858 1811/2839/1883 1812/2844/1884
f 1793/2846/1862 1792/2841/1860 1812/2844/1884 1813/2849/1885
f 1794/2393/1864 1793/2402/1862 1813/2408/1885 1814/2403/1886
f 1795/2382/1866 1794/2393/1864 1814/2403/1886 1815/2394/1887
f 1796/2372/1868 1795/2382/1866 1815/2394/1887 1816/2383/1888
f 1777/2367/1831 1796/2372/1868 1816/2383/1888 1797/2373/1869
f 1798/2374/1870 1797/2373/1869 1817/2384/1889 1818/2385/1890
f 1799/2386/1871 1798/2374/1870 1818/2385/1890 1819/2396/1891
f 1800/2587/1872 1799/2588/1871 1819/2569/1891 1820/2577/1892
f 1801/2599/1873 1800/2587/1872 1820/2577/1892 1821/2589/1893
f 1802/2610/1874 1801/2599/1873 1821/2589/1893 1822/2600/1894
f 1803/2625/1875 1802/2610/1874 1822/2600/1894 1823/2611/1895
f 1804/2422/1876 1803/2430/1875 1823/2441/1895 1824/2431/1896
f 1805/2423/1877 1804/2422/1876 1824/2431/1896 1825/2432/1897
f 1806/2433/1878 1805/2423/1877 1825/2432/1897 1826/2442/1898
f 1807/2443/1879 1806/2433/1878 1826/2442/1898 1827/2450/1899
f 1808/2451/1880 1807/2443/1879 1827/2450/1899 1828/2457/1900
f 1809/2458/1881 1808/2451/1880 1828/2457/1900 1829/2461/1901
f 1810/2640/1882 1809/2652/1881 1829/2641/1901 1830/2629/1902
f 1811/2628/1883 1810/2640/1882 1830/2629/1902 1831/2615/1903
f 1812/2614/1884 1811/2628/1883 1831/2615/1903 1832/2602/1904
f 1813/2613/1885 1812/2614/1884 1832/2602/1904 1833/2591/1905
f 1814/2403/1886 1813/2408/1885 1833/2412/1905 1834/2409/1906
f 1815/2394/1887 1814/2403/1886 1834/2409/1906 1835/2404/1907
f 1816/2383/1888 1815/2394/1887 1835/2404/1907 1836/2395/1908
f 1797/2373/1869 1816/2383/1888 1836/2395/1908 1817/2384/1889
f 1818/2561/1890 1817/2562/1889 1837/2563/1909 1838/2564/1910
f 1819/2569/1891 1818/2561/1890 1838/2564/1910 1839/2570/1911
f 1820/2577/1892 1819/2569/1891 1839/2570/1911 1840/2578/1912
f 1821/2589/1893 1820/2577/1892 1840/2578/1912 1841/2590/1913
f 1822/2600/1894 1821/2589/1893 1841/2590/1913 1842/2601/1914
f 1823/2611/1895 1822/2600/1894 1842/2601/1914 1843/2612/1915
f 1824/2626/1896 1823/2611/1895 1843/2612/1915 1844/2627/1916
f 1825/2638/1897 1824/2626/1896 1844/2627/1916 1845/2639/1917
f 1826/2650/1898 1825/2638/1897 1845/2639/1917 1846/2651/1918
f 1827/2664/1899 1826/2650/1898 1846/2651/1918 1847/2665/1919
f 1828/2653/1900 1827/2664/1899 1847/2665/1919 1848/2654/1920
f 1829/2641/1901 1828/2653/1900 1848/2654/1920 1849/2642/1921
f 1830/2629/1902 1829/2641/1901 1849/2642/1921 1850/2630/1922
f 1831/2615/1903 1830/2629/1902 1850/2630/1922 1851/2616/1923
f 1832/2602/1904 1831/2615/1903 1851/2616/1923 1852/2603/1924
f 1833/2591/1905 1832/2602/1904 1852/2603/1924 1853/2592/1925
f 1834/2579/1906 1833/2591/1905 1853/2592/1925 1854/2580/1926
f 1835/2571/1907 1834/2579/1906 1854/2580/1926 1855/2572/1927
f 1836/2565/1908 1835/2571/1907 1855/2572/1927 1856/2566/1928
f 1817/2562/1889 1836/2565/1908 1856/2566/1928 1837/2563/1909
f 1838/2564/1910 1837/2563/1909 1857/2567/1929 1858/2568/1930
f 1839/2570/1911 1838/2564/1910 1858/2568/1930 1859/2576/1931
f 1840/2578/1912 1839/2570/1911 1859/2576/1931 1860/2586/1932
f 1841/2590/1913 1840/2578/1912 1860/2586/1932 1861/2598/1933
f 1842/2601/1914 1841/2590/1913 1861/2598/1933 1862/2609/1934
f 1843/2612/1915 1842/2601/1914 1862/2609/1934 1863/2624/1935
f 1844/2627/1916 1843/2612/1915 1863/2624/1935 1864/2637/1936
f 1845/2639/1917 1844/2627/1916 1864/2637/1936 1865/2649/1937
f 1846/2651/1918 1845/2639/1917 1865/2649/1937 1866/2663/1938
f 1847/2665/1919 1846/2651/1918 1866/2663/1938 1867/2672/1939
f 1848/2654/1920 1847/2665/1919 1867/2672/1939 1868/2666/1940
f 1849/2642/1921 1848/2654/1920 1868/2666/1940 1869/2655/1941
f 1850/2630/1922 1849/2642/1921 1869/2655/1941 1870/2643/1942
f 1851/2616/1923 1850/2630/1922 1870/2643/1942 1871/2631/1943
f 1852/2603/1924 1851/2616/1923 1871/2631/1943 1872/2617/1944
f 1853/2592/1925 1852/2603/1924 1872/2617/1944 1873/2604/1945
f 1854/2580/1926 1853/2592/1925 1873/2604/1945 1874/2593/1946
f 1855/2572/1927 1854/2580/1926 1874/2593/1946 1875/2581/1947
f 1856/2566/1928 1855/2572/1927 1875/2581/1947 1876/2573/1948
f 1837/2563/1909 1856/2566/1928 1876/2573/1948 1857/2567/1929
f 1858/2568/1930 1857/2567/1929 1877/2574/1949 1878/2575/1950
f 1859/2576/1931 1858/2568/1930 1878/2575/1950 1879/2585/1951
f 1860/2586/1932 1859/2576/1931 1879/2585/1951 1880/2597/1952
f 1861/2598/1933 1860/2586/1932 1880/2597/1952 1881/2608/1953
f 1862/2609/1934 1861/2598/1933 1881/2608/1953 1882/2623/1954
f 1863/2624/1935 1862/2609/1934 1882/2623/1954 1883/2636/1955
f 1864/2637/1936 1863/2624/1935 1883/2636/1955 1884/2648/1956
f 1865/2649/1937 1864/2637/1936 1884/2648/1956 1885/2662/1957
f 1866/2663/1938 1865/2649/1937 1885/2662/1957 1886/2671/1958
f 1867/2672/1939 1866/2663/1938 1886/2671/1958 1887/2677/1959
f 1868/2666/1940 1867/2672/1939 1887/2677/1959 1888/2673/1960
f 1869/2655/1941 1868/2666/1940 1888/2673/1960 1889/2667/1961
f 1870/2643/1942 1869/2655/1941 1889/2667/1961 1890/2656/1962
f 1871/2631/1943 1870/2643/1942 1890/2656/1962 1891/2644/1963
f 1872/2617/1944 1871/2631/1943 1891/2644/1963 1892/2632/1964
f 1873/2604/1945 1872/2617/1944 1892/2632/1964 1893/2618/1965
f 1874/2593/1946 1873/2604/1945 1893/2618/1965 1894/2605/1966
f 1875/2581/1947 1874/2593/1946 1894/2605/1966 1895/2594/1967
f 1876/2573/1948 1875/2581/1947 1895/2594/1967 1896/2582/1968
f 1857/2567/1929 1876/2573/1948 1896/2582/1968 1877/2574/1949
f 1878/2575/1950 1877/2574/1949 1897/2583/1969 1898/2584/1970
f 1879/2585/1951 1878/2575/1950 1898/2584/1970 1899/2596/1971
f 1880/2597/1952 1879/2585/1951 1899/2596/1971 1900/2607/1972
f 1881/2608/1953 1880/2597/1952 1900/2607/1972 1901/2622/1973
f 1882/2623/1954 1881/2608/1953 1901/2622/1973 1902/2635/1974
f 1883/2636/1955 1882/2623/1954 1902/2635/1974 1903/2647/1975
f 1884/2648/1956 1883/2636/1955 1903/2647/1975 1904/2661/1976
f 1885/2662/1957 1884/2648/1956 1904/2661/1976 1905/2670/1977
f 1886/2671/1958 1885/2662/1957 1905/2670/1977 1906/2676/1978
f 1887/2677/1959 1886/2671/1958 1906/2676/1978 1907/2680/1979
f 1888/2673/1960 1887/2677/1959 1907/2680/1979 1908/2678/1980
f 1889/2667/1961 1888/2673/1960 1908/2678/1980 1909/2674/1981
f 1890/2656/1962 1889/2667/1961 1909/2674/1981 1910/2668/1982
f 1891/2644/1963 1890/2656/1962 1910/2668/1982 1911/2657/1983
f 1892/2632/1964 1891/2644/1963 1911/2657/1983 1912/2645/1984
f 1893/2618/1965 1892/2632/1964 1912/2645/1984 1913/2633/1985
f 1894/2605/1966 1893/2618/1965 1913/2633/1985 1914/2619/1986
f 1895/2594/1967 1894/2605/1966 1914/2619/1986 1915/2606/1987
f 1896/2582/1968 1895/2594/1967 1915/2606/1987 1916/2595/1988
f 1877/2574/1949 1896/2582/1968 1916/2595/1988 1897/2583/1969
f 1898/2467/1970 1897/2468/1969 1917/2464/1989 1918/2463/1990
f 1899/2476/1971 1898/2467/1970 1918/2463/1990 1919/2473/1991
f 1900/2607/1972 1899/2596/1971 1919/2620/1991 1920/2621/1992
f 1901/2622/1973 1900/2607/1972 1920/2621/1992 1921/2634/1993
f 1902/2635/1974 1901/2622/1973 1921/2634/1993 1922/2646/1994
f 1903/2647/1975 1902/2635/1974 1922/2646/1994 1923/2660/1995
f 1904/2517/1976 1903/2524/1975 1923/2518/1995 1924/2513/1996
f 1905/2516/1977 1904/2517/1976 1924/2513/1996 1925/2512/1997
f 1906/2525/1978 1905/2516/1977 1925/2512/1997 1926/2522/1998
f 1907/2532/1979 1906/2525/1978 1926/2522/1998 1927/2530/1999
f 1908/2540/1980 1907/2532/1979 1927/2530/1999 1928/2538/2000
f 1909/2549/1981 1908/2540/1980 1928/2538/2000 1929/2547/2001
f 1910/2668/1982 1909/2674/1981 1929/2679/2001 1930/2675/2002
f 1911/2657/1983 1910/2668/1982 1930/2675/2002 1931/2669/2003
f 1912/2645/1984 1911/2657/1983 1931/2669/2003 1932/2658/2004
f 1913/2633/1985 1912/2645/1984 1932/2658/2004 1933/2659/2005
f 1914/2491/1986 1913/2500/1985 1933/2492/2005 1934/2484/2006
f 1915/2483/1987 1914/2491/1986 1934/2484/2006 1935/2477/2007
f 1916/2475/1988 1915/2483/1987 1935/2477/2007 1936/2469/2008
f 1897/2468/1969 1916/2475/1988 1936/2469/2008 1917/2464/1989
f 1918/2463/1990 1917/2464/1989 1937/2465/2009 1938/2466/2010
f 1919/2473/1991 1918/2463/1990 1938/2466/2010 1939/2474/2011
f 1920/2851/1992 1919/2852/1991 1939/2853/2011 1940/2854/2012
f 1921/2857/1993 1920/2851/1992 1940/2854/2012 1941/2858/2013
f 1922/2862/1994 1921/2857/1993 1941/2858/2013 1942/2863/2014
f 1923/2868/1995 1922/2862/1994 1942/2863/2014 1943/2869/2015
f 1924/2513/1996 1923/2518/1995 1943/2519/2015 1944/2514/2016
f 1925/2512/1997 1924/2513/1996 1944/2514/2016 1945/2515/2017
f 1926/2522/1998 1925/2512/1997 1945/2515/2017 1946/2523/2018
f 1927/2530/1999 1926/2522/1998 1946/2523/2018 1947/2531/2019
f 1928/2538/2000 1927/2530/1999 1947/2531/2019 1948/2539/2020
f 1929/2547/2001 1928/2538/2000 1948/2539/2020 1949/2548/2021
f 1930/2876/2002 1929/2877/2001 1949/2878/2021 1950/2879/2022
f 1931/2882/2003 1930/2876/2002 1950/2879/2022 1951/2883/2023
f 1932/2887/2004 1931/2882/2003 1951/2883/2023 1952/2888/2024
f 1933/2893/2005 1932/2887/2004 1952/2888/2024 1953/2894/2025
f 1934/2484/2006 1933/2492/2005 1953/2493/2025 1954/2485/2026
f 1935/2477/2007 1934/2484/2006 1954/2485/2026 1955/2478/2027
f 1936/2469/2008 1935/2477/2007 1955/2478/2027 1956/2470/2028
f 1917/2464/1989 1936/2469/2008 1956/2470/2028 1937/2465/2009
f 1938/2466/2010 1937/2465/2009 1957/2471/2029 1958/2472/2030
f 1939/2474/2011 1938/2466/2010 1958/2472/2030 1959/2482/2031
f 1940/2854/2012 1939/2853/2011 1959/2855/2031 1960/2856/2032
f 1941/2858/2013 1940/2854/2012 1960/2856/2032 1961/2861/2033
f 1942/2863/2014 1941/2858/2013 1961/2861/2033 1962/2867/2034
f 1943/2869/2015 1942/2863/2014 1962/2867/2034 1963/2872/2035
f 1944/2514/2016 1943/2519/2015 1963/2526/2035 1964/2520/2036
f 1945/2515/2017 1944/2514/2016 1964/2520/2036 1965/2521/2037
f 1946/2523/2018 1945/2515/2017 1965/2521/2037 1966/2529/2038
f 1947/2531/2019 1946/2523/2018 1966/2529/2038 1967/2537/2039
f 1948/2539/2020 1947/2531/2019 1967/2537/2039 1968/2546/2040
f 1949/2548/2021 1948/2539/2020 1968/2546/2040 1969/2554/2041
f 1950/2879/2022 1949/2878/2021 1969/2880/2041 1970/2881/2042
f 1951/2883/2023 1950/2879/2022 1970/2881/2042 1971/2886/2043
f 1952/2888/2024 1951/2883/2023 1971/2886/2043 1972/2892/2044
f 1953/2894/2025 1952/2888/2024 1972/2892/2044 1973/2897/2045
f 1954/2485/2026 1953/2493/2025 1973/2501/2045 1974/2494/2046
f 1955/2478/2027 1954/2485/2026 1974/2494/2046 1975/2486/2047
f 1956/2470/2028 1955/2478/2027 1975/2486/2047 1976/2479/2048
f 1937/2465/2009 1956/2470/2028 1976/2479/2048 1957/2471/2029
f 1958/2472/2030 1957/2471/2029 1977/2480/2049 1978/2481/2050
f 1959/2482/2031 1958/2472/2030 1978/2481/2050 1979/2490/2051
f 1960/2856/2032 1959/2855/2031 1979/2859/2051 1980/2860/2052
f 1961/2861/2033 1960/2856/2032 1980/2860/2052 1981/2866/2053
f 1962/2867/2034 1961/2861/2033 1981/2866/2053 1982/2871/2054
f 1963/2872/2035 1962/2867/2034 1982/2871/2054 1983/2874/2055
f 1964/2520/2036 1963/2526/2035 1983/2533/2055 1984/2527/2056
f 1965/2521/2037 1964/2520/2036 1984/2527/2056 1985/2528/2057
f 1966/2529/2038 1965/2521/2037 1985/2528/2057 1986/2536/2058
f 1967/2537/2039 1966/2529/2038 1986/2536/2058 1987/2545/2059
f 1968/2546/2040 1967/2537/2039 1987/2545/2059 1988/2553/2060
f 1969/2554/2041 1968/2546/2040 1988/2553/2060 1989/2557/2061
f 1970/2881/2042 1969/2880/2041 1989/2884/2061 1990/2885/2062
f 1971/2886/2043 1970/2881/2042 1990/2885/2062 1991/2891/2063
f 1972/2892/2044 1971/2886/2043 1991/2891/2063 1992/2896/2064
f 1973/2897/2045 1972/2892/2044 1992/2896/2064 1993/2899/2065
f 1974/2494/2046 1973/2501/2045 1993/2506/2065 1994/2502/2066
f 1975/2486/2047 1974/2494/2046 1994/2502/2066 1995/2495/2067
f 1976/2479/2048 1975/2486/2047 1995/2495/2067 1996/2487/2068
f 1957/2471/2029 1976/2479/2048 1996/2487/2068 1977/2480/2049
f 1978/2481/2050 1977/2480/2049 1997/2488/2069 1998/2489/2070
f 1979/2490/2051 1978/2481/2050 1998/2489/2070 1999/2499/2071
f 1980/2860/2052 1979/2859/2051 1999/2864/2071 2000/2865/2072
f 1981/2866/2053 1980/2860/2052 2000/2865/2072 2001/2870/2073
f 1982/2871/2054 1981/2866/2053 2001/2870/2073 2002/2873/2074
f 1983/2874/2055 1982/2871/2054 2002/2873/2074 2003/2875/2075
f 1984/2527/2056 1983/2533/2055 2003/2541/2075 2004/2534/2076
f 1985/2528/2057 1984/2527/2056 2004/2534/2076 2005/2535/2077
f 1986/2536/2058 1985/2528/2057 2005/2535/2077 2006/2544/2078
f 1987/2545/2059 1986/2536/2058 2006/2544/2078 2007/2552/2079
f 1988/2553/2060 1987/2545/2059 2007/2552/2079 2008/2556/2080
f 1989/2557/2061 1988/2553/2060 2008/2556/2080 2009/2559/2081
f 1990/2885/2062 1989/2884/2061 2009/2889/2081 2010/2890/2082
f 1991/2891/2063 1990/2885/2062 2010/2890/2082 2011/2895/2083
f 1992/2896/2064 1991/2891/2063 2011/2895/2083 2012/2898/2084
f 1993/2899/2065 1992/2896/2064 2012/2898/2084 2013/2900/2085
f 1994/2502/2066 1993/2506/2065 2013/2509/2085 2014/2507/2086
f 1995/2495/2067 1994/2502/2066 2014/2507/2086 2015/2503/2087
f 1996/2487/2068 1995/2495/2067 2015/2503/2087 2016/2496/2088
f 1977/2480/2049 1996/2487/2068 2016/2496/2088 1997/2488/2069
f 1998/2489/2070 1997/2488/2069 2017/2497/2089 2018/2498/2090
f 1999/2499/2071 1998/2489/2070 2018/2498/2090 2019/2505/2091
f 2000/2707/2072 1999/2708/2071 2019/2689/2091 2020/2697/2092
f 2001/2719/2073 2000/2707/2072 2020/2697/2092 2021/2709/2093
f 2002/2730/2074 2001/2719/2073 2021/2709/2093 2022/2720/2094
f 2003/2745/2075 2002/2730/2074 2022/2720/2094 2023/2731/2095
f 2004/2534/2076 2003/2541/2075 2023/2550/2095 2024/2542/2096
f 2005/2535/2077 2004/2534/2076 2024/2542/2096 2025/2543/2097
f 2006/2544/2078 2005/2535/2077 2025/2543/2097 2026/2551/2098
f 2007/2552/2079 2006/2544/2078 2026/2551/2098 2027/2555/2099
f 2008/2556/2080 2007/2552/2079 2027/2555/2099 2028/2558/2100
f 2009/2559/2081 2008/2556/2080 2028/2558/2100 2029/2560/2101
f 2010/2760/2082 2009/2772/2081 2029/2761/2101 2030/2749/2102
f 2011/2748/2083 2010/2760/2082 2030/2749/2102 2031/2735/2103
f 2012/2734/2084 2011/2748/2083 2031/2735/2103 2032/2722/2104
f 2013/2733/2085 2012/2734/2084 2032/2722/2104 2033/2711/2105
f 2014/2507/2086 2013/2509/2085 2033/2511/2105 2034/2510/2106
f 2015/2503/2087 2014/2507/2086 2034/2510/2106 2035/2508/2107
f 2016/2496/2088 2015/2503/2087 2035/2508/2107 2036/2504/2108
f 1997/2488/2069 2016/2496/2088 2036/2504/2108 2017/2497/2089
f 2018/2681/2090 2017/2682/2089 2037/2683/2109 2038/2684/2110
f 2019/2689/2091 2018/2681/2090 2038/2684/2110 2039/2690/2111
f 2020/2697/2092 2019/2689/2091 2039/2690/2111 2040/2698/2112
f 2021/2709/2093 2020/2697/2092 2040/2698/2112 2041/2710/2113
f 2022/2720/2094 2021/2709/2093 2041/2710/2113 2042/2721/2114
f 2023/2731/2095 2022/2720/2094 2042/2721/2114 2043/2732/2115
f 2024/2746/2096 2023/2731/2095 2043/2732/2115 2044/2747/2116
f 2025/2758/2097 2024/2746/2096 2044/2747/2116 2045/2759/2117
f 2026/2770/2098 2025/2758/2097 2045/2759/2117 2046/2771/2118
f 2027/2784/2099 2026/2770/2098 2046/2771/2118 2047/2785/2119
f 2028/2773/2100 2027/2784/2099 2047/2785/2119 2048/2774/2120
f 2029/2761/2101 2028/2773/2100 2048/2774/2120 2049/2762/2121
f 2030/2749/2102 2029/2761/2101 2049/2762/2121 2050/2750/2122
f 2031/2735/2103 2030/2749/2102 2050/2750/2122 2051/2736/2123
f 2032/2722/2104 2031/2735/2103 2051/2736/2123 2052/2723/2124
f 2033/2711/2105 2032/2722/2104 2052/2723/2124 2053/2712/2125
f 2034/2699/2106 2033/2711/2105 2053/2712/2125 2054/2700/2126
f 2035/2691/2107 2034/2699/2106 2054/2700/2126 2055/2692/2127
f 2036/2685/2108 2035/2691/2107 2055/2692/2127 2056/2686/2128
f 2017/2682/2089 2036/2685/2108 2056/2686/2128 2037/2683/2109
f 2038/2684/2110 2037/2683/2109 2057/2687/2129 2058/2688/2130
f 2039/2690/2111 2038/2684/2110 2058/2688/2130 2059/2696/2131
f 2040/2698/2112 2039/2690/2111 2059/2696/2131 2060/2706/2132
f 2041/2710/2113 2040/2698/2112 2060/2706/2132 2061/2718/2133
f 2042/2721/2114 2041/2710/2113 2061/2718/2133 2062/2729/2134
f 2043/2732/2115 2042/2721/2114 2062/2729/2134 2063/2744/2135
f 2044/2747/2116 2043/2732/2115 2063/2744/2135 2064/2757/2136
f 2045/2759/2117 2044/2747/2116 2064/2757/2136 2065/2769/2137
f 2046/2771/2118 2045/2759/2117 2065/2769/2137 2066/2783/2138
f 2047/2785/2119 2046/2771/2118 2066/2783/2138 2067/2792/2139
f 2048/2774/2120 2047/2785/2119 2067/2792/2139 2068/2786/2140
f 2049/2762/2121 2048/2774/2120 2068/2786/2140 2069/2775/2141
f 2050/2750/2122 2049/2762/2121 2069/2775/2141 2070/2763/2142
f 2051/2736/2123 2050/2750/2122 2070/2763/2142 2071/2751/2143
f 2052/2723/2124 2051/2736/2123 2071/2751/2143 2072/2737/2144
f 2053/2712/2125 2052/2723/2124 2072/2737/2144 2073/2724/2145
f 2054/2700/2126 2053/2712/2125 2073/2724/2145 2074/2713/2146
f 2055/2692/2127 2054/2700/2126 2074/2713/2146 2075/2701/2147
f 2056/2686/2128 2055/2692/2127 2075/2701/2147 2076/2693/2148
f 2037/2683/2109 2056/2686/2128 2076/2693/2148 2057/2687/2129
f 2058/2688/2130 2057/2687/2129 2077/2694/2149 2078/2695/2150
f 2059/2696/2131 2058/2688/2130 2078/2695/2150 2079/2705/2151
f 2060/2706/2132 2059/2696/2131 2079/2705/2151 2080/2717/2152
f 2061/2718/2133 2060/2706/2132 2080/2717/2152 2081/2728/2153
f 2062/2729/2134 2061/2718/2133 2081/2728/2153 2082/2743/2154
f 2063/2744/2135 2062/2729/2134 2082/2743/2154 2083/2756/2155
f 2064/2757/2136 2063/2744/2135 2083/2756/2155 2084/2768/2156
f 2065/2769/2137 2064/2757/2136 2084/2768/2156 2085/2782/2157
f 2066/2783/2138 2065/2769/2137 2085/2782/2157 2086/2791/2158
f 2067/2792/2139 2066/2783/2138 2086/2791/2158 2087/2797/2159
f 2068/2786/2140 2067/2792/2139 2087/2797/2159 2088/2793/2160
f 2069/2775/2141 2068/2786/2140 2088/2793/2160 2089/2787/2161
f 2070/2763/2142 2069/2775/2141 2089/2787/2161 2090/2776/2162
f 2071/2751/2143 2070/2763/2142 2090/2776/2162 2091/2764/2163
f 2072/2737/2144 2071/2751/2143 2091/2764/2163 2092/2752/2164
f 2073/2724/2145 2072/2737/2144 2092/2752/2164 2093/2738/2165
f 2074/2713/2146 2073/2724/2145 2093/2738/2165 2094/2725/2166
f 2075/2701/2147 2074/2713/2146 2094/2725/2166 2095/2714/2167
f 2076/2693/2148 2075/2701/2147 2095/2714/2167 2096/2702/2168
f 2057/2687/2129 2076/2693/2148 2096/2702/2168 2077/2694/2149
f 2078/2695/2150 2077/2694/2149 2097/2703/2169 2098/2704/2170
f 2079/2705/2151 2078/2695/2150 2098/2704/2170 2099/2716/2171
f 2080/2717/2152 2079/2705/2151 2099/2716/2171 2100/2727/2172
f 2081/2728/2153 2080/2717/2152 2100/2727/2172 2101/2742/2173
f 2082/2743/2154 2081/2728/2153 2101/2742/2173 2102/2755/2174
f 2083/2756/2155 2082/2743/2154 2102/2755/2174 2103/2767/2175
f 2084/2768/2156 2083/2756/2155 2103/2767/2175 2104/2781/2176
f 2085/2782/2157 2084/2768/2156 2104/2781/2176 2105/2790/2177
f 2086/2791/2158 2085/2782/2157 2105/2790/2177 2106/2796/2178
f 2087/2797/2159 2086/2791/2158 2106/2796/2178 2107/2800/2179
f 2088/2793/2160 2087/2797/2159 2107/2800/2179 2108/2798/2180
f 2089/2787/2161 2088/2793/2160 2108/2798/2180 2109/2794/2181
f 2090/2776/2162 2089/2787/2161 2109/2794/2181 2110/2788/2182
f 2091/2764/2163 2090/2776/2162 2110/2788/2182 2111/2777/2183
f 2092/2752/2164 2091/2764/2163 2111/2777/2183 2112/2765/2184
f 2093/2738/2165 2092/2752/2164 2112/2765/2184 2113/2753/2185
f 2094/2725/2166 2093/2738/2165 2113/2753/2185 2114/2739/2186
f 2095/2714/2167 2094/2725/2166 2114/2739/2186 2115/2726/2187
f 2096/2702/2168 2095/2714/2167 2115/2726/2187 2116/2715/2188
f 2077/2694/2149 2096/2702/2168 2116/2715/2188 2097/2703/2169
f 2098/2387/2170 2097/2388/2169 2117/2378/2189 2118/2377/2190
f 2099/2398/2171 2098/2387/2170 2118/2377/2190 2119/2390/2191
f 2100/2727/2172 2099/2716/2171 2119/2740/2191 2120/2741/2192
f 2101/2742/2173 2100/2727/2172 2120/2741/2192 2121/2754/2193
f 2102/2755/2174 2101/2742/2173 2121/2754/2193 2122/2766/2194
f 2103/2767/2175 2102/2755/2174 2122/2766/2194 2123/2780/2195
f 2104/2437/2176 2103/2446/2175 2123/2438/2195 2124/2427/2196
f 2105/2436/2177 2104/2437/2176 2124/2427/2196 2125/2426/2197
f 2106/2447/2178 2105/2436/2177 2125/2426/2197 2126/2439/2198
f 2107/2454/2179 2106/2447/2178 2126/2439/2198 2127/2448/2199
f 2108/2459/2180 2107/2454/2179 2127/2448/2199 2128/2455/2200
f 2109/2462/2181 2108/2459/2180 2128/2455/2200 2129/2460/2201
f 2110/2788/2182 2109/2794/2181 2129/2799/2201 2130/2795/2202
f 2111/2777/2183 2110/2788/2182 2130/2795/2202 2131/2789/2203
f 2112/2765/2184 2111/2777/2183 2131/2789/2203 2132/2778/2204
f 2113/2753/2185 2112/2765/2184 2132/2778/2204 2133/2779/2205
f 2114/2410/2186 2113/2413/2185 2133/2411/2205 2134/2406/2206
f 2115/2405/2187 2114/2410/2186 2134/2406/2206 2135/2399/2207
f 2116/2397/2188 2115/2405/2187 2135/2399/2207 2136/2389/2208
f 2097/2388/2169 2116/2397/2188 2136/2389/2208 2117/2378/2189
f 2118/2377/2190 2117/2378/2189 2137/2370/2209 2138/2369/2210
f 2119/2390/2191 2118/2377/2190 2138/2369/2210 2139/2380/2211
f 2120/2811/2192 2119/2812/2191 2139/2806/2211 2140/2805/2212
f 2121/2817/2193 2120/2811/2192 2140/2805/2212 2141/2813/2213
f 2122/2822/2194 2121/2817/2193 2141/2813/2213 2142/2818/2214
f 2123/2825/2195 2122/2822/2194 2142/2818/2214 2143/2823/2215
f 2124/2427/2196 2123/2438/2195 2143/2428/2215 2144/2419/2216
f 2125/2426/2197 2124/2427/2196 2144/2419/2216 2145/2418/2217
f 2126/2439/2198 2125/2426/2197 2145/2418/2217 2146/2429/2218
f 2127/2448/2199 2126/2439/2198 2146/2429/2218 2147/2440/2219
f 2128/2455/2200 2127/2448/2199 2147/2440/2219 2148/2449/2220
f 2129/2460/2201 2128/2455/2200 2148/2449/2220 2149/2456/2221
f 2130/2836/2202 2129/2837/2201 2149/2831/2221 2150/2830/2222
f 2131/2842/2203 2130/2836/2202 2150/2830/2222 2151/2838/2223
f 2132/2847/2204 2131/2842/2203 2151/2838/2223 2152/2843/2224
f 2133/2850/2205 2132/2847/2204 2152/2843/2224 2153/2848/2225
f 2134/2406/2206 2133/2411/2205 2153/2407/2225 2154/2400/2226
f 2135/2399/2207 2134/2406/2206 2154/2400/2226 2155/2391/2227
f 2136/2389/2208 2135/2399/2207 2155/2391/2227 2156/2379/2228
f 2117/2378/2189 2136/2389/2208 2156/2379/2228 2137/2370/2209
f 2138/2369/2210 2137/2370/2209 1757/2366/1830 1758/2365/1829
f 2139/2380/2211 2138/2369/2210 1758/2365/1829 1759/2375/1833
f 2140/2805/2212 2139/2806/2211 1759/2802/1833 1760/2801/1835
f 2141/2813/2213 2140/2805/2212 1760/2801/1835 1761/2809/1837
f 2142/2818/2214 2141/2813/2213 1761/2809/1837 1762/2815/1839
f 2143/2823/2215 2142/2818/2214 1762/2815/1839 1763/2820/1841
f 2144/2419/2216 2143/2428/2215 1763/2420/1841 1764/2415/1843
f 2145/2418/2217 2144/2419/2216 1764/2415/1843 1765/2414/1845
f 2146/2429/2218 2145/2418/2217 1765/2414/1845 1766/2424/1847
f 2147/2440/2219 2146/2429/2218 1766/2424/1847 1767/2434/1849
f 2148/2449/2220 2147/2440/2219 1767/2434/1849 1768/2444/1851
f 2149/2456/2221 2148/2449/2220 1768/2444/1851 1769/2452/1853
f 2150/2830/2222 2149/2831/2221 1769/2827/1853 1770/2826/1855
f 2151/2838/2223 2150/2830/2222 1770/2826/1855 1771/2834/1857
f 2152/2843/2224 2151/2838/2223 1771/2834/1857 1772/2840/1859
f 2153/2848/2225 2152/2843/2224 1772/2840/1859 1773/2845/1861
f 2154/2400/2226 2153/2407/2225 1773/2401/1861 1774/2392/1863
f 2155/2391/2227 2154/2400/2226 1774/2392/1863 1775/2381/1865
f 2156/2379/2228 2155/2391/2227 1775/2381/1865 1776/2371/1867
f 2137/2370/2209 2156/2379/2228 1776/2371/1867 1757/2366/1830
g default
v 8.327356 26.967999 45.405070
v -15.607830 26.968000 45.405070
v 8.327356 34.561607 45.405070
v -15.607830 34.561607 45.405070
v 8.327356 34.561611 69.340256
v -15.607830 34.561607 69.340256
v 8.327356 26.967997 69.340255
v -15.607830 26.967999 69.340256
v 12.516013 32.632992 41.216413
v 12.516013 32.632996 73.528915
v -19.796489 32.632992 73.528915
v -19.796487 32.632992 41.216413
v 12.516013 28.417793 41.216413
v 12.516015 28.417793 73.528913
v -19.796487 28.417793 73.528913
v -19.796487 28.417793 41.216413
v -25.671487 28.417793 57.372663
v 18.391013 28.417793 57.372663
v 18.391013 32.632992 57.372664
v 11.995830 34.004436 41.736595
v 11.995830 34.004440 73.008730
v -19.276305 34.004436 73.008730
v -3.640238 32.632992 79.403913
v -25.671487 32.632992 57.372664
v -19.276305 34.004436 41.736595
v -3.640237 32.632992 35.341413
v -3.640237 26.901920 42.256778
v -19.276305 27.314121 41.736595
v -3.640237 28.417793 35.341413
v 11.995830 27.314121 41.736595
v -3.640237 34.681290 42.256778
v -18.756122 34.681290 57.372663
v -3.640237 34.681290 72.488548
v 11.475647 34.681290 57.372663
v -3.640237 28.417793 79.403913
v -19.276305 27.314121 73.008730
v -3.640237 26.901920 72.488549
v 11.995830 27.314121 73.008730
v -18.756122 26.901922 57.372663
v 11.475647 26.901920 57.372663
v -3.640237 27.308128 36.034990
v -3.640237 34.891434 57.372663
v -3.640237 27.308128 78.710336
v -3.640237 26.785896 57.372663
v -24.977910 27.308128 57.372663
v 17.697436 27.308128 57.372663
v 17.697436 34.015297 57.372663
v -3.640237 34.015297 78.710336
v -24.977910 34.015297 57.372663
v -3.640237 34.015297 36.034990
v 16.922263 32.632996 66.185165
v 18.391013 33.427868 57.372664
v 16.269484 34.009865 65.899573
v 12.516013 33.427872 73.528915
v 16.922263 32.632996 48.560163
v 12.516013 33.427868 41.216413
v 16.269484 34.009865 48.845753
v 10.435284 34.376534 43.297141
v 15.616705 34.419960 57.372663
v 10.435284 34.376537 71.448184
v -3.640237 34.419960 76.629606
v 4.886673 34.009869 77.282384
v -17.715758 34.376534 71.448184
v -12.167147 34.009865 77.282384
v -19.796487 33.427868 73.528915
v -12.452738 32.632996 77.935165
v -3.640237 33.427868 79.403913
v 5.172263 32.632996 77.935165
v -24.202737 32.632996 48.560163
v -25.671487 33.427868 57.372663
v -23.549959 34.009865 48.845753
v -19.796487 33.427868 41.216413
v -24.202737 32.632996 66.185165
v -23.549959 34.009865 65.899573
v -22.897180 34.419960 57.372663
v -17.715759 34.376534 43.297141
v 5.172263 32.632996 36.810163
v -3.640237 33.427868 35.341413
v 4.886673 34.009865 37.462942
v -12.452737 32.632996 36.810163
v -12.167147 34.009865 37.462942
v -3.640237 34.419960 38.115720
v 18.391013 29.369793 57.372663
v 12.516015 29.369795 73.528915
v 12.516013 29.369793 41.216413
v -19.796489 29.369793 73.528915
v -3.640237 29.369795 79.403915
v -25.671489 29.369793 57.372663
v -19.796487 29.369793 41.216413
v -3.640237 29.369793 35.341413
v 3.458721 26.923756 43.297141
v -3.640237 27.046206 38.115720
v 4.886673 27.311123 37.462942
v 10.435284 27.070183 43.297141
v -10.739196 26.923756 43.297142
v -17.715759 27.070183 43.297142
v -12.167147 27.311121 37.462942
v -19.796487 27.747944 41.216411
v -12.452737 28.417793 36.810161
v -3.640237 27.747944 35.341413
v 5.172264 28.417793 36.810163
v 12.516015 27.747944 41.216413
v 3.458721 34.641743 43.297141
v -3.640237 34.838707 49.131343
v 4.601082 34.838707 57.372663
v 10.435284 34.641743 50.273704
v -10.739196 34.641743 43.297141
v -17.715759 34.641743 50.273704
v -11.881557 34.838707 57.372663
v -17.715758 34.641743 64.471621
v -10.739195 34.641743 71.448184
v -3.640237 34.838707 65.613983
v 3.458721 34.641743 71.448184
v 10.435284 34.641743 64.471621
v 5.172264 28.417793 77.935163
v -3.640237 27.747944 79.403913
v 4.886673 27.311121 77.282384
v 12.516015 27.747944 73.528913
v -12.452738 28.417793 77.935163
v -19.796489 27.747944 73.528913
v -12.167147 27.311123 77.282384
v -17.715759 27.070183 71.448184
v -10.739196 26.923756 71.448184
v -3.640237 27.046206 76.629606
v 3.458721 26.923756 71.448183
v 10.435284 27.070179 71.448183
v -3.640237 26.815006 65.613983
v 4.601082 26.815004 57.372663
v 10.435284 26.923756 64.471621
v -17.715759 26.923756 64.471621
v -11.881557 26.815006 57.372663
v -17.715759 26.923756 50.273705
v -3.640237 26.815008 49.131343
v 10.435284 26.923756 50.273704
v -22.897180 27.046206 57.372663
v -23.549959 27.311123 48.845753
v -23.549959 27.311121 65.899573
v -24.202739 28.417793 66.185163
v -25.671487 27.747944 57.372663
v -24.202737 28.417793 48.560162
v 15.616705 27.046206 57.372663
v 16.269484 27.311123 65.899573
v 16.269484 27.311121 48.845753
v 16.922265 28.417793 48.560163
v 18.391013 27.747944 57.372663
v 16.922265 28.417793 66.185163
v 4.029902 27.058193 39.421274
v -11.310377 27.058195 39.421274
v -12.452737 27.747946 36.810163
v 5.172263 27.747944 36.810163
v 4.029902 34.789078 49.702524
v -11.310377 34.789078 49.702524
v -11.310376 34.789078 65.042802
v 4.029902 34.789078 65.042802
v 5.172263 27.747946 77.935163
v -12.452737 27.747946 77.935163
v -11.310377 27.058193 75.324052
v 4.029902 27.058193 75.324052
v 4.029902 26.842407 65.042802
v -11.310377 26.842407 65.042802
v -11.310377 26.842409 49.702524
v 4.029902 26.842407 49.702524
v -21.591627 27.058195 49.702524
v -21.591627 27.058193 65.042802
v -24.202737 27.747946 66.185163
v -24.202737 27.747944 48.560163
v 14.311152 27.058193 65.042802
v 14.311152 27.058193 49.702524
v 16.922263 27.747946 48.560163
v 16.922263 27.747944 66.185163
v 16.922263 33.427872 66.185164
v 16.922263 33.427872 48.560163
v 14.311152 34.398247 49.702524
v 14.311152 34.398247 65.042802
v 4.029902 34.398247 75.324052
v -11.310376 34.398247 75.324052
v -12.452737 33.427872 77.935163
v 5.172263 33.427872 77.935163
v -24.202737 33.427872 48.560163
v -24.202737 33.427872 66.185164
v -21.591627 34.398247 65.042802
v -21.591627 34.398247 49.702524
v 5.172263 33.427872 36.810163
v -12.452737 33.427872 36.810163
v -11.310377 34.398247 39.421274
v 4.029902 34.398247 39.421274
v 16.922263 29.369795 66.185163
v 16.922263 29.369795 48.560163
v -12.452738 29.369795 77.935165
v 5.172264 29.369793 77.935165
v -24.202737 29.369795 48.560163
v -24.202739 29.369795 66.185163
v 5.172263 29.369795 36.810163
v -12.452737 29.369795 36.810163
v 12.516013 33.047050 73.528915
v 16.922263 33.047050 66.185165
v 18.391013 33.047047 57.372664
v 16.922263 33.047050 48.560163
v 12.516013 33.047047 41.216413
v 5.172263 33.047050 36.810163
v -3.640237 33.047047 35.341413
v -12.452737 33.047050 36.810163
v -19.796487 33.047047 41.216413
v -24.202737 33.047050 48.560163
v -25.671487 33.047047 57.372664
v -24.202737 33.047050 66.185165
v -19.796487 33.047050 73.528915
v -12.452737 33.047050 77.935163
v -3.640237 33.047047 79.403913
v 5.172263 33.047050 77.935163
vt 0.875291 0.394229
vt 0.887961 0.364966
vt 0.911257 0.368399
vt 0.887961 0.406898
vt 0.846029 0.406898
vt 0.849462 0.368399
vt 0.894214 0.322298
vt 0.919104 0.322298
vt 0.923027 0.373549
vt 0.897341 0.416278
vt 0.849462 0.430194
vt 0.803361 0.413152
vt 0.803361 0.371832
vt 0.852895 0.322298
vt 0.887961 0.279630
vt 0.911257 0.276197
vt 0.931610 0.322298
vt 0.926951 0.375265
vt 0.900467 0.419405
vt 0.854611 0.441965
vt 0.803361 0.438041
vt 0.760693 0.406898
vt 0.757260 0.368399
vt 0.803361 0.322298
vt 0.849462 0.276197
vt 0.875291 0.250367
vt 0.887961 0.237698
vt 0.923027 0.271047
vt 0.935779 0.322298
vt 0.856328 0.445888
vt 0.803361 0.450547
vt 0.757260 0.430194
vt 0.731430 0.394229
vt 0.718760 0.364966
vt 0.753826 0.322298
vt 0.803361 0.272764
vt 0.846029 0.237698
vt 0.849462 0.214402
vt 0.897341 0.228318
vt 0.926951 0.269331
vt 0.803361 0.454716
vt 0.752110 0.441965
vt 0.718760 0.406898
vt 0.695465 0.368399
vt 0.712507 0.322298
vt 0.757260 0.276197
vt 0.803361 0.231445
vt 0.803361 0.206555
vt 0.854611 0.202632
vt 0.900467 0.225192
vt 0.750394 0.445888
vt 0.709381 0.416278
vt 0.683694 0.373549
vt 0.687618 0.322298
vt 0.718760 0.279630
vt 0.760693 0.237698
vt 0.757260 0.214402
vt 0.803361 0.194049
vt 0.856328 0.198708
vt 0.706254 0.419405
vt 0.679771 0.375265
vt 0.675112 0.322298
vt 0.695465 0.276197
vt 0.731430 0.250367
vt 0.718760 0.237698
vt 0.752110 0.202632
vt 0.803361 0.189880
vt 0.670943 0.322298
vt 0.683694 0.271047
vt 0.709381 0.228318
vt 0.750394 0.198708
vt 0.679771 0.269331
vt 0.706254 0.225192
vt 0.163614 0.713976
vt 0.150883 0.684571
vt 0.189569 0.688021
vt 0.193019 0.726707
vt 0.150883 0.726707
vt 0.127474 0.688021
vt 0.144599 0.641695
vt 0.186119 0.641695
vt 0.235894 0.691470
vt 0.235894 0.732990
vt 0.189569 0.750116
vt 0.141457 0.736132
vt 0.115646 0.693195
vt 0.119589 0.641695
vt 0.150883 0.598820
vt 0.189569 0.595371
vt 0.235894 0.641695
vt 0.282219 0.688021
vt 0.278769 0.726707
vt 0.235894 0.758001
vt 0.184394 0.761943
vt 0.138316 0.739274
vt 0.111704 0.694920
vt 0.107022 0.641695
vt 0.127474 0.595371
vt 0.163614 0.569415
vt 0.193019 0.556684
vt 0.235894 0.591921
vt 0.285669 0.641695
vt 0.320905 0.684571
vt 0.308174 0.713976
vt 0.282219 0.750116
vt 0.235894 0.770568
vt 0.182669 0.765886
vt 0.102833 0.641695
vt 0.115646 0.590196
vt 0.150883 0.556684
vt 0.189569 0.533275
vt 0.235894 0.550401
vt 0.282219 0.595371
vt 0.327188 0.641695
vt 0.344314 0.688021
vt 0.320905 0.726707
vt 0.287393 0.761943
vt 0.235894 0.774757
vt 0.111704 0.588471
vt 0.141457 0.547259
vt 0.184394 0.521448
vt 0.235894 0.525390
vt 0.278769 0.556684
vt 0.320905 0.598820
vt 0.352199 0.641695
vt 0.356142 0.693195
vt 0.330330 0.736132
vt 0.289118 0.765886
vt 0.138316 0.544117
vt 0.182669 0.517505
vt 0.235894 0.512823
vt 0.282219 0.533275
vt 0.308174 0.569415
vt 0.344314 0.595371
vt 0.364766 0.641695
vt 0.360084 0.694920
vt 0.333472 0.739274
vt 0.235894 0.508634
vt 0.287393 0.521448
vt 0.320905 0.556684
vt 0.356142 0.590196
vt 0.368955 0.641695
vt 0.289118 0.517505
vt 0.330330 0.547259
vt 0.360084 0.588471
vt 0.333472 0.544117
vt 0.898931 0.586707
vt 0.898005 0.533356
vt 0.902005 0.533287
vt 0.902931 0.586638
vt 0.897116 0.482214
vt 0.901116 0.482144
vt 0.907690 0.533188
vt 0.908616 0.586539
vt 0.899858 0.640058
vt 0.903858 0.639989
vt 0.900228 0.431002
vt 0.896228 0.431071
vt 0.906801 0.482046
vt 0.927176 0.532849
vt 0.928103 0.586201
vt 0.909543 0.639890
vt 0.900746 0.691201
vt 0.904747 0.691131
vt 0.905913 0.430903
vt 0.926288 0.481707
vt 0.929649 0.532807
vt 0.930576 0.586158
vt 0.929030 0.639552
vt 0.910432 0.691032
vt 0.901635 0.742343
vt 0.905635 0.742274
vt 0.925400 0.430565
vt 0.928761 0.481664
vt 0.931923 0.532767
vt 0.932850 0.586118
vt 0.931502 0.639509
vt 0.929918 0.690694
vt 0.911320 0.742175
vt 0.927872 0.430522
vt 0.931035 0.481625
vt 0.933776 0.639469
vt 0.932391 0.690651
vt 0.930807 0.741836
vt 0.930146 0.430482
vt 0.934665 0.690611
vt 0.933279 0.741793
vt 0.935553 0.741754
vt 0.852818 0.609195
vt 0.852589 0.555837
vt 0.856590 0.555820
vt 0.856818 0.609178
vt 0.852370 0.504687
vt 0.856370 0.504670
vt 0.862275 0.555795
vt 0.862504 0.609154
vt 0.853047 0.662554
vt 0.857047 0.662537
vt 0.852150 0.453537
vt 0.856151 0.453520
vt 0.862056 0.504645
vt 0.881765 0.555712
vt 0.881994 0.609070
vt 0.862733 0.662512
vt 0.853266 0.713704
vt 0.857267 0.713687
vt 0.861837 0.453496
vt 0.881546 0.504562
vt 0.884238 0.555701
vt 0.884467 0.609060
vt 0.882223 0.662429
vt 0.862953 0.713662
vt 0.857486 0.764836
vt 0.853485 0.764853
vt 0.881326 0.453412
vt 0.884018 0.504551
vt 0.886512 0.555691
vt 0.886741 0.609050
vt 0.884696 0.662418
vt 0.882442 0.713579
vt 0.863172 0.764812
vt 0.883799 0.453402
vt 0.886293 0.504542
vt 0.886970 0.662409
vt 0.884915 0.713568
vt 0.882661 0.764728
vt 0.886074 0.453392
vt 0.887189 0.713558
vt 0.885134 0.764718
vt 0.887409 0.764708
vt 0.798278 0.057888
vt 0.798278 0.004893
vt 0.802306 0.004893
vt 0.802306 0.057888
vt 0.808031 0.004893
vt 0.808031 0.057888
vt 0.798278 0.110883
vt 0.802306 0.110883
vt 0.827654 0.004893
vt 0.827654 0.057888
vt 0.808031 0.110883
vt 0.830144 0.004893
vt 0.830144 0.057888
vt 0.827654 0.110883
vt 0.832435 0.004893
vt 0.832435 0.057888
vt 0.830144 0.110883
vt 0.832435 0.110883
vt 0.371326 0.004893
vt 0.371326 0.057888
vt 0.367298 0.057888
vt 0.367298 0.004893
vt 0.377051 0.004893
vt 0.377051 0.057888
vt 0.371326 0.110883
vt 0.367298 0.110883
vt 0.396675 0.004893
vt 0.396674 0.057888
vt 0.377051 0.110883
vt 0.399164 0.004893
vt 0.399164 0.057888
vt 0.396675 0.110883
vt 0.401455 0.004893
vt 0.401455 0.057888
vt 0.399164 0.110883
vt 0.401455 0.110883
vn 0.020429 -0.999583 -0.020430
vn 0.009988 -0.999725 -0.021239
vn 0.024972 -0.997363 -0.068146
vn 0.053961 -0.997084 -0.053961
vn -0.000000 -0.999759 -0.021935
vn 0.000000 -0.997506 -0.070585
vn -0.000000 -0.963966 -0.266027
vn 0.089654 -0.965101 -0.246052
vn 0.183618 -0.965696 -0.183619
vn -0.009989 -0.999725 -0.021239
vn -0.024972 -0.997363 -0.068145
vn -0.020429 -0.999583 -0.020430
vn -0.053961 -0.997084 -0.053961
vn -0.183618 -0.965696 -0.183618
vn -0.089654 -0.965101 -0.246052
vn -0.295667 -0.511574 -0.806767
vn -0.000000 -0.506871 -0.862022
vn -0.606488 -0.514145 -0.606488
vn -0.707107 0.000000 -0.707107
vn -0.341743 -0.000000 -0.939794
vn 0.000000 -0.000000 -1.000000
vn 0.295667 -0.511574 -0.806767
vn 0.606489 -0.514144 -0.606488
vn 0.341743 -0.000000 -0.939794
vn 0.707107 0.000000 -0.707107
vn 0.036968 0.998632 -0.036968
vn 0.018078 0.999097 -0.038442
vn 0.014415 0.999792 -0.014415
vn 0.038442 0.999097 -0.018078
vn 0.000000 0.999212 -0.039704
vn -0.000000 0.999898 -0.014312
vn 0.000000 1.000000 -0.000000
vn 0.014312 0.999898 -0.000000
vn 0.039704 0.999211 -0.000000
vn -0.018078 0.999097 -0.038442
vn -0.014415 0.999792 -0.014415
vn -0.036968 0.998632 -0.036968
vn -0.038442 0.999097 -0.018078
vn -0.039704 0.999212 0.000000
vn -0.014312 0.999898 0.000000
vn -0.014415 0.999792 0.014415
vn 0.000000 0.999898 0.014312
vn -0.038442 0.999097 0.018078
vn -0.036968 0.998632 0.036968
vn -0.018078 0.999097 0.038442
vn 0.000000 0.999211 0.039704
vn 0.014415 0.999792 0.014415
vn 0.038442 0.999097 0.018078
vn 0.018078 0.999097 0.038442
vn 0.036968 0.998632 0.036968
vn 0.707107 -0.000001 0.707107
vn 0.341743 -0.000001 0.939794
vn 0.295666 -0.511574 0.806767
vn 0.606488 -0.514145 0.606488
vn -0.000000 -0.000001 1.000000
vn 0.000000 -0.506871 0.862022
vn 0.000000 -0.963966 0.266027
vn 0.089654 -0.965101 0.246053
vn 0.183619 -0.965696 0.183619
vn -0.341743 -0.000001 0.939793
vn -0.295666 -0.511575 0.806767
vn -0.707107 -0.000001 0.707107
vn -0.606488 -0.514145 0.606488
vn -0.183618 -0.965696 0.183619
vn -0.089654 -0.965101 0.246052
vn -0.024972 -0.997363 0.068146
vn -0.000000 -0.997506 0.070585
vn -0.053962 -0.997084 0.053961
vn -0.020429 -0.999583 0.020430
vn -0.009989 -0.999725 0.021239
vn -0.000000 -0.999759 0.021935
vn 0.024972 -0.997363 0.068146
vn 0.053962 -0.997084 0.053961
vn 0.009988 -0.999725 0.021239
vn 0.020429 -0.999583 0.020429
vn 0.007960 -0.999937 0.007960
vn 0.021239 -0.999725 0.009988
vn -0.000000 -0.999969 0.007903
vn -0.000000 -1.000000 -0.000000
vn 0.007903 -0.999969 -0.000000
vn 0.021935 -0.999759 -0.000000
vn -0.007960 -0.999937 0.007960
vn -0.021239 -0.999725 0.009988
vn -0.021935 -0.999759 -0.000000
vn -0.007903 -0.999969 -0.000000
vn -0.007960 -0.999937 -0.007960
vn -0.000000 -0.999969 -0.007903
vn -0.021238 -0.999725 -0.009989
vn 0.007960 -0.999937 -0.007960
vn 0.021239 -0.999725 -0.009989
vn -0.068146 -0.997363 -0.024972
vn -0.070585 -0.997506 -0.000000
vn -0.266027 -0.963966 -0.000000
vn -0.246052 -0.965101 -0.089654
vn -0.068145 -0.997363 0.024972
vn -0.246052 -0.965101 0.089654
vn -0.806767 -0.511574 0.295666
vn -0.862022 -0.506871 0.000000
vn -0.939793 -0.000001 0.341743
vn -1.000000 -0.000001 -0.000000
vn -0.806767 -0.511574 -0.295666
vn -0.939793 -0.000000 -0.341744
vn 0.068146 -0.997363 0.024972
vn 0.070585 -0.997506 0.000000
vn 0.266027 -0.963966 -0.000000
vn 0.246052 -0.965101 0.089654
vn 0.068145 -0.997363 -0.024972
vn 0.246052 -0.965101 -0.089654
vn 0.806767 -0.511574 -0.295666
vn 0.862022 -0.506871 -0.000000
vn 0.939793 0.000000 -0.341743
vn 1.000000 -0.000000 0.000000
vn 0.806767 -0.511575 0.295666
vn 0.939794 -0.000000 0.341743
vn 0.707106 0.000001 0.707107
vn 0.939794 0.000000 0.341743
vn 0.766963 0.576444 0.281923
vn 0.574502 0.583006 0.574502
vn 1.000000 0.000000 -0.000000
vn 0.821829 0.569735 0.000000
vn 0.358881 0.933383 0.000000
vn 0.331168 0.935771 0.121082
vn 0.246319 0.937365 0.246319
vn 0.939794 -0.000000 -0.341743
vn 0.766962 0.576445 -0.281924
vn 0.707107 -0.000000 -0.707107
vn 0.574501 0.583007 -0.574502
vn 0.246318 0.937366 -0.246319
vn 0.331167 0.935771 -0.121083
vn 0.109093 0.993223 -0.040078
vn 0.113636 0.993522 0.000000
vn 0.085618 0.992643 -0.085617
vn 0.109093 0.993223 0.040078
vn 0.085617 0.992643 0.085617
vn 0.040077 0.993223 0.109093
vn -0.000000 0.993522 0.113637
vn -0.000000 0.933383 0.358882
vn 0.121082 0.935771 0.331168
vn -0.040078 0.993223 0.109093
vn -0.085618 0.992643 0.085617
vn -0.246319 0.937366 0.246319
vn -0.121082 0.935771 0.331168
vn -0.281922 0.576445 0.766962
vn -0.000000 0.569734 0.821829
vn -0.574500 0.583008 0.574501
vn -0.707106 0.000002 0.707107
vn -0.341743 0.000002 0.939794
vn -0.000000 0.000000 1.000000
vn 0.281923 0.576444 0.766963
vn 0.341742 0.000001 0.939794
vn -0.707107 -0.000000 -0.707107
vn -0.939794 -0.000000 -0.341743
vn -0.766961 0.576446 -0.281924
vn -0.574500 0.583007 -0.574502
vn -1.000000 0.000000 0.000000
vn -0.821828 0.569735 0.000000
vn -0.358881 0.933383 -0.000000
vn -0.331167 0.935771 -0.121083
vn -0.246318 0.937366 -0.246319
vn -0.939793 0.000001 0.341743
vn -0.766962 0.576444 0.281923
vn -0.331167 0.935771 0.121082
vn -0.109093 0.993223 0.040078
vn -0.113636 0.993522 -0.000000
vn -0.109093 0.993223 -0.040078
vn -0.085618 0.992643 -0.085617
vn 0.341743 -0.000000 -0.939793
vn 0.281923 0.576445 -0.766963
vn 0.000000 -0.000000 -1.000000
vn -0.000000 0.569735 -0.821829
vn -0.000000 0.933383 -0.358882
vn 0.121082 0.935771 -0.331168
vn -0.341743 -0.000000 -0.939793
vn -0.281923 0.576444 -0.766963
vn -0.121082 0.935771 -0.331168
vn -0.040078 0.993223 -0.109093
vn -0.000000 0.993522 -0.113637
vn 0.040078 0.993223 -0.109093
vn 0.939793 0.000000 0.341743
vn 0.707107 -0.000000 0.707107
vn 1.000000 0.000000 -0.000000
vn 1.000000 -0.000000 -0.000000
vn 0.939793 0.000000 0.341743
vn 0.707107 0.000000 0.707107
vn 0.939794 0.000000 -0.341743
vn 0.707107 0.000000 -0.707107
vn 0.707107 -0.000000 -0.707106
vn 0.939794 0.000000 -0.341743
vn 0.341743 0.000000 0.939793
vn 0.341743 -0.000000 0.939793
vn 0.000000 0.000000 1.000000
vn 0.000000 -0.000000 1.000000
vn -0.341743 0.000001 0.939793
vn -0.341743 -0.000000 0.939793
vn -0.707107 0.000000 0.707107
vn -0.707107 -0.000000 0.707107
vn -0.939794 0.000000 -0.341743
vn -0.707107 -0.000000 -0.707107
vn -1.000000 0.000000 -0.000000
vn -1.000000 0.000000 0.000000
vn -0.939794 0.000000 -0.341743
vn -0.707107 -0.000000 -0.707107
vn -0.939794 -0.000000 0.341743
vn -0.939793 0.000000 0.341743
vn 0.341743 -0.000000 -0.939793
vn -0.000000 -0.000000 -1.000000
vn -0.000000 -0.000000 -1.000000
vn 0.341743 -0.000000 -0.939793
vn -0.341743 -0.000000 -0.939793
vn -0.341743 -0.000000 -0.939793
s 1
g pCube2
usemtl initialShadingGroup
f 2157/2901/2229 2247/2902/2230 2303/2903/2231 2250/2904/2232
f 2247/2902/2230 2183/2907/2233 2248/2908/2234 2303/2903/2231
f 2303/2903/2231 2248/2908/2234 2197/2917/2235 2249/2909/2236
f 2250/2904/2232 2303/2903/2231 2249/2909/2236 2186/2910/2237
f 2183/2907/2233 2251/2915/2238 2304/2916/2239 2248/2908/2234
f 2251/2915/2238 2158/2926/2240 2252/2927/2241 2304/2916/2239
f 2304/2916/2239 2252/2927/2241 2184/2939/2242 2253/2928/2243
f 2248/2908/2234 2304/2916/2239 2253/2928/2243 2197/2917/2235
f 2197/2917/2235 2253/2928/2243 2305/2940/2244 2256/2929/2245
f 2253/2928/2243 2184/2939/2242 2254/2950/2246 2305/2940/2244
f 2305/3071/2244 2254/3063/2246 2172/3064/2247 2255/3072/2248
f 2256/3131/2245 2305/3132/2244 2255/3133/2248 2185/3134/2249
f 2186/2910/2237 2249/2909/2236 2306/2918/2250 2258/2919/2251
f 2249/2909/2236 2197/2917/2235 2256/2929/2245 2306/2918/2250
f 2306/3137/2250 2256/3131/2245 2185/3134/2249 2257/3138/2252
f 2258/3093/2251 2306/3099/2250 2257/3100/2252 2169/3094/2253
f 2159/2974/2254 2259/2975/2255 2307/2976/2256 2262/2977/2257
f 2259/2975/2255 2187/2980/2258 2260/2981/2259 2307/2976/2256
f 2307/2976/2256 2260/2981/2259 2198/2990/2260 2261/2982/2261
f 2262/2977/2257 2307/2976/2256 2261/2982/2261 2190/2983/2262
f 2187/2980/2258 2263/2988/2263 2308/2989/2264 2260/2981/2259
f 2263/2988/2263 2160/2999/2265 2264/3000/2266 2308/2989/2264
f 2308/2989/2264 2264/3000/2266 2188/3012/2267 2265/3001/2268
f 2260/2981/2259 2308/2989/2264 2265/3001/2268 2198/2990/2260
f 2198/2990/2260 2265/3001/2268 2309/3013/2269 2268/3002/2270
f 2265/3001/2268 2188/3012/2267 2266/3023/2271 2309/3013/2269
f 2309/3013/2269 2266/3023/2271 2162/3033/2272 2267/3024/2273
f 2268/3002/2270 2309/3013/2269 2267/3024/2273 2189/3014/2274
f 2190/2983/2262 2261/2982/2261 2310/2991/2275 2270/2992/2276
f 2261/2982/2261 2198/2990/2260 2268/3002/2270 2310/2991/2275
f 2310/2991/2275 2268/3002/2270 2189/3014/2274 2269/3003/2277
f 2270/2992/2276 2310/2991/2275 2269/3003/2277 2161/3004/2278
f 2170/3106/2279 2271/3113/2280 2311/3114/2281 2274/3105/2282
f 2271/3149/2280 2191/3150/2283 2272/3151/2284 2311/3152/2281
f 2311/2961/2281 2272/2968/2284 2199/2962/2285 2273/2953/2286
f 2274/2960/2282 2311/2961/2281 2273/2953/2286 2194/2952/2287
f 2191/3150/2283 2275/3155/2288 2312/3156/2289 2272/3151/2284
f 2275/3057/2288 2171/3052/2290 2276/3051/2291 2312/3058/2289
f 2312/2972/2289 2276/2973/2291 2192/2970/2292 2277/2969/2293
f 2272/2968/2284 2312/2972/2289 2277/2969/2293 2199/2962/2285
f 2199/2962/2285 2277/2969/2293 2313/2963/2294 2280/2954/2295
f 2277/2969/2293 2192/2970/2292 2278/2965/2296 2313/2963/2294
f 2313/2963/2294 2278/2965/2296 2164/2964/2297 2279/2955/2298
f 2280/2954/2295 2313/2963/2294 2279/2955/2298 2193/2945/2299
f 2194/2952/2287 2273/2953/2286 2314/2944/2300 2282/2943/2301
f 2273/2953/2286 2199/2962/2285 2280/2954/2295 2314/2944/2300
f 2314/2944/2300 2280/2954/2295 2193/2945/2299 2281/2934/2302
f 2282/2943/2301 2314/2944/2300 2281/2934/2302 2163/2933/2303
f 2163/2933/2303 2281/2934/2302 2315/2923/2304 2285/2922/2305
f 2281/2934/2302 2193/2945/2299 2283/2935/2306 2315/2923/2304
f 2315/2923/2304 2283/2935/2306 2200/2924/2307 2284/2913/2308
f 2285/2922/2305 2315/2923/2304 2284/2913/2308 2196/2912/2309
f 2193/2945/2299 2279/2955/2298 2316/2946/2310 2283/2935/2306
f 2279/2955/2298 2164/2964/2297 2286/2956/2311 2316/2946/2310
f 2316/2946/2310 2286/2956/2311 2195/2947/2312 2287/2936/2313
f 2283/2935/2306 2316/2946/2310 2287/2936/2313 2200/2924/2307
f 2200/2924/2307 2287/2936/2313 2317/2925/2314 2289/2914/2315
f 2287/2936/2313 2195/2947/2312 2288/2937/2316 2317/2925/2314
f 2317/2925/2314 2288/2937/2316 2158/2926/2240 2251/2915/2238
f 2289/2914/2315 2317/2925/2314 2251/2915/2238 2183/2907/2233
f 2196/2912/2309 2284/2913/2308 2318/2906/2317 2290/2905/2318
f 2284/2913/2308 2200/2924/2307 2289/2914/2315 2318/2906/2317
f 2318/2906/2317 2289/2914/2315 2183/2907/2233 2247/2902/2230
f 2290/2905/2318 2318/2906/2317 2247/2902/2230 2157/2901/2229
f 2158/2926/2240 2288/2937/2316 2319/2938/2319 2252/2927/2241
f 2288/2937/2316 2195/2947/2312 2291/2948/2320 2319/2938/2319
f 2319/2938/2319 2291/2948/2320 2201/2958/2321 2292/2949/2322
f 2252/2927/2241 2319/2938/2319 2292/2949/2322 2184/2939/2242
f 2195/2947/2312 2286/2956/2311 2320/2957/2323 2291/2948/2320
f 2286/2956/2311 2164/2964/2297 2278/2965/2296 2320/2957/2323
f 2320/2957/2323 2278/2965/2296 2192/2970/2292 2293/2966/2324
f 2291/2948/2320 2320/2957/2323 2293/2966/2324 2201/2958/2321
f 2201/2958/2321 2293/2966/2324 2321/2971/2325 2295/2967/2326
f 2293/2966/2324 2192/2970/2292 2276/2973/2291 2321/2971/2325
f 2321/3048/2325 2276/3051/2291 2171/3052/2290 2294/3049/2327
f 2295/3047/2326 2321/3048/2325 2294/3049/2327 2173/3050/2328
f 2184/2939/2242 2292/2949/2322 2322/2959/2329 2254/2950/2246
f 2292/2949/2322 2201/2958/2321 2295/2967/2326 2322/2959/2329
f 2322/3055/2329 2295/3047/2326 2173/3050/2328 2296/3056/2330
f 2254/3063/2246 2322/3055/2329 2296/3056/2330 2172/3064/2247
f 2163/2933/2303 2285/2922/2305 2323/2932/2331 2282/2943/2301
f 2285/2922/2305 2196/2912/2309 2297/2921/2332 2323/2932/2331
f 2323/2932/2331 2297/2921/2332 2202/2931/2333 2298/2942/2334
f 2282/2943/2301 2323/2932/2331 2298/2942/2334 2194/2952/2287
f 2196/2912/2309 2290/2905/2318 2324/2911/2335 2297/2921/2332
f 2290/2905/2318 2157/2901/2229 2250/2904/2232 2324/2911/2335
f 2324/2911/2335 2250/2904/2232 2186/2910/2237 2299/2920/2336
f 2297/2921/2332 2324/2911/2335 2299/2920/2336 2202/2931/2333
f 2202/2931/2333 2299/2920/2336 2325/2930/2337 2301/2941/2338
f 2299/2920/2336 2186/2910/2237 2258/2919/2251 2325/2930/2337
f 2325/3090/2337 2258/3093/2251 2169/3094/2253 2300/3091/2339
f 2301/3089/2338 2325/3090/2337 2300/3091/2339 2174/3092/2340
f 2194/2952/2287 2298/2942/2334 2326/2951/2341 2274/2960/2282
f 2298/2942/2334 2202/2931/2333 2301/2941/2338 2326/2951/2341
f 2326/3097/2341 2301/3089/2338 2174/3092/2340 2302/3098/2342
f 2274/3105/2282 2326/3097/2341 2302/3098/2342 2170/3106/2279
f 2351/3125/2343 2352/3119/2344 2327/3124/2345 2210/3128/2346
f 2352/3119/2344 2353/3110/2347 2208/3118/2348 2327/3124/2345
f 2327/3028/2345 2208/3018/2348 2203/3006/2349 2209/3017/2350
f 2210/3037/2346 2327/3028/2345 2209/3017/2350 2177/3027/2351
f 2353/3110/2347 2354/3109/2352 2328/3117/2353 2208/3118/2348
f 2354/3109/2352 2355/3116/2354 2212/3123/2355 2328/3117/2353
f 2328/3007/2353 2212/2995/2355 2176/2985/2356 2213/2994/2357
f 2208/3018/2348 2328/3007/2353 2213/2994/2357 2203/3006/2349
f 2203/3006/2349 2213/2994/2357 2329/2984/2358 2215/2993/2359
f 2213/2994/2357 2176/2985/2356 2214/2978/2360 2329/2984/2358
f 2329/2984/2358 2214/2978/2360 2159/2974/2254 2262/2977/2257
f 2215/2993/2359 2329/2984/2358 2262/2977/2257 2190/2983/2262
f 2177/3027/2351 2209/3017/2350 2330/3005/2361 2216/3016/2362
f 2209/3017/2350 2203/3006/2349 2215/2993/2359 2330/3005/2361
f 2330/3005/2361 2215/2993/2359 2190/2983/2262 2270/2992/2276
f 2216/3016/2362 2330/3005/2361 2270/2992/2276 2161/3004/2278
f 2161/3004/2278 2269/3003/2277 2331/3015/2363 2216/3016/2362
f 2269/3003/2277 2189/3014/2274 2217/3025/2364 2331/3015/2363
f 2331/3015/2363 2217/3025/2364 2204/3035/2365 2218/3026/2366
f 2216/3016/2362 2331/3015/2363 2218/3026/2366 2177/3027/2351
f 2189/3014/2274 2267/3024/2273 2332/3034/2367 2217/3025/2364
f 2267/3024/2273 2162/3033/2272 2219/3040/2368 2332/3034/2367
f 2332/3034/2367 2219/3040/2368 2178/3044/2369 2220/3041/2370
f 2217/3025/2364 2332/3034/2367 2220/3041/2370 2204/3035/2365
f 2204/3035/2365 2220/3041/2370 2333/3045/2371 2223/3042/2372
f 2220/3041/2370 2178/3044/2369 2221/3046/2373 2333/3045/2371
f 2333/3085/2371 2221/3081/2373 2363/3074/2374 2364/3080/2375
f 2223/3164/2372 2333/3166/2371 2364/3165/2375 2365/3161/2376
f 2177/3027/2351 2218/3026/2366 2334/3036/2377 2210/3037/2346
f 2218/3026/2366 2204/3035/2365 2223/3042/2372 2334/3036/2377
f 2334/3163/2377 2223/3164/2372 2365/3161/2376 2366/3160/2378
f 2210/3128/2346 2334/3130/2377 2366/3129/2378 2351/3125/2343
f 2359/3083/2379 2360/3077/2380 2335/3082/2381 2228/3086/2382
f 2360/3077/2380 2361/3068/2383 2226/3076/2384 2335/3082/2381
f 2335/3030/2381 2226/3038/2384 2205/3031/2385 2227/3021/2386
f 2228/3029/2382 2335/3030/2381 2227/3021/2386 2181/3020/2387
f 2361/3068/2383 2362/3067/2388 2336/3075/2389 2226/3076/2384
f 2362/3067/2388 2363/3074/2374 2221/3081/2373 2336/3075/2389
f 2336/3043/2389 2221/3046/2373 2178/3044/2369 2230/3039/2390
f 2226/3038/2384 2336/3043/2389 2230/3039/2390 2205/3031/2385
f 2205/3031/2385 2230/3039/2390 2337/3032/2391 2231/3022/2392
f 2230/3039/2390 2178/3044/2369 2219/3040/2368 2337/3032/2391
f 2337/3032/2391 2219/3040/2368 2162/3033/2272 2266/3023/2271
f 2231/3022/2392 2337/3032/2391 2266/3023/2271 2188/3012/2267
f 2181/3020/2387 2227/3021/2386 2338/3011/2393 2232/3010/2394
f 2227/3021/2386 2205/3031/2385 2231/3022/2392 2338/3011/2393
f 2338/3011/2393 2231/3022/2392 2188/3012/2267 2264/3000/2266
f 2232/3010/2394 2338/3011/2393 2264/3000/2266 2160/2999/2265
f 2355/3116/2354 2356/3122/2395 2339/3127/2396 2212/3123/2355
f 2356/3147/2395 2357/3143/2397 2234/3146/2398 2339/3148/2396
f 2339/2996/2396 2234/3008/2398 2206/2997/2399 2235/2986/2400
f 2212/2995/2355 2339/2996/2396 2235/2986/2400 2176/2985/2356
f 2357/3143/2397 2358/3142/2401 2340/3145/2402 2234/3146/2398
f 2358/3087/2401 2359/3083/2379 2228/3086/2382 2340/3088/2402
f 2340/3019/2402 2228/3029/2382 2181/3020/2387 2237/3009/2403
f 2234/3008/2398 2340/3019/2402 2237/3009/2403 2206/2997/2399
f 2206/2997/2399 2237/3009/2403 2341/2998/2404 2238/2987/2405
f 2237/3009/2403 2181/3020/2387 2232/3010/2394 2341/2998/2404
f 2341/2998/2404 2232/3010/2394 2160/2999/2265 2263/2988/2263
f 2238/2987/2405 2341/2998/2404 2263/2988/2263 2187/2980/2258
f 2176/2985/2356 2235/2986/2400 2342/2979/2406 2214/2978/2360
f 2235/2986/2400 2206/2997/2399 2238/2987/2405 2342/2979/2406
f 2342/2979/2406 2238/2987/2405 2187/2980/2258 2259/2975/2255
f 2214/2978/2360 2342/2979/2406 2259/2975/2255 2159/2974/2254
f 2170/3106/2279 2302/3098/2342 2343/3104/2407 2240/3112/2408
f 2302/3098/2342 2174/3092/2340 2239/3096/2409 2343/3104/2407
f 2343/3104/2407 2239/3096/2409 2175/3103/2410 2207/3111/2411
f 2240/3112/2408 2343/3104/2407 2207/3111/2411 2166/3120/2412
f 2174/3092/2340 2300/3091/2339 2344/3095/2413 2239/3096/2409
f 2300/3091/2339 2169/3094/2253 2241/3101/2414 2344/3095/2413
f 2344/3095/2413 2241/3101/2414 2165/3108/2415 2211/3102/2416
f 2239/3096/2409 2344/3095/2413 2211/3102/2416 2175/3103/2410
f 2240/3112/2408 2166/3120/2412 2224/3126/2417 2346/3121/2418
f 2224/3157/2417 2179/3158/2419 2243/3154/2420 2346/3153/2418
f 2243/3154/2420 2179/3158/2419 2222/3162/2421 2345/3159/2422
f 2222/3073/2421 2167/3066/2423 2242/3059/2424 2345/3065/2422
f 2345/3065/2422 2242/3059/2424 2171/3052/2290 2275/3057/2288
f 2243/3154/2420 2345/3159/2422 2275/3155/2288 2191/3150/2283
f 2346/3153/2418 2243/3154/2420 2191/3150/2283 2271/3149/2280
f 2240/3112/2408 2346/3121/2418 2271/3113/2280 2170/3106/2279
f 2172/3064/2247 2296/3056/2330 2347/3062/2425 2245/3070/2426
f 2296/3056/2330 2173/3050/2328 2244/3054/2427 2347/3062/2425
f 2347/3062/2425 2244/3054/2427 2180/3061/2428 2225/3069/2429
f 2245/3070/2426 2347/3062/2425 2225/3069/2429 2168/3078/2430
f 2173/3050/2328 2294/3049/2327 2348/3053/2431 2244/3054/2427
f 2294/3049/2327 2171/3052/2290 2242/3059/2424 2348/3053/2431
f 2348/3053/2431 2242/3059/2424 2167/3066/2423 2229/3060/2432
f 2244/3054/2427 2348/3053/2431 2229/3060/2432 2180/3061/2428
f 2169/3094/2253 2257/3100/2252 2349/3107/2433 2241/3101/2414
f 2257/3138/2252 2185/3134/2249 2246/3136/2434 2349/3141/2433
f 2349/3141/2433 2246/3136/2434 2182/3140/2435 2233/3144/2436
f 2165/3108/2415 2241/3101/2414 2349/3107/2433 2233/3115/2436
f 2185/3134/2249 2255/3133/2248 2350/3135/2437 2246/3136/2434
f 2255/3072/2248 2172/3064/2247 2245/3070/2426 2350/3079/2437
f 2350/3079/2437 2245/3070/2426 2168/3078/2430 2236/3084/2438
f 2246/3136/2434 2350/3135/2437 2236/3139/2438 2182/3140/2435
f 2166/3120/2412 2207/3111/2411 2352/3119/2344 2351/3125/2343
f 2207/3111/2411 2175/3103/2410 2353/3110/2347 2352/3119/2344
f 2175/3103/2410 2211/3102/2416 2354/3109/2352 2353/3110/2347
f 2211/3102/2416 2165/3108/2415 2355/3116/2354 2354/3109/2352
f 2165/3108/2415 2233/3115/2436 2356/3122/2395 2355/3116/2354
f 2233/3144/2436 2182/3140/2435 2357/3143/2397 2356/3147/2395
f 2182/3140/2435 2236/3139/2438 2358/3142/2401 2357/3143/2397
f 2236/3084/2438 2168/3078/2430 2359/3083/2379 2358/3087/2401
f 2168/3078/2430 2225/3069/2429 2360/3077/2380 2359/3083/2379
f 2225/3069/2429 2180/3061/2428 2361/3068/2383 2360/3077/2380
f 2180/3061/2428 2229/3060/2432 2362/3067/2388 2361/3068/2383
f 2229/3060/2432 2167/3066/2423 2363/3074/2374 2362/3067/2388
f 2364/3080/2375 2363/3074/2374 2167/3066/2423 2222/3073/2421
f 2365/3161/2376 2364/3165/2375 2222/3162/2421 2179/3158/2419
f 2366/3160/2378 2365/3161/2376 2179/3158/2419 2224/3157/2417
f 2351/3125/2343 2366/3129/2378 2224/3126/2417 2166/3120/2412
