# Blender 4.2.14 LTS
# www.blender.org
o Cube.009
v 113.014084 129.125061 -40.762856
v 111.884705 121.787750 -3.258518
v 113.453339 131.547974 -39.876869
v 112.885223 123.252663 -3.388243
v 191.124893 125.710175 -39.155312
v 190.058304 117.834312 -1.488834
v 190.901016 128.167709 -38.248676
v 189.883408 120.363594 -1.060726
v 152.028732 130.002686 -35.324398
v 151.162476 125.422897 -3.395813
v 151.859253 127.044655 -37.624939
v 150.942307 121.778275 -2.912146
v 113.063080 131.266006 -40.400642
v 112.993217 131.008530 -40.522869
v 112.942429 130.740509 -40.621559
v 112.893402 130.473755 -40.718719
v 112.843292 130.210281 -40.818363
v 112.792252 129.949890 -40.920033
v 112.745941 129.689041 -41.015869
v 112.726486 127.882210 -37.111122
v 113.675064 126.923210 -32.128410
v 113.465492 125.914894 -27.089439
v 113.151871 125.047852 -22.052700
v 112.697685 124.136978 -16.983629
v 112.114090 123.183182 -11.946507
v 111.508224 122.290695 -6.873343
v 112.396774 122.020340 -3.597738
v 112.495613 121.802551 -3.610527
v 112.356537 121.775375 -3.409378
v 112.374512 121.967461 -3.305330
v 112.494667 122.168556 -3.292500
v 112.636200 122.364380 -3.309593
v 112.747375 122.583618 -3.323727
v 112.000580 125.623093 -6.297085
v 113.620209 126.281044 -11.134220
v 114.140678 127.331573 -16.037321
v 114.332634 128.407074 -21.044044
v 114.432541 129.315033 -26.036530
v 114.408066 130.185562 -31.111866
v 113.226532 131.273590 -36.011829
v 146.957458 130.190491 -35.450546
v 141.899368 130.479294 -35.778473
v 136.852219 130.773834 -36.207283
v 131.795227 130.891891 -36.518784
v 126.817345 131.235580 -37.260345
v 121.798470 131.063675 -37.459400
v 117.240395 131.817596 -39.516949
v 156.229080 125.256897 -3.029083
v 161.282532 125.003517 -2.698967
v 166.314499 124.485596 -2.739071
v 171.317261 124.020874 -2.171024
v 176.314987 123.223419 -2.046190
v 181.276978 122.264687 -1.817429
v 186.164215 121.260315 -0.961273
v 190.042236 121.668121 -4.727745
v 189.025299 122.731659 -9.663158
v 189.084930 124.060394 -14.647918
v 188.542282 124.869034 -19.713970
v 189.278976 126.141258 -24.629736
v 189.083878 126.780396 -29.668034
v 190.853210 127.850807 -34.371944
v 191.495819 126.237640 -39.369072
v 191.482147 126.505379 -39.270920
v 191.458237 126.772850 -39.167046
v 191.431946 127.042587 -39.064781
v 191.403519 127.314720 -38.964794
v 191.369324 127.587616 -38.864174
v 191.308960 127.851120 -38.743469
v 190.291519 119.861282 -0.709942
v 190.368164 119.560654 -0.704538
v 190.406967 119.260323 -0.739912
v 190.432343 118.963211 -0.787136
v 190.450287 118.669876 -0.839859
v 190.460159 118.381721 -0.901060
v 190.450470 118.104912 -0.988392
v 190.351379 118.346710 -5.350508
v 190.022171 119.427368 -10.420134
v 189.827606 120.526894 -15.490768
v 189.575180 121.542831 -20.558346
v 189.887680 122.499954 -25.627834
v 189.605011 123.496803 -30.650257
v 191.042252 124.468109 -35.486050
v 156.974365 126.906509 -37.687981
v 162.089981 126.719978 -37.703896
v 167.196075 126.455078 -37.706196
v 172.282745 126.152481 -37.856010
v 177.349594 125.857834 -38.164558
v 182.400696 125.560242 -38.245949
v 187.334747 125.476952 -39.357811
v 145.859711 122.049622 -3.047024
v 140.774628 122.175957 -3.189316
v 135.701004 122.252045 -3.301281
v 130.621796 122.262634 -3.301731
v 125.547966 122.075180 -3.277222
v 120.487434 121.733467 -3.143978
v 115.442322 121.285011 -2.806870
v 187.162003 128.884201 -38.140488
v 182.341156 128.706329 -36.615612
v 177.318726 129.144089 -36.340832
v 172.283493 129.295532 -35.838112
v 167.229294 129.577957 -35.635872
v 162.168594 129.878265 -35.611588
v 157.101273 129.974808 -35.471584
v 115.881760 124.664383 -2.286251
v 120.851906 125.208282 -2.970795
v 125.886040 125.635010 -3.149857
v 130.937195 125.891937 -3.143044
v 135.987976 125.906418 -3.315403
v 141.032303 125.873024 -3.266819
v 146.095886 125.761299 -3.131632
v 116.754417 128.429352 -40.696861
v 121.399261 127.889526 -38.802727
v 126.448906 127.841385 -38.984734
v 131.485046 127.672081 -38.410767
v 136.565826 127.551392 -38.195919
v 141.653244 127.379318 -37.910835
v 146.750595 127.199135 -37.690365
v 186.235779 117.901093 -1.431131
v 181.255829 118.774109 -1.938770
v 176.264679 119.649071 -2.218983
v 171.239563 120.376625 -2.391249
v 166.180511 120.884346 -2.585335
v 161.111679 121.320908 -2.658882
v 156.027283 121.587494 -2.783300
v 151.103928 124.453049 -3.176441
v 151.082886 124.134621 -3.146999
v 151.063095 123.826813 -3.086025
v 151.044250 123.527977 -3.014875
v 151.026031 123.237869 -2.935696
v 151.007797 122.956497 -2.849461
v 150.987656 122.692764 -2.735046
v 151.983307 129.151154 -35.837109
v 151.961472 128.860077 -35.969372
v 151.943176 128.592865 -36.135807
v 151.927460 128.343597 -36.319023
v 151.913605 128.114746 -36.519684
v 151.901352 127.910179 -36.738857
v 151.890030 127.754875 -36.989178
v 150.926147 119.956642 -6.603048
v 151.052750 120.774628 -11.755861
v 151.172272 121.126839 -16.964941
v 151.292770 121.468506 -22.170601
v 151.412140 121.663635 -27.381687
v 151.536179 121.855408 -32.591171
v 151.692719 122.951813 -37.596714
v 151.391174 129.519180 -4.951473
v 151.649429 133.466919 -8.378819
v 151.865997 136.124817 -12.885801
v 152.031586 137.536148 -17.927515
v 152.139160 137.666382 -23.164150
v 152.175003 136.350357 -28.237173
v 152.125183 133.459717 -32.611977
v 112.347015 128.700470 -36.808743
v 113.693054 127.802338 -31.888103
v 113.466805 126.811180 -26.823170
v 113.278229 125.939041 -21.801865
v 112.924561 124.991508 -16.729761
v 112.354446 124.027359 -11.726942
v 110.985458 123.097046 -6.801670
v 112.370850 128.992340 -36.705086
v 113.781906 128.039276 -31.799690
v 113.579147 127.064560 -26.719940
v 113.419968 126.175819 -21.698685
v 113.106232 125.188271 -16.633188
v 112.566002 124.192238 -11.651424
v 110.972260 123.416107 -6.773495
v 112.398064 129.287720 -36.599384
v 113.832825 128.290939 -31.707678
v 113.667068 127.334610 -26.620218
v 113.533051 126.434967 -21.600315
v 113.251373 125.421555 -16.538368
v 112.731544 124.405579 -11.567669
v 110.971550 123.731766 -6.721573
v 112.443314 129.584671 -36.492626
v 113.894608 128.544373 -31.615463
v 113.755814 127.609573 -26.522625
v 113.640106 126.702644 -21.506500
v 113.382889 125.670563 -16.449585
v 112.878639 124.639458 -11.491526
v 111.009033 124.049789 -6.674530
v 112.506416 129.882370 -36.385239
v 113.971031 128.798340 -31.523087
v 113.846748 127.888702 -26.426718
v 113.742706 126.978142 -21.417603
v 113.505478 125.931496 -16.367054
v 113.014137 124.887894 -11.424934
v 111.078018 124.367279 -6.628372
v 112.587936 130.179428 -36.276176
v 114.056915 129.053284 -31.428980
v 113.938683 128.172180 -26.331909
v 113.841095 127.261078 -21.332840
v 113.619995 126.202988 -16.290133
v 113.137314 125.149574 -11.366741
v 111.175446 124.680595 -6.579935
v 112.678833 130.475555 -36.159595
v 114.115517 129.315689 -31.325336
v 114.011330 128.464371 -26.236010
v 113.915726 127.556252 -21.252062
v 113.704514 126.491623 -16.221912
v 113.222336 125.432556 -11.323189
v 111.295601 124.988205 -6.532444
v 157.229141 133.319717 -32.616806
v 157.338257 136.109344 -28.171894
v 157.356186 137.369888 -23.081676
v 157.275696 137.210037 -17.842943
v 157.103027 135.795914 -12.799843
v 156.843262 133.163849 -8.276981
v 156.510895 129.278107 -4.776690
v 162.336136 133.153519 -32.683758
v 162.500183 135.815353 -28.161541
v 162.563843 136.951202 -23.039053
v 162.504166 136.712540 -17.797943
v 162.324768 135.296432 -12.749868
v 162.028549 132.738815 -8.181709
v 161.628296 128.964020 -4.567636
v 167.440094 132.889893 -32.770016
v 167.659058 135.449020 -28.201683
v 167.755234 136.391556 -23.038757
v 167.704880 136.023422 -17.797344
v 167.519958 134.607422 -12.740297
v 167.200562 132.158600 -8.108055
v 166.740952 128.500336 -4.393034
v 172.537491 132.574005 -32.943985
v 172.809601 134.972260 -28.301256
v 172.914566 135.636368 -23.091496
v 172.855209 135.090057 -17.854691
v 172.667999 133.685669 -12.782291
v 172.342300 131.377289 -8.069363
v 171.835968 127.865028 -4.213215
v 177.628311 132.247177 -33.263927
v 177.932831 134.287460 -28.465443
v 177.998123 134.549133 -23.217480
v 177.902267 133.786713 -17.999313
v 177.725204 132.429016 -12.905285
v 177.431412 130.340530 -8.086418
v 176.909897 127.038010 -4.070284
v 182.713364 131.876236 -33.745342
v 182.946259 133.116669 -28.708500
v 182.850739 132.779968 -23.472120
v 182.687561 131.820267 -18.298056
v 182.550522 130.556900 -13.189433
v 182.372604 128.815598 -8.236435
v 181.941254 125.986160 -3.884968
v 187.635941 130.624542 -34.224766
v 187.349655 130.580566 -29.050333
v 186.949966 129.710678 -23.948189
v 186.657059 128.623123 -18.892071
v 186.678818 127.539009 -13.816875
v 186.764725 126.228645 -8.777248
v 186.775742 124.285011 -3.958494
v 191.331757 127.004738 -34.474442
v 189.268616 125.886337 -29.887913
v 189.681290 125.266396 -24.850780
v 188.844986 123.990234 -19.935936
v 189.464890 123.191154 -14.852710
v 189.359375 121.854416 -9.849712
v 190.553925 120.875679 -4.931059
v 191.401016 126.702591 -34.583996
v 189.298660 125.623398 -29.991854
v 189.745377 124.951279 -24.947397
v 188.910583 123.709335 -20.011395
v 189.510178 122.882248 -14.917260
v 189.442520 121.570084 -9.892029
v 190.628723 120.569626 -4.954227
v 191.460678 126.401505 -34.690727
v 189.358856 125.365074 -30.083639
v 189.819107 124.639511 -25.036934
v 189.009949 123.439713 -20.078876
v 189.577377 122.580574 -14.982853
v 189.559189 121.302452 -9.942715
v 190.702164 120.269691 -4.990860
v 191.499512 126.101700 -34.799042
v 189.412155 125.109291 -30.172924
v 189.885620 124.329605 -25.125637
v 189.111938 123.175278 -20.145542
v 189.649170 122.284378 -15.050581
v 189.677200 121.041138 -9.998894
v 190.761108 119.972656 -5.034971
v 191.516647 125.804504 -34.909004
v 189.453201 124.855942 -30.261513
v 189.943298 124.021835 -25.215118
v 189.213470 122.915283 -20.213037
v 189.724777 121.993752 -15.120724
v 189.794159 120.785408 -10.060846
v 190.805359 119.679024 -5.085342
v 191.512131 125.511215 -35.020164
v 189.487091 124.606155 -30.349216
v 189.992828 123.716408 -25.304663
v 189.317886 122.661003 -20.281738
v 189.803879 121.709152 -15.194427
v 189.913132 120.536911 -10.130241
v 190.833389 119.390015 -5.144623
v 191.501907 125.222702 -35.132778
v 189.568970 124.372391 -30.427710
v 190.052704 123.417610 -25.393433
v 189.459885 122.429771 -20.349854
v 189.906769 121.439056 -15.272306
v 190.060699 120.310532 -10.206200
v 190.857651 119.108841 -5.217644
v 146.573959 123.094131 -37.676662
v 146.412048 121.924110 -32.709576
v 146.287674 121.719391 -27.498095
v 146.173264 121.517441 -22.285412
v 146.060562 121.172562 -17.078575
v 145.951477 120.870041 -11.862108
v 145.846573 119.990341 -6.711090
v 141.455719 123.235672 -37.740952
v 141.284485 121.975075 -32.819450
v 141.163116 121.791428 -27.606354
v 141.054977 121.587875 -22.392546
v 140.951218 121.253792 -17.183418
v 140.852417 120.955231 -11.966621
v 140.767303 120.075470 -6.816944
v 136.337738 123.378098 -37.790855
v 136.152374 122.025146 -32.919926
v 136.036545 121.852036 -27.706110
v 135.936676 121.659470 -22.490736
v 135.842072 121.337440 -17.280216
v 135.754028 121.003067 -12.067200
v 135.685242 120.159325 -6.914585
v 131.219650 123.516800 -37.832680
v 131.014389 122.074966 -33.010616
v 130.907883 121.901779 -27.794474
v 130.818558 121.733994 -22.575275
v 130.732986 121.419785 -17.362366
v 130.654175 121.025780 -12.153442
v 130.603256 120.253296 -6.995556
v 126.101326 123.731979 -37.879005
v 125.868423 122.113068 -33.088287
v 125.778320 121.938690 -27.867054
v 125.700912 121.767220 -22.642723
v 125.623322 121.476608 -17.426521
v 125.551674 121.070091 -12.219362
v 125.516525 120.324326 -7.059948
v 120.978088 124.016350 -37.999878
v 120.715240 122.209122 -33.147865
v 120.652267 121.949471 -27.911900
v 120.586845 121.774979 -22.676929
v 120.517662 121.486168 -17.454128
v 120.447723 121.078644 -12.244410
v 120.413513 120.336319 -7.083471
v 116.005936 125.316788 -37.868484
v 115.777115 123.518570 -32.954231
v 115.599121 122.471039 -27.821878
v 115.482979 121.846931 -22.630648
v 115.420868 121.494080 -17.424927
v 115.349533 121.085251 -12.218050
v 115.293671 120.477180 -7.023884
v 157.062317 129.140244 -36.016853
v 162.141357 129.047699 -36.157520
v 167.212830 128.745087 -36.164600
v 172.274338 128.475357 -36.385387
v 177.315765 128.350311 -36.934250
v 182.337067 127.853775 -37.051952
v 187.069687 128.165680 -38.812923
v 157.049850 128.848053 -36.153702
v 162.138611 128.753677 -36.286789
v 167.220764 128.456436 -36.290031
v 172.293701 128.192200 -36.522434
v 177.345383 128.065872 -37.083687
v 182.381180 127.588707 -37.161057
v 187.113602 127.873093 -38.949287
v 157.038040 128.576279 -36.317982
v 162.133591 128.476944 -36.441086
v 167.222748 128.187546 -36.446358
v 172.302185 127.930222 -36.690308
v 177.360306 127.796600 -37.253429
v 182.406021 127.342339 -37.307301
v 187.147415 127.581390 -39.081779
v 157.026825 128.318573 -36.493774
v 162.126862 128.211670 -36.605049
v 167.220490 127.931198 -36.614773
v 172.304077 127.680428 -36.868282
v 177.366653 127.534164 -37.425644
v 182.419495 127.101746 -37.457508
v 187.174774 127.288490 -39.203125
v 157.016586 128.076874 -36.682499
v 162.119751 127.959824 -36.780617
v 167.216064 127.688301 -36.795330
v 172.301956 127.441711 -37.053684
v 177.367569 127.277122 -37.597424
v 182.425125 126.864601 -37.606293
v 187.196869 126.995499 -39.314697
v 157.008423 127.854370 -36.886223
v 162.114075 127.724426 -36.970318
v 167.212250 127.460800 -36.989059
v 172.298691 127.213409 -37.244881
v 177.365265 127.023811 -37.765743
v 182.425018 126.632408 -37.755089
v 187.214569 126.703003 -39.417000
v 157.001541 127.674850 -37.121368
v 162.112335 127.527557 -37.192425
v 167.214371 127.269691 -37.212757
v 172.300201 127.013092 -37.458000
v 177.363159 126.786156 -37.946053
v 182.418671 126.434616 -37.939835
v 187.228577 126.417099 -39.523945
v 146.037643 124.800232 -2.854439
v 140.971420 124.913101 -3.013807
v 135.946518 124.943748 -3.107449
v 130.901672 124.939789 -2.900810
v 125.850548 124.688797 -2.937550
v 120.808578 124.266129 -2.780373
v 115.847351 123.748230 -1.951187
v 146.008957 124.474197 -2.829247
v 140.937531 124.592445 -2.996649
v 135.908463 124.631958 -3.105968
v 130.856506 124.627579 -2.901728
v 125.792793 124.389153 -2.948915
v 120.735619 123.975288 -2.786175
v 115.763115 123.436745 -1.950377
v 145.983292 124.154495 -2.795820
v 140.906906 124.277390 -2.965290
v 135.873474 124.324821 -3.086777
v 130.814011 124.318794 -2.891632
v 125.742104 124.091354 -2.941254
v 120.676781 123.685478 -2.769001
v 115.694839 123.127426 -1.957024
v 145.959885 123.840141 -2.770870
v 140.879456 123.966965 -2.939545
v 135.840988 124.022171 -3.070738
v 130.774857 124.013611 -2.890228
v 125.697433 123.796417 -2.936378
v 120.626976 123.397995 -2.756861
v 115.634987 122.823128 -1.983347
v 145.938187 123.531509 -2.752020
v 140.854355 123.661316 -2.918779
v 135.810120 123.724045 -3.056913
v 130.738510 123.712280 -2.897003
v 125.658653 123.504433 -2.934319
v 120.586754 123.112915 -2.752308
v 115.586166 122.524933 -2.028450
v 145.917450 123.228859 -2.736769
v 140.830704 123.360741 -2.901028
v 135.778656 123.430809 -3.042419
v 130.702454 123.415222 -2.909985
v 125.622673 123.215721 -2.932131
v 120.553734 122.830673 -2.750687
v 115.551102 122.232620 -2.086159
v 145.895737 122.934631 -2.703293
v 140.806778 123.068222 -2.863707
v 135.745285 123.145920 -3.000710
v 130.662994 123.123032 -2.903845
v 125.583984 122.933228 -2.901001
v 120.519943 122.554489 -2.716511
v 115.514359 121.944443 -2.136179
v 186.059616 120.360031 -0.603073
v 181.205414 121.324814 -1.623188
v 176.244812 122.284912 -1.786350
v 171.245895 123.078308 -1.876110
v 166.259521 123.526474 -2.566078
v 161.233093 124.051407 -2.420860
v 156.171265 124.295906 -2.770109
v 186.111877 120.047150 -0.590673
v 181.245422 121.028435 -1.616638
v 176.267517 121.974823 -1.779057
v 171.255035 122.756317 -1.863506
v 166.263748 123.222214 -2.564945
v 161.227234 123.730621 -2.404367
v 156.157669 123.974953 -2.741909
v 186.147141 119.736710 -0.586510
v 181.270721 120.735504 -1.585285
v 176.282059 121.668274 -1.760429
v 171.260483 122.438080 -1.848892
v 166.261948 122.923546 -2.534334
v 161.217758 123.415138 -2.375057
v 156.142426 123.662270 -2.692795
v 186.171921 119.430305 -0.601486
v 181.286728 120.445335 -1.561581
v 176.291107 121.365173 -1.753078
v 171.263672 122.123749 -1.849747
v 166.256958 122.629799 -2.500114
v 161.205750 123.104225 -2.350739
v 156.126465 123.356148 -2.642370
v 186.189102 119.129166 -0.634163
v 181.295624 120.158195 -1.549208
v 176.295868 121.066025 -1.758366
v 171.265244 121.814102 -1.866093
v 166.249878 122.340721 -2.463142
v 161.192291 122.797791 -2.332672
v 156.110245 123.056091 -2.593451
v 186.198608 118.834412 -0.684353
v 181.298004 119.874634 -1.545002
v 176.297745 120.771240 -1.774715
v 171.266907 121.509804 -1.897684
v 166.242325 122.056656 -2.420361
v 161.177887 122.495911 -2.322145
v 156.093750 122.761864 -2.548067
v 186.199371 118.544724 -0.738070
v 181.295959 119.596664 -1.514627
v 176.301102 120.480331 -1.774532
v 171.271393 121.209526 -1.921467
v 166.234650 121.784210 -2.343378
v 161.161438 122.200882 -2.296146
v 156.074463 122.478325 -2.483898
v 117.320351 131.077332 -40.168594
v 121.720718 130.179749 -37.798138
v 126.754005 130.447662 -37.866508
v 131.722946 130.049545 -37.028328
v 136.794754 129.953674 -36.764938
v 141.845673 129.638382 -36.305496
v 146.907318 129.339767 -35.960579
v 117.265984 130.787155 -40.303722
v 121.649422 129.917679 -37.870926
v 126.695320 130.157318 -38.010742
v 131.668091 129.765335 -37.158741
v 136.748962 129.663712 -36.899570
v 141.807053 129.347565 -36.435886
v 146.876434 129.048615 -36.087849
v 117.215614 130.498535 -40.435326
v 121.595512 129.667191 -37.978447
v 126.648468 129.875214 -38.166550
v 131.627975 129.498215 -37.316338
v 136.713928 129.388260 -37.055481
v 141.777740 129.075867 -36.594414
v 146.852539 128.779404 -36.247799
v 117.165039 130.208893 -40.555042
v 121.548714 129.421021 -38.088448
v 126.608322 129.594971 -38.318779
v 131.596390 129.239838 -37.480423
v 136.685440 129.121536 -37.217598
v 141.753799 128.817566 -36.764835
v 146.832748 128.526855 -36.423775
v 117.113884 129.918747 -40.663074
v 121.506729 129.178436 -38.197796
v 126.572693 129.317276 -38.468079
v 131.570602 128.989807 -37.649151
v 136.661392 128.865051 -37.387238
v 141.733459 128.574570 -36.948204
v 146.815720 128.293793 -36.617031
v 117.061440 129.628571 -40.759338
v 121.468918 128.941513 -38.309959
v 126.541412 129.043228 -38.616333
v 131.548676 128.748993 -37.822968
v 136.639420 128.620605 -37.565865
v 141.714447 128.349808 -37.146133
v 146.799911 128.084351 -36.829140
v 117.007393 129.343918 -40.858051
v 121.443176 128.742218 -38.469837
v 126.514465 128.785065 -38.782047
v 131.528473 128.536179 -38.022728
v 136.616898 128.406906 -37.771996
v 141.694824 128.165955 -37.375160
v 146.784195 127.923943 -37.073883
v 187.501709 122.351608 -36.423710
v 187.338318 120.403473 -31.555719
v 187.172745 119.450798 -26.408194
v 186.973557 118.602806 -21.248178
v 186.778580 117.980423 -16.055321
v 186.601868 117.443123 -10.849325
v 186.417831 116.929527 -5.633896
v 182.408112 121.718536 -36.763500
v 182.254486 119.985634 -31.875517
v 182.091965 119.758926 -26.639011
v 181.932770 119.415710 -21.410946
v 181.773926 119.000534 -16.192719
v 181.581955 118.365715 -11.000143
v 181.311249 117.346664 -5.882195
v 177.270432 121.817780 -36.923721
v 177.140335 120.529808 -31.993259
v 177.004745 120.343124 -26.772205
v 176.856125 120.037155 -21.552397
v 176.703171 119.670898 -16.335693
v 176.522141 119.115585 -11.137810
v 176.245544 117.967644 -6.053099
v 172.149857 122.055328 -37.091000
v 172.015625 120.874245 -32.116272
v 171.888611 120.655777 -26.903919
v 171.745987 120.349159 -21.694010
v 171.594559 119.971512 -16.488258
v 171.419250 119.415680 -11.301609
v 171.187424 118.508156 -6.167198
v 167.038818 122.340698 -37.238358
v 166.898346 121.242004 -32.235897
v 166.774490 121.015839 -27.026630
v 166.638458 120.725479 -21.819649
v 166.490723 120.327400 -16.619591
v 166.323013 119.802246 -11.431768
v 166.130020 119.035248 -6.272293
v 161.927048 122.589294 -37.357643
v 161.775818 121.461296 -32.362198
v 161.652695 121.233765 -27.152613
v 161.524002 121.005653 -21.943523
v 161.382248 120.591782 -16.744322
v 161.236832 120.149597 -11.545027
v 161.067337 119.404457 -6.375473
v 156.812302 122.784561 -37.483315
v 156.656326 121.673622 -32.478752
v 156.533188 121.471504 -27.268841
v 156.408691 121.251953 -22.059414
v 156.276718 120.860771 -16.858849
v 156.145432 120.475143 -11.653648
v 155.996124 119.668915 -6.491404
v 116.686211 133.710419 -35.678345
v 116.709991 133.669708 -30.484575
v 116.881386 132.788376 -25.358078
v 116.782898 131.857025 -20.256371
v 116.568985 130.776443 -15.193266
v 116.075943 129.636353 -10.163883
v 115.692566 127.636986 -5.410652
v 121.659126 134.534058 -34.954189
v 121.306007 135.829041 -29.950939
v 121.167336 135.539459 -24.717442
v 121.030312 134.671600 -19.529840
v 120.841652 133.508408 -14.403131
v 120.648300 131.816895 -9.432816
v 120.634460 128.958694 -5.077667
v 126.711899 134.410370 -34.233902
v 126.386261 136.569901 -29.492933
v 126.134438 136.901291 -24.260061
v 125.953949 136.210831 -19.037289
v 125.800308 134.923523 -13.926394
v 125.699509 132.868042 -9.087286
v 125.742943 129.538513 -5.065968
v 131.775970 134.243805 -33.707039
v 131.537399 136.752762 -29.118025
v 131.285477 137.520432 -23.929024
v 131.088562 137.041473 -18.690247
v 130.943451 135.688629 -13.603682
v 130.860977 133.397736 -8.873520
v 130.875931 129.835236 -5.037394
v 136.853638 134.079056 -33.313442
v 136.693405 136.758911 -28.804619
v 136.483322 137.802185 -23.665646
v 136.295578 137.487457 -18.425261
v 136.148941 136.104813 -13.358744
v 136.051300 133.654221 -8.718449
v 136.009338 129.936310 -5.031666
v 141.937363 133.875366 -32.989117
v 141.851349 136.680374 -28.554976
v 141.697449 137.892624 -23.454565
v 141.532303 137.686768 -18.215954
v 141.380798 136.288086 -13.163062
v 141.251907 133.723862 -8.591850
v 141.142120 129.900009 -5.012962
v 147.027710 133.649902 -32.740524
v 147.012054 136.541321 -28.364899
v 146.917877 137.841980 -23.288059
v 146.780960 137.695892 -18.051250
v 146.622604 136.287277 -13.006392
v 146.451340 133.647949 -8.482271
v 146.268524 129.757492 -4.967506
v 113.150406 131.371460 -40.276360
v 113.024002 131.139816 -40.466942
v 112.967102 130.874695 -40.573090
v 112.917969 130.606766 -40.669922
v 112.868515 130.341583 -40.768177
v 112.817741 130.079803 -40.869156
v 112.767990 129.819794 -40.969460
v 112.774750 129.520966 -41.001839
v 112.579651 128.567719 -39.434578
v 113.190231 127.358292 -34.622398
v 113.447266 126.390366 -29.620485
v 113.593361 125.466675 -24.556723
v 112.854202 124.620789 -19.523209
v 112.590256 123.662086 -14.443661
v 111.796410 122.772812 -9.409845
v 111.279602 121.510109 -4.587954
v 112.249146 122.024979 -3.527527
v 112.500671 121.948761 -3.636889
v 112.420456 121.742813 -3.509212
v 112.341423 121.862984 -3.337444
v 112.430565 122.068901 -3.293903
v 112.563980 122.266693 -3.298168
v 112.705421 122.465805 -3.323488
v 112.780029 122.747986 -3.328850
v 112.231369 124.151733 -4.397434
v 112.653214 126.149841 -8.736206
v 114.397659 126.535507 -13.592104
v 113.972961 128.068649 -18.507870
v 114.820183 128.653351 -23.568165
v 114.294670 129.837234 -28.559256
v 113.764465 130.781647 -33.537258
v 113.077965 131.504913 -38.419136
v 149.490906 130.064301 -35.335999
v 144.425751 130.321487 -35.587170
v 139.373489 130.624176 -35.974426
v 134.322250 130.829666 -36.349251
v 129.338593 131.201279 -37.052979
v 124.304901 130.977585 -37.107040
v 119.585861 131.531052 -38.603973
v 114.913437 131.751419 -40.007004
v 153.700958 125.319977 -3.282389
v 158.752106 125.189415 -2.747831
v 163.791840 124.697922 -2.917885
v 168.803375 124.338333 -2.268021
v 173.816605 123.604164 -2.221264
v 178.802551 122.793152 -1.863558
v 183.732834 121.789711 -1.429171
v 188.453583 120.642746 -0.792799
v 190.193741 120.862762 -2.447882
v 189.694427 122.345863 -7.196585
v 188.933365 123.357071 -12.166945
v 188.709183 124.417053 -17.176731
v 189.172241 125.634209 -22.102097
v 188.754745 126.299591 -27.151217
v 190.193665 127.416199 -31.912819
v 191.148804 128.059830 -36.768135
v 191.436203 126.075012 -39.363823
v 191.491074 126.371742 -39.321472
v 191.470657 126.638893 -39.218971
v 191.445282 126.907394 -39.115616
v 191.418076 127.178391 -39.014545
v 191.387726 127.451340 -38.915123
v 191.344467 127.721611 -38.808426
v 191.218628 127.964523 -38.625694
v 190.193741 120.017937 -0.780277
v 190.336884 119.711288 -0.699215
v 190.390106 119.410133 -0.719751
v 190.420731 119.111328 -0.762798
v 190.442139 118.816002 -0.812691
v 190.456573 118.525017 -0.868942
v 190.458954 118.241058 -0.939514
v 190.380402 117.986549 -1.101040
v 190.405487 117.917793 -2.952868
v 190.204666 118.896896 -7.886837
v 189.902832 119.980179 -12.953772
v 189.677551 121.031731 -18.025066
v 189.797852 122.029999 -23.090130
v 189.558395 123.006134 -28.127571
v 190.499863 123.899422 -33.029831
v 191.382904 125.121887 -37.795059
v 154.416412 126.979729 -37.657940
v 159.532501 126.820717 -37.703163
v 164.645035 126.597786 -37.698772
v 169.742401 126.302795 -37.747776
v 174.819153 126.000069 -37.977402
v 179.876053 125.710342 -38.352863
v 184.891937 125.486832 -38.683960
v 189.703537 125.594254 -39.545609
v 148.400269 121.904343 -2.986092
v 143.314362 122.141731 -3.098900
v 138.241638 122.226715 -3.343613
v 133.159790 122.284103 -3.263250
v 128.085358 122.180405 -3.313805
v 123.014137 121.930885 -3.219707
v 117.963516 121.519547 -3.015663
v 113.062408 121.161461 -2.676640
v 189.491058 128.552368 -38.479843
v 184.773987 128.785110 -37.310577
v 179.831787 129.025925 -36.596046
v 174.806854 129.187485 -36.030029
v 169.757034 129.398514 -35.669449
v 164.700775 129.756516 -35.639008
v 159.635651 129.941727 -35.546654
v 154.565567 129.990250 -35.392113
v 113.598923 124.089737 -2.404165
v 118.356995 124.964523 -2.666319
v 123.365135 125.464043 -3.030399
v 128.412170 125.742416 -3.291962
v 133.468307 125.991013 -3.022554
v 138.513123 125.822639 -3.574957
v 143.560928 125.888573 -3.038652
v 148.625549 125.582169 -3.309507
v 114.436798 128.840546 -41.047691
v 119.146881 128.123230 -39.920834
v 123.924797 127.852646 -38.827209
v 128.974396 127.776459 -38.776627
v 134.024261 127.615936 -38.312737
v 139.107803 127.466187 -38.041756
v 144.200439 127.287186 -37.785908
v 149.303406 127.114609 -37.626637
v 188.605545 117.679741 -1.247149
v 183.744934 118.327850 -1.720722
v 178.764954 119.226410 -2.073513
v 173.753342 120.022385 -2.324764
v 168.713287 120.657364 -2.455690
v 163.646637 121.112480 -2.656023
v 158.568787 121.490509 -2.714937
v 153.485031 121.673317 -2.847527
v 151.117828 124.649208 -3.201527
v 151.093231 124.292213 -3.170813
v 151.072845 123.979568 -3.118011
v 151.053589 123.676292 -3.051565
v 151.035080 123.381844 -2.976185
v 151.016998 123.096031 -2.893570
v 150.998123 122.820251 -2.800514
v 150.974304 122.520172 -2.699581
v 151.998383 129.329025 -35.751472
v 151.971970 129.000824 -35.894295
v 151.951996 128.724319 -36.050465
v 151.935028 128.465866 -36.225285
v 151.920334 128.226425 -36.417130
v 151.907272 128.009033 -36.626801
v 151.895691 127.821198 -36.857620
v 151.882889 127.650185 -37.137329
v 150.902893 120.404160 -4.149452
v 150.987518 120.378563 -9.177109
v 151.111847 120.930603 -14.362782
v 151.233215 121.337036 -19.565800
v 151.352173 121.567322 -24.776543
v 151.473541 121.761810 -29.986259
v 151.603378 121.957939 -35.196270
v 151.798416 125.334740 -38.336849
v 151.260178 127.226784 -3.904091
v 151.524246 131.651505 -6.484047
v 151.763763 134.955246 -10.538631
v 151.955475 136.984695 -15.363230
v 152.093323 137.769730 -20.540962
v 152.167114 137.201187 -25.749632
v 152.161057 135.100098 -30.552305
v 152.073990 131.564957 -34.283062
v 113.013802 128.232651 -34.348446
v 113.377930 127.295052 -29.365490
v 113.823441 126.316689 -24.308580
v 112.922989 125.526726 -19.267054
v 113.044174 124.410522 -14.205284
v 111.661133 123.667480 -9.245777
v 112.362473 128.845612 -36.757458
v 113.750381 127.916115 -31.845140
v 113.530907 126.933243 -26.771002
v 113.357086 126.051399 -21.749130
v 113.023651 125.081276 -16.681549
v 112.468384 124.098892 -11.689064
v 110.980110 123.255524 -6.785419
v 113.077629 128.503693 -34.254562
v 113.473526 127.562515 -29.264900
v 113.971008 126.527115 -24.212152
v 113.052528 125.779518 -19.159962
v 113.281494 124.535408 -14.127617
v 111.774704 123.923347 -9.189653
v 112.382233 129.139771 -36.652428
v 113.807022 128.164673 -31.753761
v 113.623413 127.198822 -26.669783
v 113.477585 126.304207 -21.649021
v 113.181091 125.302528 -16.585228
v 112.652206 124.295639 -11.609489
v 110.967087 123.573944 -6.747849
v 113.121017 128.782761 -34.156132
v 113.548630 127.841545 -29.164551
v 114.076340 126.767593 -24.119373
v 113.160271 126.050713 -19.058350
v 113.469101 124.724243 -14.043965
v 111.856346 124.193695 -9.125412
v 112.418449 129.436035 -36.546082
v 113.861794 128.417542 -31.661560
v 113.711121 127.471550 -26.571175
v 113.587173 126.567810 -21.552788
v 113.318420 125.544403 -16.493139
v 112.806702 124.520477 -11.528368
v 110.985962 123.890556 -6.697498
v 113.174355 129.064056 -34.055523
v 113.628067 128.123596 -29.065601
v 114.179169 127.014862 -24.029650
v 113.262527 126.330750 -18.962387
v 113.634598 124.938583 -13.965937
v 111.937538 124.470352 -9.068560
v 112.472633 129.733490 -36.439034
v 113.931160 128.671295 -31.569345
v 113.801048 127.748619 -26.474489
v 113.691933 126.839439 -21.461468
v 113.445175 125.799660 -16.407581
v 112.947800 124.762032 -11.457243
v 111.039970 124.208839 -6.651722
v 113.238953 129.346924 -33.952690
v 113.712555 128.408325 -28.968122
v 114.285103 127.266518 -23.942781
v 113.359436 126.619232 -18.872206
v 113.789108 125.167885 -13.894993
v 112.021713 124.753502 -9.021042
v 112.544769 130.031128 -36.331074
v 114.013458 128.925568 -31.476460
v 113.892769 128.029846 -26.379196
v 113.792511 127.118683 -21.374786
v 113.563881 126.065933 -16.327963
v 113.077545 125.016983 -11.394672
v 111.123085 124.524696 -6.604343
v 113.312950 129.631012 -33.846600
v 113.799988 128.695938 -28.871044
v 114.392303 127.523071 -23.857990
v 113.452179 126.915230 -18.787064
v 113.932144 125.410843 -13.830828
v 112.108124 125.042351 -8.978701
v 112.635483 130.327072 -36.219826
v 114.096840 129.182495 -31.379438
v 113.982262 128.316376 -26.284887
v 113.886368 127.405952 -21.291712
v 113.671265 126.343933 -16.255060
v 113.190308 125.286873 -11.341877
v 111.235092 124.834541 -6.555813
v 113.375259 129.918671 -33.731377
v 113.870071 128.989746 -28.769543
v 114.469940 127.793404 -23.773064
v 113.526169 127.221786 -18.708294
v 114.031029 125.679779 -13.778505
v 112.180695 125.341019 -8.945547
v 112.372414 128.527069 -36.875935
v 113.649475 127.650276 -31.944284
v 113.422516 126.649994 -26.890759
v 113.212402 125.784790 -21.866785
v 112.831566 124.857239 -16.792336
v 112.244003 123.905869 -11.776783
v 111.041878 122.909485 -6.815371
v 110.675560 122.079926 -4.557590
v 110.832489 122.285988 -4.578964
v 110.910873 122.549065 -4.535109
v 111.044685 122.807770 -4.522852
v 111.208580 123.053619 -4.525047
v 111.375885 123.300491 -4.527203
v 111.524635 123.564804 -4.520317
v 111.408195 125.150391 -6.498669
v 113.281013 125.606606 -11.297213
v 113.767151 126.667358 -16.186428
v 113.974228 127.733727 -21.203875
v 114.071609 128.639557 -26.181339
v 114.154297 129.480545 -31.264565
v 112.763474 130.647720 -36.100685
v 112.384811 130.904999 -38.582756
v 112.288963 130.636307 -38.703789
v 112.212616 130.361206 -38.812077
v 112.150818 130.084213 -38.916470
v 112.100769 129.807373 -39.019096
v 112.063347 129.531067 -39.119286
v 112.038773 129.255341 -39.215012
v 157.293472 134.901917 -30.510832
v 157.359650 136.928726 -25.672621
v 157.327927 137.455307 -20.456539
v 157.200485 136.653671 -15.278698
v 156.983734 134.635681 -10.447817
v 156.683731 131.373276 -6.359261
v 159.782501 133.244827 -32.646053
v 159.919464 135.969803 -28.160395
v 159.961502 137.176376 -23.055393
v 159.892502 136.983444 -17.815336
v 159.716339 135.567963 -12.770147
v 159.436996 132.966690 -8.227730
v 159.069839 129.139908 -4.659538
v 162.427490 134.673996 -30.533493
v 162.546997 136.569489 -25.640966
v 162.549408 136.988846 -20.410744
v 162.429077 136.144913 -15.233875
v 162.191269 134.164993 -10.382654
v 161.838409 131.004654 -6.215075
v 164.888962 133.035324 -32.723824
v 165.080170 135.643097 -28.174988
v 165.162231 136.691345 -23.033142
v 165.109024 136.394226 -17.791512
v 164.926712 134.977905 -12.739616
v 164.617203 132.472992 -8.141132
v 164.185791 128.745941 -4.494720
v 167.560730 134.381119 -30.604767
v 167.725418 136.106644 -25.654568
v 167.747803 136.349991 -20.407772
v 167.628677 135.439285 -15.233313
v 167.377823 133.520599 -10.349789
v 166.987305 130.494080 -6.085594
v 169.989136 132.731918 -32.839615
v 170.235992 135.228027 -28.243473
v 170.340546 136.043915 -23.057558
v 170.288528 135.592560 -17.817440
v 170.101639 134.179367 -12.753603
v 169.775925 131.792526 -8.083889
v 169.290405 128.208511 -4.286610
v 172.691055 134.009964 -30.745876
v 172.884399 135.491058 -25.721621
v 172.902832 135.483246 -20.460613
v 172.776749 134.488998 -15.289587
v 172.525177 132.661270 -10.359968
v 172.112915 129.787842 -5.985828
v 175.084076 132.411758 -33.082642
v 175.377396 134.665726 -28.373659
v 175.471054 135.149109 -23.143118
v 175.397446 134.497559 -17.913216
v 175.212921 133.111069 -12.830589
v 174.897141 130.902939 -8.067730
v 174.377151 127.475403 -4.150621
v 177.810455 133.526016 -30.976543
v 177.990219 134.595123 -25.853415
v 177.964066 134.253540 -20.596037
v 177.822998 133.179138 -15.432360
v 177.598557 131.504288 -10.440411
v 177.206726 128.871521 -5.921585
v 180.171967 132.075806 -33.482254
v 180.465927 133.800919 -28.576801
v 180.472290 133.784439 -23.323860
v 180.346588 132.914871 -18.122812
v 180.184341 131.598526 -13.018436
v 179.932114 129.662460 -8.134703
v 179.432480 126.546143 -3.979481
v 182.892517 132.769791 -31.300255
v 182.916168 133.081070 -26.085119
v 182.770920 132.337708 -20.877617
v 182.616653 131.228729 -15.733717
v 182.472549 129.774384 -10.678619
v 182.212173 127.589874 -5.928507
v 185.227188 131.468674 -34.021549
v 185.299042 132.100052 -28.863976
v 185.050262 131.441727 -23.675688
v 184.843048 130.419540 -18.545685
v 184.751266 129.223160 -13.447365
v 184.692795 127.710243 -8.432663
v 184.409775 125.272415 -3.842537
v 187.588104 130.775146 -31.627796
v 187.065628 130.154022 -26.504616
v 186.827347 129.196930 -21.410378
v 186.635056 128.084869 -16.356293
v 186.685135 126.902023 -11.292604
v 186.842651 125.405380 -6.308315
v 154.676605 133.388458 -32.602821
v 154.756699 136.235992 -28.197107
v 154.748505 137.533127 -23.117863
v 154.654999 137.394028 -17.880384
v 154.485855 135.981491 -12.838486
v 154.247269 133.331024 -8.327665
v 153.951385 129.398895 -4.884060
v 156.343399 127.031601 -3.634048
v 161.423660 126.755905 -3.358833
v 166.487946 126.278534 -3.236000
v 171.539215 125.735504 -2.893869
v 176.571930 124.940910 -2.726822
v 181.572632 123.993668 -2.420315
v 186.501328 122.753311 -2.008602
v 188.814682 122.956467 -4.309422
v 188.289764 124.357559 -9.261066
v 188.190384 125.623154 -14.269362
v 187.897705 126.537453 -19.332813
v 188.407364 127.732803 -24.301943
v 188.633621 128.513168 -29.339203
v 189.678223 129.257690 -34.318237
v 187.439224 129.914307 -36.612865
v 182.473801 130.292191 -35.663761
v 177.436371 130.578827 -35.144154
v 172.383591 130.798218 -34.727299
v 167.316391 131.092926 -34.537941
v 162.239944 131.372665 -34.475330
v 157.156265 131.491211 -34.361542
v 190.539001 126.513603 -32.059063
v 189.025208 125.419342 -27.351597
v 189.560379 124.753181 -22.311573
v 189.047852 123.543045 -17.389057
v 189.294205 122.486160 -12.362476
v 190.141022 121.512573 -7.402946
v 191.364136 126.853172 -34.530540
v 189.272614 125.754318 -29.943293
v 189.707870 125.107819 -24.900515
v 188.867004 123.847305 -19.975582
v 189.480270 123.035332 -14.884905
v 189.390167 121.708435 -9.869261
v 190.587509 120.720917 -4.940472
v 190.584961 126.210175 -32.170208
v 189.075241 125.151581 -27.448071
v 189.620926 124.440567 -22.403412
v 189.105255 123.252136 -17.458975
v 189.363464 122.192810 -12.414652
v 190.205795 121.203987 -7.435144
v 191.433411 126.551979 -34.637207
v 189.328949 125.493851 -30.038311
v 189.782974 124.795189 -24.992504
v 188.959473 123.573761 -20.045464
v 189.543106 122.730728 -14.949823
v 189.500183 121.435249 -9.916609
v 190.667267 120.419296 -4.971350
v 190.638260 125.910309 -32.277130
v 189.158691 124.891693 -27.537268
v 189.691986 124.132751 -22.490995
v 189.193680 122.972000 -17.526134
v 189.463242 121.912796 -12.470369
v 190.281326 120.903084 -7.476063
v 191.482758 126.251350 -34.744675
v 189.386871 125.236893 -30.128420
v 189.853394 124.484299 -25.081226
v 189.060928 123.306915 -20.112156
v 189.612762 122.431786 -15.016439
v 189.618347 121.171143 -9.970173
v 190.733444 120.120796 -5.012173
v 190.680557 125.612961 -32.383011
v 189.239700 124.633919 -27.624523
v 189.757385 123.828140 -22.578571
v 189.287369 122.697968 -17.593813
v 189.567032 121.639557 -12.529913
v 190.350952 120.606697 -7.523401
v 191.510849 125.952698 -34.853848
v 189.434250 124.982269 -30.217274
v 189.915604 124.175423 -25.170271
v 189.162796 123.044716 -20.179138
v 189.686523 122.138298 -15.085115
v 189.735672 120.912445 -10.028879
v 190.785126 119.825356 -5.059271
v 190.709351 125.318352 -32.487892
v 189.312775 124.377304 -27.711510
v 189.816193 123.526932 -22.666946
v 189.384613 122.429657 -17.662876
v 189.673096 121.372665 -12.593708
v 190.413574 120.314888 -7.577318
v 191.516998 125.657280 -34.964439
v 189.469940 124.730461 -30.305557
v 189.968857 123.868805 -25.260046
v 189.264572 122.787163 -20.247259
v 189.763733 121.850655 -15.157213
v 189.852905 120.660065 -10.094696
v 190.821533 119.533844 -5.113628
v 190.726852 125.027283 -32.592022
v 189.381104 124.122925 -27.798313
v 189.868988 123.229347 -22.755997
v 189.487686 122.168221 -17.734224
v 189.783020 121.113251 -12.663237
v 190.467712 120.028000 -7.640064
v 191.503647 125.366478 -35.076477
v 189.512863 124.484306 -30.391596
v 190.017487 123.564888 -25.348377
v 189.378326 122.539001 -20.316525
v 189.847900 121.570168 -15.232596
v 189.978531 120.417839 -10.167486
v 190.842224 119.247719 -5.178226
v 190.761810 124.742935 -32.695282
v 189.488647 123.886108 -27.882814
v 189.935608 122.940826 -22.846895
v 189.625122 121.928604 -17.807350
v 189.921982 120.874809 -12.737514
v 190.531174 119.751068 -7.713512
v 191.261276 127.184425 -34.424892
v 189.248810 126.052345 -29.826271
v 189.624008 125.451553 -24.791090
v 188.802795 124.163261 -19.884769
v 189.418930 123.374847 -14.811590
v 189.308380 122.031235 -9.823675
v 190.481064 121.053452 -4.910828
v 190.852554 120.204720 -2.567146
v 190.938370 119.906425 -2.575768
v 191.002350 119.610970 -2.605709
v 191.049255 119.317627 -2.645653
v 191.081955 119.027107 -2.692440
v 191.099335 118.740913 -2.748917
v 191.097534 118.463074 -2.823637
v 190.820297 118.939575 -5.257238
v 190.120789 120.156494 -10.254673
v 189.941345 121.266708 -15.322731
v 189.530685 122.278511 -20.393929
v 190.059998 123.234871 -25.450413
v 189.613983 124.222809 -30.475727
v 191.457520 125.057381 -35.209969
v 191.987152 125.728455 -37.518650
v 191.986938 126.001152 -37.416824
v 191.973206 126.276268 -37.313011
v 191.945816 126.553192 -37.208252
v 191.905640 126.831390 -37.103352
v 191.850540 127.109474 -36.997440
v 191.776886 127.384651 -36.883572
v 146.483231 122.011597 -35.315735
v 146.348373 121.820679 -30.103733
v 146.229538 121.617790 -24.892109
v 146.117538 121.409607 -19.678455
v 146.005157 120.975815 -14.474689
v 145.894684 120.418747 -9.289005
v 144.014816 123.164436 -37.710705
v 143.848816 121.950874 -32.765591
v 143.725601 121.755219 -27.553333
v 143.614059 121.552521 -22.340017
v 143.505692 121.214302 -17.131607
v 143.401978 120.924149 -11.913147
v 143.306778 120.032852 -6.762732
v 141.358154 122.062637 -35.424480
v 141.221924 121.890846 -30.212557
v 141.107834 121.689713 -24.999817
v 141.003433 121.484451 -19.784748
v 140.900146 121.054382 -14.579097
v 140.805603 120.548561 -9.386423
v 138.896713 123.306847 -37.767654
v 138.719055 122.000122 -32.870914
v 138.599045 121.831665 -27.658775
v 138.495926 121.623779 -22.443027
v 138.396683 121.295723 -17.233551
v 138.303558 120.977829 -12.020332
v 138.227386 120.118103 -6.872225
v 136.227707 122.113571 -35.524170
v 136.091843 121.938126 -30.313198
v 135.985306 121.764412 -25.098370
v 135.889328 121.556488 -19.882566
v 135.796112 121.134384 -14.676590
v 135.715073 120.687637 -9.474804
v 133.778839 123.445236 -37.813202
v 133.584259 122.050186 -32.966537
v 133.472443 121.876884 -27.751944
v 133.377563 121.696747 -22.535000
v 133.287506 121.378754 -17.323347
v 133.204269 121.013451 -12.111954
v 133.143860 120.219414 -6.952644
v 131.088318 122.163948 -35.615471
v 130.957840 121.988213 -30.402821
v 130.862000 121.815147 -25.185253
v 130.775574 121.629860 -19.966011
v 130.691971 121.216866 -14.758677
v 130.622040 120.806778 -9.551548
v 128.659866 123.624329 -37.850159
v 128.442657 122.105804 -33.050358
v 128.343048 121.931129 -27.832775
v 128.259552 121.757851 -22.611666
v 128.178284 121.468781 -17.395954
v 128.103760 121.073898 -12.188002
v 128.061249 120.310638 -7.032169
v 125.937080 122.335930 -35.686008
v 125.819695 122.026276 -30.478485
v 125.739449 121.852402 -25.254805
v 125.661911 121.680878 -20.030766
v 125.585419 121.273117 -14.822881
v 125.524727 120.864609 -9.616848
v 123.541397 123.822411 -37.940594
v 123.291603 122.119270 -33.123447
v 123.214516 121.943863 -27.894920
v 123.143150 121.770065 -22.665768
v 123.069519 121.481865 -17.446751
v 122.999130 121.074104 -12.239201
v 122.967903 120.331406 -7.078167
v 120.788765 122.798050 -35.699471
v 120.681808 122.036629 -30.531986
v 120.620964 121.861832 -25.293369
v 120.552971 121.692375 -20.060966
v 120.481812 121.282585 -14.848644
v 120.420761 120.873970 -9.641869
v 118.443024 124.498322 -37.987251
v 118.169701 122.605621 -33.119446
v 118.093201 121.954544 -27.909479
v 118.032104 121.779617 -22.671822
v 117.968102 121.490120 -17.447353
v 117.898346 121.082787 -12.234688
v 117.854050 120.338043 -7.068047
v 115.865944 124.267899 -35.472153
v 115.695908 122.960098 -30.393583
v 115.528290 122.087906 -25.232433
v 115.453911 121.698929 -20.025948
v 115.386093 121.288536 -14.822146
v 115.321854 120.879196 -9.612331
v 149.133209 123.023766 -37.639420
v 148.974365 121.886887 -32.651577
v 148.849640 121.683426 -27.440947
v 148.732864 121.489738 -22.228889
v 148.615845 121.133041 -17.023968
v 148.501358 120.815262 -11.810205
v 148.386703 119.947548 -6.658031
v 145.829193 120.688263 -4.308289
v 140.758545 120.790817 -4.419817
v 135.682358 120.844475 -4.507965
v 130.611282 120.929306 -4.586779
v 125.536018 120.796677 -4.609722
v 120.453674 120.609489 -4.604366
v 115.345093 120.568726 -4.517391
v 112.923660 121.136314 -6.955811
v 112.971146 121.611679 -12.160732
v 113.176224 122.420441 -17.310158
v 113.552261 123.317337 -22.403404
v 113.900505 124.197250 -27.485899
v 114.046692 125.205124 -32.548042
v 113.899818 126.550049 -37.554119
v 116.321526 126.833138 -39.835590
v 121.294716 126.120453 -39.289642
v 126.327003 125.989342 -38.921509
v 131.394363 125.847916 -38.698673
v 136.481567 125.741127 -38.578270
v 141.581512 125.617584 -38.475189
v 146.687454 125.484550 -38.386848
v 159.601929 129.109512 -36.095055
v 164.679138 128.925934 -36.177845
v 169.744873 128.562714 -36.190224
v 174.802139 128.371063 -36.584717
v 179.836380 128.247375 -37.207569
v 184.773056 127.932472 -37.758518
v 157.056076 128.989731 -36.077335
v 162.140228 128.896744 -36.214531
v 167.217621 128.596451 -36.218632
v 172.285980 128.329147 -36.445217
v 177.333191 128.204193 -37.002064
v 182.362396 127.716743 -37.095387
v 187.093750 128.018234 -38.878792
v 159.594238 128.816116 -36.230118
v 164.681625 128.633408 -36.302536
v 169.758987 128.278305 -36.320423
v 174.827011 128.089706 -36.728352
v 179.871948 127.961761 -37.354843
v 184.828491 127.655273 -37.852520
v 157.043900 128.710480 -36.234428
v 162.136414 128.613953 -36.362785
v 167.222397 128.320419 -36.366592
v 172.298950 128.059586 -36.604862
v 177.354172 127.930305 -37.168056
v 182.395309 127.464516 -37.233051
v 187.131393 127.727493 -39.017063
v 159.585800 128.541626 -36.390816
v 164.679962 128.358292 -36.454121
v 169.764572 128.016434 -36.485062
v 174.838440 127.829025 -36.900997
v 179.890594 127.688271 -37.519081
v 184.863068 127.389870 -37.974037
v 157.032333 128.445572 -36.404369
v 162.130386 128.342773 -36.521744
v 167.222015 128.057770 -36.529083
v 172.303787 127.803871 -36.778221
v 177.364334 127.664589 -37.339394
v 182.413910 127.221527 -37.382381
v 187.161819 127.435005 -39.143723
v 159.576874 128.279739 -36.561504
v 164.675262 128.094650 -36.616295
v 169.764709 127.768135 -36.662369
v 174.842072 127.578850 -37.081017
v 179.899323 127.419777 -37.684029
v 184.885483 127.129089 -38.097969
v 157.021530 128.195572 -36.586426
v 162.123215 128.083923 -36.691261
v 167.218399 127.807983 -36.703510
v 172.303375 127.559753 -36.960213
v 177.367661 127.405083 -37.511814
v 182.423157 126.982788 -37.532227
v 187.186417 127.141953 -39.260090
v 159.568359 128.032272 -36.743835
v 164.669281 127.844124 -36.790562
v 169.761642 127.533020 -36.850418
v 174.840866 127.337021 -37.264442
v 179.901672 127.155884 -37.848328
v 184.898636 126.872574 -38.221977
v 157.012329 127.962852 -36.782230
v 162.116653 127.839737 -36.873398
v 167.213852 127.572357 -36.890335
v 172.300217 127.326187 -37.148495
v 177.366653 127.150032 -37.682076
v 182.425674 126.747437 -37.680008
v 187.206207 126.849121 -39.366924
v 159.561676 127.802223 -36.940166
v 164.664474 127.609489 -36.979088
v 169.758286 127.311813 -37.048836
v 174.837494 127.101952 -37.448624
v 179.899307 126.895912 -38.010429
v 184.903763 126.622070 -38.348476
v 157.004791 127.754280 -36.996704
v 162.112427 127.616493 -37.073784
v 167.211929 127.356094 -37.093773
v 172.298203 127.105537 -37.345058
v 177.363770 126.899841 -37.850403
v 182.423248 126.523468 -37.837070
v 187.222290 126.557739 -39.466442
v 159.557373 127.612389 -37.168129
v 164.664978 127.412247 -37.199795
v 169.760696 127.124634 -37.273750
v 174.837097 126.889191 -37.650200
v 179.893204 126.652618 -38.186813
v 184.896942 126.400185 -38.511143
v 157.070648 129.316788 -35.925339
v 162.143478 129.224060 -36.068188
v 167.206528 128.919937 -36.079597
v 172.260834 128.647049 -36.294514
v 177.296204 128.519302 -36.832573
v 182.311890 128.020905 -36.984280
v 187.057724 128.330185 -38.701317
v 189.452499 128.065048 -39.282459
v 189.505630 127.797958 -39.422573
v 189.544586 127.524864 -39.546459
v 189.575577 127.248627 -39.658737
v 189.600693 126.971069 -39.761909
v 189.620239 126.692802 -39.856007
v 189.634308 126.414902 -39.941910
v 187.246826 126.233002 -39.548393
v 182.418777 126.297890 -38.041069
v 177.367294 126.624466 -38.030926
v 172.305359 126.873764 -37.571827
v 167.217972 127.140091 -37.339500
v 162.111618 127.397621 -37.320541
v 156.997330 127.555511 -37.258686
v 154.445862 127.718109 -37.054165
v 154.454941 127.885292 -36.811199
v 154.464966 128.098999 -36.599762
v 154.477112 128.334549 -36.405167
v 154.490707 128.588287 -36.225739
v 154.505798 128.857880 -36.060280
v 154.522934 129.149475 -35.925114
v 143.498749 124.930740 -2.730686
v 138.466476 124.858353 -3.440754
v 133.433319 125.035721 -2.731571
v 128.378433 124.789215 -3.111086
v 123.326202 124.525856 -2.793875
v 118.308868 124.021408 -2.470800
v 146.022766 124.636108 -2.847649
v 140.954422 124.751862 -3.012035
v 135.926651 124.787369 -3.114178
v 130.878967 124.783295 -2.907715
v 125.820419 124.539124 -2.950832
v 120.769539 124.121002 -2.791920
v 115.802452 123.592445 -1.953512
v 143.467117 124.597878 -2.704231
v 138.431427 124.557648 -3.445604
v 133.392258 124.708496 -2.724300
v 128.327072 124.490814 -3.114796
v 123.261772 124.226967 -2.804337
v 118.227600 123.727692 -2.482430
v 145.995804 124.313705 -2.811443
v 140.921753 124.434341 -2.980373
v 135.890671 124.477821 -3.096081
v 130.834854 124.472763 -2.895668
v 125.766708 124.239899 -2.944881
v 120.704956 123.830109 -2.777390
v 115.727608 123.281609 -1.951202
v 143.439072 124.270065 -2.678885
v 138.399231 124.262283 -3.418335
v 133.352966 124.384773 -2.719143
v 128.280090 124.196014 -3.092871
v 123.207489 123.929039 -2.799612
v 118.163513 123.434525 -2.478802
v 145.971329 123.996613 -2.782398
v 140.892838 124.121582 -2.951706
v 135.856949 124.172928 -3.078363
v 130.794037 124.165726 -2.889847
v 125.719002 123.943520 -2.938416
v 120.650757 123.541428 -2.762024
v 115.663994 122.974533 -1.967773
v 143.414078 123.947037 -2.668961
v 138.369598 123.971970 -3.386093
v 133.315903 124.065308 -2.728870
v 128.237595 123.904465 -3.072903
v 123.160660 123.633652 -2.800049
v 118.109291 123.144577 -2.483829
v 145.948853 123.685097 -2.760868
v 140.866653 123.813522 -2.928638
v 135.825455 123.872528 -3.063667
v 130.756470 123.862434 -2.892658
v 125.677391 123.650040 -2.935064
v 120.605644 123.255142 -2.753677
v 115.608658 122.673264 -2.003712
v 143.391342 123.629425 -2.671688
v 138.341339 123.686859 -3.348335
v 133.280594 123.750748 -2.751556
v 128.199249 123.616066 -3.056282
v 123.121445 123.340973 -2.805256
v 118.066139 122.858284 -2.499802
v 145.927780 123.379410 -2.744141
v 140.842377 123.510361 -2.909752
v 135.794617 123.576782 -3.050119
v 130.720657 123.563202 -2.903046
v 125.640656 123.359634 -2.933731
v 120.569801 122.971405 -2.751972
v 115.567139 122.378090 -2.056379
v 143.370041 123.317642 -2.684727
v 138.312775 123.408165 -3.298512
v 133.244797 123.441727 -2.786613
v 128.162170 123.331345 -3.039101
v 123.086899 123.051277 -2.812557
v 118.033424 122.575668 -2.521503
v 145.906845 123.079987 -2.727402
v 140.819046 123.212646 -2.889877
v 135.761887 123.286407 -3.030422
v 130.683456 123.268250 -2.914660
v 125.603958 123.072876 -2.925623
v 120.537201 122.690979 -2.743397
v 115.535202 122.088295 -2.115879
v 143.348175 123.012108 -2.687773
v 138.282715 123.145416 -3.205002
v 133.206268 123.137444 -2.812870
v 128.121796 123.054611 -2.990799
v 123.050392 122.766426 -2.793369
v 118.001213 122.296890 -2.512772
v 146.054871 124.998322 -2.887419
v 140.992599 125.108818 -3.040287
v 135.966797 125.136124 -3.124252
v 130.925583 125.131500 -2.920229
v 125.882187 124.874718 -2.949768
v 120.850761 124.447739 -2.790718
v 115.893692 123.937439 -1.983238
v 113.451485 123.437798 -1.732838
v 113.364548 123.131180 -1.673021
v 113.296982 122.821846 -1.642134
v 113.237503 122.511581 -1.648685
v 113.186417 122.204811 -1.699524
v 113.152954 121.904755 -1.767616
v 113.120300 121.601509 -1.839853
v 115.489716 121.782623 -2.212357
v 120.499725 122.382553 -2.732407
v 125.561478 122.757874 -2.915409
v 130.640869 122.945244 -2.931240
v 135.727951 122.968445 -3.005190
v 140.793564 122.887589 -2.874050
v 145.883621 122.753914 -2.715786
v 148.441467 122.809769 -2.741081
v 148.461655 123.087563 -2.824577
v 148.480423 123.378944 -2.883116
v 148.499573 123.677536 -2.938183
v 148.519974 123.983032 -2.990461
v 148.542145 124.295288 -3.040119
v 148.566895 124.615990 -3.067616
v 183.659561 120.852264 -1.228636
v 178.733643 121.864357 -1.567047
v 173.744766 122.658188 -1.982594
v 168.728134 123.392097 -1.973358
v 163.733551 123.739151 -2.751900
v 158.695572 124.236229 -2.456627
v 186.088562 120.203354 -0.599527
v 181.227875 121.176254 -1.629265
v 176.257629 122.129395 -1.789391
v 171.251114 122.916718 -1.874825
v 166.263123 123.373749 -2.575024
v 161.230591 123.890213 -2.418983
v 156.164948 124.134048 -2.763536
v 183.709518 120.554810 -1.232056
v 178.762085 121.551338 -1.556774
v 173.761292 122.348450 -1.970438
v 168.732864 123.067810 -1.962616
v 163.733017 123.436752 -2.748539
v 158.686050 123.911285 -2.433949
v 186.131119 119.891525 -0.586067
v 181.259460 120.881607 -1.600613
v 176.275604 121.821136 -1.768566
v 171.258087 122.596771 -1.854305
v 166.263306 123.072243 -2.550381
v 161.222870 123.572319 -2.389168
v 156.150177 123.817780 -2.717703
v 183.740997 120.259216 -1.218124
v 178.779572 121.241074 -1.539688
v 173.772263 122.043625 -1.941938
v 168.735748 122.747055 -1.950552
v 163.729156 123.140747 -2.710608
v 158.674469 123.591919 -2.401855
v 186.160583 119.582909 -0.591734
v 181.279694 120.590073 -1.572075
v 176.287201 121.516251 -1.755209
v 171.262344 122.280373 -1.847401
v 166.259781 122.776077 -2.517529
v 161.212006 123.259109 -2.362228
v 156.134506 123.508408 -2.667580
v 183.761444 119.966721 -1.213301
v 178.789902 120.933884 -1.535816
v 173.779388 121.742409 -1.923153
v 168.737717 122.430283 -1.951849
v 163.722992 122.850250 -2.665380
v 158.661514 123.277298 -2.376814
v 186.181396 119.279007 -0.615652
v 181.292023 120.301346 -1.553989
v 176.293976 121.215065 -1.754139
v 171.264587 121.968292 -1.855953
v 166.253601 122.484673 -2.482048
v 161.199112 122.950447 -2.340794
v 156.118317 123.205383 -2.617527
v 183.773621 119.677994 -1.219486
v 178.794724 120.630524 -1.545834
v 173.783417 121.445061 -1.916636
v 168.739014 122.118088 -1.965837
v 163.715561 122.564957 -2.614601
v 158.648010 122.967484 -2.360188
v 186.194931 118.980911 -0.657080
v 181.297577 120.015930 -1.546726
v 176.296997 120.918083 -1.765541
v 171.265900 121.661255 -1.880165
v 166.246033 122.198006 -2.442961
v 161.185104 122.646271 -2.326630
v 156.102081 122.908226 -2.570419
v 183.777466 119.393448 -1.233788
v 178.795181 120.331657 -1.568909
v 173.786102 121.152054 -1.921165
v 168.741119 121.810944 -1.992641
v 163.708008 122.285339 -2.555645
v 158.633942 122.662598 -2.353397
v 186.200134 118.689522 -0.714577
v 181.297195 119.734299 -1.539246
v 176.298813 120.625244 -1.782307
v 171.268661 121.359459 -1.915825
v 166.238892 121.917328 -2.391529
v 161.170258 122.346878 -2.316250
v 156.084915 122.617493 -2.523483
v 183.772217 119.112862 -1.225027
v 178.795288 120.036598 -1.580524
v 173.791443 120.863785 -1.908775
v 168.744904 121.508385 -2.010489
v 163.699585 122.020096 -2.460062
v 158.616776 122.364441 -2.334528
v 186.040939 120.550049 -0.642303
v 181.186020 121.509567 -1.637087
v 176.234451 122.474991 -1.810307
v 171.243515 123.273468 -1.907059
v 166.258377 123.715607 -2.576977
v 161.236237 124.246819 -2.450205
v 156.180725 124.492226 -2.800261
v 153.643097 124.353333 -3.049971
v 153.625671 124.034645 -3.019432
v 153.607590 123.726303 -2.959093
v 153.589340 123.426422 -2.890074
v 153.571121 123.134514 -2.815525
v 153.552719 122.850235 -2.737492
v 153.532089 122.581581 -2.634409
v 156.060028 122.300278 -2.480984
v 161.150864 122.019760 -2.314842
v 166.227448 121.610092 -2.327774
v 171.275116 121.031113 -1.968273
v 176.305603 120.304382 -1.808262
v 181.296936 119.424316 -1.532093
v 186.206161 118.383423 -0.820095
v 188.576828 118.095291 -0.437447
v 188.576019 118.374329 -0.363686
v 188.564117 118.661819 -0.309763
v 188.542953 118.954895 -0.270800
v 188.512695 119.252319 -0.246284
v 188.469498 119.553192 -0.242096
v 188.404190 119.856735 -0.266567
v 119.579712 130.675674 -39.077335
v 124.250305 130.141754 -37.578568
v 129.285583 130.402557 -37.656651
v 134.259048 130.009842 -36.901588
v 139.316971 129.786819 -36.506432
v 144.373215 129.472000 -36.099819
v 117.291519 130.931000 -40.233677
v 121.680893 130.046127 -37.823402
v 126.722740 130.299637 -37.933037
v 131.692749 129.903397 -37.085224
v 136.769882 129.805130 -36.825199
v 141.824539 129.488876 -36.362625
v 146.890472 129.189758 -36.015488
v 119.512077 130.387955 -39.173439
v 124.187889 129.874283 -37.683613
v 129.230804 130.108871 -37.805916
v 134.209213 129.723785 -37.037388
v 139.274582 129.496124 -36.637894
v 144.338318 129.181030 -36.228378
v 117.240791 130.643036 -40.371067
v 121.621338 129.791748 -37.923923
v 126.670853 130.016068 -38.089062
v 131.646759 129.630600 -37.236496
v 136.730469 129.524963 -36.976795
v 141.791595 129.210129 -36.513680
v 146.863876 128.912033 -36.165840
v 119.456245 130.108521 -39.288433
v 124.137650 129.622818 -37.822128
v 129.186218 129.822845 -37.963547
v 134.171753 129.453110 -37.196384
v 139.242523 129.223206 -36.795822
v 144.311844 128.911423 -36.388695
v 117.190369 130.353806 -40.496639
v 121.571419 129.543655 -38.033443
v 126.627724 129.734818 -38.243095
v 131.611313 129.367966 -37.397728
v 136.699005 129.253708 -37.135677
v 141.765228 128.944931 -36.678074
v 146.842224 128.650894 -36.333725
v 119.406464 129.832626 -39.403839
v 124.093834 129.377365 -37.965958
v 129.147293 129.538956 -38.116241
v 134.141830 129.190903 -37.361305
v 139.216583 128.961945 -36.963760
v 144.290222 128.657501 -36.563728
v 117.139565 130.063828 -40.610542
v 121.527206 129.299271 -38.143234
v 126.590019 129.455750 -38.393734
v 131.582886 129.113754 -37.564262
v 136.672989 128.991943 -37.301407
v 141.743317 128.694016 -36.854843
v 146.823990 128.407684 -36.518166
v 119.362457 129.560242 -39.519203
v 124.054321 129.137268 -38.112740
v 129.112366 129.258087 -38.264912
v 134.117035 128.937836 -37.532238
v 139.194702 128.713791 -37.142429
v 144.271790 128.421432 -36.754303
v 117.087898 129.773605 -40.712620
v 121.487244 129.058823 -38.252632
v 126.556396 129.179657 -38.542065
v 131.559296 128.868027 -37.735153
v 136.650330 128.741104 -37.475204
v 141.723969 128.459595 -37.045120
v 146.807770 128.185699 -36.720528
v 119.323715 129.292709 -39.637119
v 124.018600 128.904770 -38.265472
v 129.080643 128.980865 -38.410545
v 134.095123 128.695099 -37.710052
v 139.174484 128.480927 -37.333118
v 144.254593 128.206665 -36.961803
v 117.034126 129.484253 -40.804764
v 121.452835 128.830658 -38.376820
v 126.528130 128.909348 -38.693214
v 131.538177 128.634933 -37.915352
v 136.628265 128.505753 -37.661648
v 141.704636 128.247955 -37.253487
v 146.791977 127.992851 -36.944778
v 119.294250 129.046173 -39.787109
v 123.988724 128.707977 -38.456997
v 129.050156 128.718445 -38.570381
v 134.073441 128.481186 -37.913666
v 139.153503 128.284088 -37.553238
v 144.237076 128.037460 -37.201126
v 117.333771 131.243179 -40.059967
v 121.760651 130.346405 -37.750648
v 126.788971 130.617203 -37.763771
v 131.756683 130.222839 -36.943108
v 136.822418 130.126709 -36.671669
v 141.869064 129.814346 -36.217758
v 146.927048 129.517044 -35.876320
v 149.442551 129.207291 -35.837143
v 149.415970 128.916199 -35.966099
v 149.394989 128.649261 -36.130577
v 149.377396 128.400711 -36.312897
v 149.362137 128.173203 -36.513573
v 149.348206 127.970795 -36.733536
v 149.334763 127.818588 -36.984905
v 146.773438 127.815994 -37.218487
v 141.680603 128.042816 -37.507236
v 136.600174 128.265045 -37.885933
v 131.513550 128.394348 -38.132023
v 126.495071 128.615341 -38.860508
v 121.428207 128.610779 -38.566399
v 116.959183 129.164383 -40.879814
v 114.654289 129.631882 -41.438293
v 114.704094 129.899612 -41.348816
v 114.754242 130.168488 -41.253353
v 114.805161 130.437363 -41.150101
v 114.856964 130.705917 -41.039429
v 114.910645 130.972778 -40.919353
v 114.971565 131.235535 -40.785866
v 187.428497 121.249733 -34.044403
v 187.243393 119.849922 -28.990587
v 187.079391 119.029076 -23.829294
v 186.873230 118.258308 -18.655140
v 186.687363 117.710823 -13.453728
v 186.515457 117.136185 -8.247467
v 184.982162 121.868736 -36.643745
v 184.824539 119.952072 -31.776524
v 184.628021 119.432487 -26.560286
v 184.449432 118.975304 -21.341040
v 184.274918 118.481567 -16.129787
v 184.094284 117.910591 -10.925522
v 183.858353 117.075302 -5.766308
v 182.354462 120.527885 -34.438015
v 182.168259 119.828796 -29.259823
v 182.010193 119.593170 -24.023544
v 181.858765 119.234161 -18.799248
v 181.672562 118.659744 -13.599024
v 181.455719 117.858986 -8.440165
v 179.837845 121.747093 -36.848965
v 179.703674 120.338539 -31.928814
v 179.552643 120.103142 -26.708420
v 179.393585 119.714676 -21.485371
v 179.237350 119.324951 -16.268387
v 179.057541 118.766907 -11.070637
v 178.776443 117.662750 -5.970108
v 177.198242 120.637360 -34.600784
v 177.076416 120.449387 -29.382572
v 176.930420 120.238937 -24.163778
v 176.779465 119.842812 -18.944828
v 176.617126 119.417038 -13.734464
v 176.410141 118.706535 -8.558998
v 174.708099 121.921188 -37.009079
v 174.576477 120.693680 -32.056675
v 174.446136 120.484543 -26.839590
v 174.299362 120.165237 -21.626671
v 174.147507 119.807510 -16.415129
v 173.968216 119.236160 -11.227243
v 173.715271 118.237846 -6.116936
v 172.068802 120.994507 -34.721298
v 171.954208 120.760376 -29.510448
v 171.820877 120.552917 -24.296423
v 171.670609 120.152725 -19.091602
v 171.515137 119.788231 -13.885375
v 171.320847 119.103546 -8.710764
v 169.594894 122.208931 -37.169338
v 169.457581 121.077797 -32.173309
v 169.331558 120.833847 -26.965181
v 169.192200 120.534851 -21.758167
v 169.042191 120.141953 -16.556515
v 168.872223 119.604965 -11.369413
v 168.662430 118.790352 -6.215006
v 166.952957 121.344086 -34.840279
v 166.838242 121.132507 -29.631039
v 166.709198 120.908592 -24.420904
v 166.565109 120.523079 -19.219959
v 166.410522 120.141350 -14.017355
v 166.226440 119.488922 -8.841993
v 164.483139 122.471878 -37.298668
v 164.336166 121.342720 -32.300838
v 164.212799 121.115173 -27.091072
v 164.081009 120.864845 -21.882713
v 163.936081 120.457947 -16.683342
v 163.778870 119.941086 -11.495691
v 163.601303 119.246880 -6.324902
v 161.834015 121.563644 -34.968155
v 161.715424 121.347679 -29.757048
v 161.588943 121.120743 -24.548100
v 161.453110 120.785446 -19.345024
v 161.313675 120.442276 -14.138649
v 161.149811 119.734711 -8.967457
v 159.369934 122.691940 -37.418682
v 159.215668 121.566513 -32.421883
v 159.092957 121.352989 -27.211691
v 158.966187 121.128563 -22.003056
v 158.826767 120.729553 -16.806168
v 158.692398 120.333740 -11.597786
v 158.531403 119.535767 -6.433434
v 156.717163 121.778198 -35.084881
v 156.594894 121.569565 -29.873602
v 156.470917 121.361259 -24.664555
v 156.342712 121.056412 -19.459526
v 156.211533 120.666992 -14.256832
v 156.066315 120.026962 -9.079332
v 189.737549 123.292564 -36.006813
v 189.305206 121.770126 -31.075605
v 189.106888 120.895782 -26.006708
v 189.052521 119.849075 -20.929928
v 189.016434 118.932579 -15.817956
v 188.976624 117.975510 -10.688070
v 188.833130 117.358025 -5.494526
v 186.313049 117.166771 -3.136791
v 181.223572 117.657578 -3.405125
v 176.191940 118.416214 -3.595026
v 171.163742 119.103752 -3.736982
v 166.105820 119.510147 -3.820587
v 161.050507 119.981659 -3.940762
v 155.985016 120.245453 -4.057703
v 153.460724 119.807922 -6.547953
v 153.600616 120.650558 -11.701395
v 153.724777 120.997025 -16.911972
v 153.851868 121.394753 -22.113836
v 153.973328 121.587029 -27.324263
v 154.097504 121.804832 -32.531593
v 154.252853 122.876167 -37.543449
v 156.914108 125.151321 -38.282913
v 162.027161 124.936966 -38.208450
v 167.131210 124.660110 -38.152126
v 172.222656 124.323639 -38.119987
v 177.305603 124.007179 -38.122131
v 182.378876 123.719193 -38.257931
v 187.469055 123.878326 -38.412220
v 116.623016 133.880234 -33.078789
v 116.813530 133.254379 -27.914482
v 116.910172 132.303604 -22.810009
v 116.640228 131.373535 -17.713894
v 116.428146 130.179199 -12.674156
v 115.788429 128.855682 -7.704769
v 119.147552 134.327393 -35.364021
v 118.892632 134.986420 -30.213247
v 118.881554 134.379486 -25.013496
v 118.770798 133.459381 -19.860191
v 118.556015 132.360153 -14.750872
v 118.243919 130.940475 -9.721748
v 118.117592 128.446060 -5.157915
v 121.443268 135.486862 -32.538212
v 121.225075 135.793198 -27.331125
v 121.105713 135.157181 -22.115433
v 120.941185 134.121689 -16.959671
v 120.744400 132.774384 -11.875698
v 120.597649 130.573441 -7.129860
v 124.178116 134.471725 -34.535690
v 123.824127 136.321869 -29.708059
v 123.610313 136.349182 -24.467785
v 123.448654 135.560791 -19.259432
v 123.282249 134.327850 -14.136912
v 123.150627 132.429214 -9.234615
v 123.183640 129.293823 -5.067390
v 126.549225 135.761124 -31.985662
v 126.247757 136.909378 -26.890417
v 126.039261 136.643173 -21.638023
v 125.873703 135.638550 -16.463581
v 125.741043 134.023987 -11.449820
v 125.694687 131.394684 -6.915478
v 129.246307 134.342636 -33.976250
v 128.960678 136.690063 -29.298668
v 128.700134 137.269897 -24.084455
v 128.507370 136.688629 -18.850824
v 128.359955 135.362762 -13.752419
v 128.273392 133.182236 -8.969414
v 128.307587 129.715805 -5.060635
v 131.668045 135.727921 -31.537687
v 131.405914 137.329269 -26.553034
v 131.179993 137.403656 -21.298923
v 131.009583 136.468338 -16.119368
v 130.892700 134.679443 -11.171759
v 130.854599 131.793488 -6.790161
v 134.312866 134.156372 -33.490627
v 134.115219 136.770203 -28.952793
v 133.881287 137.690796 -23.790026
v 133.686661 137.301041 -18.549622
v 133.541443 135.930176 -13.473833
v 133.454300 133.549698 -8.791679
v 133.442963 129.910568 -5.017599
v 136.786667 135.623688 -31.178871
v 136.588470 137.474716 -26.274166
v 136.384750 137.790863 -21.036747
v 136.216736 136.922363 -15.857552
v 136.093323 135.023941 -10.962187
v 136.023819 131.964828 -6.704544
v 139.394806 133.983841 -33.144405
v 139.272034 136.728043 -28.672323
v 139.089188 137.866974 -23.554234
v 138.911621 137.613342 -18.314608
v 138.762817 136.222092 -13.255707
v 138.651108 133.712234 -8.652214
v 138.576141 129.927094 -5.045105
v 141.907455 135.474457 -30.894863
v 141.778580 137.480743 -26.049925
v 141.614105 137.949615 -20.828617
v 141.454132 137.129486 -15.650224
v 141.313202 135.157822 -10.792728
v 141.196213 131.971130 -6.633640
v 144.481613 133.760391 -32.851715
v 144.431366 136.617676 -28.452356
v 144.307266 137.883469 -23.365932
v 144.155853 137.713135 -18.128323
v 144.001099 136.308380 -13.080070
v 143.851990 133.699173 -8.535721
v 143.705963 129.847366 -4.974068
v 147.032089 135.292236 -30.681217
v 146.972336 137.386200 -25.875200
v 146.853027 137.935852 -20.664436
v 146.703720 137.143219 -15.486496
v 146.538345 135.125473 -10.653185
v 146.361588 131.851074 -6.563461
v 114.526749 132.556778 -35.879211
v 115.108109 131.836700 -30.798960
v 115.340492 130.886276 -25.730734
v 115.239250 129.967270 -20.693251
v 115.054733 128.879028 -15.672162
v 114.473358 127.849678 -10.723118
v 113.511322 126.572762 -5.857912
v 115.753258 126.117210 -3.429569
v 120.758263 126.954926 -3.586634
v 125.826721 127.393723 -3.761730
v 130.913345 127.651337 -3.779404
v 136.002563 127.697281 -3.868250
v 141.084229 127.652664 -3.863327
v 146.174042 127.524231 -3.783941
v 148.830231 129.642517 -4.971609
v 149.050552 133.571655 -8.430220
v 149.244537 136.226334 -12.941721
v 149.406555 137.636719 -17.984394
v 149.528732 137.769440 -23.220823
v 149.593353 136.452194 -28.293034
v 149.575439 133.546112 -32.657013
v 146.998093 131.753204 -34.410591
v 141.932022 132.017578 -34.703300
v 136.873047 132.270737 -35.077843
v 131.820709 132.431137 -35.457588
v 126.809158 132.676483 -36.064178
v 121.820740 132.747589 -36.688774
v 116.959793 132.923767 -38.038940
v 113.054138 128.365952 -34.302917
v 113.433083 127.425308 -29.314991
v 113.908676 126.413605 -24.259995
v 112.994400 125.648247 -19.212460
v 113.170723 124.459732 -14.167252
v 111.725822 123.790840 -9.215641
v 113.098541 128.642838 -34.205635
v 113.510918 127.701569 -29.214621
v 114.024940 126.646118 -24.165361
v 113.107147 125.913994 -19.108551
v 113.379509 124.625366 -14.085698
v 111.816498 124.057915 -9.157963
v 113.146210 128.923187 -34.106079
v 113.587631 127.982231 -29.114868
v 114.127457 126.890640 -24.074137
v 113.212082 126.189629 -19.009609
v 113.553619 124.829140 -14.004016
v 111.896568 124.331161 -9.095583
v 113.205338 129.205322 -34.004425
v 113.669800 128.265625 -29.016724
v 114.231735 127.140167 -23.985886
v 113.311577 126.473969 -18.916605
v 113.713089 125.051575 -13.929655
v 111.979347 124.611183 -9.044044
v 113.275009 129.488815 -33.900173
v 113.756119 128.551758 -28.919641
v 114.338989 127.394035 -23.900209
v 113.406281 126.766365 -18.829128
v 113.862518 125.287453 -13.861959
v 112.064682 124.897224 -8.999262
v 113.350449 129.773926 -33.791470
v 113.842010 128.841324 -28.821606
v 114.441414 127.654900 -23.815800
v 113.495789 127.066292 -18.746700
v 113.993713 125.540222 -13.803131
v 112.150558 125.189331 -8.959850
v 112.088181 129.093185 -39.267025
v 113.000389 128.064926 -34.409164
v 113.347168 127.126221 -29.429398
v 113.741661 126.179993 -24.370594
v 112.867722 125.364014 -19.334812
v 112.907883 124.317513 -14.257565
v 111.623108 123.500671 -9.284483
v 110.672279 121.919495 -4.581543
v 110.760086 122.179146 -4.557676
v 110.863884 122.414726 -4.548582
v 110.971832 122.680511 -4.525969
v 111.125565 122.931099 -4.523268
v 111.292519 123.176338 -4.526569
v 111.456238 123.428192 -4.526520
v 111.638802 123.714409 -4.514271
v 112.246368 125.516891 -8.920420
v 114.088020 125.850220 -13.749576
v 113.588593 127.403740 -18.664223
v 114.520370 127.962120 -23.722895
v 113.929550 129.164963 -28.710461
v 113.430061 130.092560 -33.667946
v 112.491669 131.047974 -38.515766
v 112.335571 130.771179 -38.645542
v 112.248535 130.499283 -38.758762
v 112.180183 130.222763 -38.864540
v 112.124359 129.945724 -38.967983
v 112.080276 129.669205 -39.069649
v 112.050888 129.392853 -39.167538
v 159.860413 134.793976 -30.515682
v 159.954147 136.760406 -25.651297
v 159.940796 137.241745 -20.428720
v 159.817459 136.422134 -15.251139
v 159.589386 134.419464 -10.411722
v 159.261505 131.201828 -6.286079
v 164.994339 134.537186 -30.562571
v 165.137711 136.353180 -25.641748
v 165.152390 136.693344 -20.403339
v 165.033569 135.818893 -15.227560
v 164.788132 133.867584 -10.361649
v 164.414520 130.773026 -6.148514
v 170.126389 134.206055 -30.665195
v 170.308517 135.822800 -25.680779
v 170.332748 135.950745 -20.425993
v 170.211243 134.999405 -15.253021
v 169.957703 133.119934 -10.348486
v 169.553253 130.162292 -6.030998
v 175.252701 133.784271 -30.847376
v 175.448456 135.093872 -25.777901
v 175.450867 134.927872 -20.515278
v 175.318100 133.891205 -15.347212
v 175.075500 132.131653 -10.388283
v 174.666565 129.364487 -5.950163
v 180.362198 133.216583 -31.130619
v 180.492447 133.950668 -25.953379
v 180.418823 133.412766 -20.712547
v 180.269562 132.311920 -15.555689
v 180.075302 130.737640 -10.529913
v 179.727249 128.294266 -5.906496
v 185.342087 132.008881 -31.473242
v 185.173996 131.866547 -26.259853
v 184.941895 130.946762 -21.106133
v 184.785263 129.846786 -15.991476
v 184.719543 128.527252 -10.920658
v 184.615585 126.664635 -6.038788
v 154.614761 131.526825 -34.311573
v 154.726959 135.002838 -30.521965
v 154.763855 137.075653 -25.705231
v 154.711777 137.631073 -20.493950
v 154.579407 136.841019 -15.316141
v 154.374924 134.814514 -10.490231
v 154.104584 131.522430 -6.427406
v 153.803375 127.116760 -3.815765
v 158.883072 126.933319 -3.439186
v 163.956314 126.499390 -3.382233
v 169.012909 126.060623 -2.986452
v 174.058136 125.343788 -2.853409
v 179.076462 124.489868 -2.584930
v 184.054077 123.459167 -2.164349
v 188.742401 121.807137 -2.119946
v 188.651428 123.791451 -6.760403
v 188.147217 124.966675 -11.769417
v 187.975754 126.054611 -16.804340
v 188.304703 127.232445 -21.779064
v 188.222977 128.014359 -26.851154
v 189.321121 129.028168 -31.766827
v 189.717255 129.084824 -36.785019
v 184.957764 130.246170 -36.182220
v 179.956757 130.448563 -35.389469
v 174.912964 130.675629 -34.901474
v 169.850800 130.926834 -34.594234
v 164.779877 131.255219 -34.513348
v 159.698151 131.444580 -34.419319
v 190.556992 126.361443 -32.116562
v 189.039062 125.283569 -27.401054
v 189.585083 124.595779 -22.358730
v 189.066910 123.395325 -17.424488
v 189.319183 122.336685 -12.388248
v 190.167770 121.356491 -7.417286
v 190.612717 126.059898 -32.223770
v 189.116592 125.021240 -27.493141
v 189.657059 124.286270 -22.447300
v 189.148529 123.111244 -17.492603
v 189.412521 122.051842 -12.442041
v 190.244202 121.052963 -7.454744
v 190.660995 125.761322 -32.330196
v 189.200012 124.762642 -27.580984
v 189.725464 123.980042 -22.534697
v 189.240036 122.834259 -17.559830
v 189.514847 121.775406 -12.499664
v 190.316925 120.754333 -7.498966
v 190.696671 125.465286 -32.435574
v 189.277313 124.505455 -27.668007
v 189.787628 123.677101 -22.622654
v 189.335571 122.563080 -17.628086
v 189.619766 121.505234 -12.560911
v 190.383240 120.460197 -7.549404
v 190.719009 125.172295 -32.539986
v 189.346680 124.249634 -27.754988
v 189.843140 123.377647 -22.711414
v 189.434906 122.297882 -17.698303
v 189.727173 121.241890 -12.627899
v 190.441727 120.170799 -7.607517
v 190.736710 124.883713 -32.644466
v 189.422455 123.998833 -27.840902
v 189.895996 123.082619 -22.801184
v 189.546982 122.042488 -17.770588
v 189.844086 120.988487 -12.699938
v 190.493896 119.886932 -7.674742
v 191.683472 127.538544 -36.826019
v 190.491226 126.697807 -32.004227
v 188.991913 125.586838 -27.294792
v 189.504669 124.937881 -22.256279
v 189.003845 123.720032 -17.342577
v 189.243988 122.665115 -12.329535
v 190.079132 121.693848 -7.378729
v 190.751236 120.369080 -2.565319
v 190.896942 120.054565 -2.568245
v 190.972931 119.758499 -2.588953
v 191.027664 119.463997 -2.624836
v 191.067276 119.171944 -2.668098
v 191.092941 118.883354 -2.719160
v 191.099976 118.600372 -2.782883
v 191.020508 118.313835 -2.870640
v 190.528152 119.576965 -7.757256
v 189.978668 120.716034 -12.785778
v 189.687149 121.771309 -17.854637
v 189.949783 122.763130 -22.905415
v 189.543045 123.734436 -27.937231
v 190.756973 124.573151 -32.767017
v 191.922852 125.576569 -37.580826
v 191.987213 125.864349 -37.467781
v 191.981979 126.138489 -37.365143
v 191.961090 126.414528 -37.260674
v 191.927368 126.692184 -37.155811
v 191.880310 126.970634 -37.050735
v 191.814651 127.247116 -36.942154
v 143.921280 122.037117 -35.371250
v 143.785599 121.859970 -30.159130
v 143.668762 121.653694 -24.946995
v 143.560410 121.447540 -19.732573
v 143.452713 121.015137 -14.527450
v 143.349823 120.470444 -9.339584
v 138.793762 122.088104 -35.475483
v 138.657257 121.913544 -30.264210
v 138.546677 121.725616 -25.050467
v 138.446350 121.520691 -19.835184
v 138.348068 121.094498 -14.630139
v 138.261139 120.624733 -9.433809
v 133.659470 122.139191 -35.570747
v 133.525406 121.963097 -30.359486
v 133.423813 121.792152 -25.143459
v 133.332352 121.592506 -19.926493
v 133.244171 121.175766 -14.719581
v 133.168747 120.751289 -9.513294
v 128.514038 122.238373 -35.653191
v 128.389206 122.017685 -30.442171
v 128.300522 121.843597 -25.222429
v 128.218750 121.672829 -20.000036
v 128.139023 121.266052 -14.792378
v 128.074631 120.851814 -9.587616
v 123.358864 122.493347 -35.705811
v 123.250008 122.031166 -30.510197
v 123.179420 121.857101 -25.279757
v 123.106499 121.687454 -20.051979
v 123.032715 121.278488 -14.842611
v 122.973602 120.869881 -9.636753
v 118.263046 123.347244 -35.640858
v 118.119171 122.145142 -30.528492
v 118.064987 121.866928 -25.288921
v 118.001724 121.696823 -20.054934
v 117.932999 121.285843 -14.840795
v 117.869995 120.876442 -9.629299
v 149.242157 125.412865 -38.355869
v 149.043991 121.989075 -35.257240
v 148.910751 121.784874 -30.046093
v 148.790482 121.581726 -24.835474
v 148.674927 121.365211 -19.623386
v 148.557892 120.936386 -14.420925
v 148.440323 120.375519 -9.235754
v 148.363693 120.530411 -4.227741
v 143.293320 120.791573 -4.376041
v 138.222626 120.756332 -4.459274
v 133.145737 120.948486 -4.556252
v 128.075684 120.852882 -4.597008
v 122.995560 120.720078 -4.614044
v 117.903587 120.532669 -4.575634
v 112.925476 120.899689 -4.468651
v 112.937103 121.379929 -9.560743
v 113.047729 121.946869 -14.747969
v 113.352036 122.907585 -19.857443
v 113.736870 123.712784 -24.949772
v 114.017960 124.708221 -30.014984
v 113.966675 125.775673 -35.076874
v 114.034523 127.642654 -39.774170
v 118.798180 126.320824 -39.663006
v 123.807175 126.028366 -39.061188
v 128.856598 125.923599 -38.804924
v 133.935989 125.794785 -38.634178
v 139.030533 125.680641 -38.524765
v 144.133957 125.552109 -38.427944
v 159.598206 128.958603 -36.154892
v 164.680862 128.775757 -36.232220
v 169.753357 128.415695 -36.245956
v 174.817001 128.225662 -36.648067
v 179.856903 128.101181 -37.274815
v 184.805069 127.791008 -37.796597
v 159.590149 128.677353 -36.309250
v 164.681274 128.494492 -36.377033
v 169.762619 128.145599 -36.400909
v 174.833923 127.957886 -36.813431
v 179.882843 127.824371 -37.436790
v 184.847565 127.521912 -37.912666
v 159.581360 128.409027 -36.474823
v 164.677917 128.224945 -36.533806
v 169.765182 127.890640 -36.572296
v 174.841019 127.702759 -36.990353
v 179.895935 127.553398 -37.601517
v 184.875565 127.258942 -38.035915
v 159.572433 128.154068 -36.651104
v 164.672302 127.967590 -36.701817
v 169.763412 127.648926 -36.755119
v 174.841919 127.457031 -37.172531
v 179.901154 127.287323 -37.766380
v 184.893112 127.000275 -38.159988
v 159.564835 127.914726 -36.839973
v 164.666580 127.724518 -36.882767
v 169.759750 127.420479 -36.948174
v 174.839249 127.218620 -37.356415
v 179.901016 127.025368 -37.929611
v 184.902222 126.746223 -38.284271
v 159.559128 127.697472 -37.046783
v 164.663574 127.501602 -37.081909
v 169.758118 127.209435 -37.154602
v 174.836380 126.988892 -37.543308
v 179.896896 126.769043 -38.092953
v 184.903000 126.503120 -38.419762
v 154.534744 129.326447 -35.835831
v 159.607254 129.286118 -36.003551
v 164.677383 129.101730 -36.091228
v 169.734619 128.736649 -36.105213
v 174.785370 128.541840 -36.490818
v 179.812790 128.414917 -37.104172
v 184.744156 128.103027 -37.691380
v 189.428543 128.198624 -39.150391
v 189.481140 127.931671 -39.353580
v 189.526367 127.662033 -39.486336
v 189.560913 127.386986 -39.603813
v 189.588806 127.109955 -39.711422
v 189.611221 126.832016 -39.810207
v 189.627533 126.553276 -39.898628
v 189.643051 126.237801 -39.929543
v 184.894592 126.249619 -38.593475
v 179.893753 126.486626 -38.265537
v 174.841690 126.741837 -37.753334
v 169.765411 126.995071 -37.398949
v 164.666611 127.281075 -37.326229
v 159.554657 127.486816 -37.300297
v 154.440155 127.606369 -37.197281
v 154.450378 127.790771 -36.925896
v 154.459747 127.989029 -36.703156
v 154.470840 128.214325 -36.500492
v 154.483719 128.459305 -36.313644
v 154.498062 128.721176 -36.141273
v 154.514175 128.999084 -35.984352
v 143.482513 124.763382 -2.721764
v 138.448715 124.707504 -3.453222
v 133.412415 124.871727 -2.731899
v 128.352264 124.639725 -3.122040
v 123.292175 124.376701 -2.806044
v 118.264938 123.875046 -2.483738
v 143.452652 124.433434 -2.689533
v 138.414948 124.409302 -3.432907
v 133.372406 124.546165 -2.719707
v 128.303040 124.342979 -3.103975
v 123.233681 124.077728 -2.801418
v 118.194115 123.580780 -2.479853
v 143.426239 124.107903 -2.672155
v 138.384140 124.116501 -3.402699
v 133.334167 124.224457 -2.722324
v 128.258270 124.049843 -3.082426
v 123.183136 123.781006 -2.799196
v 118.135231 123.289101 -2.480013
v 143.402481 123.787529 -2.668907
v 138.355392 123.828720 -3.368193
v 133.298126 123.907379 -2.738623
v 128.218018 123.759850 -3.064278
v 123.140160 123.486954 -2.802116
v 118.086151 123.000961 -2.490477
v 143.380569 123.472786 -2.677078
v 138.327240 123.546570 -3.325623
v 133.262924 123.595505 -2.767681
v 128.180832 123.473198 -3.048346
v 123.103989 123.195717 -2.809139
v 118.048859 122.716537 -2.510849
v 143.359543 123.163948 -2.692371
v 138.297668 123.272644 -3.262884
v 133.225937 123.289177 -2.805817
v 128.142654 123.190895 -3.024481
v 123.069260 122.907661 -2.811596
v 118.017654 122.435486 -2.526695
v 148.582413 124.812515 -3.095753
v 143.518738 125.131203 -2.768764
v 138.486160 125.046112 -3.444630
v 133.454605 125.233719 -2.762081
v 128.405746 124.975266 -3.120907
v 123.362831 124.710709 -2.809099
v 118.355881 124.204300 -2.481220
v 113.514145 123.601418 -1.824417
v 113.405457 123.284378 -1.701160
v 113.329086 122.976891 -1.653122
v 113.266769 122.666626 -1.640345
v 113.209778 122.357193 -1.668631
v 113.167419 122.055092 -1.734192
v 113.146332 121.748016 -1.800129
v 113.098602 121.461807 -1.963778
v 117.982140 122.127121 -2.544834
v 123.028015 122.591278 -2.817295
v 128.099487 122.880692 -2.993074
v 133.184845 122.956505 -2.859451
v 138.267365 122.975700 -3.172092
v 143.335098 122.828918 -2.722164
v 148.429001 122.632828 -2.724443
v 148.451859 122.945358 -2.790861
v 148.471085 123.232292 -2.854420
v 148.489868 123.527351 -2.911032
v 148.509583 123.829430 -2.964622
v 148.530807 124.138313 -3.015724
v 148.554031 124.454269 -3.061665
v 183.687912 120.703606 -1.238083
v 178.749695 121.707504 -1.567654
v 173.753845 122.502541 -1.984211
v 168.731323 123.229492 -1.972513
v 163.733688 123.587250 -2.760498
v 158.691208 124.072815 -2.451073
v 183.726929 120.406662 -1.224335
v 178.771881 121.395889 -1.546722
v 173.767334 122.195572 -1.955339
v 168.734406 122.906982 -1.954857
v 163.731430 123.288017 -2.730846
v 158.680466 123.751007 -2.417057
v 183.752350 120.112534 -1.214340
v 178.785477 121.087044 -1.536037
v 173.776245 121.892555 -1.931093
v 168.736862 122.588120 -1.949608
v 163.726303 122.994835 -2.688698
v 158.668137 123.433990 -2.388411
v 183.768524 119.821854 -1.215069
v 178.792923 120.781693 -1.539070
v 173.781708 121.593216 -1.918320
v 168.738388 122.273582 -1.957230
v 163.719330 122.706963 -2.640724
v 158.654724 123.121788 -2.367300
v 183.776627 119.535202 -1.226143
v 178.795380 120.480492 -1.556009
v 173.784744 121.298004 -1.917896
v 168.739822 121.963867 -1.977776
v 163.711716 122.424347 -2.586628
v 158.641068 122.814384 -2.355669
v 183.776108 119.252472 -1.238136
v 178.794662 120.183716 -1.581337
v 173.788132 121.007088 -1.922842
v 168.743073 121.659195 -2.007788
v 163.704224 122.148895 -2.517735
v 158.626297 122.512192 -2.350626
v 188.373322 120.036377 -0.334961
v 183.636215 121.037399 -1.241653
v 178.719315 122.054871 -1.596439
v 173.738419 122.848862 -2.004684
v 168.728973 123.588287 -2.005070
v 163.735153 123.927521 -2.761665
v 158.702515 124.433250 -2.489956
v 153.655029 124.549324 -3.077007
v 153.634644 124.192375 -3.043493
v 153.616638 123.879387 -2.990585
v 153.598480 123.575317 -2.925465
v 153.580185 123.279526 -2.853308
v 153.562012 122.991379 -2.777046
v 153.542969 122.711967 -2.693951
v 153.517761 122.407310 -2.607342
v 158.603546 122.183067 -2.357540
v 163.692245 121.847984 -2.432953
v 168.746628 121.327713 -2.053358
v 173.795471 120.688263 -1.935099
v 178.799835 119.860168 -1.624611
v 183.771240 118.942047 -1.257847
v 188.577362 117.960678 -0.551153
v 188.577408 118.233749 -0.398844
v 188.571411 118.517235 -0.334532
v 188.554581 118.807755 -0.288567
v 188.529129 119.103134 -0.256552
v 188.493195 119.402412 -0.240917
v 188.439957 119.704353 -0.251984
v 119.542465 130.529938 -39.118729
v 124.217056 130.004105 -37.620888
v 129.256027 130.253067 -37.726311
v 134.231979 129.863022 -36.961998
v 139.293854 129.637512 -36.564304
v 144.354095 129.322159 -36.155479
v 119.483398 130.247757 -39.230743
v 124.161751 129.747650 -37.751816
v 129.207672 129.965622 -37.885384
v 134.189362 129.587402 -37.116081
v 139.257660 129.358261 -36.715595
v 144.324371 129.044357 -36.306667
v 119.430611 129.970154 -39.346157
v 124.115105 129.499435 -37.893616
v 129.166168 129.680588 -38.040443
v 134.156021 129.320908 -37.278095
v 139.228943 129.091034 -36.878502
v 144.300537 128.782394 -36.474331
v 119.383774 129.695969 -39.461494
v 124.073608 129.256622 -38.038975
v 129.129395 129.398117 -38.191029
v 134.128922 129.063156 -37.446007
v 139.205261 128.836136 -37.051712
v 144.280701 128.537079 -36.657021
v 119.342468 129.425644 -39.577305
v 124.035904 129.019623 -38.187687
v 129.096115 129.118942 -38.337952
v 134.105911 128.814972 -37.620068
v 139.184586 128.595184 -37.236046
v 144.263184 128.311020 -36.855732
v 119.306412 129.163574 -39.703003
v 124.003159 128.796356 -38.351154
v 129.065384 128.845032 -38.484566
v 134.084335 128.580399 -37.804672
v 139.164017 128.373505 -37.435963
v 144.245743 128.111359 -37.074589
v 114.993050 131.369781 -40.658295
v 119.608490 130.850250 -39.003296
v 124.285461 130.307571 -37.507439
v 129.316986 130.573959 -37.550934
v 134.289612 130.181564 -36.809116
v 139.342560 129.962265 -36.417717
v 144.394852 129.649109 -36.014786
v 149.460236 129.385574 -35.753906
v 149.428375 129.056992 -35.892467
v 149.404968 128.780518 -36.046066
v 149.385834 128.522552 -36.219490
v 149.369553 128.284119 -36.410900
v 149.355072 128.068466 -36.620995
v 149.341400 127.883224 -36.852863
v 149.325851 127.715607 -37.133850
v 144.224625 127.923553 -37.341061
v 139.138016 128.152710 -37.677963
v 134.057495 128.337967 -38.024540
v 129.027420 128.548065 -38.646862
v 123.970161 128.574326 -38.564438
v 119.266998 128.885681 -39.860184
v 114.614944 129.461349 -41.427269
v 114.679352 129.764969 -41.392723
v 114.729057 130.034058 -41.302193
v 114.779610 130.302917 -41.202637
v 114.830925 130.571732 -41.095737
v 114.883400 130.839767 -40.980907
v 114.939751 131.104034 -40.853142
v 184.925812 120.706314 -34.295353
v 184.712997 119.523529 -29.181072
v 184.537674 119.217316 -23.948267
v 184.358398 118.701248 -18.737583
v 184.175888 118.161217 -13.531814
v 183.989471 117.519089 -8.341148
v 179.774643 120.567810 -34.526699
v 179.631180 120.210503 -29.319174
v 179.473145 119.917160 -24.094650
v 179.316330 119.516975 -18.877087
v 179.138626 118.990776 -13.675756
v 178.928589 118.245827 -8.513443
v 174.630615 120.803932 -34.662842
v 174.513840 120.588562 -29.448570
v 174.376022 120.378532 -24.230343
v 174.223816 119.981583 -19.021286
v 174.066055 119.609665 -13.811801
v 173.865906 118.925476 -8.636333
v 169.511993 121.207977 -34.775738
v 169.396484 120.952438 -29.569733
v 169.265823 120.737961 -24.358398
v 169.117950 120.338387 -19.157341
v 168.964142 119.960358 -13.954861
v 168.777908 119.295319 -8.776455
v 164.393539 121.458023 -34.905670
v 164.275787 121.228661 -29.695755
v 164.148972 121.018387 -24.485378
v 164.008621 120.651138 -19.283962
v 163.864365 120.307899 -14.078142
v 163.691071 119.603195 -8.909750
v 159.275024 121.670944 -35.027519
v 159.155258 121.463882 -29.816250
v 159.029800 121.239418 -24.607546
v 158.897781 120.921120 -19.403831
v 158.761459 120.534470 -14.200812
v 158.607559 119.870865 -9.025673
v 189.841629 124.389603 -38.226727
v 189.516678 122.454918 -33.561943
v 189.156998 121.297760 -28.546288
v 189.079178 120.397018 -23.469603
v 189.028931 119.376839 -18.376389
v 189.010086 118.430992 -13.260336
v 188.908203 117.640274 -8.096508
v 188.745300 117.343788 -3.003836
v 183.757828 117.334137 -3.279346
v 178.709213 118.055855 -3.504299
v 173.675201 118.759560 -3.672131
v 168.641159 119.357834 -3.779772
v 163.573547 119.725533 -3.873817
v 158.520081 120.162476 -4.010559
v 153.445465 120.312378 -4.099770
v 153.527573 120.213272 -9.127537
v 153.662109 120.805656 -14.309362
v 153.788284 121.196892 -19.512936
v 153.911987 121.475899 -24.720078
v 154.035202 121.694542 -29.928122
v 154.160767 121.907234 -35.134682
v 154.356247 125.248032 -38.316803
v 159.471237 125.048828 -38.246845
v 164.580643 124.808350 -38.174656
v 169.678925 124.497559 -38.139519
v 174.764450 124.156754 -38.110966
v 179.844391 123.866440 -38.171436
v 184.927368 123.665543 -38.381271
v 118.958008 134.909927 -32.825649
v 118.885223 134.750992 -27.605316
v 118.849228 133.950867 -22.431316
v 118.668663 132.930725 -17.301622
v 118.415482 131.733261 -12.209038
v 118.126411 129.869568 -7.342878
v 123.988747 135.719376 -32.248489
v 123.702873 136.479950 -27.092600
v 123.528236 136.024078 -21.853714
v 123.365646 134.996613 -16.685608
v 123.210846 133.500031 -11.634703
v 123.132347 131.054871 -7.002300
v 129.109787 135.750244 -31.752766
v 128.821381 137.170868 -26.714508
v 128.596939 137.085632 -21.456448
v 128.428146 136.114059 -16.278339
v 128.306946 134.403732 -11.299292
v 128.270630 131.636215 -6.846951
v 134.227264 135.682388 -31.346855
v 133.995758 137.424332 -26.406271
v 133.777802 137.631683 -21.160046
v 133.607727 136.731476 -15.980427
v 133.489487 134.880798 -11.060863
v 133.438858 131.898270 -6.743839
v 139.346603 135.554749 -31.028721
v 139.182922 137.491608 -26.155674
v 138.997559 137.894119 -20.926785
v 138.833069 137.052567 -15.748062
v 138.701889 135.115036 -10.873285
v 138.610291 131.989685 -6.669445
v 144.469254 135.385605 -30.778231
v 144.375168 137.445099 -25.956444
v 144.232971 137.962479 -20.741314
v 144.078140 137.158493 -15.563153
v 143.925583 135.159195 -10.719597
v 143.779709 131.921814 -6.597412
v 114.618759 132.352310 -38.343903
v 114.744781 132.310532 -33.311790
v 115.221222 131.394653 -28.257462
v 115.545074 130.295715 -23.230036
v 114.987671 129.568405 -18.156687
v 115.117722 128.165100 -13.199291
v 113.804962 127.492767 -8.253498
v 113.581421 125.136581 -3.853867
v 118.238243 126.649200 -3.427254
v 123.289146 127.202797 -3.687162
v 128.368988 127.527229 -3.826532
v 133.459656 127.730835 -3.736313
v 138.543732 127.643402 -3.987778
v 143.628052 127.633865 -3.747856
v 148.716904 127.371803 -3.871578
v 148.943100 131.761124 -6.527859
v 149.151260 135.058197 -10.592934
v 149.329849 137.085251 -15.419954
v 149.473450 137.871384 -20.597713
v 149.569794 137.304840 -25.806221
v 149.596024 135.196426 -30.605175
v 149.534424 131.638062 -34.312805
v 144.463715 131.877838 -34.538296
v 139.401535 132.149796 -34.882824
v 134.342941 132.338455 -35.240665
v 129.327087 132.634781 -35.839241
v 124.288574 132.587463 -36.183434
v 119.432320 133.009644 -37.475304
vn -0.9816 -0.0661 0.1791
vn -0.9591 0.0738 0.2733
vn -0.9521 0.1047 0.2872
vn -0.9773 0.0363 0.2087
vn -0.9575 0.2616 0.1213
vn -0.9534 0.2751 0.1242
vn -0.9774 0.1786 0.1131
vn -0.9584 0.0405 0.2826
vn -0.9779 0.0199 0.2080
vn -0.9468 0.3212 0.0211
vn -0.9349 0.3537 0.0294
vn -0.9247 0.3500 0.1497
vn -0.9162 0.3672 0.1604
vn -0.9464 0.2849 0.1522
vn -0.9626 0.2707 0.0134
vn -0.8657 0.4981 0.0496
vn -0.8633 0.5023 0.0494
vn -0.8500 0.5220 -0.0701
vn -0.8360 0.5445 -0.0682
vn -0.8851 0.4559 -0.0937
vn -0.9156 0.4006 0.0356
vn -0.8698 0.4921 0.0345
vn -0.8571 0.5133 0.0440
vn -0.7461 0.6458 0.1622
vn -0.7478 0.6397 0.1780
vn -0.8285 0.5334 0.1706
vn -0.8993 0.4363 0.0310
vn -0.5924 0.8010 0.0869
vn -0.5849 0.8078 0.0732
vn -0.6608 0.7471 -0.0726
vn -0.6262 0.7759 -0.0761
vn -0.7282 0.6715 -0.1372
vn -0.7126 0.6999 0.0485
vn -0.9038 0.3851 -0.1866
vn -0.8612 0.4702 -0.1929
vn -0.9822 0.1356 -0.1300
vn -0.9667 0.2359 -0.0990
vn -0.9795 0.1432 -0.1419
vn -0.8894 0.3900 -0.2383
vn -0.9574 0.0401 0.2860
vn -0.9764 0.0383 0.2125
vn -0.9802 0.1623 0.1136
vn -0.9781 0.1715 0.1178
vn -0.9549 0.0563 0.2914
vn -0.9742 0.0609 0.2172
vn -0.9674 0.2530 0.0128
vn -0.9526 0.2631 0.1526
vn -0.9532 0.2593 0.1556
vn -0.9667 0.2555 0.0162
vn -0.9300 0.3662 0.0326
vn -0.8999 0.4239 -0.1024
vn -0.9066 0.4083 -0.1068
vn -0.9348 0.3537 0.0329
vn -0.9134 0.4060 0.0281
vn -0.8618 0.4778 0.1704
vn -0.8797 0.4431 0.1725
vn -0.9215 0.3875 0.0274
vn -0.7754 0.6307 0.0318
vn -0.7756 0.6065 -0.1749
vn -0.8008 0.5642 -0.2010
vn -0.8115 0.5840 0.0214
vn -0.8929 0.3653 -0.2631
vn -0.9770 0.1701 -0.1284
vn -0.9700 0.2208 -0.1023
vn -0.8907 0.3583 -0.2799
vn -0.9517 0.0766 0.2972
vn -0.9716 0.0835 0.2216
vn -0.9744 0.1883 0.1228
vn -0.9702 0.2061 0.1277
vn -0.9481 0.0968 0.3030
vn -0.9685 0.1055 0.2257
vn -0.9643 0.2641 0.0202
vn -0.9521 0.2611 0.1593
vn -0.9507 0.2639 0.1631
vn -0.9616 0.2736 0.0237
vn -0.9365 0.3489 0.0341
vn -0.9109 0.3977 -0.1101
vn -0.9143 0.3888 -0.1134
vn -0.9373 0.3466 0.0353
vn -0.9278 0.3721 0.0269
vn -0.8915 0.4176 0.1755
vn -0.9002 0.3971 0.1789
vn -0.9334 0.3579 0.0263
vn -0.8347 0.5505 0.0147
vn -0.8161 0.5341 -0.2207
vn -0.8268 0.5100 -0.2372
vn -0.8515 0.5243 0.0098
vn -0.8872 0.3566 -0.2927
vn -0.9607 0.2674 -0.0745
vn -0.9509 0.3057 -0.0474
vn -0.8837 0.3568 -0.3029
vn -0.9442 0.1156 0.3084
vn -0.9650 0.1271 0.2295
vn -0.9660 0.2222 0.1321
vn -0.9624 0.2354 0.1357
vn -0.9404 0.1322 0.3133
vn -0.9610 0.1486 0.2331
vn -0.9590 0.2822 0.0263
vn -0.9494 0.2663 0.1666
vn -0.9485 0.2674 0.1699
vn -0.9569 0.2891 0.0279
vn -0.9379 0.3449 0.0363
vn -0.9172 0.3810 -0.1169
vn -0.9196 0.3738 -0.1206
vn -0.9387 0.3428 0.0368
vn -0.9382 0.3450 0.0258
vn -0.9073 0.3789 0.1824
vn -0.9136 0.3619 0.1856
vn -0.9425 0.3333 0.0253
vn -0.8652 0.5015 0.0057
vn -0.8351 0.4891 -0.2517
vn -0.8426 0.4687 -0.2651
vn -0.8778 0.4791 0.0016
vn -0.8806 0.3577 -0.3108
vn -0.9431 0.3315 -0.0252
vn -0.9360 0.3521 -0.0048
vn -0.8780 0.3590 -0.3166
vn -0.9372 0.1451 0.3171
vn -0.9566 0.1704 0.2363
vn -0.9600 0.2434 0.1383
vn -0.9617 0.2365 0.1388
vn -0.9366 0.1467 0.3183
vn -0.9523 0.1905 0.2383
vn -0.9557 0.2930 0.0284
vn -0.9485 0.2657 0.1725
vn -0.9518 0.2535 0.1726
vn -0.9578 0.2863 0.0267
vn -0.9404 0.3380 0.0367
vn -0.9222 0.3661 -0.1247
vn -0.9274 0.3507 -0.1302
vn -0.9462 0.3217 0.0346
vn -0.9464 0.3219 0.0246
vn -0.9201 0.3437 0.1879
vn -0.9302 0.3159 0.1868
vn -0.9521 0.3049 0.0222
vn -0.8911 0.4537 -0.0032
vn -0.8505 0.4464 -0.2780
vn -0.8627 0.4127 -0.2922
vn -0.9104 0.4136 -0.0114
vn -0.8760 0.3604 -0.3204
vn -0.9290 0.3698 0.0143
vn -0.9233 0.3828 0.0302
vn -0.8765 0.3572 -0.3229
vn -0.9463 0.0976 0.3082
vn -0.9552 0.1816 0.2337
vn -0.9768 0.1697 0.1309
vn -0.9782 0.1645 0.1265
vn -0.9425 0.1253 0.3099
vn -0.9349 0.2602 0.2412
vn -0.9730 0.2301 0.0159
vn -0.9683 0.1910 0.1607
vn -0.9659 0.2000 0.1644
vn -0.9708 0.2388 0.0213
vn -0.9677 0.2509 0.0243
vn -0.9463 0.2897 -0.1432
vn -0.9461 0.2907 -0.1428
vn -0.9705 0.2403 0.0186
vn -0.9692 0.2463 0.0086
vn -0.9561 0.2391 0.1697
vn -0.9569 0.2342 0.1716
vn -0.9647 0.2626 0.0174
vn -0.9486 0.3150 -0.0298
vn -0.8917 0.3260 -0.3141
vn -0.8953 0.3081 -0.3217
vn -0.9590 0.2803 -0.0426
vn -0.8889 0.3174 -0.3303
vn -0.9302 0.3660 0.0274
vn -0.8920 0.4432 0.0893
vn -0.8794 0.3603 -0.3113
vn -0.4699 -0.6029 -0.6447
vn -0.6376 -0.6665 -0.3863
vn -0.8689 -0.4391 -0.2284
vn -0.8838 -0.2293 -0.4079
vn -0.8108 -0.5780 -0.0920
vn -0.9283 -0.3644 0.0744
vn -0.9884 -0.0516 -0.1426
vn -0.9304 0.1614 -0.3292
vn -0.9199 -0.3867 0.0647
vn -0.9636 -0.1766 0.2009
vn -0.9783 -0.2065 -0.0196
vn -0.9973 0.0223 0.0705
vn -0.9835 -0.1706 -0.0597
vn -0.9969 0.0734 -0.0277
vn -0.9930 -0.1179 0.0049
vn -0.9890 0.1157 0.0924
vn -0.9966 0.0019 -0.0825
vn -0.9606 0.2781 -0.0015
vn -0.9909 -0.0224 -0.1324
vn -0.9501 0.2907 -0.1129
vn -0.9941 -0.0683 -0.0844
vn -0.9660 0.2575 -0.0218
vn -0.9994 0.0033 -0.0353
vn -0.9066 0.4130 0.0863
vn -0.9931 0.0386 -0.1110
vn -0.8180 0.5751 0.0072
vn -0.9714 -0.1677 -0.1679
vn -0.8843 0.4448 -0.1423
vn -0.8695 -0.4605 -0.1788
vn -0.9762 0.0171 -0.2164
vn -0.6857 -0.6855 -0.2447
vn -0.9274 -0.2854 -0.2419
vn -0.5072 -0.8558 -0.1018
vn -0.7142 -0.6130 -0.3380
vn -0.7374 -0.0026 0.6755
vn -0.7328 -0.0144 0.6803
vn -0.6726 0.3799 0.6351
vn -0.5091 0.4964 0.7032
vn -0.4778 0.6717 0.5661
vn -0.4202 0.6072 0.6743
vn -0.9826 -0.0668 -0.1736
vn -0.9579 0.2860 0.0252
vn -0.0789 0.9531 0.2923
vn 0.4521 0.7031 -0.5489
vn -0.8338 -0.5059 0.2211
vn -0.8647 -0.3402 0.3695
vn -0.5002 -0.8338 0.2335
vn -0.5992 -0.6805 0.4217
vn -0.7581 -0.3764 0.5326
vn -0.8791 -0.0341 0.4755
vn -0.8219 0.1846 0.5389
vn -0.7900 -0.0465 0.6114
vn -0.7521 0.1986 0.6285
vn -0.7627 0.3065 0.5695
vn -0.7248 0.3605 0.5871
vn -0.7207 0.3147 0.6178
vn -0.7079 0.3681 0.6028
vn -0.6998 0.3860 0.6010
vn -0.6807 0.3988 0.6145
vn -0.7008 0.4031 0.5885
vn -0.6988 0.4199 0.5791
vn -0.6740 0.3931 0.6254
vn -0.7179 0.3223 0.6171
vn -0.7123 0.3825 0.5884
vn -0.7636 0.2920 0.5759
vn -0.7217 0.3201 0.6137
vn -0.6502 0.4370 0.6215
vn -0.7741 0.6087 0.1742
vn -0.7497 0.3194 0.5796
vn -0.7116 0.3791 0.5916
vn -0.6543 0.5183 0.5507
vn -0.6822 0.6893 0.2438
vn -0.8078 0.5404 -0.2353
vn -0.8514 0.4376 -0.2893
vn -0.7470 0.6555 -0.1107
vn -0.8196 0.5270 -0.2246
vn -0.9230 0.3846 -0.0145
vn -0.9145 0.3524 0.1987
vn -0.8950 0.4461 0.0070
vn -0.8788 0.4360 0.1939
vn -0.9129 0.4050 0.0510
vn -0.9012 0.4176 -0.1157
vn -0.8639 0.4993 0.0657
vn -0.8659 0.4941 -0.0782
vn -0.9331 0.3572 0.0407
vn -0.9228 0.3365 0.1874
vn -0.8996 0.4308 0.0718
vn -0.8856 0.4282 0.1797
vn -0.9273 0.3710 0.0510
vn -0.9451 0.2903 0.1498
vn -0.8911 0.4472 0.0773
vn -0.9031 0.3870 0.1858
vn -0.9022 0.2875 0.3215
vn -0.8514 0.4652 0.2425
vn -0.8510 0.4433 0.2815
vn -0.7423 0.6487 0.1680
vn -0.7768 0.6054 -0.1738
vn -0.8856 0.4634 -0.0292
vn -0.7296 0.6837 0.0136
vn -0.6509 0.7503 -0.1156
vn -0.5499 0.8334 -0.0556
vn -0.2975 0.9076 -0.2961
vn -0.8922 0.3627 -0.2692
vn -0.9506 0.3026 -0.0690
vn -0.9432 0.3266 -0.0607
vn -0.8786 0.4071 -0.2496
vn -0.9032 0.3092 -0.2977
vn -0.9633 0.2549 -0.0848
vn -0.9584 0.2746 -0.0780
vn -0.9005 0.3268 -0.2869
vn -0.9050 0.2926 -0.3089
vn -0.9700 0.2244 -0.0937
vn -0.9668 0.2390 -0.0899
vn -0.9042 0.2996 -0.3045
vn -0.9079 0.2797 -0.3123
vn -0.9760 0.1944 -0.0979
vn -0.9730 0.2099 -0.0962
vn -0.9061 0.2864 -0.3113
vn -0.9148 0.2565 -0.3120
vn -0.9831 0.1529 -0.1004
vn -0.9794 0.1762 -0.0990
vn -0.9106 0.2709 -0.3122
vn -0.9855 0.1377 -0.0994
vn -0.9200 0.2367 -0.3123
vn 0.0159 0.7517 -0.6593
vn 0.0343 0.8464 -0.5314
vn 0.0354 0.8532 -0.5203
vn 0.0173 0.7615 -0.6480
vn 0.0490 0.9188 -0.3917
vn 0.0524 0.9231 -0.3810
vn 0.0572 0.9279 -0.3685
vn 0.0391 0.8595 -0.5096
vn 0.0235 0.7683 -0.6396
vn 0.0602 0.9673 -0.2464
vn 0.0674 0.9693 -0.2363
vn 0.0682 0.9921 -0.1050
vn 0.0793 0.9922 -0.0963
vn 0.0913 0.9922 -0.0844
vn 0.0755 0.9718 -0.2232
vn 0.0730 0.9970 0.0274
vn 0.0874 0.9956 0.0340
vn 0.0747 0.9857 0.1509
vn 0.0911 0.9837 0.1547
vn 0.1086 0.9812 0.1597
vn 0.1027 0.9938 0.0430
vn 0.0729 0.9606 0.2683
vn 0.0900 0.9589 0.2690
vn 0.0673 0.9209 0.3839
vn 0.0836 0.9206 0.3815
vn 0.1010 0.9204 0.3777
vn 0.1081 0.9569 0.2696
vn 0.0575 0.8633 0.5014
vn 0.0714 0.8654 0.4960
vn 0.0423 0.7817 0.6222
vn 0.0528 0.7874 0.6142
vn 0.0655 0.7943 0.6040
vn 0.0867 0.8683 0.4884
vn 0.0197 0.6703 0.7418
vn 0.0278 0.6811 0.7316
vn -0.0131 0.5317 0.8468
vn -0.0014 0.5496 0.8354
vn 0.0220 0.5535 0.8326
vn 0.0402 0.6906 0.7221
vn 0.0445 0.8647 -0.5004
vn 0.0318 0.7709 -0.6361
vn 0.0635 0.9329 -0.3544
vn 0.0711 0.9383 -0.3384
vn 0.0490 0.8693 -0.4919
vn 0.0351 0.7708 -0.6361
vn 0.0852 0.9746 -0.2069
vn 0.1051 0.9921 -0.0692
vn 0.1214 0.9913 -0.0506
vn 0.0973 0.9775 -0.1871
vn 0.1198 0.9913 0.0545
vn 0.1276 0.9778 0.1659
vn 0.1492 0.9735 0.1731
vn 0.1394 0.9879 0.0683
vn 0.1279 0.9543 0.2700
vn 0.1201 0.9201 0.3727
vn 0.1416 0.9196 0.3665
vn 0.1500 0.9511 0.2701
vn 0.1045 0.8716 0.4790
vn 0.0814 0.8016 0.5923
vn 0.1002 0.8086 0.5798
vn 0.1247 0.8747 0.4684
vn 0.0537 0.6991 0.7130
vn 0.0304 0.5505 0.8343
vn 0.0237 0.5618 0.8270
vn 0.0679 0.7090 0.7019
vn 0.0384 0.8271 -0.5608
vn 0.0291 0.7733 -0.6333
vn 0.0808 0.9442 -0.3192
vn 0.0666 0.9186 -0.3896
vn 0.0949 0.9507 -0.2952
vn 0.0775 0.9269 -0.3671
vn 0.0380 0.8363 -0.5469
vn 0.0382 0.8374 -0.5453
vn 0.1128 0.9801 -0.1633
vn 0.1417 0.9895 -0.0283
vn 0.1682 0.9857 -0.0021
vn 0.1340 0.9818 -0.1347
vn 0.1631 0.9830 0.0845
vn 0.1746 0.9679 0.1810
vn 0.2059 0.9601 0.1892
vn 0.1930 0.9758 0.1029
vn 0.1755 0.9469 0.2696
vn 0.1660 0.9185 0.3588
vn 0.1952 0.9167 0.3486
vn 0.2065 0.9411 0.2676
vn 0.1471 0.8777 0.4561
vn 0.1202 0.8155 0.5662
vn 0.1424 0.8230 0.5499
vn 0.1732 0.8807 0.4408
vn 0.0855 0.7201 0.6886
vn 0.0376 0.5844 0.8106
vn 0.0681 0.5984 0.7983
vn 0.1055 0.7308 0.6744
vn 0.0395 0.8511 -0.5236
vn 0.0397 0.8526 -0.5210
vn 0.1156 0.9578 -0.2630
vn 0.0936 0.9372 -0.3361
vn 0.1473 0.9648 -0.2177
vn 0.1181 0.9493 -0.2915
vn 0.0445 0.8715 -0.4883
vn 0.0453 0.8735 -0.4847
vn 0.1650 0.9812 -0.0998
vn 0.2053 0.9783 0.0283
vn 0.2586 0.9639 0.0630
vn 0.2113 0.9758 -0.0555
vn 0.2329 0.9647 0.1231
vn 0.2466 0.9489 0.1969
vn 0.3015 0.9316 0.2029
vn 0.2884 0.9466 0.1440
vn 0.2462 0.9327 0.2636
vn 0.2328 0.9130 0.3349
vn 0.2841 0.9049 0.3170
vn 0.2997 0.9190 0.2563
vn 0.2075 0.8829 0.4213
vn 0.1721 0.8307 0.5295
vn 0.2137 0.8377 0.5025
vn 0.2556 0.8817 0.3966
vn 0.1287 0.7420 0.6580
vn 0.0837 0.6061 0.7910
vn 0.0935 0.6218 0.7776
vn 0.1583 0.7566 0.6344
vn 0.1045 0.9290 -0.3549
vn 0.0670 0.9011 -0.4285
vn 0.2040 0.9669 -0.1533
vn 0.3090 0.9486 -0.0677
vn 0.1793 0.9457 -0.2711
vn 0.1328 0.9288 -0.3460
vn 0.2832 0.9591 -0.0002
vn 0.3364 0.9362 0.1015
vn 0.4482 0.8830 0.1395
vn 0.3952 0.9163 0.0648
vn 0.3665 0.9160 0.1630
vn 0.3775 0.9031 0.2049
vn 0.4821 0.8529 0.2003
vn 0.4745 0.8624 0.1763
vn 0.3735 0.8949 0.2445
vn 0.3560 0.8872 0.2935
vn 0.4567 0.8504 0.2611
vn 0.4762 0.8500 0.2252
vn 0.3234 0.8734 0.3640
vn 0.2730 0.8427 0.4641
vn 0.3625 0.8378 0.4083
vn 0.4205 0.8496 0.3185
vn 0.2031 0.7755 0.5978
vn 0.1189 0.6476 0.7526
vn 0.1687 0.6820 0.7116
vn 0.2777 0.7933 0.5419
vn 0.3408 0.9299 -0.1383
vn 0.2199 0.9265 -0.3055
vn 0.4766 0.8783 0.0376
vn 0.7002 0.6939 0.1679
vn 0.5739 0.8182 0.0345
vn 0.3553 0.9077 -0.2231
vn 0.5584 0.8190 0.1318
vn 0.5972 0.7858 0.1606
vn 0.7588 0.6383 0.1295
vn 0.7624 0.6258 0.1645
vn 0.6108 0.7712 0.1793
vn 0.6186 0.7623 0.1904
vn 0.7689 0.6124 0.1838
vn 0.7516 0.6357 0.1761
vn 0.6135 0.7660 0.1917
vn 0.5904 0.7787 0.2123
vn 0.7365 0.6611 0.1430
vn 0.7655 0.6303 0.1297
vn 0.5535 0.7924 0.2564
vn 0.4947 0.8051 0.3273
vn 0.6664 0.7142 0.2141
vn 0.7106 0.6789 0.1848
vn 0.3998 0.7955 0.4554
vn 0.2614 0.7212 0.6415
vn 0.4212 0.7424 0.5209
vn 0.5728 0.7560 0.3167
vn 0.0003 0.5475 -0.8368
vn 0.0141 0.6149 -0.7885
vn -0.0013 0.6308 -0.7759
vn -0.0182 0.5646 -0.8252
vn 0.0293 0.7311 -0.6816
vn 0.0193 0.7408 -0.6715
vn -0.0035 0.6457 -0.7636
vn -0.0171 0.5783 -0.8156
vn 0.0396 0.8354 -0.5481
vn 0.0357 0.8400 -0.5413
vn 0.0450 0.9134 -0.4047
vn 0.0467 0.9154 -0.3999
vn 0.0470 0.9653 -0.2568
vn 0.0536 0.9659 -0.2532
vn 0.0469 0.9925 -0.1133
vn 0.0575 0.9922 -0.1107
vn 0.0452 0.9988 0.0211
vn 0.0591 0.9980 0.0231
vn 0.0427 0.9882 0.1469
vn 0.0586 0.9872 0.1483
vn 0.0395 0.9629 0.2668
vn 0.0561 0.9619 0.2676
vn 0.0355 0.9222 0.3851
vn 0.0513 0.9215 0.3851
vn 0.0304 0.8624 0.5052
vn 0.0439 0.8624 0.5044
vn 0.0240 0.7772 0.6288
vn 0.0329 0.7782 0.6272
vn 0.0170 0.6591 0.7519
vn 0.0169 0.6616 0.7496
vn 0.0115 0.5079 0.8613
vn -0.0061 0.5132 0.8582
vn 0.0087 0.3536 0.9354
vn -0.0340 0.3627 0.9313
vn 0.0085 0.2673 0.9636
vn -0.0560 0.2792 0.9586
vn -0.0860 0.3113 0.9464
vn -0.0533 0.3925 0.9182
vn -0.0284 0.4169 0.9085
vn -0.0446 0.3346 0.9413
vn 0.0523 0.3050 0.9509
vn 0.0265 0.4034 0.9146
vn 0.0243 0.3729 0.9275
vn 0.0329 0.2550 0.9664
vn -0.0890 0.2712 0.9584
vn -0.0347 0.3854 0.9221
vn -0.0239 0.4331 0.9010
vn -0.0743 0.3345 0.9395
vn 0.0363 0.3438 0.9383
vn 0.0418 0.4487 0.8927
vn 0.0495 0.4422 0.8955
vn 0.0326 0.3268 0.9445
vn -0.0101 0.3363 0.9417
vn 0.0310 0.4523 0.8913
vn 0.0438 0.4705 0.8813
vn 0.0129 0.3371 0.9414
vn -0.0013 0.3235 0.9462
vn 0.0611 0.4911 0.8689
vn 0.0904 0.5497 0.8304
vn -0.0547 0.3700 0.9274
vn 0.0311 0.4944 0.8687
vn 0.2197 0.6363 0.7395
vn 0.4201 0.6986 0.5792
vn 0.6163 0.7103 0.3401
vn 0.1969 0.6171 0.7619
vn 0.4385 0.7041 0.5585
vn 0.6006 0.7121 0.3637
vn 0.7580 0.6328 0.1585
vn 0.7472 0.6527 0.1253
vn 0.8255 0.5589 0.0794
vn 0.8353 0.5488 -0.0322
vn 0.8924 0.4507 -0.0210
vn 0.8463 0.5167 0.1297
vn 0.8490 0.5231 0.0751
vn 0.9091 0.4008 0.1136
vn 0.9006 0.4325 0.0427
vn 0.8730 0.4856 0.0450
vn 0.8799 0.4391 0.1815
vn 0.9104 0.4131 -0.0202
vn 0.9205 0.3464 0.1809
vn 0.8557 0.4825 0.1871
vn 0.8658 0.4980 0.0489
vn 0.8986 0.3819 0.2160
vn 0.9016 0.4323 -0.0169
vn 0.9081 0.4042 0.1094
vn 0.8736 0.3925 0.2877
vn 0.9445 0.3280 0.0198
vn 0.9128 0.2224 0.3426
vn 0.7883 0.5720 0.2265
vn 0.6400 0.7678 0.0296
vn 0.8612 0.3510 0.3675
vn 0.7917 0.5759 0.2037
vn 0.1707 0.8759 -0.4514
vn 0.2212 0.8977 -0.3811
vn 0.3748 0.8887 -0.2641
vn 0.2511 0.8833 -0.3958
vn 0.6494 0.7604 0.0048
vn 0.4333 0.8703 -0.2340
vn -0.2363 0.5103 -0.8269
vn -0.2010 0.5665 -0.7992
vn -0.1668 0.6630 -0.7298
vn -0.2298 0.6092 -0.7590
vn -0.0086 0.7467 -0.6652
vn -0.0146 0.7913 -0.6112
vn -0.0151 0.8246 -0.5655
vn 0.1650 0.9016 -0.4000
vn -0.1370 0.7343 -0.6649
vn -0.2077 0.6887 -0.6947
vn -0.0640 0.6259 -0.7772
vn -0.0340 0.7000 -0.7133
vn -0.0175 0.7034 -0.7105
vn -0.0086 0.6084 -0.7936
vn -0.0170 0.7450 -0.6669
vn -0.0147 0.7602 -0.6495
vn 0.0644 0.5655 -0.8222
vn -0.0318 0.5824 -0.8123
vn -0.0109 0.6591 -0.7520
vn -0.0284 0.6771 -0.7353
vn -0.0583 0.6006 -0.7974
vn 0.0023 0.7087 -0.7056
vn -0.0099 0.7254 -0.6882
vn 0.0335 0.5721 -0.8195
vn 0.0305 0.6510 -0.7585
vn 0.0103 0.6480 -0.7616
vn -0.0005 0.5703 -0.8214
vn 0.0068 0.5879 -0.8089
vn 0.0120 0.6624 -0.7491
vn 0.0271 0.6598 -0.7509
vn 0.0287 0.5825 -0.8123
vn 0.0006 0.6567 -0.7542
vn -0.0096 0.5859 -0.8103
vn 0.9436 0.1858 0.2742
vn 0.9086 0.0218 0.4172
vn 0.9109 -0.0159 0.4124
vn 0.9581 0.1052 0.2665
vn 0.9495 -0.0048 0.3138
vn 0.9468 0.0091 0.3216
vn 0.9386 0.0920 0.3324
vn 0.9050 0.0280 0.4245
vn 0.9565 0.1108 0.2699
vn 0.9823 0.1745 -0.0682
vn 0.9783 0.1974 -0.0631
vn 0.9682 0.2392 -0.0735
vn 0.9713 0.2238 -0.0807
vn 0.9610 0.2672 -0.0715
vn 0.9616 0.2690 -0.0546
vn 0.9666 0.1527 0.2060
vn 0.9703 0.1354 0.2006
vn 0.9778 0.1553 0.1410
vn 0.9755 0.1648 0.1455
vn 0.9580 0.2396 0.1573
vn 0.9592 0.1870 0.2121
vn 0.9744 0.2077 -0.0864
vn 0.9736 0.2128 -0.0824
vn 0.9817 0.1905 -0.0056
vn 0.9834 0.1813 -0.0122
vn 0.9688 0.2478 0.0033
vn 0.9566 0.2836 -0.0663
vn 0.9785 0.1937 0.0710
vn 0.9764 0.2043 0.0707
vn 0.9600 0.2537 -0.1187
vn 0.9575 0.2653 -0.1136
vn 0.9365 0.3375 -0.0956
vn 0.9555 0.2822 0.0854
vn 0.9440 0.2832 -0.1695
vn 0.9499 0.2552 -0.1806
vn 0.9433 0.3288 -0.0458
vn 0.9649 0.2513 -0.0762
vn 0.9624 0.2613 -0.0745
vn 0.9393 0.3004 -0.1656
vn 0.9054 0.0241 0.4239
vn 0.9595 0.0879 0.2676
vn 0.9375 0.1068 0.3313
vn 0.9394 0.1031 0.3269
vn 0.9073 0.0099 0.4203
vn 0.9624 0.0628 0.2641
vn 0.9586 0.2798 -0.0531
vn 0.9610 0.2678 -0.0686
vn 0.9632 0.2605 -0.0667
vn 0.9598 0.2757 -0.0535
vn 0.9580 0.1941 0.2110
vn 0.9528 0.2592 0.1580
vn 0.9512 0.2664 0.1559
vn 0.9593 0.1924 0.2069
vn 0.9510 0.3034 -0.0588
vn 0.9637 0.2669 0.0069
vn 0.9608 0.2773 0.0083
vn 0.9483 0.3130 -0.0530
vn 0.9483 0.3057 0.0856
vn 0.9305 0.3556 -0.0883
vn 0.9287 0.3613 -0.0832
vn 0.9449 0.3166 0.0826
vn 0.9395 0.3025 -0.1606
vn 0.9667 0.2434 -0.0796
vn 0.9708 0.2249 -0.0837
vn 0.9419 0.2971 -0.1566
vn 0.9097 -0.0082 0.4152
vn 0.9649 0.0371 0.2601
vn 0.9426 0.0919 0.3210
vn 0.9463 0.0762 0.3143
vn 0.9120 -0.0290 0.4091
vn 0.9667 0.0105 0.2555
vn 0.9626 0.2655 -0.0548
vn 0.9659 0.2504 -0.0654
vn 0.9690 0.2386 -0.0645
vn 0.9661 0.2520 -0.0570
vn 0.9612 0.1881 0.2016
vn 0.9507 0.2698 0.1528
vn 0.9508 0.2717 0.1490
vn 0.9636 0.1823 0.1956
vn 0.9462 0.3201 -0.0478
vn 0.9583 0.2857 0.0091
vn 0.9560 0.2933 0.0099
vn 0.9443 0.3262 -0.0430
vn 0.9428 0.3240 0.0789
vn 0.9284 0.3632 -0.0786
vn 0.9285 0.3639 -0.0739
vn 0.9409 0.3302 0.0750
vn 0.9449 0.2898 -0.1523
vn 0.9744 0.2072 -0.0868
vn 0.9778 0.1893 -0.0895
vn 0.9481 0.2816 -0.1476
vn 0.9141 -0.0510 0.4023
vn 0.9680 -0.0169 0.2506
vn 0.9498 0.0588 0.3072
vn 0.9529 0.0434 0.3002
vn 0.9157 -0.0722 0.3952
vn 0.9684 -0.0445 0.2453
vn 0.9696 0.2372 -0.0596
vn 0.9720 0.2261 -0.0639
vn 0.9747 0.2144 -0.0634
vn 0.9725 0.2246 -0.0620
vn 0.9660 0.1761 0.1891
vn 0.9510 0.2732 0.1447
vn 0.9509 0.2761 0.1402
vn 0.9684 0.1703 0.1823
vn 0.9425 0.3319 -0.0384
vn 0.9536 0.3009 0.0108
vn 0.9511 0.3088 0.0117
vn 0.9400 0.3394 -0.0336
vn 0.9390 0.3364 0.0714
vn 0.9285 0.3649 -0.0689
vn 0.9280 0.3672 -0.0629
vn 0.9367 0.3436 0.0682
vn 0.9513 0.2733 -0.1422
vn 0.9810 0.1709 -0.0918
vn 0.9840 0.1516 -0.0939
vn 0.9547 0.2644 -0.1362
vn 0.9172 -0.0888 0.3885
vn 0.9682 -0.0715 0.2397
vn 0.9550 0.0373 0.2943
vn 0.9543 0.0614 0.2923
vn 0.9191 -0.0897 0.3838
vn 0.9676 -0.0943 0.2343
vn 0.9733 0.2207 -0.0628
vn 0.9764 0.2067 -0.0622
vn 0.9752 0.2137 -0.0577
vn 0.9676 0.2459 -0.0573
vn 0.9701 0.1677 0.1757
vn 0.9488 0.2850 0.1362
vn 0.9405 0.3122 0.1344
vn 0.9694 0.1768 0.1705
vn 0.9355 0.3523 -0.0275
vn 0.9474 0.3197 0.0135
vn 0.9386 0.3444 0.0186
vn 0.9234 0.3835 -0.0170
vn 0.9329 0.3542 0.0658
vn 0.9262 0.3730 -0.0555
vn 0.9183 0.3935 -0.0435
vn 0.9229 0.3793 0.0668
vn 0.9579 0.2562 -0.1292
vn 0.9868 0.1306 -0.0962
vn 0.9889 0.1125 -0.0971
vn 0.9589 0.2578 -0.1183
vn 0.9213 -0.0290 0.3877
vn 0.9686 -0.0834 0.2344
vn 0.9363 0.1821 0.3003
vn 0.9331 0.2043 0.2959
vn 0.9269 -0.0571 0.3708
vn 0.9599 -0.1932 0.2029
vn 0.9326 0.3594 -0.0318
vn 0.9601 0.2769 -0.0388
vn 0.9722 0.2304 -0.0412
vn 0.9373 0.3475 -0.0279
vn 0.9568 0.2345 0.1721
vn 0.9050 0.4012 0.1417
vn 0.9096 0.3936 0.1331
vn 0.9654 0.2076 0.1577
vn 0.8797 0.4754 0.0089
vn 0.9060 0.4216 0.0364
vn 0.9237 0.3821 0.0287
vn 0.8964 0.4432 0.0070
vn 0.8859 0.4570 0.0797
vn 0.8834 0.4683 -0.0156
vn 0.9137 0.4057 -0.0230
vn 0.9045 0.4214 0.0660
vn 0.9470 0.3077 -0.0922
vn 0.9879 0.1281 -0.0876
vn 0.9931 -0.0125 -0.1163
vn 0.9724 0.2091 -0.1032
vn 0.7978 0.5984 0.0740
vn 0.3850 0.8164 -0.4303
vn 0.8772 0.3944 0.2740
vn 0.9301 0.3649 0.0429
vn 0.8469 0.5246 -0.0863
vn 0.8834 0.1943 0.4264
vn 0.9342 0.1242 0.3344
vn 0.9597 0.2777 -0.0440
vn 0.9303 0.3640 -0.0451
vn 0.9309 0.2848 0.2285
vn 0.9491 0.2695 0.1632
vn 0.9395 0.3374 -0.0593
vn 0.9420 0.3345 0.0262
vn 0.9453 0.3101 0.1010
vn 0.9244 0.3730 -0.0791
vn 0.8910 0.4389 -0.1160
vn 0.8559 0.5155 0.0405
vn 0.7659 0.6062 0.2141
vn 0.7473 0.5693 0.3426
vn 0.8873 0.3243 0.3280
vn 0.8952 0.4139 0.1651
vn 0.9517 0.2718 0.1429
vn 0.9209 0.2235 0.3193
vn 0.9350 0.1593 0.3167
vn 0.9643 0.2271 0.1365
vn 0.9740 0.1841 0.1322
vn 0.9414 0.1151 0.3171
vn 0.9439 0.0849 0.3191
vn 0.9795 0.1535 0.1306
vn 0.9831 0.1288 0.1300
vn 0.9450 0.0616 0.3213
vn 0.9455 0.0409 0.3230
vn 0.9858 0.1067 0.1295
vn 0.9880 0.0854 0.1288
vn 0.9459 0.0209 0.3238
vn 0.9463 -0.0012 0.3232
vn 0.9899 0.0632 0.1273
vn 0.9915 0.0374 0.1245
vn 0.9468 -0.0299 0.3203
vn 0.9467 -0.0726 0.3138
vn 0.9927 0.0062 0.1206
vn 0.9925 -0.0161 0.1212
vn 0.9440 -0.1250 0.3054
vn 0.8605 -0.4605 0.2179
vn 0.9681 -0.2403 0.0714
vn 0.7463 -0.6653 -0.0208
vn 0.8924 -0.4139 -0.1800
vn 0.6680 -0.7354 0.1140
vn 0.2684 -0.9476 0.1735
vn 0.4448 -0.8956 -0.0093
vn 0.6446 -0.7489 -0.1536
vn 0.9731 -0.1672 -0.1585
vn 0.9941 0.0549 -0.0938
vn 0.8047 -0.5728 -0.1562
vn 0.9055 -0.4023 -0.1351
vn 0.9935 0.1129 -0.0113
vn 0.9947 0.0987 -0.0279
vn 0.9486 -0.3032 -0.0911
vn 0.9614 -0.2635 -0.0796
vn 0.9845 0.1702 -0.0419
vn 0.9865 0.1480 0.0697
vn 0.9779 -0.1923 -0.0819
vn 0.9846 -0.1734 -0.0243
vn 0.9948 -0.0192 0.0997
vn 0.9975 -0.0042 -0.0703
vn 0.9636 -0.2670 0.0149
vn 0.9630 -0.2606 -0.0689
vn 0.9907 0.1195 -0.0649
vn 0.9710 -0.0122 0.2389
vn 0.9872 -0.1376 -0.0802
vn 0.9701 -0.2220 0.0979
vn 0.9133 -0.2904 0.2854
vn 0.8733 -0.4785 0.0917
vn 0.8658 -0.4840 0.1267
vn 0.7386 -0.6693 -0.0804
vn 0.9677 0.0313 -0.2500
vn 0.9796 -0.1866 -0.0749
vn 0.8177 -0.5497 -0.1705
vn 0.8725 -0.3540 -0.3367
vn 0.5786 -0.7443 -0.3336
vn 0.4580 -0.6847 -0.5670
vn 0.9643 0.1388 -0.2257
vn 0.9993 0.0267 -0.0271
vn 0.9996 0.0075 -0.0278
vn 0.9667 0.1147 -0.2289
vn 0.9603 0.1695 -0.2213
vn 0.9968 0.0772 -0.0226
vn 0.9982 0.0544 -0.0247
vn 0.9620 0.1568 -0.2235
vn 0.9581 0.1901 -0.2143
vn 0.9930 0.1172 -0.0166
vn 0.9950 0.0978 -0.0200
vn 0.9591 0.1800 -0.2185
vn 0.9561 0.2133 -0.2010
vn 0.9878 0.1559 -0.0067
vn 0.9906 0.1363 -0.0121
vn 0.9572 0.2006 -0.2086
vn 0.9469 0.2709 -0.1734
vn 0.9782 0.2075 0.0087
vn 0.9840 0.1783 0.0002
vn 0.9537 0.2331 -0.1902
vn 0.9731 0.2299 0.0162
vn 0.9359 0.3157 -0.1564
vn -0.0026 -0.6780 -0.7351
vn -0.0099 -0.9800 -0.1987
vn -0.0096 -0.9787 -0.2049
vn -0.0022 -0.6695 -0.7428
vn -0.0114 -0.9993 -0.0369
vn -0.0101 -0.9994 -0.0346
vn -0.0092 -0.9994 -0.0336
vn -0.0096 -0.9773 -0.2118
vn -0.0022 -0.6623 -0.7492
vn -0.0131 -0.9991 -0.0391
vn -0.0120 -0.9992 -0.0377
vn -0.0133 -0.9991 -0.0394
vn -0.0131 -0.9991 -0.0394
vn -0.0128 -0.9992 -0.0385
vn -0.0106 -0.9993 -0.0352
vn -0.0128 -0.9992 -0.0387
vn -0.0128 -0.9991 -0.0404
vn -0.0132 -0.9991 -0.0398
vn -0.0132 -0.9991 -0.0396
vn -0.0134 -0.9991 -0.0394
vn -0.0136 -0.9977 -0.0660
vn -0.0133 -0.9978 -0.0645
vn -0.0140 -0.9964 -0.0830
vn -0.0137 -0.9965 -0.0830
vn -0.0137 -0.9965 -0.0825
vn -0.0133 -0.9979 -0.0635
vn -0.0158 -0.9982 -0.0579
vn -0.0146 -0.9983 -0.0564
vn -0.0170 -0.9946 -0.1027
vn -0.0164 -0.9950 -0.0983
vn -0.0145 -0.9955 -0.0933
vn -0.0131 -0.9983 -0.0576
vn -0.0151 -0.9856 -0.1686
vn -0.0175 -0.9853 -0.1702
vn -0.0304 -0.9932 0.1122
vn -0.0172 -0.9853 -0.1698
vn -0.0138 -0.9932 0.1158
vn -0.0183 -0.9854 -0.1690
vn -0.0097 -0.9757 -0.2189
vn -0.0023 -0.6565 -0.7543
vn -0.0090 -0.9994 -0.0336
vn -0.0091 -0.9994 -0.0339
vn -0.0096 -0.9741 -0.2257
vn -0.0019 -0.6516 -0.7586
vn -0.0093 -0.9994 -0.0334
vn -0.0111 -0.9993 -0.0362
vn -0.0094 -0.9994 -0.0340
vn -0.0089 -0.9994 -0.0332
vn -0.0130 -0.9991 -0.0392
vn -0.0134 -0.9991 -0.0397
vn -0.0116 -0.9992 -0.0373
vn -0.0134 -0.9980 -0.0624
vn -0.0140 -0.9965 -0.0819
vn -0.0141 -0.9966 -0.0810
vn -0.0135 -0.9980 -0.0614
vn -0.0131 -0.9981 -0.0608
vn -0.0135 -0.9960 -0.0882
vn -0.0121 -0.9964 -0.0839
vn -0.0125 -0.9978 -0.0649
vn -0.0167 -0.9862 -0.1648
vn -0.0189 -0.9949 0.0990
vn -0.0284 -0.9941 0.1042
vn -0.0164 -0.9871 -0.1592
vn -0.0095 -0.9726 -0.2325
vn -0.0017 -0.6496 -0.7603
vn -0.0091 -0.9994 -0.0340
vn -0.0121 -0.9993 -0.0360
vn -0.0159 -0.9716 -0.2361
vn -0.0060 -0.6541 -0.7564
vn -0.0091 -0.9994 -0.0334
vn -0.0092 -0.9994 -0.0332
vn -0.0099 -0.9994 -0.0333
vn -0.0101 -0.9994 -0.0335
vn -0.0104 -0.9993 -0.0346
vn -0.0127 -0.9992 -0.0382
vn -0.0118 -0.9993 -0.0356
vn -0.0101 -0.9994 -0.0331
vn -0.0138 -0.9981 -0.0606
vn -0.0143 -0.9967 -0.0801
vn -0.0160 -0.9967 -0.0792
vn -0.0144 -0.9982 -0.0589
vn -0.0120 -0.9975 -0.0702
vn -0.0107 -0.9967 -0.0810
vn -0.0140 -0.9967 -0.0794
vn -0.0152 -0.9971 -0.0744
vn -0.0145 -0.9884 -0.1514
vn -0.0176 -0.9786 -0.2051
vn -0.0073 -0.9956 0.0933
vn -0.0148 -0.9893 -0.1452
vn -0.0227 -0.9661 -0.2570
vn -0.0090 -0.6559 -0.7548
vn -0.0131 -0.9989 -0.0444
vn -0.0130 -0.9980 -0.0613
vn -0.0278 -0.9596 -0.2799
vn -0.0079 -0.6710 -0.7414
vn -0.0069 -0.9994 -0.0335
vn -0.0068 -0.9994 -0.0334
vn -0.0021 -0.9994 -0.0333
vn -0.0021 -0.9994 -0.0335
vn -0.0066 -0.9994 -0.0329
vn -0.0071 -0.9994 -0.0335
vn -0.0022 -0.9995 -0.0327
vn -0.0022 -0.9995 -0.0330
vn -0.0085 -0.9984 -0.0558
vn -0.0098 -0.9969 -0.0784
vn -0.0018 -0.9969 -0.0781
vn -0.0021 -0.9985 -0.0548
vn -0.0094 -0.9970 -0.0763
vn -0.0089 -0.9969 -0.0788
vn -0.0007 -0.9969 -0.0785
vn -0.0011 -0.9970 -0.0774
vn -0.0093 -0.9899 -0.1411
vn -0.0015 -0.9984 0.0559
vn 0.0052 -0.9995 0.0326
vn -0.0014 -0.9902 -0.1395
vn -0.0546 -0.9497 -0.3084
vn -0.0239 -0.7089 -0.7049
vn -0.0283 -0.9956 -0.0896
vn -0.0836 -0.9866 -0.1403
vn -0.1296 -0.9304 -0.3429
vn -0.0833 -0.7478 -0.6587
vn -0.0057 -0.9993 -0.0374
vn -0.0017 -0.9994 -0.0333
vn -0.0069 -0.9992 -0.0382
vn -0.0316 -0.9976 -0.0614
vn -0.0016 -0.9994 -0.0332
vn -0.0016 -0.9995 -0.0325
vn -0.0018 -0.9995 -0.0324
vn -0.0019 -0.9994 -0.0333
vn -0.0016 -0.9985 -0.0546
vn -0.0015 -0.9969 -0.0783
vn -0.0016 -0.9969 -0.0784
vn -0.0018 -0.9985 -0.0545
vn -0.0014 -0.9970 -0.0780
vn -0.0014 -0.9969 -0.0783
vn -0.0016 -0.9969 -0.0783
vn -0.0016 -0.9970 -0.0780
vn -0.0012 -0.9904 -0.1382
vn 0.0096 -0.9999 0.0070
vn 0.0099 -0.9997 -0.0212
vn -0.0016 -0.9904 -0.1381
vn -0.2639 -0.8957 -0.3578
vn -0.1855 -0.7699 -0.6106
vn -0.2386 -0.9482 -0.2096
vn -0.5069 -0.8326 -0.2231
vn -0.4772 -0.8195 -0.3173
vn -0.3682 -0.7737 -0.5156
vn -0.1585 -0.9807 -0.1144
vn -0.0890 -0.9935 -0.0707
vn -0.2238 -0.9675 -0.1177
vn -0.4854 -0.8569 -0.1736
vn -0.0456 -0.9975 -0.0532
vn -0.0182 -0.9989 -0.0428
vn -0.0363 -0.9979 -0.0541
vn -0.1081 -0.9909 -0.0795
vn -0.0051 -0.9983 -0.0578
vn -0.0018 -0.9969 -0.0786
vn -0.0020 -0.9969 -0.0786
vn -0.0081 -0.9981 -0.0617
vn -0.0017 -0.9969 -0.0780
vn -0.0017 -0.9969 -0.0781
vn -0.0083 -0.9911 -0.1328
vn -0.0116 -0.9994 -0.0332
vn -0.1138 -0.9919 -0.0556
vn -0.0150 -0.9917 -0.1277
vn 0.0093 0.5233 -0.8521
vn 0.0088 0.1158 -0.9932
vn 0.0152 0.1238 -0.9922
vn 0.0267 0.5279 -0.8489
vn -0.0054 -0.6984 -0.7157
vn -0.0038 -0.6880 -0.7257
vn 0.0226 0.1131 -0.9933
vn 0.0432 0.5098 -0.8592
vn -0.0140 -0.9815 -0.1912
vn -0.0107 -0.9807 -0.1950
vn -0.0154 -0.9991 -0.0391
vn -0.0114 -0.9992 -0.0385
vn -0.0164 -0.9991 -0.0390
vn -0.0110 -0.9992 -0.0388
vn -0.0179 -0.9991 -0.0393
vn -0.0099 -0.9992 -0.0388
vn -0.0188 -0.9991 -0.0378
vn -0.0091 -0.9992 -0.0378
vn -0.0213 -0.9987 -0.0455
vn -0.0098 -0.9991 -0.0419
vn -0.0255 -0.9973 -0.0692
vn -0.0103 -0.9977 -0.0672
vn -0.0261 -0.9965 -0.0789
vn -0.0084 -0.9967 -0.0813
vn -0.0260 -0.9975 -0.0663
vn -0.0100 -0.9981 -0.0614
vn -0.0276 -0.9942 -0.1043
vn -0.0113 -0.9944 -0.1046
vn -0.0266 -0.9866 -0.1610
vn -0.0066 -0.9864 -0.1643
vn -0.0346 -0.9984 0.0440
vn -0.0247 -0.9961 0.0846
vn -0.0405 -0.9795 0.1971
vn -0.0354 -0.9731 0.2277
vn -0.0482 -0.6702 0.7406
vn -0.0464 -0.5419 0.8392
vn -0.0489 -0.5516 0.8327
vn -0.0577 -0.6701 0.7400
vn -0.0416 -0.5739 0.8178
vn -0.0531 -0.6772 0.7339
vn -0.0402 -0.9616 0.2714
vn -0.0246 -0.9560 0.2924
vn -0.0232 -0.9559 0.2926
vn -0.0348 -0.5862 0.8094
vn -0.0342 -0.6791 0.7333
vn -0.0442 -0.5572 0.8292
vn -0.0277 -0.6556 0.7546
vn -0.0102 -0.9590 0.2831
vn -0.0172 -0.9633 0.2680
vn -0.0270 -0.5041 0.8632
vn -0.0237 -0.6312 0.7752
vn 0.0034 -0.5512 0.8344
vn -0.0171 -0.6492 0.7604
vn -0.0322 -0.9616 0.2727
vn -0.0220 -0.9593 0.2815
vn -0.0204 -0.9594 0.2814
vn -0.0039 -0.5998 0.8001
vn -0.0120 -0.6839 0.7295
vn 0.0004 -0.6042 0.7968
vn 0.0077 -0.6946 0.7193
vn -0.0028 -0.9649 0.2626
vn 0.0040 -0.9747 0.2235
vn 0.0223 -0.6030 0.7975
vn 0.0225 -0.7019 0.7119
vn 0.0399 -0.6275 0.7776
vn 0.0331 -0.7247 0.6883
vn 0.0097 -0.9822 0.1876
vn 0.0169 -0.9883 0.1515
vn 0.0551 -0.6630 0.7466
vn 0.0493 -0.7577 0.6507
vn 0.0608 -0.7946 0.6041
vn 0.0614 -0.7986 0.5988
vn 0.0179 -0.9936 0.1115
vn -0.0095 -0.9971 0.0751
vn 0.0618 -0.8541 0.5164
vn 0.0618 -0.8547 0.5154
vn 0.0588 -0.8866 0.4589
vn -0.0962 -0.9950 0.0269
vn -0.3384 -0.9381 0.0742
vn -0.3503 -0.9270 -0.1341
vn -0.0315 -0.9621 0.2708
vn -0.4402 -0.8614 0.2535
vn -0.2217 -0.9709 -0.0906
vn -0.2298 -0.9670 -0.1098
vn -0.2197 -0.9709 -0.0955
vn -0.2346 -0.9671 -0.0987
vn -0.7321 -0.6673 -0.1370
vn -0.8520 -0.5067 -0.1315
vn -0.3555 -0.9250 -0.1344
vn -0.2669 -0.9571 -0.1126
vn -0.3038 -0.9445 -0.1250
vn -0.6642 -0.7356 -0.1333
vn -0.9345 -0.3261 -0.1430
vn -0.5769 -0.8086 -0.1158
vn -0.4697 -0.8729 -0.1321
vn -0.7472 -0.6525 -0.1265
vn -0.8112 -0.5693 -0.1333
vn -0.7040 -0.6936 -0.1528
vn -0.6563 -0.7436 -0.1282
vn -0.8587 -0.4926 -0.1412
vn -0.8697 -0.4804 -0.1135
vn -0.8520 -0.5084 -0.1254
vn -0.8322 -0.5369 -0.1387
vn -0.7630 -0.6267 -0.1583
vn -0.6110 -0.7172 -0.3351
vn 0.1144 -0.3906 -0.9134
vn 0.0815 -0.3884 -0.9179
vn -0.1042 -0.5840 -0.8051
vn 0.0669 -0.4487 -0.8912
vn -0.3478 -0.7519 -0.5601
vn -0.5787 -0.7173 -0.3881
vn -0.3424 -0.6202 -0.7057
vn 0.1568 0.1797 -0.9711
vn 0.0585 -0.2240 -0.9728
vn 0.2627 -0.0651 -0.9627
vn 0.3072 -0.1169 -0.9445
vn -0.1418 -0.6820 -0.7175
vn 0.0110 0.1317 -0.9912
vn 0.0282 -0.1936 -0.9807
vn 0.0209 -0.1760 -0.9842
vn -0.0100 0.2093 -0.9778
vn 0.0820 0.2195 -0.9722
vn 0.0372 -0.1002 -0.9943
vn 0.0506 -0.1621 -0.9855
vn 0.1143 0.1281 -0.9852
vn 0.0580 0.3211 -0.9453
vn 0.0278 -0.0196 -0.9994
vn 0.0242 -0.0514 -0.9984
vn 0.0450 0.2850 -0.9575
vn 0.0584 0.4273 -0.9022
vn 0.0284 0.0555 -0.9981
vn 0.0290 0.0176 -0.9994
vn 0.0615 0.3724 -0.9260
vn 0.0267 0.0882 -0.9957
vn 0.0529 0.4734 -0.8793
vn -0.0270 0.4183 -0.9079
vn -0.0176 0.4164 -0.9090
vn -0.0169 0.4180 -0.9083
vn -0.0269 0.4249 -0.9048
vn -0.0001 0.4085 -0.9128
vn 0.0004 0.4046 -0.9145
vn 0.0040 0.4667 -0.8844
vn -0.0141 0.4796 -0.8774
vn -0.0250 0.4892 -0.8718
vn 0.0226 0.3991 -0.9166
vn 0.0225 0.3972 -0.9175
vn 0.0259 0.3944 -0.9186
vn 0.0261 0.4052 -0.9138
vn 0.0300 0.4756 -0.8792
vn 0.0265 0.4626 -0.8862
vn -0.0191 0.3985 -0.9170
vn -0.0179 0.4254 -0.9048
vn -0.0545 0.4202 -0.9058
vn -0.0549 0.4356 -0.8985
vn -0.0502 0.5086 -0.8595
vn -0.0141 0.4961 -0.8681
vn -0.0864 0.4335 -0.8970
vn -0.0857 0.4523 -0.8877
vn -0.0968 0.4579 -0.8837
vn -0.0986 0.4501 -0.8875
vn -0.0929 0.5087 -0.8559
vn -0.0807 0.5156 -0.8530
vn -0.0765 0.4639 -0.8826
vn -0.0770 0.4564 -0.8864
vn 0.1214 0.4442 -0.8877
vn 0.1207 0.4027 -0.9074
vn 0.1338 0.4617 -0.8769
vn 0.1256 0.4110 -0.9030
vn 0.1407 0.5054 -0.8513
vn 0.1390 0.4945 -0.8580
vn -0.0713 0.5062 -0.8594
vn -0.2763 0.2525 -0.9273
vn -0.3452 0.2836 -0.8946
vn -0.3454 0.2822 -0.8950
vn -0.2691 0.3218 -0.9078
vn -0.2421 0.4679 -0.8500
vn -0.2719 0.3561 -0.8940
vn -0.2745 0.3761 -0.8850
vn -0.3374 0.3602 -0.8697
vn -0.2583 0.3989 -0.8798
vn -0.0123 0.5041 -0.8636
vn -0.0238 0.5164 -0.8560
vn 0.0059 0.4903 -0.8715
vn 0.0075 0.5096 -0.8604
vn -0.0104 0.5244 -0.8514
vn -0.0223 0.5394 -0.8418
vn 0.0276 0.4881 -0.8723
vn 0.0305 0.5053 -0.8624
vn 0.0302 0.5285 -0.8484
vn 0.0281 0.5087 -0.8605
vn -0.0130 0.5277 -0.8493
vn -0.0483 0.5394 -0.8407
vn -0.0469 0.5615 -0.8262
vn -0.0124 0.5518 -0.8339
vn -0.0782 0.5409 -0.8374
vn -0.0901 0.5272 -0.8449
vn -0.0874 0.5386 -0.8380
vn -0.0759 0.5583 -0.8262
vn -0.0686 0.5199 -0.8515
vn 0.1424 0.5181 -0.8434
vn 0.1420 0.5146 -0.8456
vn 0.1425 0.5233 -0.8401
vn 0.1426 0.5217 -0.8411
vn -0.0662 0.5276 -0.8469
vn -0.3313 0.3852 -0.8613
vn -0.2497 0.4286 -0.8683
vn -0.2777 0.3677 -0.8875
vn -0.2794 0.3588 -0.8906
vn -0.3253 0.3974 -0.8580
vn -0.2418 0.4443 -0.8626
vn -0.0084 0.5457 -0.8379
vn -0.0206 0.5633 -0.8260
vn 0.0092 0.5301 -0.8479
vn 0.0110 0.5525 -0.8334
vn -0.0061 0.5689 -0.8224
vn -0.0185 0.5889 -0.8080
vn 0.0286 0.5300 -0.8475
vn 0.0298 0.5510 -0.8340
vn 0.0293 0.5740 -0.8184
vn 0.0290 0.5527 -0.8329
vn -0.0117 0.5739 -0.8188
vn -0.0454 0.5808 -0.8128
vn -0.0436 0.5982 -0.8002
vn -0.0108 0.5952 -0.8035
vn -0.0734 0.5727 -0.8165
vn -0.0845 0.5477 -0.8324
vn -0.0814 0.5548 -0.8280
vn -0.0707 0.5847 -0.8081
vn -0.0638 0.5338 -0.8432
vn 0.1422 0.5259 -0.8386
vn 0.1424 0.5251 -0.8390
vn 0.1417 0.5266 -0.8382
vn 0.1419 0.5266 -0.8382
vn -0.0614 0.5384 -0.8404
vn -0.3192 0.4051 -0.8567
vn -0.2343 0.4543 -0.8595
vn -0.2801 0.3510 -0.8935
vn -0.2801 0.3437 -0.8963
vn -0.3131 0.4102 -0.8566
vn -0.2272 0.4608 -0.8579
vn -0.0037 0.5939 -0.8045
vn -0.0160 0.6161 -0.7875
vn 0.0128 0.5767 -0.8168
vn 0.0148 0.6029 -0.7977
vn -0.0010 0.6207 -0.7840
vn -0.0132 0.6449 -0.7641
vn 0.0294 0.5770 -0.8162
vn 0.0289 0.5974 -0.8014
vn 0.0287 0.6215 -0.7829
vn 0.0300 0.6028 -0.7974
vn -0.0097 0.6158 -0.7879
vn -0.0415 0.6139 -0.7883
vn -0.0390 0.6281 -0.7772
vn -0.0083 0.6359 -0.7717
vn -0.0678 0.5943 -0.8014
vn -0.0783 0.5594 -0.8252
vn -0.0753 0.5616 -0.8240
vn -0.0646 0.6016 -0.7962
vn -0.0591 0.5409 -0.8390
vn 0.1414 0.5260 -0.8386
vn 0.1415 0.5264 -0.8384
vn 0.1410 0.5253 -0.8391
vn 0.1412 0.5255 -0.8390
vn -0.0572 0.5412 -0.8389
vn -0.3069 0.4138 -0.8571
vn -0.2205 0.4657 -0.8570
vn -0.2796 0.3367 -0.8991
vn -0.2786 0.3299 -0.9020
vn -0.3004 0.4176 -0.8575
vn -0.2139 0.4713 -0.8556
vn 0.0020 0.6510 -0.7591
vn -0.0099 0.6769 -0.7360
vn 0.0170 0.6325 -0.7743
vn 0.0197 0.6734 -0.7390
vn 0.0056 0.6922 -0.7216
vn -0.0059 0.7193 -0.6947
vn 0.0307 0.6317 -0.7746
vn 0.0289 0.6480 -0.7611
vn 0.0300 0.6848 -0.7281
vn 0.0321 0.6716 -0.7402
vn -0.0062 0.6575 -0.7534
vn -0.0358 0.6427 -0.7652
vn -0.0310 0.6666 -0.7448
vn -0.0026 0.6890 -0.7248
vn -0.0608 0.6085 -0.7912
vn -0.0721 0.5628 -0.8234
vn -0.0679 0.5712 -0.8180
vn -0.0553 0.6241 -0.7794
vn -0.0554 0.5408 -0.8393
vn 0.1406 0.5294 -0.8367
vn 0.1408 0.5272 -0.8380
vn 0.1397 0.5540 -0.8207
vn 0.1401 0.5429 -0.8280
vn -0.0530 0.5480 -0.8348
vn -0.2925 0.4271 -0.8556
vn -0.2066 0.4849 -0.8498
vn -0.2771 0.3242 -0.9045
vn -0.2744 0.3248 -0.9051
vn -0.2795 0.4593 -0.8432
vn -0.1952 0.5269 -0.8272
vn 0.0114 0.7743 -0.6327
vn 0.0004 0.7993 -0.6009
vn 0.0246 0.7567 -0.6533
vn 0.0257 0.7613 -0.6478
vn 0.0137 0.7795 -0.6263
vn 0.0034 0.8050 -0.5933
vn 0.0360 0.7536 -0.6563
vn 0.0344 0.7626 -0.6460
vn 0.0338 0.7598 -0.6493
vn 0.0358 0.7559 -0.6537
vn 0.0056 0.7616 -0.6480
vn -0.0199 0.7342 -0.6787
vn -0.0184 0.7169 -0.6970
vn 0.0063 0.7513 -0.6600
vn -0.0429 0.6859 -0.7265
vn -0.0579 0.6240 -0.7793
vn -0.0578 0.5906 -0.8049
vn -0.0429 0.6550 -0.7545
vn -0.0453 0.6010 -0.7979
vn 0.1362 0.6438 -0.7530
vn 0.1376 0.6127 -0.7782
vn 0.1275 0.5907 -0.7967
vn 0.1307 0.6333 -0.7628
vn -0.0498 0.5519 -0.8324
vn -0.2460 0.5704 -0.7837
vn -0.1686 0.6464 -0.7441
vn -0.2664 0.3620 -0.8933
vn -0.2643 0.2899 -0.9198
vn -0.2494 0.5425 -0.8022
vn -0.1660 0.6297 -0.7589
vn -0.0269 0.5071 -0.8615
vn -0.0075 0.4886 -0.8725
vn -0.0234 0.5183 -0.8549
vn -0.0312 0.4110 -0.9111
vn -0.0114 0.3960 -0.9182
vn -0.0141 0.5217 -0.8530
vn 0.0041 0.5203 -0.8540
vn 0.0283 0.5134 -0.8577
vn 0.0331 0.5037 -0.8632
vn -0.0092 0.5023 -0.8647
vn -0.0437 0.5218 -0.8520
vn -0.0743 0.5355 -0.8413
vn -0.0818 0.5672 -0.8195
vn -0.0621 0.5757 -0.8153
vn 0.1138 0.4940 -0.8620
vn 0.1027 0.5321 -0.8404
vn -0.3208 0.4448 -0.8362
vn -0.2691 0.3768 -0.8863
vn -0.3551 0.5351 -0.7665
vn -0.0198 0.8060 -0.5915
vn 0.2691 0.8180 -0.5084
vn 0.2887 0.5975 -0.7481
vn 0.2793 0.6842 -0.6737
vn -0.1196 0.6197 -0.7757
vn -0.1387 0.5334 -0.8344
vn -0.1623 0.4138 -0.8958
vn 0.2985 0.4610 -0.8357
vn 0.2962 0.4823 -0.8244
vn 0.3051 0.4178 -0.8558
vn 0.3018 0.4369 -0.8473
vn -0.1642 0.4110 -0.8967
vn -0.1666 0.3909 -0.9052
vn 0.3111 0.3920 -0.8657
vn 0.3084 0.4015 -0.8624
vn 0.3157 0.3787 -0.8700
vn 0.3137 0.3839 -0.8685
vn -0.1680 0.3743 -0.9120
vn -0.1688 0.3605 -0.9174
vn 0.3187 0.3702 -0.8726
vn 0.3174 0.3738 -0.8715
vn 0.3201 0.3636 -0.8748
vn 0.3196 0.3666 -0.8738
vn -0.1693 0.3479 -0.9221
vn -0.1696 0.3359 -0.9265
vn 0.3200 0.3578 -0.8773
vn 0.3202 0.3605 -0.8761
vn 0.3185 0.3518 -0.8802
vn 0.3194 0.3547 -0.8787
vn -0.1699 0.3240 -0.9307
vn -0.1701 0.3119 -0.9348
vn 0.3157 0.3436 -0.8845
vn 0.3172 0.3478 -0.8823
vn 0.3120 0.3282 -0.8916
vn 0.3138 0.3365 -0.8879
vn -0.1699 0.3008 -0.9384
vn -0.1672 0.3084 -0.9364
vn 0.3085 0.3156 -0.8974
vn 0.3100 0.3205 -0.8951
vn 0.2993 0.0290 -0.9537
vn 0.3078 0.2308 -0.9230
vn -0.1658 0.2283 -0.9594
vn -0.1449 -0.1215 -0.9820
vn -0.2481 -0.0350 -0.9681
vn 0.2531 -0.4302 -0.8665
vn 0.2822 -0.1860 -0.9411
vn 0.2862 -0.6207 -0.7299
vn -0.0351 -0.4766 -0.8784
vn -0.1207 -0.3718 -0.9204
vn -0.2585 0.2698 -0.9276
vn -0.1864 0.3648 -0.9122
vn -0.1740 -0.0779 -0.9817
vn -0.0557 0.0454 -0.9974
vn 0.0246 0.3728 -0.9276
vn -0.0717 0.3640 -0.9286
vn 0.0969 0.3284 -0.9396
vn -0.0046 0.0751 -0.9972
vn -0.0609 0.0927 -0.9938
vn -0.0540 0.4457 -0.8936
vn -0.0287 0.5324 -0.8460
vn -0.0429 0.1807 -0.9826
vn -0.0230 0.2686 -0.9630
vn -0.0041 0.5834 -0.8122
vn 0.0238 0.6086 -0.7932
vn -0.0054 0.3318 -0.9433
vn 0.0144 0.3688 -0.9294
vn 0.0289 0.6138 -0.7890
vn 0.0222 0.6250 -0.7803
vn 0.0212 0.3850 -0.9227
vn 0.0195 0.4015 -0.9156
vn 0.0121 0.6480 -0.7615
vn 0.0028 0.6796 -0.7336
vn 0.0138 0.4259 -0.9047
vn 0.0076 0.4591 -0.8883
vn 0.0097 0.8526 -0.5225
vn -0.0012 0.8320 -0.5547
vn -0.0016 0.7128 -0.7013
vn 0.0088 0.8108 -0.5852
vn 0.0037 0.4960 -0.8683
vn 0.0080 0.6207 -0.7840
vn 0.0034 0.7713 -0.6364
vn -0.0109 0.7487 -0.6628
vn -0.0045 0.8257 -0.5641
vn 0.0075 0.8450 -0.5347
vn -0.0019 0.6901 -0.7237
vn -0.0186 0.6703 -0.7419
vn -0.0151 0.7048 -0.7092
vn 0.0005 0.7266 -0.6871
vn -0.0059 0.6222 -0.7829
vn -0.0241 0.6079 -0.7936
vn -0.0216 0.6384 -0.7694
vn -0.0040 0.6556 -0.7551
vn -0.0086 0.5585 -0.8294
vn -0.0280 0.5511 -0.8340
vn -0.0263 0.5788 -0.8151
vn -0.0074 0.5898 -0.8075
vn -0.0104 0.4924 -0.8703
vn -0.0302 0.4929 -0.8696
vn -0.0292 0.5242 -0.8511
vn -0.0096 0.5278 -0.8493
vn -0.0315 0.4244 -0.9049
vn -0.0116 0.4210 -0.9070
vn 0.0715 0.0959 0.9928
vn -0.0284 0.1031 0.9943
vn -0.0297 0.0770 0.9966
vn 0.0707 0.0724 0.9949
vn -0.1398 0.0722 0.9875
vn -0.1434 0.0603 0.9878
vn -0.1449 0.1065 0.9837
vn -0.0295 0.1042 0.9941
vn 0.0718 0.1095 0.9914
vn -0.1676 0.0492 0.9846
vn -0.1726 0.0266 0.9846
vn 0.1298 -0.0134 0.9914
vn 0.1390 0.0053 0.9903
vn 0.1406 -0.0130 0.9900
vn 0.1316 -0.0301 0.9908
vn 0.1424 0.0391 0.9890
vn 0.1343 0.0455 0.9899
vn -0.1762 0.0995 0.9793
vn 0.0394 0.0397 0.9984
vn 0.0391 0.0094 0.9992
vn -0.0762 0.0403 0.9963
vn -0.0767 0.0103 0.9970
vn -0.0788 0.0548 0.9954
vn 0.0385 0.0384 0.9985
vn -0.0073 0.0037 1.0000
vn -0.0060 -0.0236 0.9997
vn 0.0630 -0.0195 0.9978
vn 0.0645 -0.0452 0.9969
vn 0.0601 0.0183 0.9980
vn -0.0103 0.0447 0.9989
vn 0.0323 -0.0147 0.9994
vn 0.0348 -0.0421 0.9985
vn 0.0657 -0.0260 0.9975
vn 0.0694 -0.0521 0.9962
vn 0.0623 0.0167 0.9979
vn 0.0303 0.0190 0.9994
vn 0.1648 -0.0341 0.9857
vn 0.1713 -0.0671 0.9829
vn 0.1351 0.0881 0.9869
vn 0.1541 0.0068 0.9880
vn 0.1593 0.0116 0.9872
vn 0.1664 -0.0161 0.9859
vn -0.0300 0.0915 0.9954
vn 0.0695 0.1042 0.9921
vn -0.1449 0.1056 0.9838
vn -0.1438 0.0972 0.9848
vn -0.0304 0.0742 0.9968
vn 0.0660 0.0937 0.9934
vn -0.1773 0.1119 0.9778
vn 0.1409 0.0417 0.9892
vn 0.1335 0.0610 0.9892
vn 0.1380 0.0366 0.9898
vn 0.1315 0.0650 0.9892
vn -0.1772 0.1127 0.9777
vn 0.0377 0.0265 0.9989
vn -0.0774 0.0491 0.9958
vn -0.0748 0.0352 0.9966
vn 0.0367 0.0098 0.9993
vn -0.0112 0.0524 0.9986
vn 0.0582 0.0256 0.9980
vn 0.0566 0.0220 0.9982
vn -0.0111 0.0478 0.9988
vn 0.0307 0.0236 0.9992
vn 0.0615 0.0236 0.9978
vn 0.0621 0.0165 0.9979
vn 0.0321 0.0172 0.9993
vn 0.1650 -0.0183 0.9861
vn 0.1662 -0.0161 0.9860
vn 0.1722 -0.0489 0.9839
vn 0.1639 -0.0317 0.9860
vn -0.0308 0.0575 0.9979
vn 0.0617 0.0837 0.9946
vn -0.1417 0.0881 0.9860
vn -0.1387 0.0802 0.9871
vn -0.0310 0.0426 0.9986
vn 0.0567 0.0752 0.9956
vn -0.1761 0.1113 0.9781
vn 0.1341 0.0309 0.9905
vn 0.1286 0.0670 0.9894
vn 0.1295 0.0263 0.9912
vn 0.1250 0.0697 0.9897
vn -0.1740 0.1105 0.9785
vn 0.0354 -0.0061 0.9994
vn -0.0716 0.0203 0.9972
vn -0.0680 0.0057 0.9977
vn 0.0338 -0.0210 0.9992
vn -0.0107 0.0404 0.9991
vn 0.0549 0.0166 0.9984
vn 0.0532 0.0112 0.9985
vn -0.0099 0.0326 0.9994
vn 0.0336 0.0089 0.9994
vn 0.0628 0.0056 0.9980
vn 0.0635 -0.0067 0.9980
vn 0.0349 0.0004 0.9994
vn 0.1624 -0.0483 0.9855
vn 0.1768 -0.0831 0.9807
vn 0.1801 -0.1189 0.9764
vn 0.1604 -0.0663 0.9848
vn -0.0312 0.0294 0.9991
vn 0.0510 0.0684 0.9964
vn -0.1349 0.0742 0.9881
vn -0.1300 0.0706 0.9890
vn -0.0314 0.0176 0.9994
vn 0.0447 0.0629 0.9970
vn -0.1709 0.1119 0.9789
vn 0.1239 0.0233 0.9920
vn 0.1206 0.0748 0.9899
vn 0.1174 0.0223 0.9928
vn 0.1154 0.0835 0.9898
vn -0.1666 0.1166 0.9791
vn 0.0320 -0.0353 0.9989
vn -0.0640 -0.0082 0.9979
vn -0.0596 -0.0209 0.9980
vn 0.0299 -0.0490 0.9984
vn -0.0090 0.0256 0.9996
vn 0.0513 0.0065 0.9987
vn 0.0493 0.0038 0.9988
vn -0.0079 0.0206 0.9998
vn 0.0359 -0.0077 0.9993
vn 0.0638 -0.0190 0.9978
vn 0.0636 -0.0287 0.9976
vn 0.0366 -0.0138 0.9992
vn 0.1579 -0.0837 0.9839
vn 0.1817 -0.1544 0.9712
vn 0.1809 -0.1818 0.9666
vn 0.1545 -0.0971 0.9832
vn -0.0314 0.0077 0.9995
vn 0.0378 0.0590 0.9975
vn -0.1239 0.0708 0.9898
vn -0.1161 0.0839 0.9897
vn -0.0312 0.0075 0.9995
vn 0.0307 0.0646 0.9974
vn -0.1606 0.1265 0.9789
vn 0.1097 0.0255 0.9936
vn 0.1090 0.0983 0.9892
vn 0.1006 0.0432 0.9940
vn -0.0239 0.1402 0.9898
vn 0.0274 -0.0603 0.9978
vn -0.0547 -0.0302 0.9980
vn -0.0494 -0.0262 0.9984
vn 0.0246 -0.0593 0.9979
vn -0.0067 0.0208 0.9998
vn 0.0469 0.0065 0.9989
vn 0.0433 0.0268 0.9987
vn -0.0057 0.0374 0.9993
vn 0.0625 -0.0301 0.9976
vn 0.0594 -0.0094 0.9982
vn 0.0351 0.0053 0.9994
vn 0.1498 -0.1014 0.9835
vn 0.1778 -0.1917 0.9652
vn 0.1726 -0.1833 0.9678
vn 0.1429 -0.0852 0.9861
vn -0.0294 0.0579 0.9979
vn 0.0248 0.1199 0.9925
vn -0.1042 0.1527 0.9828
vn -0.0959 0.0778 0.9923
vn -0.0314 -0.0221 0.9993
vn 0.0128 0.0515 0.9986
vn -0.0230 0.2192 0.9754
vn 0.0893 0.1187 0.9889
vn 0.0760 0.0638 0.9951
vn -0.0224 0.2132 0.9768
vn 0.0212 -0.0031 0.9998
vn -0.0441 0.0318 0.9985
vn -0.0351 -0.0306 0.9989
vn 0.0177 -0.0819 0.9965
vn -0.0062 0.1110 0.9938
vn 0.0361 0.1063 0.9937
vn 0.0360 0.0429 0.9984
vn -0.0024 0.0629 0.9980
vn 0.0292 0.0849 0.9960
vn 0.0508 0.0738 0.9960
vn 0.0547 0.0060 0.9985
vn 0.0345 0.0123 0.9993
vn 0.1296 -0.0140 0.9915
vn 0.1627 -0.1444 0.9761
vn 0.1688 -0.3048 0.9373
vn 0.1273 -0.0975 0.9871
vn 0.0639 0.2841 0.9567
vn 0.0723 0.2023 0.9767
vn 0.0064 0.1939 0.9810
vn 0.0648 0.3194 0.9454
vn 0.0746 0.2272 0.9710
vn 0.0686 0.0846 0.9941
vn 0.0011 0.0853 0.9964
vn -0.0170 0.3353 0.9420
vn -0.0234 0.2403 0.9704
vn -0.0976 0.2906 0.9519
vn -0.1290 0.2012 0.9710
vn -0.0055 0.2428 0.9700
vn -0.1518 0.1734 0.9731
vn 0.1043 0.2677 0.9579
vn 0.1332 0.1541 0.9790
vn 0.1242 0.1264 0.9842
vn 0.0295 0.3197 0.9471
vn 0.0378 0.2000 0.9791
vn -0.0604 0.3071 0.9497
vn -0.0757 0.1945 0.9780
vn -0.0173 0.2798 0.9599
vn -0.0143 0.1629 0.9865
vn 0.0298 0.2893 0.9568
vn 0.0503 0.1550 0.9866
vn 0.0091 0.3041 0.9526
vn 0.0194 0.1625 0.9865
vn 0.0248 0.3100 0.9504
vn 0.0482 0.1518 0.9872
vn 0.0499 0.3719 0.9269
vn 0.1311 0.1634 0.9778
vn -0.0789 0.5200 0.8505
vn 0.0604 0.3263 0.9434
vn -0.1586 0.6127 0.7743
vn -0.0036 0.3925 0.9197
vn -0.8093 0.3898 0.4394
vn -0.9032 0.3429 0.2581
vn -0.9144 0.3297 0.2350
vn 0.0760 0.1275 0.9889
vn 0.0973 0.0729 0.9926
vn -0.9036 0.3743 0.2083
vn -0.8882 0.4107 0.2060
vn 0.1112 0.0443 0.9928
vn 0.1249 0.0004 0.9922
vn -0.8879 0.3877 0.2478
vn -0.8894 0.3478 0.2966
vn 0.1369 -0.0455 0.9895
vn 0.1471 -0.0936 0.9847
vn -0.8914 0.2929 0.3460
vn -0.8965 0.1805 0.4045
vn 0.1550 -0.1448 0.9772
vn 0.1597 -0.1922 0.9683
vn -0.8823 -0.0670 0.4659
vn -0.7890 -0.4061 0.4612
vn 0.1604 -0.2185 0.9626
vn 0.1590 -0.2223 0.9619
vn -0.5926 -0.7304 0.3397
vn -0.5269 -0.8258 0.2009
vn 0.1576 -0.2139 0.9641
vn 0.1557 -0.2208 0.9628
vn -0.5248 -0.8354 0.1635
vn -0.4740 0.8196 0.3218
vn -0.5942 0.6744 0.4382
vn 0.1689 -0.4956 0.8520
vn 0.1702 -0.5629 0.8088
vn 0.1667 -0.5927 0.7880
vn -0.7165 0.3551 0.6004
vn -0.7316 -0.0175 0.6815
vn 0.1199 -0.8508 0.5116
vn 0.1389 -0.4813 0.8655
vn 0.0809 -0.3824 0.9205
vn 0.1560 -0.6903 0.7065
vn 0.1383 -0.6513 0.7461
vn 0.0917 -0.5570 0.8254
vn 0.0554 -0.3514 0.9346
vn 0.0462 -0.3091 0.9499
vn 0.0133 -0.2779 0.9605
vn -0.0175 -0.3324 0.9430
vn 0.0101 -0.3589 0.9333
vn 0.0500 -0.2424 0.9689
vn -0.0266 -0.1060 0.9940
vn -0.0806 -0.2416 0.9670
vn -0.0359 -0.3173 0.9476
vn -0.0136 -0.2671 0.9636
vn -0.0070 0.2937 0.9559
vn 0.0154 0.1993 0.9798
vn -0.0161 -0.1673 0.9858
vn -0.0287 -0.0974 0.9948
vn -0.0033 0.2849 0.9585
vn 0.0324 0.1983 0.9796
vn 0.0275 0.2680 0.9630
vn -0.0016 0.3588 0.9334
vn -0.0009 0.2497 0.9683
vn 0.0457 0.1731 0.9839
vn 0.0390 0.1804 0.9828
vn -0.0024 0.2619 0.9651
vn 0.0019 0.2264 0.9740
vn 0.0573 0.1617 0.9852
vn 0.0518 0.1672 0.9846
vn 0.0006 0.2385 0.9711
vn 0.0040 0.1993 0.9799
vn 0.0661 0.1523 0.9861
vn 0.0621 0.1568 0.9857
vn 0.0031 0.2133 0.9770
vn 0.0041 0.1596 0.9872
vn 0.0707 0.1352 0.9883
vn 0.0691 0.1472 0.9867
vn 0.0044 0.1834 0.9830
vn 0.0682 0.0770 0.9947
vn 0.0008 0.0875 0.9962
vn -0.1755 0.0942 0.9800
vn -0.1996 0.0076 0.9798
vn -0.2080 -0.0179 0.9780
vn -0.1963 0.0138 0.9804
vn -0.0620 0.0190 0.9979
vn -0.0665 -0.0006 0.9978
vn -0.0518 0.0675 0.9964
vn -0.1974 0.0356 0.9797
vn -0.1960 0.0193 0.9804
vn -0.0240 0.0489 0.9985
vn -0.0275 0.0230 0.9994
vn -0.0733 0.0541 0.9958
vn -0.0792 0.0238 0.9966
vn -0.0709 0.0704 0.9950
vn -0.0183 0.0725 0.9972
vn -0.0076 0.0601 0.9982
vn -0.0132 0.0295 0.9995
vn 0.0118 0.0718 0.9973
vn 0.0072 0.0357 0.9993
vn 0.0113 0.0684 0.9976
vn -0.0052 0.0778 0.9970
vn -0.1269 0.0608 0.9900
vn -0.1310 0.0287 0.9910
vn -0.1475 0.0194 0.9889
vn -0.1503 0.0123 0.9886
vn -0.1456 0.0804 0.9861
vn -0.1275 0.0642 0.9898
vn 0.0300 0.0216 0.9993
vn 0.0293 0.0088 0.9995
vn 0.0627 0.0597 0.9962
vn 0.0643 0.0455 0.9969
vn 0.0695 0.0958 0.9930
vn 0.0386 0.0892 0.9953
vn -0.0630 0.0953 0.9935
vn -0.0633 0.0716 0.9954
vn -0.1134 0.1002 0.9885
vn -0.1136 0.0893 0.9895
vn -0.1101 0.1446 0.9833
vn -0.0595 0.1141 0.9917
vn -0.1956 0.0344 0.9801
vn -0.1996 -0.0065 0.9799
vn -0.0504 0.0720 0.9961
vn -0.0525 0.0604 0.9968
vn -0.1954 0.0209 0.9805
vn -0.2022 -0.0329 0.9788
vn -0.0202 0.0676 0.9975
vn -0.0708 0.0644 0.9954
vn -0.0722 0.0480 0.9962
vn -0.0247 0.0510 0.9984
vn -0.0063 0.0720 0.9974
vn 0.0080 0.0550 0.9985
vn 0.0034 0.0344 0.9994
vn -0.0095 0.0553 0.9984
vn -0.1270 0.0553 0.9904
vn -0.1430 0.0937 0.9853
vn -0.1400 0.0967 0.9854
vn -0.1262 0.0404 0.9912
vn 0.0408 0.1094 0.9932
vn 0.0694 0.1003 0.9925
vn 0.0679 0.0976 0.9929
vn 0.0412 0.1175 0.9922
vn -0.0576 0.1141 0.9918
vn -0.1072 0.1554 0.9820
vn -0.1037 0.1595 0.9817
vn -0.0558 0.1085 0.9925
vn -0.1952 0.0037 0.9808
vn -0.2038 -0.0573 0.9773
vn -0.0559 0.0434 0.9975
vn -0.0598 0.0243 0.9979
vn -0.1950 -0.0150 0.9807
vn -0.2049 -0.0806 0.9755
vn -0.0300 0.0312 0.9991
vn -0.0739 0.0289 0.9968
vn -0.0756 0.0085 0.9971
vn -0.0356 0.0100 0.9993
vn -0.0133 0.0356 0.9993
vn -0.0015 0.0126 0.9999
vn -0.0065 -0.0097 0.9999
vn -0.0173 0.0145 0.9997
vn -0.1246 0.0250 0.9919
vn -0.1362 0.0975 0.9859
vn -0.1316 0.0979 0.9865
vn -0.1223 0.0098 0.9924
vn 0.0409 0.1226 0.9916
vn 0.0656 0.0935 0.9934
vn 0.0627 0.0884 0.9941
vn 0.0401 0.1268 0.9911
vn -0.0537 0.1018 0.9934
vn -0.0996 0.1617 0.9818
vn -0.0947 0.1620 0.9822
vn -0.0514 0.0936 0.9943
vn -0.1945 -0.0338 0.9803
vn -0.2057 -0.1031 0.9732
vn -0.0639 0.0046 0.9979
vn -0.0678 -0.0138 0.9976
vn -0.1935 -0.0511 0.9798
vn -0.2061 -0.1252 0.9705
vn -0.0412 -0.0116 0.9991
vn -0.0774 -0.0125 0.9969
vn -0.0791 -0.0333 0.9963
vn -0.0468 -0.0327 0.9984
vn -0.0216 -0.0075 0.9997
vn -0.0116 -0.0328 0.9994
vn -0.0166 -0.0564 0.9983
vn -0.0261 -0.0295 0.9992
vn -0.1191 -0.0057 0.9929
vn -0.1261 0.0985 0.9871
vn -0.1196 0.1002 0.9877
vn -0.1151 -0.0214 0.9931
vn 0.0389 0.1309 0.9906
vn 0.0590 0.0821 0.9949
vn 0.0545 0.0748 0.9957
vn 0.0372 0.1359 0.9900
vn -0.0490 0.0834 0.9953
vn -0.0893 0.1598 0.9831
vn -0.0833 0.1553 0.9843
vn -0.0465 0.0712 0.9964
vn -0.1913 -0.0635 0.9795
vn -0.2060 -0.1463 0.9676
vn -0.0711 -0.0268 0.9971
vn -0.0715 -0.0215 0.9972
vn -0.1855 -0.0591 0.9809
vn -0.2038 -0.1610 0.9657
vn -0.0518 -0.0501 0.9974
vn -0.0802 -0.0508 0.9955
vn -0.0790 -0.0541 0.9954
vn -0.0542 -0.0520 0.9972
vn -0.0303 -0.0486 0.9984
vn -0.0215 -0.0784 0.9967
vn -0.0250 -0.0891 0.9957
vn -0.0329 -0.0542 0.9980
vn -0.1099 -0.0353 0.9933
vn -0.1119 0.1058 0.9881
vn -0.1015 0.1263 0.9868
vn -0.1023 -0.0375 0.9940
vn 0.0353 0.1450 0.9888
vn 0.0492 0.0694 0.9964
vn 0.0440 0.0773 0.9960
vn 0.0336 0.1690 0.9850
vn -0.0438 0.0593 0.9973
vn -0.0766 0.1512 0.9855
vn -0.0687 0.1579 0.9851
vn -0.0404 0.0582 0.9975
vn -0.1681 0.0026 0.9858
vn -0.1926 -0.1400 0.9712
vn -0.0618 0.0458 0.9970
vn -0.0751 -0.0270 0.9968
vn -0.1752 -0.0918 0.9803
vn -0.2076 -0.2930 0.9333
vn -0.0464 0.0047 0.9989
vn -0.0689 -0.0010 0.9976
vn -0.0768 -0.0749 0.9942
vn -0.0649 -0.0794 0.9947
vn -0.0281 -0.0034 0.9996
vn -0.0221 -0.0466 0.9987
vn -0.0340 -0.1192 0.9923
vn -0.0392 -0.0717 0.9967
vn -0.0873 0.0140 0.9961
vn -0.0839 0.2021 0.9758
vn -0.0760 0.1476 0.9861
vn -0.0854 -0.0604 0.9945
vn 0.0351 0.2472 0.9683
vn 0.0414 0.1417 0.9890
vn 0.0267 0.0588 0.9979
vn 0.0279 0.2076 0.9778
vn -0.0338 0.1096 0.9934
vn -0.0574 0.2176 0.9743
vn -0.0522 0.1393 0.9889
vn -0.0342 0.0306 0.9989
vn 0.0740 0.4097 0.9092
vn 0.2188 0.5677 0.7936
vn -0.1005 0.3114 0.9449
vn -0.1277 0.0699 0.9893
vn 0.2238 0.2394 0.9448
vn 0.2188 0.3380 0.9154
vn -0.1462 0.1940 0.9701
vn -0.0308 0.1827 0.9827
vn 0.0002 0.2092 0.9779
vn -0.0417 0.2182 0.9750
vn 0.0170 0.2147 0.9765
vn 0.0303 0.2284 0.9731
vn -0.1064 0.2195 0.9698
vn -0.1268 0.1638 0.9783
vn 0.0386 0.1575 0.9868
vn 0.0672 0.2009 0.9773
vn -0.0546 0.2366 0.9701
vn -0.1049 0.2256 0.9686
vn -0.0691 0.2041 0.9765
vn -0.0762 0.0928 0.9928
vn -0.0764 0.0949 0.9926
vn -0.0731 0.1645 0.9837
vn -0.0712 0.1871 0.9798
vn -0.0691 0.2019 0.9770
vn -0.0666 0.2143 0.9745
vn -0.0638 0.2248 0.9723
vn -0.0606 0.2333 0.9705
vn -0.0569 0.2399 0.9691
vn -0.0527 0.2470 0.9676
vn -0.0473 0.2653 0.9630
vn -0.0383 0.3358 0.9412
vn -0.0366 0.2630 0.9641
vn -0.0447 -0.1279 0.9908
vn -0.0526 -0.2200 0.9741
vn -0.0427 -0.5550 0.8307
vn -0.0437 -0.5786 0.8144
vn -0.0444 -0.2897 0.9561
vn -0.0093 -0.2677 0.9635
vn -0.0510 -0.5913 0.8048
vn -0.0502 -0.5758 0.8160
vn -0.0121 -0.1466 0.9891
vn -0.0897 -0.1954 0.9766
vn -0.0612 -0.5419 0.8382
vn -0.0856 -0.5630 0.8220
vn -0.0941 -0.3486 0.9325
vn -0.0691 -0.3949 0.9161
vn -0.0878 -0.6144 0.7841
vn -0.0954 -0.6340 0.7674
vn -0.0844 -0.3752 0.9231
vn -0.1174 -0.3859 0.9151
vn -0.1166 -0.6364 0.7625
vn -0.1381 -0.6517 0.7458
vn -0.1169 -0.3989 0.9095
vn -0.1387 -0.3848 0.9125
vn -0.1477 -0.6691 0.7283
vn -0.1694 -0.5486 0.8187
vn -0.2145 -0.4627 0.8602
vn -0.2094 -0.6648 0.7171
vn -0.2231 -0.6440 0.7318
vn -0.1915 -0.8001 0.5685
vn 0.2486 -0.4970 0.8314
vn 0.2350 -0.5864 0.7752
vn 0.2155 -0.6834 0.6976
vn -0.1932 -0.4810 0.8552
vn -0.1977 -0.5442 0.8153
vn -0.1632 -0.8551 0.4921
vn 0.1335 -0.9322 0.3364
vn 0.1569 -0.9451 0.2867
vn 0.2687 -0.2113 0.9398
vn 0.2683 -0.2276 0.9361
vn 0.2677 -0.2820 0.9213
vn 0.2678 -0.2637 0.9267
vn -0.1706 -0.2155 0.9615
vn -0.1664 -0.2130 0.9628
vn 0.2675 -0.1492 0.9519
vn 0.2681 -0.1567 0.9506
vn 0.2689 -0.1843 0.9454
vn 0.2688 -0.1742 0.9473
vn -0.1642 -0.1605 0.9733
vn -0.1676 -0.1875 0.9679
vn 0.2615 -0.1090 0.9590
vn 0.2628 -0.1154 0.9579
vn 0.2660 -0.1351 0.9545
vn 0.2651 -0.1284 0.9556
vn -0.1586 -0.1112 0.9811
vn -0.1613 -0.1356 0.9776
vn 0.2506 -0.0621 0.9661
vn 0.2527 -0.0717 0.9649
vn 0.2584 -0.0956 0.9613
vn 0.2566 -0.0885 0.9624
vn -0.1534 -0.0600 0.9863
vn -0.1561 -0.0865 0.9839
vn 0.2354 0.0370 0.9712
vn 0.2381 0.0145 0.9711
vn 0.2459 -0.0379 0.9686
vn 0.2434 -0.0237 0.9696
vn -0.1445 0.0052 0.9895
vn -0.1498 -0.0299 0.9883
vn 0.2306 0.0883 0.9690
vn 0.2287 0.1134 0.9669
vn -0.1385 0.0352 0.9897
vn 0.3355 0.4105 -0.8479
vn 0.4925 0.2112 -0.8443
vn 0.4983 0.1787 -0.8484
vn 0.3487 0.3186 -0.8814
vn 0.5266 0.0866 -0.8457
vn 0.5377 0.1597 -0.8279
vn 0.5420 0.2123 -0.8131
vn 0.5051 0.2381 -0.8296
vn 0.3513 0.3339 -0.8747
vn 0.0886 0.2767 -0.9569
vn 0.0877 0.2638 -0.9606
vn 0.0804 0.3138 -0.9461
vn 0.0813 0.2943 -0.9522
vn -0.1546 0.4112 -0.8984
vn -0.1536 0.4547 -0.8773
vn -0.1583 0.4122 -0.8973
vn -0.1628 0.4551 -0.8754
vn -0.1659 0.4846 -0.8589
vn -0.1668 0.4922 -0.8544
vn 0.0739 0.4005 -0.9133
vn 0.0746 0.3957 -0.9153
vn 0.0814 0.4651 -0.8815
vn 0.1665 0.4323 -0.8862
vn 0.1694 0.4061 -0.8980
vn 0.0814 0.4321 -0.8981
vn 0.2817 0.3568 -0.8907
vn 0.2862 0.3943 -0.8733
vn 0.2873 0.4308 -0.8555
vn 0.1693 0.4530 -0.8753
vn 0.0801 0.4705 -0.8788
vn 0.0525 0.4121 -0.9096
vn 0.0553 0.4154 -0.9079
vn 0.0546 0.4180 -0.9068
vn 0.0509 0.4137 -0.9090
vn 0.0879 0.4144 -0.9058
vn 0.0883 0.4067 -0.9093
vn 0.0892 0.4668 -0.8798
vn 0.0543 0.4773 -0.8771
vn 0.0498 0.4789 -0.8764
vn 0.1075 0.3955 -0.9122
vn 0.1082 0.4011 -0.9096
vn 0.0978 0.3895 -0.9158
vn 0.0983 0.3980 -0.9121
vn 0.1000 0.4653 -0.8795
vn 0.1093 0.4626 -0.8798
vn 0.0850 0.3827 -0.9199
vn 0.0860 0.3989 -0.9129
vn 0.0676 0.3815 -0.9219
vn 0.0682 0.3992 -0.9143
vn 0.0700 0.4731 -0.8782
vn 0.0877 0.4688 -0.8790
vn 0.5072 0.2500 -0.8248
vn 0.3532 0.3232 -0.8780
vn 0.5426 0.2307 -0.8077
vn 0.5423 0.2410 -0.8049
vn 0.5079 0.2532 -0.8233
vn 0.3541 0.3119 -0.8817
vn 0.0681 0.4285 -0.9010
vn 0.0687 0.4268 -0.9017
vn -0.1674 0.4985 -0.8506
vn -0.1673 0.5002 -0.8496
vn -0.1669 0.5020 -0.8486
vn -0.1664 0.5027 -0.8483
vn 0.0624 0.4416 -0.8950
vn 0.0630 0.4407 -0.8955
vn 0.1695 0.4601 -0.8716
vn 0.0799 0.4718 -0.8781
vn 0.2861 0.4428 -0.8498
vn 0.2833 0.4508 -0.8465
vn 0.1693 0.4618 -0.8707
vn 0.0801 0.4685 -0.8798
vn 0.0545 0.4971 -0.8660
vn 0.0495 0.5009 -0.8641
vn 0.0896 0.4871 -0.8688
vn 0.0898 0.5024 -0.8599
vn 0.0550 0.5111 -0.8578
vn 0.0495 0.5155 -0.8554
vn 0.1093 0.4869 -0.8666
vn 0.1003 0.4942 -0.8635
vn 0.1000 0.5184 -0.8493
vn 0.1088 0.5067 -0.8552
vn 0.0882 0.5012 -0.8608
vn 0.0704 0.5088 -0.8580
vn 0.0704 0.5396 -0.8390
vn 0.0882 0.5291 -0.8440
vn 0.5078 0.2546 -0.8230
vn 0.3546 0.3014 -0.8851
vn 0.5416 0.2484 -0.8031
vn 0.5409 0.2546 -0.8016
vn 0.5070 0.2553 -0.8233
vn 0.3547 0.2911 -0.8885
vn 0.0565 0.4501 -0.8912
vn 0.0570 0.4494 -0.8915
vn -0.1653 0.5036 -0.8480
vn -0.1646 0.5041 -0.8478
vn -0.1630 0.5050 -0.8476
vn -0.1620 0.5056 -0.8474
vn 0.0502 0.4566 -0.8883
vn 0.0508 0.4561 -0.8885
vn 0.1686 0.4632 -0.8701
vn 0.0803 0.4654 -0.8814
vn 0.2792 0.4583 -0.8438
vn 0.2740 0.4655 -0.8416
vn 0.1674 0.4650 -0.8694
vn 0.0806 0.4630 -0.8827
vn 0.0554 0.5247 -0.8495
vn 0.0496 0.5289 -0.8472
vn 0.0897 0.5184 -0.8504
vn 0.0893 0.5354 -0.8399
vn 0.0558 0.5386 -0.8407
vn 0.0496 0.5420 -0.8389
vn 0.1079 0.5273 -0.8428
vn 0.0995 0.5433 -0.8336
vn 0.0985 0.5693 -0.8162
vn 0.1066 0.5491 -0.8290
vn 0.0878 0.5576 -0.8254
vn 0.0701 0.5710 -0.8179
vn 0.0695 0.6038 -0.7941
vn 0.0872 0.5875 -0.8045
vn 0.5056 0.2558 -0.8240
vn 0.3545 0.2808 -0.8919
vn 0.5402 0.2605 -0.8002
vn 0.5394 0.2683 -0.7981
vn 0.5036 0.2571 -0.8248
vn 0.3540 0.2705 -0.8953
vn 0.0437 0.4627 -0.8854
vn 0.0442 0.4623 -0.8856
vn -0.1600 0.5070 -0.8470
vn -0.1588 0.5078 -0.8467
vn -0.1563 0.5102 -0.8457
vn -0.1550 0.5118 -0.8450
vn 0.0367 0.4709 -0.8814
vn 0.0372 0.4703 -0.8817
vn 0.1657 0.4672 -0.8685
vn 0.0810 0.4612 -0.8836
vn 0.2678 0.4727 -0.8395
vn 0.2606 0.4803 -0.8375
vn 0.1637 0.4700 -0.8674
vn 0.0815 0.4603 -0.8840
vn 0.0560 0.5529 -0.8314
vn 0.0495 0.5550 -0.8304
vn 0.0886 0.5534 -0.8282
vn 0.0875 0.5722 -0.8154
vn 0.0561 0.5677 -0.8213
vn 0.0493 0.5683 -0.8214
vn 0.1048 0.5718 -0.8136
vn 0.0971 0.5965 -0.7967
vn 0.0952 0.6249 -0.7748
vn 0.1026 0.5957 -0.7966
vn 0.0861 0.6186 -0.7810
vn 0.0687 0.6379 -0.7671
vn 0.0675 0.6731 -0.7365
vn 0.0845 0.6510 -0.7543
vn 0.5007 0.2629 -0.8247
vn 0.3532 0.2606 -0.8985
vn 0.5382 0.2854 -0.7930
vn 0.5339 0.3353 -0.7762
vn 0.4964 0.2865 -0.8195
vn 0.3518 0.2556 -0.9005
vn 0.0295 0.4885 -0.8721
vn 0.0298 0.4873 -0.8727
vn -0.1517 0.5178 -0.8420
vn -0.1501 0.5216 -0.8399
vn -0.1452 0.5396 -0.8293
vn -0.1429 0.5499 -0.8229
vn 0.0224 0.5378 -0.8428
vn 0.0226 0.5353 -0.8444
vn 0.1612 0.4748 -0.8652
vn 0.0820 0.4613 -0.8834
vn 0.2523 0.4904 -0.8341
vn 0.2423 0.5119 -0.8242
vn 0.1581 0.4884 -0.8582
vn 0.0828 0.4703 -0.8786
vn 0.0558 0.5851 -0.8091
vn 0.0488 0.5839 -0.8103
vn 0.0860 0.5936 -0.8002
vn 0.0839 0.6255 -0.7757
vn 0.0552 0.6136 -0.7877
vn 0.0480 0.6108 -0.7903
vn 0.0999 0.6223 -0.7764
vn 0.0928 0.6561 -0.7489
vn 0.0896 0.6977 -0.7107
vn 0.0963 0.6596 -0.7454
vn 0.0825 0.6861 -0.7228
vn 0.0659 0.7107 -0.7004
vn 0.0639 0.7572 -0.6501
vn 0.0797 0.7311 -0.6776
vn 0.4856 0.3794 -0.7876
vn 0.3496 0.2864 -0.8921
vn 0.5120 0.4782 -0.7136
vn 0.5117 0.4405 -0.7376
vn 0.4731 0.3557 -0.8060
vn 0.3379 0.1864 -0.9225
vn 0.0169 0.6766 -0.7362
vn 0.0170 0.6742 -0.7383
vn -0.1324 0.6135 -0.7785
vn -0.1285 0.6370 -0.7601
vn -0.1198 0.6306 -0.7668
vn -0.0469 0.6532 -0.7557
vn 0.0133 0.6901 -0.7236
vn 0.1525 0.5450 -0.8244
vn 0.0831 0.5188 -0.8509
vn 0.2265 0.5853 -0.7785
vn 0.1179 0.6305 -0.7672
vn 0.1484 0.5302 -0.8348
vn 0.0847 0.5048 -0.8591
vn 0.0536 0.6900 -0.7218
vn 0.0463 0.6861 -0.7260
vn 0.0801 0.7032 -0.7065
vn 0.0769 0.6999 -0.7101
vn 0.0530 0.6833 -0.7282
vn 0.0904 0.7407 -0.6658
vn 0.0843 0.7795 -0.6207
vn 0.0807 0.7800 -0.6206
vn 0.0874 0.7375 -0.6697
vn 0.0751 0.8117 -0.5793
vn 0.0608 0.8350 -0.5468
vn 0.0591 0.8407 -0.5382
vn 0.0730 0.8147 -0.5753
vn -0.1800 0.9028 -0.3905
vn -0.1232 0.8870 -0.4450
vn 0.1510 0.7823 -0.6043
vn 0.2239 0.7256 -0.6506
vn 0.2746 0.6334 -0.7235
vn 0.1879 0.7074 -0.6813
vn 0.2460 0.5184 -0.8190
vn -0.1274 0.7454 -0.6543
vn -0.1417 0.6662 -0.7321
vn -0.1470 0.6319 -0.7610
vn 0.3726 0.5639 -0.7370
vn 0.4719 0.3938 -0.7888
vn 0.2819 0.4376 -0.8539
vn 0.5275 0.2341 -0.8166
vn 0.1377 0.4436 -0.8856
vn 0.1030 0.3733 -0.9220
vn 0.1066 0.3913 -0.9141
vn -0.1006 0.5721 -0.8140
vn 0.0046 0.6060 -0.7955
vn -0.1372 0.5474 -0.8256
vn -0.1459 0.5109 -0.8472
vn 0.1376 0.6120 -0.7788
vn 0.1559 0.5483 -0.8216
vn 0.0771 0.5776 -0.8127
vn 0.1468 0.5691 -0.8091
vn 0.2737 0.4661 -0.8413
vn 0.0649 0.5765 -0.8145
vn 0.0575 0.5178 -0.8536
vn 0.0578 0.5107 -0.8578
vn 0.0819 0.5825 -0.8087
vn 0.0862 0.5228 -0.8481
vn 0.1011 0.5684 -0.8165
vn 0.1071 0.5019 -0.8583
vn 0.0946 0.5558 -0.8259
vn 0.0986 0.4923 -0.8648
vn 0.0841 0.5464 -0.8333
vn 0.0865 0.4830 -0.8713
vn 0.0679 0.5398 -0.8390
vn 0.0694 0.4793 -0.8749
vn 0.0409 0.5378 -0.8421
vn 0.0388 0.4766 -0.8783
vn 0.0362 0.3831 -0.9230
vn 0.0366 0.4110 -0.9109
vn 0.0378 0.4841 -0.8742
vn 0.0379 0.5211 -0.8527
vn 0.0379 0.5533 -0.8321
vn 0.0378 0.5860 -0.8094
vn 0.0376 0.6199 -0.7838
vn 0.0374 0.6548 -0.7549
vn 0.0372 0.6906 -0.7223
vn 0.0370 0.7283 -0.6842
vn 0.0368 0.7741 -0.6320
vn 0.0366 0.8480 -0.5288
vn 0.0371 0.8558 -0.5160
vn 0.0356 0.8144 -0.5792
vn 0.0581 0.7976 -0.6004
vn 0.0319 0.6244 -0.7805
vn 0.0518 0.6021 -0.7968
vn 0.0694 0.6872 -0.7232
vn 0.0769 0.6440 -0.7611
vn 0.0826 0.5904 -0.8029
vn 0.0749 0.5433 -0.8362
vn 0.0534 0.5163 -0.8547
vn 0.1132 0.4462 -0.8878
vn 0.1465 0.3462 -0.9267
vn -0.0156 0.3869 -0.9220
vn -0.0441 0.4487 -0.8926
vn 0.0068 0.5042 -0.8635
vn 0.4434 0.1126 -0.8892
vn 0.2766 -0.1299 -0.9522
vn 0.5003 0.2050 -0.8412
vn -0.2133 0.1289 -0.9684
vn -0.2058 0.2256 -0.9522
vn -0.2317 -0.2174 -0.9482
vn -0.2356 -0.3441 -0.9089
vn 0.2580 0.2159 -0.9417
vn 0.2076 -0.1114 -0.9719
vn -0.1943 0.3635 -0.9111
vn -0.1947 0.3665 -0.9098
vn -0.1932 0.3562 -0.9142
vn -0.1929 0.3552 -0.9147
vn 0.2619 0.2587 -0.9298
vn 0.2624 0.2590 -0.9295
vn -0.1971 0.3790 -0.9042
vn -0.1972 0.3796 -0.9039
vn -0.1962 0.3756 -0.9058
vn -0.1958 0.3743 -0.9064
vn 0.2609 0.2881 -0.9214
vn 0.2614 0.2732 -0.9258
vn -0.1962 0.3834 -0.9025
vn -0.1957 0.3839 -0.9024
vn -0.1972 0.3818 -0.9030
vn -0.1973 0.3814 -0.9031
vn 0.2607 0.3160 -0.9122
vn 0.2607 0.3023 -0.9169
vn -0.1897 0.3908 -0.9007
vn -0.1886 0.3922 -0.9003
vn -0.1929 0.3869 -0.9017
vn -0.1937 0.3861 -0.9019
vn 0.2614 0.3441 -0.9018
vn 0.2610 0.3298 -0.9072
vn -0.1764 0.4254 -0.8877
vn -0.1745 0.4331 -0.8843
vn -0.1826 0.4043 -0.8962
vn -0.1841 0.4009 -0.8974
vn 0.2617 0.3798 -0.8873
vn 0.2618 0.3605 -0.8953
vn -0.1669 0.4730 -0.8651
vn -0.1682 0.4646 -0.8694
vn 0.2610 0.3742 -0.8899
vn 0.2895 -0.8232 -0.4884
vn 0.3578 -0.8770 -0.3208
vn 0.1340 -0.9303 -0.3413
vn 0.1185 -0.8177 -0.5633
vn 0.1939 -0.9495 -0.2469
vn 0.0740 -0.9786 -0.1920
vn -0.0649 -0.9887 -0.1355
vn 0.0057 -0.9533 -0.3019
vn 0.0228 -0.7918 -0.6104
vn 0.1241 -0.9824 -0.1398
vn 0.1082 -0.9863 -0.1245
vn 0.0185 -0.9939 -0.1087
vn -0.0505 -0.9952 -0.0840
vn -0.1026 -0.9929 -0.0602
vn -0.1293 -0.9902 -0.0536
vn -0.1117 -0.9916 -0.0654
vn -0.0752 -0.9889 -0.1279
vn -0.1014 -0.9894 -0.1040
vn -0.1386 -0.9824 -0.1251
vn -0.1483 -0.9829 -0.1090
vn -0.1391 -0.9870 -0.0806
vn -0.1318 -0.9883 -0.0763
vn -0.1732 -0.9791 -0.1064
vn -0.1801 -0.9782 -0.1037
vn -0.1815 -0.9770 -0.1124
vn -0.1889 -0.9756 -0.1122
vn -0.1591 -0.9811 -0.1097
vn -0.1512 -0.9847 -0.0861
vn -0.1776 -0.9783 -0.1072
vn -0.1829 -0.9765 -0.1139
vn -0.1650 -0.9780 -0.1275
vn -0.1648 -0.9771 -0.1346
vn -0.1582 -0.9761 -0.1490
vn -0.1618 -0.9797 -0.1183
vn -0.1156 -0.9846 -0.1309
vn -0.1310 -0.9785 -0.1592
vn -0.0764 -0.9968 0.0238
vn -0.1010 -0.9949 -0.0016
vn -0.1284 -0.9916 -0.0125
vn -0.1342 -0.9715 -0.1955
vn -0.0351 -0.9658 -0.2569
vn -0.0113 -0.7574 -0.6528
vn -0.0820 -0.9931 -0.0838
vn -0.0610 -0.9970 -0.0478
vn -0.0434 -0.9754 -0.2160
vn -0.0207 -0.7426 -0.6694
vn -0.1142 -0.9923 -0.0471
vn -0.1191 -0.9916 -0.0506
vn -0.0754 -0.9961 -0.0452
vn -0.0706 -0.9967 -0.0411
vn -0.1217 -0.9899 -0.0725
vn -0.1202 -0.9897 -0.0771
vn -0.0858 -0.9933 -0.0780
vn -0.0816 -0.9945 -0.0650
vn -0.1201 -0.9898 -0.0765
vn -0.1295 -0.9864 -0.1008
vn -0.0949 -0.9920 -0.0831
vn -0.0874 -0.9935 -0.0731
vn -0.1381 -0.9837 -0.1155
vn -0.1459 -0.9788 -0.1437
vn -0.1030 -0.9858 -0.1327
vn -0.1015 -0.9883 -0.1138
vn -0.1412 -0.9650 -0.2210
vn -0.1374 -0.9905 -0.0063
vn -0.1277 -0.9918 -0.0011
vn -0.1110 -0.9704 -0.2145
vn -0.0569 -0.9756 -0.2119
vn -0.0285 -0.7355 -0.6770
vn -0.0650 -0.9970 -0.0424
vn -0.0736 -0.9962 -0.0465
vn -0.0662 -0.9763 -0.2061
vn -0.0344 -0.7335 -0.6788
vn -0.0613 -0.9973 -0.0406
vn -0.0599 -0.9973 -0.0416
vn -0.0682 -0.9968 -0.0416
vn -0.0699 -0.9966 -0.0442
vn -0.0596 -0.9963 -0.0614
vn -0.0586 -0.9953 -0.0775
vn -0.0689 -0.9945 -0.0785
vn -0.0684 -0.9958 -0.0604
vn -0.0577 -0.9958 -0.0714
vn -0.0598 -0.9954 -0.0743
vn -0.0649 -0.9953 -0.0722
vn -0.0671 -0.9950 -0.0740
vn -0.0623 -0.9919 -0.1105
vn -0.0620 -0.9892 -0.1325
vn -0.0673 -0.9889 -0.1324
vn -0.0653 -0.9921 -0.1070
vn -0.0715 -0.9788 -0.1917
vn -0.1102 -0.9937 0.0199
vn -0.1035 -0.9935 0.0462
vn -0.0755 -0.9822 -0.1721
vn -0.0593 -0.9770 -0.2046
vn -0.0297 -0.7265 -0.6865
vn -0.0705 -0.9964 -0.0475
vn -0.0497 -0.9978 -0.0446
vn -0.0435 -0.9797 -0.1955
vn -0.0241 -0.7241 -0.6892
vn -0.0710 -0.9964 -0.0465
vn -0.0695 -0.9967 -0.0428
vn -0.0536 -0.9976 -0.0432
vn -0.0521 -0.9976 -0.0455
vn -0.0691 -0.9959 -0.0582
vn -0.0702 -0.9945 -0.0780
vn -0.0591 -0.9954 -0.0758
vn -0.0559 -0.9970 -0.0544
vn -0.0699 -0.9946 -0.0767
vn -0.0682 -0.9949 -0.0737
vn -0.0615 -0.9955 -0.0726
vn -0.0599 -0.9952 -0.0779
vn -0.0676 -0.9923 -0.1039
vn -0.0699 -0.9890 -0.1303
vn -0.0605 -0.9896 -0.1303
vn -0.0630 -0.9928 -0.1019
vn -0.0768 -0.9845 -0.1578
vn -0.0901 -0.9947 0.0502
vn -0.0806 -0.9957 0.0447
vn -0.0646 -0.9874 -0.1447
vn -0.0387 -0.9800 -0.1950
vn -0.0201 -0.7148 -0.6991
vn -0.0417 -0.9982 -0.0434
vn -0.0426 -0.9982 -0.0425
vn -0.0370 -0.9801 -0.1948
vn -0.0162 -0.7093 -0.7047
vn -0.0412 -0.9982 -0.0445
vn -0.0408 -0.9983 -0.0428
vn -0.0445 -0.9980 -0.0438
vn -0.0445 -0.9980 -0.0440
vn -0.0436 -0.9978 -0.0492
vn -0.0487 -0.9962 -0.0716
vn -0.0479 -0.9967 -0.0660
vn -0.0448 -0.9980 -0.0452
vn -0.0502 -0.9956 -0.0790
vn -0.0513 -0.9963 -0.0686
vn -0.0486 -0.9964 -0.0694
vn -0.0507 -0.9955 -0.0796
vn -0.0573 -0.9938 -0.0957
vn -0.0576 -0.9890 -0.1359
vn -0.0596 -0.9887 -0.1373
vn -0.0520 -0.9951 -0.0846
vn -0.0545 -0.9889 -0.1386
vn -0.0747 -0.9957 0.0554
vn -0.0657 -0.9944 0.0826
vn -0.0559 -0.9882 -0.1428
vn -0.0357 -0.9803 -0.1941
vn -0.0135 -0.7076 -0.7065
vn -0.0410 -0.9983 -0.0410
vn -0.0451 -0.9981 -0.0412
vn -0.0394 -0.9809 -0.1904
vn -0.0144 -0.7080 -0.7061
vn -0.0426 -0.9982 -0.0420
vn -0.0448 -0.9980 -0.0435
vn -0.0445 -0.9981 -0.0422
vn -0.0444 -0.9982 -0.0410
vn -0.0461 -0.9980 -0.0440
vn -0.0475 -0.9970 -0.0618
vn -0.0497 -0.9970 -0.0590
vn -0.0467 -0.9980 -0.0419
vn -0.0497 -0.9957 -0.0783
vn -0.0491 -0.9961 -0.0737
vn -0.0512 -0.9958 -0.0757
vn -0.0511 -0.9957 -0.0770
vn -0.0489 -0.9958 -0.0776
vn -0.0536 -0.9903 -0.1282
vn -0.0583 -0.9909 -0.1213
vn -0.0538 -0.9959 -0.0733
vn -0.0540 -0.9870 -0.1514
vn -0.0541 -0.9940 0.0952
vn -0.0501 -0.9952 0.0837
vn -0.0581 -0.9858 -0.1576
vn 0.3341 -0.7533 -0.5665
vn 0.5287 -0.7856 -0.3216
vn 0.1121 -0.6517 -0.7502
vn 0.6839 -0.7146 -0.1473
vn 0.7760 -0.6202 -0.1148
vn 0.5924 -0.7916 -0.1496
vn 0.7825 -0.6121 -0.1141
vn 0.7634 -0.6386 -0.0971
vn 0.5978 -0.7920 -0.1240
vn 0.6101 -0.7842 -0.1132
vn 0.7576 -0.6459 -0.0946
vn 0.7352 -0.6680 -0.1155
vn 0.5096 -0.8508 -0.1285
vn 0.5606 -0.8163 -0.1392
vn 0.6839 -0.7201 -0.1174
vn 0.6196 -0.7756 -0.1209
vn 0.3729 -0.9190 -0.1280
vn 0.4496 -0.8854 -0.1180
vn 0.8525 -0.5099 -0.1152
vn 0.7790 -0.6148 -0.1232
vn 0.3255 -0.9365 -0.1306
vn 0.2489 -0.9607 -0.1227
vn 0.2327 -0.9654 -0.1178
vn 0.2883 -0.9488 -0.1288
vn 0.6563 -0.7429 -0.1316
vn 0.4815 -0.8719 -0.0889
vn 0.2101 -0.9722 -0.1037
vn 0.1649 -0.9858 -0.0302
vn 0.1449 -0.9894 0.0063
vn 0.2023 -0.9748 -0.0942
vn 0.2792 -0.9575 0.0718
vn -0.0282 -0.9555 0.2936
vn 0.1211 -0.9914 0.0490
vn -0.0660 -0.9932 0.0961
vn -0.0848 -0.9913 0.1005
vn -0.1426 -0.8764 0.4600
vn -0.1530 -0.8440 0.5141
vn -0.1523 -0.8463 0.5105
vn -0.1612 -0.7880 0.5942
vn -0.1616 -0.7940 0.5861
vn -0.1284 -0.9847 0.1176
vn -0.1404 -0.9794 0.1454
vn -0.1549 -0.7628 0.6279
vn -0.1398 -0.7402 0.6577
vn -0.1305 -0.9761 0.1736
vn -0.1235 -0.9716 0.2017
vn -0.1243 -0.7246 0.6779
vn -0.1069 -0.7177 0.6881
vn -0.1165 -0.9675 0.2243
vn -0.0957 -0.9707 0.2205
vn -0.0844 -0.7035 0.7056
vn -0.0759 -0.6766 0.7325
vn -0.0829 -0.9763 0.1999
vn -0.0857 -0.9765 0.1975
vn -0.0744 -0.6647 0.7434
vn -0.0693 -0.6804 0.7295
vn -0.0766 -0.9719 0.2224
vn -0.0571 -0.9691 0.2398
vn -0.0546 -0.6921 0.7197
vn -0.0386 -0.6875 0.7252
vn -0.0452 -0.9723 0.2292
vn -0.0467 -0.9778 0.2044
vn -0.0530 -0.9967 0.0613
vn -0.0389 -0.6774 0.7346
vn -0.0600 -0.9851 -0.1610
vn -0.0565 -0.9922 -0.1115
vn -0.0515 -0.9963 -0.0693
vn -0.0508 -0.9958 -0.0766
vn -0.0498 -0.9959 -0.0750
vn -0.0437 -0.9977 -0.0521
vn -0.0389 -0.9985 -0.0392
vn -0.0374 -0.9985 -0.0410
vn -0.0363 -0.9985 -0.0407
vn -0.0350 -0.9986 -0.0406
vn -0.0291 -0.9805 -0.1944
vn -0.0103 -0.7038 -0.7103
vn 0.0111 0.0596 -0.9982
vn 0.0086 0.0915 -0.9958
vn 0.0131 0.0153 -0.9998
vn 0.0129 0.0346 -0.9993
vn 0.0047 -0.0233 -0.9997
vn 0.0104 -0.0018 -0.9999
vn -0.0105 -0.1153 -0.9933
vn -0.0034 -0.0582 -0.9983
vn -0.0303 -0.2488 -0.9681
vn -0.0202 -0.1802 -0.9834
vn -0.0319 -0.3575 -0.9334
vn -0.0200 -0.2898 -0.9569
vn -0.0087 -0.4972 -0.8676
vn -0.3504 0.9234 -0.1564
vn -0.4868 0.8735 -0.0016
vn -0.2474 0.9543 -0.1678
vn -0.1829 0.9515 -0.2474
vn -0.6172 0.7780 0.1172
vn -0.4009 0.9160 0.0161
vn -0.2286 0.9700 -0.0833
vn -0.1459 0.9651 -0.2176
vn -0.1064 0.9473 -0.3023
vn -0.6781 0.7224 0.1352
vn -0.4881 0.8671 0.0998
vn -0.7067 0.6932 0.1416
vn -0.5353 0.8350 0.1276
vn -0.3793 0.9194 0.1041
vn -0.3243 0.9451 0.0408
vn -0.7252 0.6774 0.1234
vn -0.5566 0.8193 0.1378
vn -0.7118 0.6979 0.0791
vn -0.5569 0.8187 0.1400
vn -0.4141 0.8948 0.1672
vn -0.4061 0.9029 0.1408
vn -0.6944 0.7105 0.1138
vn -0.5461 0.8231 0.1556
vn -0.7041 0.6936 0.1521
vn -0.5338 0.8257 0.1823
vn -0.3888 0.8931 0.2263
vn -0.4079 0.8929 0.1904
vn -0.6999 0.7028 0.1273
vn -0.5046 0.8350 0.2194
vn -0.6274 0.7672 0.1334
vn -0.4415 0.8470 0.2959
vn -0.3010 0.8698 0.3909
vn -0.3541 0.8890 0.2903
vn -0.5138 0.8072 0.2906
vn -0.3486 0.8279 0.4394
vn -0.3840 0.7691 0.5109
vn -0.2312 0.7442 0.6266
vn -0.1359 0.6994 0.7017
vn -0.2287 0.8169 0.5295
vn 0.0285 0.9063 -0.4216
vn 0.0452 0.8856 -0.4622
vn 0.0413 0.8906 -0.4529
vn -0.1084 0.9794 -0.1703
vn -0.0754 0.9705 -0.2290
vn -0.0427 0.9711 -0.2350
vn -0.0129 0.9542 -0.2988
vn 0.0609 0.8591 -0.5081
vn 0.0641 0.7988 -0.5982
vn -0.2007 0.9794 -0.0206
vn -0.2594 0.9630 0.0732
vn -0.1728 0.9842 0.0390
vn -0.1171 0.9902 -0.0766
vn -0.2910 0.9474 0.1335
vn -0.3036 0.9362 0.1770
vn -0.2229 0.9584 0.1784
vn -0.2069 0.9711 0.1193
vn -0.3009 0.9291 0.2150
vn -0.2838 0.9217 0.2644
vn -0.2099 0.9327 0.2932
vn -0.2233 0.9469 0.2313
vn -0.2538 0.9051 0.3412
vn -0.2112 0.8681 0.4493
vn -0.1519 0.8587 0.4894
vn -0.1856 0.9072 0.3774
vn -0.1542 0.7942 0.5877
vn -0.0841 0.6555 0.7505
vn -0.0562 0.6214 0.7815
vn -0.1082 0.7708 0.6278
vn 0.0678 0.8428 -0.5339
vn 0.0835 0.7938 -0.6024
vn -0.0111 0.9597 -0.2807
vn 0.0137 0.9365 -0.3504
vn 0.0072 0.9495 -0.3136
vn 0.0264 0.9226 -0.3849
vn 0.0693 0.8271 -0.5577
vn 0.0883 0.7763 -0.6241
vn -0.0668 0.9903 -0.1218
vn -0.1143 0.9934 0.0064
vn -0.0757 0.9969 -0.0224
vn -0.0362 0.9871 -0.1561
vn -0.1472 0.9839 0.1015
vn -0.1646 0.9706 0.1754
vn -0.1220 0.9778 0.1704
vn -0.1052 0.9909 0.0837
vn -0.1674 0.9557 0.2422
vn -0.1572 0.9359 0.3151
vn -0.1187 0.9357 0.3323
vn -0.1261 0.9601 0.2494
vn -0.1368 0.9038 0.4055
vn -0.1092 0.8476 0.5193
vn -0.0787 0.8357 0.5435
vn -0.1020 0.8978 0.4285
vn -0.0766 0.7516 0.6552
vn -0.0450 0.5996 0.7990
vn -0.0359 0.5891 0.8072
vn -0.0535 0.7355 0.6754
vn 0.0639 0.8158 -0.5748
vn 0.0705 0.7637 -0.6417
vn 0.0193 0.9409 -0.3380
vn 0.0352 0.9116 -0.4096
vn 0.0268 0.9335 -0.3575
vn 0.0508 0.8601 -0.5075
vn 0.0675 0.7596 -0.6468
vn -0.0158 0.9829 -0.1836
vn -0.0488 0.9977 -0.0467
vn -0.0286 0.9974 -0.0667
vn -0.0014 0.9786 -0.2059
vn -0.0743 0.9949 0.0677
vn -0.0897 0.9822 0.1650
vn -0.0638 0.9851 0.1598
vn -0.0501 0.9973 0.0542
vn -0.0945 0.9625 0.2543
vn -0.0896 0.9341 0.3456
vn -0.0658 0.9321 0.3561
vn -0.0688 0.9638 0.2577
vn -0.0766 0.8913 0.4470
vn -0.0580 0.8243 0.5631
vn -0.0411 0.8143 0.5790
vn -0.0559 0.8852 0.4618
vn -0.0360 0.7214 0.6916
vn -0.0119 0.5782 0.8158
vn 0.0080 0.5549 0.8319
vn -0.0217 0.7073 0.7066
vn 0.0529 0.8531 -0.5191
vn 0.0713 0.7529 -0.6543
vn 0.0322 0.9272 -0.3732
vn 0.0365 0.9218 -0.3860
vn 0.0538 0.8461 -0.5302
vn 0.0703 0.7438 -0.6647
vn 0.0095 0.9746 -0.2236
vn -0.0124 0.9965 -0.0827
vn 0.0014 0.9955 -0.0951
vn 0.0185 0.9713 -0.2373
vn -0.0302 0.9986 0.0431
vn -0.0420 0.9870 0.1554
vn -0.0228 0.9881 0.1519
vn -0.0129 0.9993 0.0343
vn -0.0469 0.9644 0.2603
vn -0.0451 0.9301 0.3646
vn -0.0267 0.9280 0.3717
vn -0.0275 0.9646 0.2623
vn -0.0373 0.8796 0.4742
vn -0.0253 0.8051 0.5926
vn -0.0117 0.7964 0.6046
vn -0.0210 0.8742 0.4851
vn -0.0118 0.6949 0.7190
vn -0.0015 0.5369 0.8436
vn -0.0124 0.5393 0.8420
vn -0.0042 0.6861 0.7275
vn 0.0526 0.8400 -0.5400
vn 0.0653 0.7354 -0.6745
vn 0.0396 0.9174 -0.3959
vn 0.0418 0.9144 -0.4026
vn 0.0496 0.8357 -0.5470
vn 0.0569 0.7294 -0.6818
vn 0.0264 0.9686 -0.2473
vn 0.0137 0.9945 -0.1041
vn 0.0251 0.9936 -0.1101
vn 0.0336 0.9667 -0.2538
vn 0.0027 0.9996 0.0279
vn -0.0054 0.9888 0.1492
vn 0.0110 0.9890 0.1475
vn 0.0173 0.9996 0.0236
vn -0.0098 0.9645 0.2640
vn -0.0103 0.9260 0.3775
vn 0.0050 0.9243 0.3816
vn 0.0068 0.9642 0.2652
vn -0.0071 0.8694 0.4941
vn -0.0013 0.7888 0.6147
vn 0.0073 0.7829 0.6221
vn 0.0051 0.8658 0.5004
vn 0.0043 0.6794 0.7337
vn 0.0035 0.5460 0.8378
vn 0.0234 0.5371 0.8432
vn 0.0123 0.6716 0.7408
vn -0.3628 0.9108 -0.1968
vn -0.5496 0.8352 -0.0170
vn -0.3286 0.9199 -0.2139
vn -0.0374 0.8751 -0.4824
vn -0.7308 0.6620 0.1664
vn -0.8167 0.5471 0.1834
vn -0.8314 0.5432 0.1170
vn -0.8361 0.5260 0.1560
vn -0.8529 0.5130 0.0969
vn -0.8240 0.5665 -0.0093
vn -0.8091 0.5822 0.0798
vn -0.8343 0.5273 0.1608
vn -0.8495 0.5259 0.0416
vn -0.7738 0.6285 -0.0794
vn -0.6707 0.7370 0.0833
vn -0.5648 0.7422 0.3608
vn -0.4773 0.6473 0.5943
vn -0.2350 0.6496 0.7230
vn -0.0865 0.5722 0.8155
vn -0.0365 0.4965 0.8672
vn -0.0202 0.4566 0.8894
vn -0.0052 0.4270 0.9042
vn -0.0244 0.4111 0.9112
vn -0.0394 0.4212 0.9061
vn 0.0121 0.4225 0.9063
vn 0.0549 0.3815 0.9227
vn 0.0001 0.3569 0.9341
vn -0.0490 0.3829 0.9225
vn -0.0064 0.4145 0.9100
vn 0.0432 0.4029 0.9142
vn 0.0440 0.3713 0.9275
vn 0.0254 0.5189 0.8545
vn 0.0164 0.6634 0.7481
vn 0.0155 0.7789 0.6269
vn 0.0174 0.8636 0.5040
vn 0.0201 0.9231 0.3840
vn 0.0231 0.9637 0.2661
vn 0.0269 0.9888 0.1467
vn 0.0314 0.9993 0.0213
vn 0.0361 0.9929 -0.1131
vn 0.0404 0.9656 -0.2570
vn 0.0435 0.9130 -0.4056
vn 0.0450 0.8339 -0.5501
vn 0.0447 0.7270 -0.6851
vn 0.0632 0.6107 -0.7893
vn 0.0428 0.6073 -0.7933
vn 0.0848 0.6282 -0.7734
vn 0.0766 0.6178 -0.7826
vn 0.0765 0.6495 -0.7565
vn 0.0880 0.6400 -0.7633
vn 0.1269 0.6503 -0.7490
vn 0.0744 0.6448 -0.7607
vn 0.0467 0.6705 -0.7404
vn 0.1130 0.6825 -0.7221
vn 0.2245 0.6334 -0.7406
vn 0.0805 0.6023 -0.7942
vn 0.1607 0.7312 -0.6629
vn 0.1117 0.6850 -0.7199
vn 0.2333 0.7096 -0.6648
vn 0.2302 0.7099 -0.6657
vn -0.0518 0.9011 -0.4305
vn 0.1575 0.7773 -0.6091
vt 0.406250 0.031250
vt 0.421875 0.031250
vt 0.421875 0.046875
vt 0.406250 0.046875
vt 0.437500 0.031250
vt 0.437500 0.046875
vt 0.437500 0.062500
vt 0.421875 0.062500
vt 0.406250 0.062500
vt 0.453125 0.031250
vt 0.453125 0.046875
vt 0.468750 0.031250
vt 0.468750 0.046875
vt 0.468750 0.062500
vt 0.453125 0.062500
vt 0.484375 0.031250
vt 0.484375 0.046875
vt 0.500000 0.031250
vt 0.500000 0.046875
vt 0.500000 0.062500
vt 0.484375 0.062500
vt 0.515625 0.031250
vt 0.515625 0.046875
vt 0.531250 0.031250
vt 0.531250 0.046875
vt 0.531250 0.062500
vt 0.515625 0.062500
vt 0.546875 0.031250
vt 0.546875 0.046875
vt 0.562500 0.031250
vt 0.562500 0.046875
vt 0.562500 0.062500
vt 0.546875 0.062500
vt 0.578125 0.031250
vt 0.578125 0.046875
vt 0.593750 0.031250
vt 0.593750 0.046875
vt 0.593750 0.062500
vt 0.578125 0.062500
vt 0.421875 0.078125
vt 0.406250 0.078125
vt 0.437500 0.078125
vt 0.437500 0.093750
vt 0.421875 0.093750
vt 0.406250 0.093750
vt 0.453125 0.078125
vt 0.468750 0.078125
vt 0.468750 0.093750
vt 0.453125 0.093750
vt 0.484375 0.078125
vt 0.500000 0.078125
vt 0.500000 0.093750
vt 0.484375 0.093750
vt 0.515625 0.078125
vt 0.531250 0.078125
vt 0.531250 0.093750
vt 0.515625 0.093750
vt 0.546875 0.078125
vt 0.562500 0.078125
vt 0.562500 0.093750
vt 0.546875 0.093750
vt 0.578125 0.078125
vt 0.593750 0.078125
vt 0.593750 0.093750
vt 0.578125 0.093750
vt 0.421875 0.109375
vt 0.406250 0.109375
vt 0.437500 0.109375
vt 0.437500 0.125000
vt 0.421875 0.125000
vt 0.406250 0.125000
vt 0.453125 0.109375
vt 0.468750 0.109375
vt 0.468750 0.125000
vt 0.453125 0.125000
vt 0.484375 0.109375
vt 0.500000 0.109375
vt 0.500000 0.125000
vt 0.484375 0.125000
vt 0.515625 0.109375
vt 0.531250 0.109375
vt 0.531250 0.125000
vt 0.515625 0.125000
vt 0.546875 0.109375
vt 0.562500 0.109375
vt 0.562500 0.125000
vt 0.546875 0.125000
vt 0.578125 0.109375
vt 0.593750 0.109375
vt 0.593750 0.125000
vt 0.578125 0.125000
vt 0.421875 0.140625
vt 0.406250 0.140625
vt 0.437500 0.140625
vt 0.437500 0.156250
vt 0.421875 0.156250
vt 0.406250 0.156250
vt 0.453125 0.140625
vt 0.468750 0.140625
vt 0.468750 0.156250
vt 0.453125 0.156250
vt 0.484375 0.140625
vt 0.500000 0.140625
vt 0.500000 0.156250
vt 0.484375 0.156250
vt 0.515625 0.140625
vt 0.531250 0.140625
vt 0.531250 0.156250
vt 0.515625 0.156250
vt 0.546875 0.140625
vt 0.562500 0.140625
vt 0.562500 0.156250
vt 0.546875 0.156250
vt 0.578125 0.140625
vt 0.593750 0.140625
vt 0.593750 0.156250
vt 0.578125 0.156250
vt 0.421875 0.171875
vt 0.406250 0.171875
vt 0.437500 0.171875
vt 0.437500 0.187500
vt 0.421875 0.187500
vt 0.406250 0.187500
vt 0.453125 0.171875
vt 0.468750 0.171875
vt 0.468750 0.187500
vt 0.453125 0.187500
vt 0.484375 0.171875
vt 0.500000 0.171875
vt 0.500000 0.187500
vt 0.484375 0.187500
vt 0.515625 0.171875
vt 0.531250 0.171875
vt 0.531250 0.187500
vt 0.515625 0.187500
vt 0.546875 0.171875
vt 0.562500 0.171875
vt 0.562500 0.187500
vt 0.546875 0.187500
vt 0.578125 0.171875
vt 0.593750 0.171875
vt 0.593750 0.187500
vt 0.578125 0.187500
vt 0.421875 0.203125
vt 0.406250 0.203125
vt 0.437500 0.203125
vt 0.437500 0.218750
vt 0.421875 0.218750
vt 0.406250 0.218750
vt 0.453125 0.203125
vt 0.468750 0.203125
vt 0.468750 0.218750
vt 0.453125 0.218750
vt 0.484375 0.203125
vt 0.500000 0.203125
vt 0.500000 0.218750
vt 0.484375 0.218750
vt 0.515625 0.203125
vt 0.531250 0.203125
vt 0.531250 0.218750
vt 0.515625 0.218750
vt 0.546875 0.203125
vt 0.562500 0.203125
vt 0.562500 0.218750
vt 0.546875 0.218750
vt 0.578125 0.203125
vt 0.593750 0.203125
vt 0.593750 0.218750
vt 0.578125 0.218750
vt 0.375000 0.000000
vt 0.390625 0.000000
vt 0.390625 0.015625
vt 0.375000 0.015625
vt 0.406250 0.000000
vt 0.406250 0.015625
vt 0.390625 0.031250
vt 0.375000 0.031250
vt 0.421875 0.000000
vt 0.421875 0.015625
vt 0.437500 0.000000
vt 0.437500 0.015625
vt 0.453125 0.000000
vt 0.453125 0.015625
vt 0.468750 0.000000
vt 0.468750 0.015625
vt 0.484375 0.000000
vt 0.484375 0.015625
vt 0.500000 0.000000
vt 0.500000 0.015625
vt 0.515625 0.000000
vt 0.515625 0.015625
vt 0.531250 0.000000
vt 0.531250 0.015625
vt 0.546875 0.000000
vt 0.546875 0.015625
vt 0.562500 0.000000
vt 0.562500 0.015625
vt 0.578125 0.000000
vt 0.578125 0.015625
vt 0.593750 0.000000
vt 0.593750 0.015625
vt 0.609375 0.000000
vt 0.609375 0.015625
vt 0.625000 0.000000
vt 0.625000 0.015625
vt 0.625000 0.031250
vt 0.609375 0.031250
vt 0.609375 0.046875
vt 0.625000 0.046875
vt 0.625000 0.062500
vt 0.609375 0.062500
vt 0.609375 0.078125
vt 0.625000 0.078125
vt 0.625000 0.093750
vt 0.609375 0.093750
vt 0.609375 0.109375
vt 0.625000 0.109375
vt 0.625000 0.125000
vt 0.609375 0.125000
vt 0.609375 0.140625
vt 0.625000 0.140625
vt 0.625000 0.156250
vt 0.609375 0.156250
vt 0.609375 0.171875
vt 0.625000 0.171875
vt 0.625000 0.187500
vt 0.609375 0.187500
vt 0.609375 0.203125
vt 0.625000 0.203125
vt 0.625000 0.218750
vt 0.609375 0.218750
vt 0.609375 0.234104
vt 0.593750 0.234049
vt 0.625000 0.234375
vt 0.625000 0.250000
vt 0.609375 0.247613
vt 0.593750 0.247396
vt 0.578125 0.234050
vt 0.562500 0.234050
vt 0.578125 0.247396
vt 0.562500 0.247396
vt 0.546875 0.234050
vt 0.531250 0.234049
vt 0.546875 0.247396
vt 0.531250 0.247396
vt 0.515625 0.234050
vt 0.500000 0.234050
vt 0.515625 0.247396
vt 0.500000 0.247396
vt 0.484375 0.234050
vt 0.468750 0.234050
vt 0.484375 0.247396
vt 0.468750 0.247396
vt 0.453125 0.234050
vt 0.437500 0.234050
vt 0.453125 0.247396
vt 0.437500 0.247396
vt 0.421875 0.234049
vt 0.406250 0.234049
vt 0.421875 0.247396
vt 0.406250 0.247396
vt 0.375000 0.218750
vt 0.390625 0.218750
vt 0.390625 0.234104
vt 0.375000 0.234375
vt 0.390625 0.247613
vt 0.375000 0.250000
vt 0.375000 0.187500
vt 0.390625 0.187500
vt 0.390625 0.203125
vt 0.375000 0.203125
vt 0.375000 0.156250
vt 0.390625 0.156250
vt 0.390625 0.171875
vt 0.375000 0.171875
vt 0.375000 0.125000
vt 0.390625 0.125000
vt 0.390625 0.140625
vt 0.375000 0.140625
vt 0.375000 0.093750
vt 0.390625 0.093750
vt 0.390625 0.109375
vt 0.375000 0.109375
vt 0.375000 0.062500
vt 0.390625 0.062500
vt 0.390625 0.078125
vt 0.375000 0.078125
vt 0.390625 0.046875
vt 0.375000 0.046875
vt 0.406250 0.390625
vt 0.421875 0.390625
vt 0.421875 0.398438
vt 0.406250 0.398438
vt 0.437500 0.390625
vt 0.437500 0.398438
vt 0.437500 0.406250
vt 0.421875 0.406250
vt 0.406250 0.406250
vt 0.453125 0.390625
vt 0.453125 0.398438
vt 0.468750 0.390625
vt 0.468750 0.398438
vt 0.468750 0.406250
vt 0.453125 0.406250
vt 0.484375 0.390625
vt 0.484375 0.398438
vt 0.500000 0.390625
vt 0.500000 0.398438
vt 0.500000 0.406250
vt 0.484375 0.406250
vt 0.515625 0.390625
vt 0.515625 0.398438
vt 0.531250 0.390625
vt 0.531250 0.398438
vt 0.531250 0.406250
vt 0.515625 0.406250
vt 0.546875 0.390625
vt 0.546875 0.398438
vt 0.562500 0.390625
vt 0.562500 0.398438
vt 0.562500 0.406250
vt 0.546875 0.406250
vt 0.578125 0.390625
vt 0.578125 0.398438
vt 0.593750 0.390625
vt 0.593750 0.398438
vt 0.593750 0.406250
vt 0.578125 0.406250
vt 0.421875 0.414063
vt 0.406250 0.414063
vt 0.437500 0.414063
vt 0.437500 0.421875
vt 0.421875 0.421875
vt 0.406250 0.421875
vt 0.453125 0.414063
vt 0.468750 0.414063
vt 0.468750 0.421875
vt 0.453125 0.421875
vt 0.484375 0.414063
vt 0.500000 0.414063
vt 0.500000 0.421875
vt 0.484375 0.421875
vt 0.515625 0.414063
vt 0.531250 0.414063
vt 0.531250 0.421875
vt 0.515625 0.421875
vt 0.546875 0.414063
vt 0.562500 0.414063
vt 0.562500 0.421875
vt 0.546875 0.421875
vt 0.578125 0.414063
vt 0.593750 0.414063
vt 0.593750 0.421875
vt 0.578125 0.421875
vt 0.421875 0.429688
vt 0.406250 0.429688
vt 0.437500 0.429688
vt 0.437500 0.437500
vt 0.421875 0.437500
vt 0.406250 0.437500
vt 0.453125 0.429688
vt 0.468750 0.429688
vt 0.468750 0.437500
vt 0.453125 0.437500
vt 0.484375 0.429688
vt 0.500000 0.429688
vt 0.500000 0.437500
vt 0.484375 0.437500
vt 0.515625 0.429688
vt 0.531250 0.429688
vt 0.531250 0.437500
vt 0.515625 0.437500
vt 0.546875 0.429688
vt 0.562500 0.429688
vt 0.562500 0.437500
vt 0.546875 0.437500
vt 0.578125 0.429688
vt 0.593750 0.429688
vt 0.593750 0.437500
vt 0.578125 0.437500
vt 0.421875 0.445313
vt 0.406250 0.445313
vt 0.437500 0.445313
vt 0.437500 0.453125
vt 0.421875 0.453125
vt 0.406250 0.453125
vt 0.453125 0.445313
vt 0.468750 0.445313
vt 0.468750 0.453125
vt 0.453125 0.453125
vt 0.484375 0.445313
vt 0.500000 0.445313
vt 0.500000 0.453125
vt 0.484375 0.453125
vt 0.515625 0.445313
vt 0.531250 0.445313
vt 0.531250 0.453125
vt 0.515625 0.453125
vt 0.546875 0.445313
vt 0.562500 0.445313
vt 0.562500 0.453125
vt 0.546875 0.453125
vt 0.578125 0.445313
vt 0.593750 0.445313
vt 0.593750 0.453125
vt 0.578125 0.453125
vt 0.421875 0.460938
vt 0.406250 0.460938
vt 0.437500 0.460938
vt 0.437500 0.468750
vt 0.421875 0.468750
vt 0.406250 0.468750
vt 0.453125 0.460938
vt 0.468750 0.460938
vt 0.468750 0.468750
vt 0.453125 0.468750
vt 0.484375 0.460938
vt 0.500000 0.460938
vt 0.500000 0.468750
vt 0.484375 0.468750
vt 0.515625 0.460938
vt 0.531250 0.460938
vt 0.531250 0.468750
vt 0.515625 0.468750
vt 0.546875 0.460938
vt 0.562500 0.460938
vt 0.562500 0.468750
vt 0.546875 0.468750
vt 0.578125 0.460938
vt 0.593750 0.460938
vt 0.593750 0.468750
vt 0.578125 0.468750
vt 0.421875 0.476563
vt 0.406250 0.476563
vt 0.437500 0.476563
vt 0.437500 0.484375
vt 0.421875 0.484375
vt 0.406250 0.484375
vt 0.453125 0.476563
vt 0.468750 0.476563
vt 0.468750 0.484375
vt 0.453125 0.484375
vt 0.484375 0.476563
vt 0.500000 0.476563
vt 0.500000 0.484375
vt 0.484375 0.484375
vt 0.515625 0.476563
vt 0.531250 0.476563
vt 0.531250 0.484375
vt 0.515625 0.484375
vt 0.546875 0.476563
vt 0.562500 0.476563
vt 0.562500 0.484375
vt 0.546875 0.484375
vt 0.578125 0.476563
vt 0.593750 0.476563
vt 0.593750 0.484375
vt 0.578125 0.484375
vt 0.375000 0.375000
vt 0.390625 0.375000
vt 0.390625 0.382813
vt 0.375000 0.382813
vt 0.406250 0.375000
vt 0.406250 0.382813
vt 0.390625 0.390625
vt 0.375000 0.390625
vt 0.421875 0.375000
vt 0.421875 0.382812
vt 0.437500 0.375000
vt 0.437500 0.382813
vt 0.453125 0.375000
vt 0.453125 0.382812
vt 0.468750 0.375000
vt 0.468750 0.382813
vt 0.484375 0.375000
vt 0.484375 0.382812
vt 0.500000 0.375000
vt 0.500000 0.382813
vt 0.515625 0.375000
vt 0.515625 0.382812
vt 0.531250 0.375000
vt 0.531250 0.382813
vt 0.546875 0.375000
vt 0.546875 0.382812
vt 0.562500 0.375000
vt 0.562500 0.382813
vt 0.578125 0.375000
vt 0.578125 0.382812
vt 0.593750 0.375000
vt 0.593750 0.382813
vt 0.609375 0.375000
vt 0.609375 0.382813
vt 0.625000 0.375000
vt 0.625000 0.382813
vt 0.625000 0.390625
vt 0.609375 0.390625
vt 0.609375 0.398438
vt 0.625000 0.398438
vt 0.625000 0.406250
vt 0.609375 0.406250
vt 0.609375 0.414063
vt 0.625000 0.414063
vt 0.625000 0.421875
vt 0.609375 0.421875
vt 0.609375 0.429688
vt 0.625000 0.429688
vt 0.625000 0.437500
vt 0.609375 0.437500
vt 0.609375 0.445313
vt 0.625000 0.445313
vt 0.625000 0.453125
vt 0.609375 0.453125
vt 0.609375 0.460938
vt 0.625000 0.460938
vt 0.625000 0.468750
vt 0.609375 0.468750
vt 0.609375 0.476563
vt 0.625000 0.476563
vt 0.625000 0.484375
vt 0.609375 0.484375
vt 0.609375 0.492459
vt 0.593750 0.492513
vt 0.625000 0.492188
vt 0.625000 0.500000
vt 0.609321 0.502387
vt 0.593750 0.502604
vt 0.578125 0.492513
vt 0.562500 0.492513
vt 0.578125 0.502604
vt 0.562500 0.502604
vt 0.546875 0.492513
vt 0.531250 0.492513
vt 0.546875 0.502604
vt 0.531250 0.502604
vt 0.515625 0.492513
vt 0.500000 0.492513
vt 0.515625 0.502604
vt 0.500000 0.502604
vt 0.484375 0.492513
vt 0.468750 0.492513
vt 0.484375 0.502604
vt 0.468750 0.502604
vt 0.453125 0.492513
vt 0.437500 0.492513
vt 0.453125 0.502604
vt 0.437500 0.502604
vt 0.421875 0.492513
vt 0.406250 0.492513
vt 0.421875 0.502604
vt 0.406250 0.502604
vt 0.375000 0.484375
vt 0.390625 0.484375
vt 0.390625 0.492459
vt 0.375000 0.492188
vt 0.390679 0.502387
vt 0.375000 0.500000
vt 0.375000 0.468750
vt 0.390625 0.468750
vt 0.390625 0.476563
vt 0.375000 0.476563
vt 0.375000 0.453125
vt 0.390625 0.453125
vt 0.390625 0.460938
vt 0.375000 0.460938
vt 0.375000 0.437500
vt 0.390625 0.437500
vt 0.390625 0.445313
vt 0.375000 0.445313
vt 0.375000 0.421875
vt 0.390625 0.421875
vt 0.390625 0.429688
vt 0.375000 0.429688
vt 0.375000 0.406250
vt 0.390625 0.406250
vt 0.390625 0.414063
vt 0.375000 0.414063
vt 0.390625 0.398438
vt 0.375000 0.398438
vt 0.406250 0.531250
vt 0.421875 0.531250
vt 0.421875 0.546875
vt 0.406250 0.546875
vt 0.437500 0.531250
vt 0.437500 0.546875
vt 0.437500 0.562500
vt 0.421875 0.562500
vt 0.406250 0.562500
vt 0.453125 0.531250
vt 0.453125 0.546875
vt 0.468750 0.531250
vt 0.468750 0.546875
vt 0.468750 0.562500
vt 0.453125 0.562500
vt 0.484375 0.531250
vt 0.484375 0.546875
vt 0.500000 0.531250
vt 0.500000 0.546875
vt 0.500000 0.562500
vt 0.484375 0.562500
vt 0.515625 0.531250
vt 0.515625 0.546875
vt 0.531250 0.531250
vt 0.531250 0.546875
vt 0.531250 0.562500
vt 0.515625 0.562500
vt 0.546875 0.531250
vt 0.546875 0.546875
vt 0.562500 0.531250
vt 0.562500 0.546875
vt 0.562500 0.562500
vt 0.546875 0.562500
vt 0.578125 0.531250
vt 0.578125 0.546875
vt 0.593750 0.531250
vt 0.593750 0.546875
vt 0.593750 0.562500
vt 0.578125 0.562500
vt 0.421875 0.578125
vt 0.406250 0.578125
vt 0.437500 0.578125
vt 0.437500 0.593750
vt 0.421875 0.593750
vt 0.406250 0.593750
vt 0.453125 0.578125
vt 0.468750 0.578125
vt 0.468750 0.593750
vt 0.453125 0.593750
vt 0.484375 0.578125
vt 0.500000 0.578125
vt 0.500000 0.593750
vt 0.484375 0.593750
vt 0.515625 0.578125
vt 0.531250 0.578125
vt 0.531250 0.593750
vt 0.515625 0.593750
vt 0.546875 0.578125
vt 0.562500 0.578125
vt 0.562500 0.593750
vt 0.546875 0.593750
vt 0.578125 0.578125
vt 0.593750 0.578125
vt 0.593750 0.593750
vt 0.578125 0.593750
vt 0.421875 0.609375
vt 0.406250 0.609375
vt 0.437500 0.609375
vt 0.437500 0.625000
vt 0.421875 0.625000
vt 0.406250 0.625000
vt 0.453125 0.609375
vt 0.468750 0.609375
vt 0.468750 0.625000
vt 0.453125 0.625000
vt 0.484375 0.609375
vt 0.500000 0.609375
vt 0.500000 0.625000
vt 0.484375 0.625000
vt 0.515625 0.609375
vt 0.531250 0.609375
vt 0.531250 0.625000
vt 0.515625 0.625000
vt 0.546875 0.609375
vt 0.562500 0.609375
vt 0.562500 0.625000
vt 0.546875 0.625000
vt 0.578125 0.609375
vt 0.593750 0.609375
vt 0.593750 0.625000
vt 0.578125 0.625000
vt 0.421875 0.640625
vt 0.406250 0.640625
vt 0.437500 0.640625
vt 0.437500 0.656250
vt 0.421875 0.656250
vt 0.406250 0.656250
vt 0.453125 0.640625
vt 0.468750 0.640625
vt 0.468750 0.656250
vt 0.453125 0.656250
vt 0.484375 0.640625
vt 0.500000 0.640625
vt 0.500000 0.656250
vt 0.484375 0.656250
vt 0.515625 0.640625
vt 0.531250 0.640625
vt 0.531250 0.656250
vt 0.515625 0.656250
vt 0.546875 0.640625
vt 0.562500 0.640625
vt 0.562500 0.656250
vt 0.546875 0.656250
vt 0.578125 0.640625
vt 0.593750 0.640625
vt 0.593750 0.656250
vt 0.578125 0.656250
vt 0.421875 0.671875
vt 0.406250 0.671875
vt 0.437500 0.671875
vt 0.437500 0.687500
vt 0.421875 0.687500
vt 0.406250 0.687500
vt 0.453125 0.671875
vt 0.468750 0.671875
vt 0.468750 0.687500
vt 0.453125 0.687500
vt 0.484375 0.671875
vt 0.500000 0.671875
vt 0.500000 0.687500
vt 0.484375 0.687500
vt 0.515625 0.671875
vt 0.531250 0.671875
vt 0.531250 0.687500
vt 0.515625 0.687500
vt 0.546875 0.671875
vt 0.562500 0.671875
vt 0.562500 0.687500
vt 0.546875 0.687500
vt 0.578125 0.671875
vt 0.593750 0.671875
vt 0.593750 0.687500
vt 0.578125 0.687500
vt 0.421875 0.703125
vt 0.406250 0.703125
vt 0.437500 0.703125
vt 0.437500 0.718750
vt 0.421875 0.718750
vt 0.406250 0.718750
vt 0.453125 0.703125
vt 0.468750 0.703125
vt 0.468750 0.718750
vt 0.453125 0.718750
vt 0.484375 0.703125
vt 0.500000 0.703125
vt 0.500000 0.718750
vt 0.484375 0.718750
vt 0.515625 0.703125
vt 0.531250 0.703125
vt 0.531250 0.718750
vt 0.515625 0.718750
vt 0.546875 0.703125
vt 0.562500 0.703125
vt 0.562500 0.718750
vt 0.546875 0.718750
vt 0.578125 0.703125
vt 0.593750 0.703125
vt 0.593750 0.718750
vt 0.578125 0.718750
vt 0.390896 0.515896
vt 0.377387 0.515679
vt 0.406250 0.515951
vt 0.390951 0.531250
vt 0.377604 0.531250
vt 0.421875 0.515951
vt 0.437500 0.515951
vt 0.453125 0.515951
vt 0.468750 0.515951
vt 0.484375 0.515951
vt 0.500000 0.515951
vt 0.515625 0.515951
vt 0.531250 0.515951
vt 0.546875 0.515951
vt 0.562500 0.515951
vt 0.578125 0.515951
vt 0.593750 0.515951
vt 0.609104 0.515896
vt 0.622613 0.515679
vt 0.622396 0.531250
vt 0.609050 0.531250
vt 0.609050 0.546875
vt 0.622396 0.546875
vt 0.622396 0.562500
vt 0.609050 0.562500
vt 0.609050 0.578125
vt 0.622396 0.578125
vt 0.622396 0.593750
vt 0.609050 0.593750
vt 0.609050 0.609375
vt 0.622396 0.609375
vt 0.622396 0.625000
vt 0.609049 0.625000
vt 0.609050 0.640625
vt 0.622396 0.640625
vt 0.622396 0.656250
vt 0.609050 0.656250
vt 0.609050 0.671875
vt 0.622396 0.671875
vt 0.622396 0.687500
vt 0.609050 0.687500
vt 0.609050 0.703125
vt 0.622396 0.703125
vt 0.622396 0.718750
vt 0.609050 0.718750
vt 0.609104 0.734104
vt 0.593750 0.734049
vt 0.622613 0.734321
vt 0.625000 0.750000
vt 0.609321 0.747613
vt 0.593750 0.747396
vt 0.578125 0.734050
vt 0.562500 0.734050
vt 0.578125 0.747396
vt 0.562500 0.747396
vt 0.546875 0.734050
vt 0.531250 0.734050
vt 0.546875 0.747396
vt 0.531250 0.747396
vt 0.515625 0.734050
vt 0.500000 0.734050
vt 0.515625 0.747396
vt 0.500000 0.747396
vt 0.484375 0.734050
vt 0.468750 0.734050
vt 0.484375 0.747396
vt 0.468750 0.747396
vt 0.453125 0.734050
vt 0.437500 0.734050
vt 0.453125 0.747396
vt 0.437500 0.747396
vt 0.421875 0.734050
vt 0.406250 0.734050
vt 0.421875 0.747396
vt 0.406250 0.747396
vt 0.377604 0.718750
vt 0.390951 0.718750
vt 0.390896 0.734104
vt 0.377387 0.734321
vt 0.390679 0.747613
vt 0.375000 0.750000
vt 0.377604 0.687500
vt 0.390951 0.687500
vt 0.390951 0.703125
vt 0.377604 0.703125
vt 0.377604 0.656250
vt 0.390951 0.656250
vt 0.390951 0.671875
vt 0.377604 0.671875
vt 0.377604 0.625000
vt 0.390951 0.625000
vt 0.390951 0.640625
vt 0.377604 0.640625
vt 0.377604 0.593750
vt 0.390951 0.593750
vt 0.390951 0.609375
vt 0.377604 0.609375
vt 0.377604 0.562500
vt 0.390951 0.562500
vt 0.390951 0.578125
vt 0.377604 0.578125
vt 0.390951 0.546875
vt 0.377604 0.546875
vt 0.406250 0.890625
vt 0.421875 0.890625
vt 0.421875 0.898438
vt 0.406250 0.898438
vt 0.437500 0.890625
vt 0.437500 0.898438
vt 0.437500 0.906250
vt 0.421875 0.906250
vt 0.406250 0.906250
vt 0.453125 0.890625
vt 0.453125 0.898438
vt 0.468750 0.890625
vt 0.468750 0.898438
vt 0.468750 0.906250
vt 0.453125 0.906250
vt 0.484375 0.890625
vt 0.484375 0.898438
vt 0.500000 0.890625
vt 0.500000 0.898438
vt 0.500000 0.906250
vt 0.484375 0.906250
vt 0.515625 0.890625
vt 0.515625 0.898438
vt 0.531250 0.890625
vt 0.531250 0.898438
vt 0.531250 0.906250
vt 0.515625 0.906250
vt 0.546875 0.890625
vt 0.546875 0.898438
vt 0.562500 0.890625
vt 0.562500 0.898438
vt 0.562500 0.906250
vt 0.546875 0.906250
vt 0.578125 0.890625
vt 0.578125 0.898438
vt 0.593750 0.890625
vt 0.593750 0.898438
vt 0.593750 0.906250
vt 0.578125 0.906250
vt 0.421875 0.914063
vt 0.406250 0.914063
vt 0.437500 0.914063
vt 0.437500 0.921875
vt 0.421875 0.921875
vt 0.406250 0.921875
vt 0.453125 0.914063
vt 0.468750 0.914063
vt 0.468750 0.921875
vt 0.453125 0.921875
vt 0.484375 0.914063
vt 0.500000 0.914063
vt 0.500000 0.921875
vt 0.484375 0.921875
vt 0.515625 0.914063
vt 0.531250 0.914063
vt 0.531250 0.921875
vt 0.515625 0.921875
vt 0.546875 0.914063
vt 0.562500 0.914063
vt 0.562500 0.921875
vt 0.546875 0.921875
vt 0.578125 0.914063
vt 0.593750 0.914063
vt 0.593750 0.921875
vt 0.578125 0.921875
vt 0.421875 0.929688
vt 0.406250 0.929688
vt 0.437500 0.929688
vt 0.437500 0.937500
vt 0.421875 0.937500
vt 0.406250 0.937500
vt 0.453125 0.929688
vt 0.468750 0.929688
vt 0.468750 0.937500
vt 0.453125 0.937500
vt 0.484375 0.929688
vt 0.500000 0.929688
vt 0.500000 0.937500
vt 0.484375 0.937500
vt 0.515625 0.929688
vt 0.531250 0.929688
vt 0.531250 0.937500
vt 0.515625 0.937500
vt 0.546875 0.929688
vt 0.562500 0.929688
vt 0.562500 0.937500
vt 0.546875 0.937500
vt 0.578125 0.929688
vt 0.593750 0.929688
vt 0.593750 0.937500
vt 0.578125 0.937500
vt 0.421875 0.945313
vt 0.406250 0.945313
vt 0.437500 0.945313
vt 0.437500 0.953125
vt 0.421875 0.953125
vt 0.406250 0.953125
vt 0.453125 0.945313
vt 0.468750 0.945313
vt 0.468750 0.953125
vt 0.453125 0.953125
vt 0.484375 0.945313
vt 0.500000 0.945313
vt 0.500000 0.953125
vt 0.484375 0.953125
vt 0.515625 0.945313
vt 0.531250 0.945313
vt 0.531250 0.953125
vt 0.515625 0.953125
vt 0.546875 0.945313
vt 0.562500 0.945313
vt 0.562500 0.953125
vt 0.546875 0.953125
vt 0.578125 0.945313
vt 0.593750 0.945313
vt 0.593750 0.953125
vt 0.578125 0.953125
vt 0.421875 0.960938
vt 0.406250 0.960938
vt 0.437500 0.960938
vt 0.437500 0.968750
vt 0.421875 0.968750
vt 0.406250 0.968750
vt 0.453125 0.960938
vt 0.468750 0.960938
vt 0.468750 0.968750
vt 0.453125 0.968750
vt 0.484375 0.960938
vt 0.500000 0.960938
vt 0.500000 0.968750
vt 0.484375 0.968750
vt 0.515625 0.960938
vt 0.531250 0.960938
vt 0.531250 0.968750
vt 0.515625 0.968750
vt 0.546875 0.960938
vt 0.562500 0.960938
vt 0.562500 0.968750
vt 0.546875 0.968750
vt 0.578125 0.960938
vt 0.593750 0.960938
vt 0.593750 0.968750
vt 0.578125 0.968750
vt 0.421875 0.976563
vt 0.406250 0.976563
vt 0.437500 0.976563
vt 0.437500 0.984375
vt 0.421875 0.984375
vt 0.406250 0.984375
vt 0.453125 0.976563
vt 0.468750 0.976563
vt 0.468750 0.984375
vt 0.453125 0.984375
vt 0.484375 0.976563
vt 0.500000 0.976563
vt 0.500000 0.984375
vt 0.484375 0.984375
vt 0.515625 0.976563
vt 0.531250 0.976563
vt 0.531250 0.984375
vt 0.515625 0.984375
vt 0.546875 0.976563
vt 0.562500 0.976563
vt 0.562500 0.984375
vt 0.546875 0.984375
vt 0.578125 0.976563
vt 0.593750 0.976563
vt 0.593750 0.984375
vt 0.578125 0.984375
vt 0.375000 0.875000
vt 0.390625 0.875000
vt 0.390625 0.882813
vt 0.375000 0.882813
vt 0.406250 0.875000
vt 0.406250 0.882813
vt 0.390625 0.890625
vt 0.375000 0.890625
vt 0.421875 0.875000
vt 0.421875 0.882813
vt 0.437500 0.875000
vt 0.437500 0.882813
vt 0.453125 0.875000
vt 0.453125 0.882813
vt 0.468750 0.875000
vt 0.468750 0.882813
vt 0.484375 0.875000
vt 0.484375 0.882813
vt 0.500000 0.875000
vt 0.500000 0.882813
vt 0.515625 0.875000
vt 0.515625 0.882813
vt 0.531250 0.875000
vt 0.531250 0.882813
vt 0.546875 0.875000
vt 0.546875 0.882813
vt 0.562500 0.875000
vt 0.562500 0.882813
vt 0.578125 0.875000
vt 0.578125 0.882813
vt 0.593750 0.875000
vt 0.593750 0.882813
vt 0.609375 0.875000
vt 0.609375 0.882813
vt 0.625000 0.875000
vt 0.625000 0.882813
vt 0.625000 0.890625
vt 0.609375 0.890625
vt 0.609375 0.898438
vt 0.625000 0.898438
vt 0.625000 0.906250
vt 0.609375 0.906250
vt 0.609375 0.914063
vt 0.625000 0.914063
vt 0.625000 0.921875
vt 0.609375 0.921875
vt 0.609375 0.929688
vt 0.625000 0.929688
vt 0.625000 0.937500
vt 0.609375 0.937500
vt 0.609375 0.945313
vt 0.625000 0.945313
vt 0.625000 0.953125
vt 0.609375 0.953125
vt 0.609375 0.960938
vt 0.625000 0.960938
vt 0.625000 0.968750
vt 0.609375 0.968750
vt 0.609375 0.976563
vt 0.625000 0.976563
vt 0.625000 0.984375
vt 0.609375 0.984375
vt 0.609375 0.992188
vt 0.593750 0.992188
vt 0.625000 0.992188
vt 0.625000 1.000000
vt 0.609375 1.000000
vt 0.593750 1.000000
vt 0.578125 0.992188
vt 0.562500 0.992188
vt 0.578125 1.000000
vt 0.562500 1.000000
vt 0.546875 0.992188
vt 0.531250 0.992188
vt 0.546875 1.000000
vt 0.531250 1.000000
vt 0.515625 0.992188
vt 0.500000 0.992188
vt 0.515625 1.000000
vt 0.500000 1.000000
vt 0.484375 0.992188
vt 0.468750 0.992188
vt 0.484375 1.000000
vt 0.468750 1.000000
vt 0.453125 0.992188
vt 0.437500 0.992188
vt 0.453125 1.000000
vt 0.437500 1.000000
vt 0.421875 0.992188
vt 0.406250 0.992188
vt 0.421875 1.000000
vt 0.406250 1.000000
vt 0.375000 0.984375
vt 0.390625 0.984375
vt 0.390625 0.992188
vt 0.375000 0.992188
vt 0.390625 1.000000
vt 0.375000 1.000000
vt 0.375000 0.968750
vt 0.390625 0.968750
vt 0.390625 0.976563
vt 0.375000 0.976563
vt 0.375000 0.953125
vt 0.390625 0.953125
vt 0.390625 0.960938
vt 0.375000 0.960938
vt 0.375000 0.937500
vt 0.390625 0.937500
vt 0.390625 0.945313
vt 0.375000 0.945313
vt 0.375000 0.921875
vt 0.390625 0.921875
vt 0.390625 0.929688
vt 0.375000 0.929688
vt 0.375000 0.906250
vt 0.390625 0.906250
vt 0.390625 0.914063
vt 0.375000 0.914063
vt 0.390625 0.898438
vt 0.375000 0.898438
vt 0.265625 0.531250
vt 0.273438 0.531250
vt 0.273438 0.546875
vt 0.265625 0.546875
vt 0.281250 0.531250
vt 0.281250 0.546875
vt 0.281250 0.562500
vt 0.273438 0.562500
vt 0.265625 0.562500
vt 0.289063 0.531250
vt 0.289063 0.546875
vt 0.296875 0.531250
vt 0.296875 0.546875
vt 0.296875 0.562500
vt 0.289063 0.562500
vt 0.304688 0.531250
vt 0.304688 0.546875
vt 0.312500 0.531250
vt 0.312500 0.546875
vt 0.312500 0.562500
vt 0.304688 0.562500
vt 0.320313 0.531250
vt 0.320313 0.546875
vt 0.328125 0.531250
vt 0.328125 0.546875
vt 0.328125 0.562500
vt 0.320313 0.562500
vt 0.335938 0.531250
vt 0.335938 0.546875
vt 0.343750 0.531250
vt 0.343750 0.546875
vt 0.343750 0.562500
vt 0.335938 0.562500
vt 0.351563 0.531250
vt 0.351563 0.546875
vt 0.359375 0.531250
vt 0.359375 0.546875
vt 0.359375 0.562500
vt 0.351563 0.562500
vt 0.273438 0.578125
vt 0.265625 0.578125
vt 0.281250 0.578125
vt 0.281250 0.593750
vt 0.273438 0.593750
vt 0.265625 0.593750
vt 0.289063 0.578125
vt 0.296875 0.578125
vt 0.296875 0.593750
vt 0.289063 0.593750
vt 0.304688 0.578125
vt 0.312500 0.578125
vt 0.312500 0.593750
vt 0.304688 0.593750
vt 0.320313 0.578125
vt 0.328125 0.578125
vt 0.328125 0.593750
vt 0.320313 0.593750
vt 0.335938 0.578125
vt 0.343750 0.578125
vt 0.343750 0.593750
vt 0.335938 0.593750
vt 0.351563 0.578125
vt 0.359375 0.578125
vt 0.359375 0.593750
vt 0.351563 0.593750
vt 0.273438 0.609375
vt 0.265625 0.609375
vt 0.281250 0.609375
vt 0.281250 0.625000
vt 0.273438 0.625000
vt 0.265625 0.625000
vt 0.289063 0.609375
vt 0.296875 0.609375
vt 0.296875 0.625000
vt 0.289063 0.625000
vt 0.304688 0.609375
vt 0.312500 0.609375
vt 0.312500 0.625000
vt 0.304688 0.625000
vt 0.320313 0.609375
vt 0.328125 0.609375
vt 0.328125 0.625000
vt 0.320313 0.625000
vt 0.335938 0.609375
vt 0.343750 0.609375
vt 0.343750 0.625000
vt 0.335938 0.625000
vt 0.351563 0.609375
vt 0.359375 0.609375
vt 0.359375 0.625000
vt 0.351563 0.625000
vt 0.273438 0.640625
vt 0.265625 0.640625
vt 0.281250 0.640625
vt 0.281250 0.656250
vt 0.273438 0.656250
vt 0.265625 0.656250
vt 0.289063 0.640625
vt 0.296875 0.640625
vt 0.296875 0.656250
vt 0.289063 0.656250
vt 0.304688 0.640625
vt 0.312500 0.640625
vt 0.312500 0.656250
vt 0.304688 0.656250
vt 0.320313 0.640625
vt 0.328125 0.640625
vt 0.328125 0.656250
vt 0.320313 0.656250
vt 0.335938 0.640625
vt 0.343750 0.640625
vt 0.343750 0.656250
vt 0.335938 0.656250
vt 0.351563 0.640625
vt 0.359375 0.640625
vt 0.359375 0.656250
vt 0.351563 0.656250
vt 0.273438 0.671875
vt 0.265625 0.671875
vt 0.281250 0.671875
vt 0.281250 0.687500
vt 0.273438 0.687500
vt 0.265625 0.687500
vt 0.289063 0.671875
vt 0.296875 0.671875
vt 0.296875 0.687500
vt 0.289063 0.687500
vt 0.304688 0.671875
vt 0.312500 0.671875
vt 0.312500 0.687500
vt 0.304688 0.687500
vt 0.320313 0.671875
vt 0.328125 0.671875
vt 0.328125 0.687500
vt 0.320313 0.687500
vt 0.335938 0.671875
vt 0.343750 0.671875
vt 0.343750 0.687500
vt 0.335938 0.687500
vt 0.351563 0.671875
vt 0.359375 0.671875
vt 0.359375 0.687500
vt 0.351563 0.687500
vt 0.273438 0.703125
vt 0.265625 0.703125
vt 0.281250 0.703125
vt 0.281250 0.718750
vt 0.273438 0.718750
vt 0.265625 0.718750
vt 0.289063 0.703125
vt 0.296875 0.703125
vt 0.296875 0.718750
vt 0.289063 0.718750
vt 0.304688 0.703125
vt 0.312500 0.703125
vt 0.312500 0.718750
vt 0.304688 0.718750
vt 0.320313 0.703125
vt 0.328125 0.703125
vt 0.328125 0.718750
vt 0.320313 0.718750
vt 0.335938 0.703125
vt 0.343750 0.703125
vt 0.343750 0.718750
vt 0.335938 0.718750
vt 0.351563 0.703125
vt 0.359375 0.703125
vt 0.359375 0.718750
vt 0.351563 0.718750
vt 0.250000 0.500000
vt 0.257813 0.500000
vt 0.257813 0.515625
vt 0.250000 0.515625
vt 0.265625 0.500000
vt 0.265625 0.515625
vt 0.257813 0.531250
vt 0.250000 0.531250
vt 0.273438 0.500000
vt 0.273438 0.515625
vt 0.281250 0.500000
vt 0.281250 0.515625
vt 0.289063 0.500000
vt 0.289063 0.515625
vt 0.296875 0.500000
vt 0.296875 0.515625
vt 0.304688 0.500000
vt 0.304688 0.515625
vt 0.312500 0.500000
vt 0.312500 0.515625
vt 0.320313 0.500000
vt 0.320313 0.515625
vt 0.328125 0.500000
vt 0.328125 0.515625
vt 0.335938 0.500000
vt 0.335938 0.515625
vt 0.343750 0.500000
vt 0.343750 0.515625
vt 0.351563 0.500000
vt 0.351563 0.515625
vt 0.359375 0.500000
vt 0.359375 0.515625
vt 0.367188 0.500000
vt 0.367459 0.515625
vt 0.367513 0.531250
vt 0.367513 0.546875
vt 0.367513 0.562500
vt 0.367513 0.578125
vt 0.367513 0.593750
vt 0.367513 0.609375
vt 0.367513 0.625000
vt 0.367513 0.640625
vt 0.367513 0.656250
vt 0.367513 0.671875
vt 0.367513 0.687500
vt 0.367513 0.703125
vt 0.367513 0.718750
vt 0.367459 0.734375
vt 0.359375 0.734375
vt 0.367188 0.750000
vt 0.359375 0.750000
vt 0.351563 0.734375
vt 0.343750 0.734375
vt 0.351563 0.750000
vt 0.343750 0.750000
vt 0.335938 0.734375
vt 0.328125 0.734375
vt 0.335938 0.750000
vt 0.328125 0.750000
vt 0.320313 0.734375
vt 0.312500 0.734375
vt 0.320313 0.750000
vt 0.312500 0.750000
vt 0.304688 0.734375
vt 0.296875 0.734375
vt 0.304688 0.750000
vt 0.296875 0.750000
vt 0.289063 0.734375
vt 0.281250 0.734375
vt 0.289063 0.750000
vt 0.281250 0.750000
vt 0.273438 0.734375
vt 0.265625 0.734375
vt 0.273438 0.750000
vt 0.265625 0.750000
vt 0.250000 0.718750
vt 0.257813 0.718750
vt 0.257813 0.734375
vt 0.250000 0.734375
vt 0.257813 0.750000
vt 0.250000 0.750000
vt 0.250000 0.687500
vt 0.257813 0.687500
vt 0.257812 0.703125
vt 0.250000 0.703125
vt 0.250000 0.656250
vt 0.257813 0.656250
vt 0.257812 0.671875
vt 0.250000 0.671875
vt 0.250000 0.625000
vt 0.257813 0.625000
vt 0.257812 0.640625
vt 0.250000 0.640625
vt 0.250000 0.593750
vt 0.257813 0.593750
vt 0.257812 0.609375
vt 0.250000 0.609375
vt 0.250000 0.562500
vt 0.257813 0.562500
vt 0.257812 0.578125
vt 0.250000 0.578125
vt 0.257812 0.546875
vt 0.250000 0.546875
vt 0.765625 0.531250
vt 0.773438 0.531250
vt 0.773438 0.546875
vt 0.765625 0.546875
vt 0.781250 0.531250
vt 0.781250 0.546875
vt 0.781250 0.562500
vt 0.773438 0.562500
vt 0.765625 0.562500
vt 0.789063 0.531250
vt 0.789062 0.546875
vt 0.796875 0.531250
vt 0.796875 0.546875
vt 0.796875 0.562500
vt 0.789063 0.562500
vt 0.804688 0.531250
vt 0.804688 0.546875
vt 0.812500 0.531250
vt 0.812500 0.546875
vt 0.812500 0.562500
vt 0.804688 0.562500
vt 0.820313 0.531250
vt 0.820313 0.546875
vt 0.828125 0.531250
vt 0.828125 0.546875
vt 0.828125 0.562500
vt 0.820313 0.562500
vt 0.835938 0.531250
vt 0.835938 0.546875
vt 0.843750 0.531250
vt 0.843750 0.546875
vt 0.843750 0.562500
vt 0.835938 0.562500
vt 0.851563 0.531250
vt 0.851563 0.546875
vt 0.859375 0.531250
vt 0.859375 0.546875
vt 0.859375 0.562500
vt 0.851563 0.562500
vt 0.773438 0.578125
vt 0.765625 0.578125
vt 0.781250 0.578125
vt 0.781250 0.593750
vt 0.773438 0.593750
vt 0.765625 0.593750
vt 0.789062 0.578125
vt 0.796875 0.578125
vt 0.796875 0.593750
vt 0.789063 0.593750
vt 0.804688 0.578125
vt 0.812500 0.578125
vt 0.812500 0.593750
vt 0.804688 0.593750
vt 0.820313 0.578125
vt 0.828125 0.578125
vt 0.828125 0.593750
vt 0.820313 0.593750
vt 0.835938 0.578125
vt 0.843750 0.578125
vt 0.843750 0.593750
vt 0.835938 0.593750
vt 0.851563 0.578125
vt 0.859375 0.578125
vt 0.859375 0.593750
vt 0.851563 0.593750
vt 0.773438 0.609375
vt 0.765625 0.609375
vt 0.781250 0.609375
vt 0.781250 0.625000
vt 0.773438 0.625000
vt 0.765625 0.625000
vt 0.789063 0.609375
vt 0.796875 0.609375
vt 0.796875 0.625000
vt 0.789063 0.625000
vt 0.804688 0.609375
vt 0.812500 0.609375
vt 0.812500 0.625000
vt 0.804688 0.625000
vt 0.820313 0.609375
vt 0.828125 0.609375
vt 0.828125 0.625000
vt 0.820313 0.625000
vt 0.835938 0.609375
vt 0.843750 0.609375
vt 0.843750 0.625000
vt 0.835938 0.625000
vt 0.851563 0.609375
vt 0.859375 0.609375
vt 0.859375 0.625000
vt 0.851563 0.625000
vt 0.773438 0.640625
vt 0.765625 0.640625
vt 0.781250 0.640625
vt 0.781250 0.656250
vt 0.773438 0.656250
vt 0.765625 0.656250
vt 0.789062 0.640625
vt 0.796875 0.640625
vt 0.796875 0.656250
vt 0.789063 0.656250
vt 0.804688 0.640625
vt 0.812500 0.640625
vt 0.812500 0.656250
vt 0.804688 0.656250
vt 0.820313 0.640625
vt 0.828125 0.640625
vt 0.828125 0.656250
vt 0.820313 0.656250
vt 0.835938 0.640625
vt 0.843750 0.640625
vt 0.843750 0.656250
vt 0.835938 0.656250
vt 0.851563 0.640625
vt 0.859375 0.640625
vt 0.859375 0.656250
vt 0.851563 0.656250
vt 0.773438 0.671875
vt 0.765625 0.671875
vt 0.781250 0.671875
vt 0.781250 0.687500
vt 0.773438 0.687500
vt 0.765625 0.687500
vt 0.789062 0.671875
vt 0.796875 0.671875
vt 0.796875 0.687500
vt 0.789063 0.687500
vt 0.804688 0.671875
vt 0.812500 0.671875
vt 0.812500 0.687500
vt 0.804688 0.687500
vt 0.820313 0.671875
vt 0.828125 0.671875
vt 0.828125 0.687500
vt 0.820313 0.687500
vt 0.835938 0.671875
vt 0.843750 0.671875
vt 0.843750 0.687500
vt 0.835938 0.687500
vt 0.851563 0.671875
vt 0.859375 0.671875
vt 0.859375 0.687500
vt 0.851563 0.687500
vt 0.773438 0.703125
vt 0.765625 0.703125
vt 0.781250 0.703125
vt 0.781250 0.718750
vt 0.773438 0.718750
vt 0.765625 0.718750
vt 0.789062 0.703125
vt 0.796875 0.703125
vt 0.796875 0.718750
vt 0.789063 0.718750
vt 0.804688 0.703125
vt 0.812500 0.703125
vt 0.812500 0.718750
vt 0.804688 0.718750
vt 0.820313 0.703125
vt 0.828125 0.703125
vt 0.828125 0.718750
vt 0.820313 0.718750
vt 0.835938 0.703125
vt 0.843750 0.703125
vt 0.843750 0.718750
vt 0.835938 0.718750
vt 0.851563 0.703125
vt 0.859375 0.703125
vt 0.859375 0.718750
vt 0.851563 0.718750
vt 0.750000 0.500000
vt 0.757813 0.500000
vt 0.757813 0.515625
vt 0.750000 0.515625
vt 0.765625 0.500000
vt 0.765625 0.515625
vt 0.757813 0.531250
vt 0.750000 0.531250
vt 0.773438 0.500000
vt 0.773438 0.515625
vt 0.781250 0.500000
vt 0.781250 0.515625
vt 0.789063 0.500000
vt 0.789063 0.515625
vt 0.796875 0.500000
vt 0.796875 0.515625
vt 0.804688 0.500000
vt 0.804688 0.515625
vt 0.812500 0.500000
vt 0.812500 0.515625
vt 0.820313 0.500000
vt 0.820313 0.515625
vt 0.828125 0.500000
vt 0.828125 0.515625
vt 0.835938 0.500000
vt 0.835938 0.515625
vt 0.843750 0.500000
vt 0.843750 0.515625
vt 0.851563 0.500000
vt 0.851563 0.515625
vt 0.859375 0.500000
vt 0.859375 0.515625
vt 0.867188 0.500000
vt 0.867188 0.515625
vt 0.875000 0.500000
vt 0.875000 0.515625
vt 0.875000 0.531250
vt 0.867188 0.531250
vt 0.867188 0.546875
vt 0.875000 0.546875
vt 0.875000 0.562500
vt 0.867188 0.562500
vt 0.867188 0.578125
vt 0.875000 0.578125
vt 0.875000 0.593750
vt 0.867188 0.593750
vt 0.867188 0.609375
vt 0.875000 0.609375
vt 0.875000 0.625000
vt 0.867188 0.625000
vt 0.867188 0.640625
vt 0.875000 0.640625
vt 0.875000 0.656250
vt 0.867188 0.656250
vt 0.867188 0.671875
vt 0.875000 0.671875
vt 0.875000 0.687500
vt 0.867188 0.687500
vt 0.867188 0.703125
vt 0.875000 0.703125
vt 0.875000 0.718750
vt 0.867188 0.718750
vt 0.867188 0.734375
vt 0.859375 0.734375
vt 0.875000 0.734375
vt 0.875000 0.750000
vt 0.867188 0.750000
vt 0.859375 0.750000
vt 0.851563 0.734375
vt 0.843750 0.734375
vt 0.851563 0.750000
vt 0.843750 0.750000
vt 0.835938 0.734375
vt 0.828125 0.734375
vt 0.835938 0.750000
vt 0.828125 0.750000
vt 0.820313 0.734375
vt 0.812500 0.734375
vt 0.820313 0.750000
vt 0.812500 0.750000
vt 0.804688 0.734375
vt 0.796875 0.734375
vt 0.804688 0.750000
vt 0.796875 0.750000
vt 0.789063 0.734375
vt 0.781250 0.734375
vt 0.789063 0.750000
vt 0.781250 0.750000
vt 0.773438 0.734375
vt 0.765625 0.734375
vt 0.773438 0.750000
vt 0.765625 0.750000
vt 0.750000 0.718750
vt 0.757813 0.718750
vt 0.757813 0.734375
vt 0.750000 0.734375
vt 0.757813 0.750000
vt 0.750000 0.750000
vt 0.750000 0.687500
vt 0.757812 0.687500
vt 0.757813 0.703125
vt 0.750000 0.703125
vt 0.750000 0.656250
vt 0.757813 0.656250
vt 0.757813 0.671875
vt 0.750000 0.671875
vt 0.750000 0.625000
vt 0.757813 0.625000
vt 0.757813 0.640625
vt 0.750000 0.640625
vt 0.750000 0.593750
vt 0.757813 0.593750
vt 0.757813 0.609375
vt 0.750000 0.609375
vt 0.750000 0.562500
vt 0.757813 0.562500
vt 0.757813 0.578125
vt 0.750000 0.578125
vt 0.757813 0.546875
vt 0.750000 0.546875
vt 0.640625 0.531250
vt 0.648438 0.531250
vt 0.648438 0.546875
vt 0.640625 0.546875
vt 0.656250 0.531250
vt 0.656250 0.546875
vt 0.656250 0.562500
vt 0.648438 0.562500
vt 0.640625 0.562500
vt 0.664063 0.531250
vt 0.664063 0.546875
vt 0.671875 0.531250
vt 0.671875 0.546875
vt 0.671875 0.562500
vt 0.664063 0.562500
vt 0.679688 0.531250
vt 0.679688 0.546875
vt 0.687500 0.531250
vt 0.687500 0.546875
vt 0.687500 0.562500
vt 0.679688 0.562500
vt 0.695313 0.531250
vt 0.695313 0.546875
vt 0.703125 0.531250
vt 0.703125 0.546875
vt 0.703125 0.562500
vt 0.695313 0.562500
vt 0.710938 0.531250
vt 0.710938 0.546875
vt 0.718750 0.531250
vt 0.718750 0.546875
vt 0.718750 0.562500
vt 0.710938 0.562500
vt 0.726563 0.531250
vt 0.726563 0.546875
vt 0.734375 0.531250
vt 0.734375 0.546875
vt 0.734375 0.562500
vt 0.726563 0.562500
vt 0.648438 0.578125
vt 0.640625 0.578125
vt 0.656250 0.578125
vt 0.656250 0.593750
vt 0.648438 0.593750
vt 0.640625 0.593750
vt 0.664063 0.578125
vt 0.671875 0.578125
vt 0.671875 0.593750
vt 0.664063 0.593750
vt 0.679688 0.578125
vt 0.687500 0.578125
vt 0.687500 0.593750
vt 0.679688 0.593750
vt 0.695313 0.578125
vt 0.703125 0.578125
vt 0.703125 0.593750
vt 0.695313 0.593750
vt 0.710938 0.578125
vt 0.718750 0.578125
vt 0.718750 0.593750
vt 0.710938 0.593750
vt 0.726563 0.578125
vt 0.734375 0.578125
vt 0.734375 0.593750
vt 0.726563 0.593750
vt 0.648438 0.609375
vt 0.640625 0.609375
vt 0.656250 0.609375
vt 0.656250 0.625000
vt 0.648438 0.625000
vt 0.640625 0.625000
vt 0.664063 0.609375
vt 0.671875 0.609375
vt 0.671875 0.625000
vt 0.664063 0.625000
vt 0.679688 0.609375
vt 0.687500 0.609375
vt 0.687500 0.625000
vt 0.679688 0.625000
vt 0.695313 0.609375
vt 0.703125 0.609375
vt 0.703125 0.625000
vt 0.695313 0.625000
vt 0.710938 0.609375
vt 0.718750 0.609375
vt 0.718750 0.625000
vt 0.710938 0.625000
vt 0.726563 0.609375
vt 0.734375 0.609375
vt 0.734375 0.625000
vt 0.726563 0.625000
vt 0.648438 0.640625
vt 0.640625 0.640625
vt 0.656250 0.640625
vt 0.656250 0.656250
vt 0.648438 0.656250
vt 0.640625 0.656250
vt 0.664063 0.640625
vt 0.671875 0.640625
vt 0.671875 0.656250
vt 0.664063 0.656250
vt 0.679688 0.640625
vt 0.687500 0.640625
vt 0.687500 0.656250
vt 0.679688 0.656250
vt 0.695313 0.640625
vt 0.703125 0.640625
vt 0.703125 0.656250
vt 0.695313 0.656250
vt 0.710938 0.640625
vt 0.718750 0.640625
vt 0.718750 0.656250
vt 0.710938 0.656250
vt 0.726563 0.640625
vt 0.734375 0.640625
vt 0.734375 0.656250
vt 0.726563 0.656250
vt 0.648438 0.671875
vt 0.640625 0.671875
vt 0.656250 0.671875
vt 0.656250 0.687500
vt 0.648438 0.687500
vt 0.640625 0.687500
vt 0.664063 0.671875
vt 0.671875 0.671875
vt 0.671875 0.687500
vt 0.664063 0.687500
vt 0.679688 0.671875
vt 0.687500 0.671875
vt 0.687500 0.687500
vt 0.679688 0.687500
vt 0.695313 0.671875
vt 0.703125 0.671875
vt 0.703125 0.687500
vt 0.695313 0.687500
vt 0.710938 0.671875
vt 0.718750 0.671875
vt 0.718750 0.687500
vt 0.710938 0.687500
vt 0.726563 0.671875
vt 0.734375 0.671875
vt 0.734375 0.687500
vt 0.726563 0.687500
vt 0.648438 0.703125
vt 0.640625 0.703125
vt 0.656250 0.703125
vt 0.656250 0.718750
vt 0.648438 0.718750
vt 0.640625 0.718750
vt 0.664063 0.703125
vt 0.671875 0.703125
vt 0.671875 0.718750
vt 0.664063 0.718750
vt 0.679688 0.703125
vt 0.687500 0.703125
vt 0.687500 0.718750
vt 0.679688 0.718750
vt 0.695313 0.703125
vt 0.703125 0.703125
vt 0.703125 0.718750
vt 0.695313 0.718750
vt 0.710938 0.703125
vt 0.718750 0.703125
vt 0.718750 0.718750
vt 0.710938 0.718750
vt 0.726563 0.703125
vt 0.734375 0.703125
vt 0.734375 0.718750
vt 0.726563 0.718750
vt 0.632813 0.500000
vt 0.632541 0.515625
vt 0.640625 0.500000
vt 0.640625 0.515625
vt 0.632487 0.531250
vt 0.648438 0.500000
vt 0.648438 0.515625
vt 0.656250 0.500000
vt 0.656250 0.515625
vt 0.664063 0.500000
vt 0.664063 0.515625
vt 0.671875 0.500000
vt 0.671875 0.515625
vt 0.679688 0.500000
vt 0.679687 0.515625
vt 0.687500 0.500000
vt 0.687500 0.515625
vt 0.695313 0.500000
vt 0.695312 0.515625
vt 0.703125 0.500000
vt 0.703125 0.515625
vt 0.710938 0.500000
vt 0.710938 0.515625
vt 0.718750 0.500000
vt 0.718750 0.515625
vt 0.726563 0.500000
vt 0.726563 0.515625
vt 0.734375 0.500000
vt 0.734375 0.515625
vt 0.742188 0.500000
vt 0.742188 0.515625
vt 0.742188 0.531250
vt 0.742188 0.546875
vt 0.742188 0.562500
vt 0.742188 0.578125
vt 0.742188 0.593750
vt 0.742188 0.609375
vt 0.742188 0.625000
vt 0.742188 0.640625
vt 0.742188 0.656250
vt 0.742188 0.671875
vt 0.742188 0.687500
vt 0.742188 0.703125
vt 0.742188 0.718750
vt 0.742188 0.734375
vt 0.734375 0.734375
vt 0.742188 0.750000
vt 0.734375 0.750000
vt 0.726562 0.734375
vt 0.718750 0.734375
vt 0.726563 0.750000
vt 0.718750 0.750000
vt 0.710938 0.734375
vt 0.703125 0.734375
vt 0.710938 0.750000
vt 0.703125 0.750000
vt 0.695313 0.734375
vt 0.687500 0.734375
vt 0.695313 0.750000
vt 0.687500 0.750000
vt 0.679688 0.734375
vt 0.671875 0.734375
vt 0.679688 0.750000
vt 0.671875 0.750000
vt 0.664063 0.734375
vt 0.656250 0.734375
vt 0.664063 0.750000
vt 0.656250 0.750000
vt 0.648438 0.734375
vt 0.640625 0.734375
vt 0.648438 0.750000
vt 0.640625 0.750000
vt 0.632487 0.718750
vt 0.632541 0.734375
vt 0.632813 0.750000
vt 0.632487 0.687500
vt 0.632487 0.703125
vt 0.632487 0.656250
vt 0.632487 0.671875
vt 0.632487 0.625000
vt 0.632487 0.640625
vt 0.632487 0.593750
vt 0.632487 0.609375
vt 0.632487 0.562500
vt 0.632487 0.578125
vt 0.632487 0.546875
vt 0.140625 0.531250
vt 0.148438 0.531250
vt 0.148438 0.546875
vt 0.140625 0.546875
vt 0.156250 0.531250
vt 0.156250 0.546875
vt 0.156250 0.562500
vt 0.148438 0.562500
vt 0.140625 0.562500
vt 0.164063 0.531250
vt 0.164063 0.546875
vt 0.171875 0.531250
vt 0.171875 0.546875
vt 0.171875 0.562500
vt 0.164063 0.562500
vt 0.179688 0.531250
vt 0.179688 0.546875
vt 0.187500 0.531250
vt 0.187500 0.546875
vt 0.187500 0.562500
vt 0.179688 0.562500
vt 0.195313 0.531250
vt 0.195313 0.546875
vt 0.203125 0.531250
vt 0.203125 0.546875
vt 0.203125 0.562500
vt 0.195313 0.562500
vt 0.210938 0.531250
vt 0.210938 0.546875
vt 0.218750 0.531250
vt 0.218750 0.546875
vt 0.218750 0.562500
vt 0.210938 0.562500
vt 0.226563 0.531250
vt 0.226563 0.546875
vt 0.234375 0.531250
vt 0.234375 0.546875
vt 0.234375 0.562500
vt 0.226563 0.562500
vt 0.148438 0.578125
vt 0.140625 0.578125
vt 0.156250 0.578125
vt 0.156250 0.593750
vt 0.148438 0.593750
vt 0.140625 0.593750
vt 0.164063 0.578125
vt 0.171875 0.578125
vt 0.171875 0.593750
vt 0.164063 0.593750
vt 0.179688 0.578125
vt 0.187500 0.578125
vt 0.187500 0.593750
vt 0.179688 0.593750
vt 0.195313 0.578125
vt 0.203125 0.578125
vt 0.203125 0.593750
vt 0.195313 0.593750
vt 0.210938 0.578125
vt 0.218750 0.578125
vt 0.218750 0.593750
vt 0.210938 0.593750
vt 0.226563 0.578125
vt 0.234375 0.578125
vt 0.234375 0.593750
vt 0.226563 0.593750
vt 0.148438 0.609375
vt 0.140625 0.609375
vt 0.156250 0.609375
vt 0.156250 0.625000
vt 0.148438 0.625000
vt 0.140625 0.625000
vt 0.164063 0.609375
vt 0.171875 0.609375
vt 0.171875 0.625000
vt 0.164063 0.625000
vt 0.179688 0.609375
vt 0.187500 0.609375
vt 0.187500 0.625000
vt 0.179688 0.625000
vt 0.195313 0.609375
vt 0.203125 0.609375
vt 0.203125 0.625000
vt 0.195313 0.625000
vt 0.210938 0.609375
vt 0.218750 0.609375
vt 0.218750 0.625000
vt 0.210938 0.625000
vt 0.226563 0.609375
vt 0.234375 0.609375
vt 0.234375 0.625000
vt 0.226563 0.625000
vt 0.148438 0.640625
vt 0.140625 0.640625
vt 0.156250 0.640625
vt 0.156250 0.656250
vt 0.148438 0.656250
vt 0.140625 0.656250
vt 0.164063 0.640625
vt 0.171875 0.640625
vt 0.171875 0.656250
vt 0.164063 0.656250
vt 0.179688 0.640625
vt 0.187500 0.640625
vt 0.187500 0.656250
vt 0.179688 0.656250
vt 0.195313 0.640625
vt 0.203125 0.640625
vt 0.203125 0.656250
vt 0.195313 0.656250
vt 0.210938 0.640625
vt 0.218750 0.640625
vt 0.218750 0.656250
vt 0.210938 0.656250
vt 0.226563 0.640625
vt 0.234375 0.640625
vt 0.234375 0.656250
vt 0.226563 0.656250
vt 0.148438 0.671875
vt 0.140625 0.671875
vt 0.156250 0.671875
vt 0.156250 0.687500
vt 0.148438 0.687500
vt 0.140625 0.687500
vt 0.164063 0.671875
vt 0.171875 0.671875
vt 0.171875 0.687500
vt 0.164063 0.687500
vt 0.179688 0.671875
vt 0.187500 0.671875
vt 0.187500 0.687500
vt 0.179688 0.687500
vt 0.195313 0.671875
vt 0.203125 0.671875
vt 0.203125 0.687500
vt 0.195313 0.687500
vt 0.210938 0.671875
vt 0.218750 0.671875
vt 0.218750 0.687500
vt 0.210938 0.687500
vt 0.226563 0.671875
vt 0.234375 0.671875
vt 0.234375 0.687500
vt 0.226563 0.687500
vt 0.148438 0.703125
vt 0.140625 0.703125
vt 0.156250 0.703125
vt 0.156250 0.718750
vt 0.148438 0.718750
vt 0.140625 0.718750
vt 0.164063 0.703125
vt 0.171875 0.703125
vt 0.171875 0.718750
vt 0.164063 0.718750
vt 0.179688 0.703125
vt 0.187500 0.703125
vt 0.187500 0.718750
vt 0.179688 0.718750
vt 0.195313 0.703125
vt 0.203125 0.703125
vt 0.203125 0.718750
vt 0.195313 0.718750
vt 0.210938 0.703125
vt 0.218750 0.703125
vt 0.218750 0.718750
vt 0.210938 0.718750
vt 0.226563 0.703125
vt 0.234375 0.703125
vt 0.234375 0.718750
vt 0.226563 0.718750
vt 0.125000 0.500000
vt 0.132813 0.500000
vt 0.132813 0.515625
vt 0.125000 0.515625
vt 0.140625 0.500000
vt 0.140625 0.515625
vt 0.132813 0.531250
vt 0.125000 0.531250
vt 0.148438 0.500000
vt 0.148438 0.515625
vt 0.156250 0.500000
vt 0.156250 0.515625
vt 0.164063 0.500000
vt 0.164063 0.515625
vt 0.171875 0.500000
vt 0.171875 0.515625
vt 0.179688 0.500000
vt 0.179688 0.515625
vt 0.187500 0.500000
vt 0.187500 0.515625
vt 0.195313 0.500000
vt 0.195313 0.515625
vt 0.203125 0.500000
vt 0.203125 0.515625
vt 0.210938 0.500000
vt 0.210938 0.515625
vt 0.218750 0.500000
vt 0.218750 0.515625
vt 0.226563 0.500000
vt 0.226563 0.515625
vt 0.234375 0.500000
vt 0.234375 0.515625
vt 0.242188 0.500000
vt 0.242188 0.515625
vt 0.242188 0.531250
vt 0.242188 0.546875
vt 0.242188 0.562500
vt 0.242188 0.578125
vt 0.242188 0.593750
vt 0.242188 0.609375
vt 0.242188 0.625000
vt 0.242188 0.640625
vt 0.242188 0.656250
vt 0.242188 0.671875
vt 0.242188 0.687500
vt 0.242188 0.703125
vt 0.242188 0.718750
vt 0.242188 0.734375
vt 0.234375 0.734375
vt 0.242188 0.750000
vt 0.234375 0.750000
vt 0.226563 0.734375
vt 0.218750 0.734375
vt 0.226563 0.750000
vt 0.218750 0.750000
vt 0.210938 0.734375
vt 0.203125 0.734375
vt 0.210938 0.750000
vt 0.203125 0.750000
vt 0.195313 0.734375
vt 0.187500 0.734375
vt 0.195313 0.750000
vt 0.187500 0.750000
vt 0.179688 0.734375
vt 0.171875 0.734375
vt 0.179688 0.750000
vt 0.171875 0.750000
vt 0.164063 0.734375
vt 0.156250 0.734375
vt 0.164063 0.750000
vt 0.156250 0.750000
vt 0.148438 0.734375
vt 0.140625 0.734375
vt 0.148438 0.750000
vt 0.140625 0.750000
vt 0.125000 0.718750
vt 0.132813 0.718750
vt 0.132812 0.734375
vt 0.125000 0.734375
vt 0.132813 0.750000
vt 0.125000 0.750000
vt 0.125000 0.687500
vt 0.132813 0.687500
vt 0.132813 0.703125
vt 0.125000 0.703125
vt 0.125000 0.656250
vt 0.132813 0.656250
vt 0.132813 0.671875
vt 0.125000 0.671875
vt 0.125000 0.625000
vt 0.132813 0.625000
vt 0.132813 0.640625
vt 0.125000 0.640625
vt 0.125000 0.593750
vt 0.132813 0.593750
vt 0.132813 0.609375
vt 0.125000 0.609375
vt 0.125000 0.562500
vt 0.132813 0.562500
vt 0.132813 0.578125
vt 0.125000 0.578125
vt 0.132813 0.546875
vt 0.125000 0.546875
vt 0.406250 0.765625
vt 0.421875 0.765625
vt 0.421875 0.773438
vt 0.406250 0.773438
vt 0.437500 0.765625
vt 0.437500 0.773438
vt 0.437500 0.781250
vt 0.421875 0.781250
vt 0.406250 0.781250
vt 0.453125 0.765625
vt 0.453125 0.773438
vt 0.468750 0.765625
vt 0.468750 0.773438
vt 0.468750 0.781250
vt 0.453125 0.781250
vt 0.484375 0.765625
vt 0.484375 0.773438
vt 0.500000 0.765625
vt 0.500000 0.773438
vt 0.500000 0.781250
vt 0.484375 0.781250
vt 0.515625 0.765625
vt 0.515625 0.773438
vt 0.531250 0.765625
vt 0.531250 0.773438
vt 0.531250 0.781250
vt 0.515625 0.781250
vt 0.546875 0.765625
vt 0.546875 0.773438
vt 0.562500 0.765625
vt 0.562500 0.773438
vt 0.562500 0.781250
vt 0.546875 0.781250
vt 0.578125 0.765625
vt 0.578125 0.773438
vt 0.593750 0.765625
vt 0.593750 0.773438
vt 0.593750 0.781250
vt 0.578125 0.781250
vt 0.421875 0.789062
vt 0.406250 0.789063
vt 0.437500 0.789063
vt 0.437500 0.796875
vt 0.421875 0.796875
vt 0.406250 0.796875
vt 0.453125 0.789062
vt 0.468750 0.789063
vt 0.468750 0.796875
vt 0.453125 0.796875
vt 0.484375 0.789062
vt 0.500000 0.789063
vt 0.500000 0.796875
vt 0.484375 0.796875
vt 0.515625 0.789062
vt 0.531250 0.789063
vt 0.531250 0.796875
vt 0.515625 0.796875
vt 0.546875 0.789062
vt 0.562500 0.789063
vt 0.562500 0.796875
vt 0.546875 0.796875
vt 0.578125 0.789062
vt 0.593750 0.789063
vt 0.593750 0.796875
vt 0.578125 0.796875
vt 0.421875 0.804688
vt 0.406250 0.804688
vt 0.437500 0.804688
vt 0.437500 0.812500
vt 0.421875 0.812500
vt 0.406250 0.812500
vt 0.453125 0.804688
vt 0.468750 0.804688
vt 0.468750 0.812500
vt 0.453125 0.812500
vt 0.484375 0.804688
vt 0.500000 0.804688
vt 0.500000 0.812500
vt 0.484375 0.812500
vt 0.515625 0.804688
vt 0.531250 0.804688
vt 0.531250 0.812500
vt 0.515625 0.812500
vt 0.546875 0.804688
vt 0.562500 0.804688
vt 0.562500 0.812500
vt 0.546875 0.812500
vt 0.578125 0.804688
vt 0.593750 0.804688
vt 0.593750 0.812500
vt 0.578125 0.812500
vt 0.421875 0.820313
vt 0.406250 0.820313
vt 0.437500 0.820313
vt 0.437500 0.828125
vt 0.421875 0.828125
vt 0.406250 0.828125
vt 0.453125 0.820313
vt 0.468750 0.820313
vt 0.468750 0.828125
vt 0.453125 0.828125
vt 0.484375 0.820313
vt 0.500000 0.820313
vt 0.500000 0.828125
vt 0.484375 0.828125
vt 0.515625 0.820313
vt 0.531250 0.820313
vt 0.531250 0.828125
vt 0.515625 0.828125
vt 0.546875 0.820313
vt 0.562500 0.820313
vt 0.562500 0.828125
vt 0.546875 0.828125
vt 0.578125 0.820313
vt 0.593750 0.820313
vt 0.593750 0.828125
vt 0.578125 0.828125
vt 0.421875 0.835938
vt 0.406250 0.835938
vt 0.437500 0.835938
vt 0.437500 0.843750
vt 0.421875 0.843750
vt 0.406250 0.843750
vt 0.453125 0.835938
vt 0.468750 0.835938
vt 0.468750 0.843750
vt 0.453125 0.843750
vt 0.484375 0.835938
vt 0.500000 0.835938
vt 0.500000 0.843750
vt 0.484375 0.843750
vt 0.515625 0.835938
vt 0.531250 0.835938
vt 0.531250 0.843750
vt 0.515625 0.843750
vt 0.546875 0.835938
vt 0.562500 0.835938
vt 0.562500 0.843750
vt 0.546875 0.843750
vt 0.578125 0.835938
vt 0.593750 0.835938
vt 0.593750 0.843750
vt 0.578125 0.843750
vt 0.421875 0.851563
vt 0.406250 0.851563
vt 0.437500 0.851563
vt 0.437500 0.859375
vt 0.421875 0.859375
vt 0.406250 0.859375
vt 0.453125 0.851563
vt 0.468750 0.851563
vt 0.468750 0.859375
vt 0.453125 0.859375
vt 0.484375 0.851563
vt 0.500000 0.851563
vt 0.500000 0.859375
vt 0.484375 0.859375
vt 0.515625 0.851563
vt 0.531250 0.851563
vt 0.531250 0.859375
vt 0.515625 0.859375
vt 0.546875 0.851563
vt 0.562500 0.851563
vt 0.562500 0.859375
vt 0.546875 0.859375
vt 0.578125 0.851563
vt 0.593750 0.851563
vt 0.593750 0.859375
vt 0.578125 0.859375
vt 0.390625 0.757541
vt 0.375000 0.757813
vt 0.406250 0.757487
vt 0.390625 0.765625
vt 0.375000 0.765625
vt 0.421875 0.757487
vt 0.437500 0.757487
vt 0.453125 0.757487
vt 0.468750 0.757487
vt 0.484375 0.757487
vt 0.500000 0.757487
vt 0.515625 0.757487
vt 0.531250 0.757487
vt 0.546875 0.757487
vt 0.562500 0.757487
vt 0.578125 0.757487
vt 0.593750 0.757487
vt 0.609375 0.757541
vt 0.625000 0.757813
vt 0.625000 0.765625
vt 0.609375 0.765625
vt 0.609375 0.773438
vt 0.625000 0.773438
vt 0.625000 0.781250
vt 0.609375 0.781250
vt 0.609375 0.789062
vt 0.625000 0.789063
vt 0.625000 0.796875
vt 0.609375 0.796875
vt 0.609375 0.804688
vt 0.625000 0.804688
vt 0.625000 0.812500
vt 0.609375 0.812500
vt 0.609375 0.820313
vt 0.625000 0.820313
vt 0.625000 0.828125
vt 0.609375 0.828125
vt 0.609375 0.835938
vt 0.625000 0.835938
vt 0.625000 0.843750
vt 0.609375 0.843750
vt 0.609375 0.851563
vt 0.625000 0.851563
vt 0.625000 0.859375
vt 0.609375 0.859375
vt 0.609375 0.867188
vt 0.593750 0.867188
vt 0.625000 0.867188
vt 0.578125 0.867188
vt 0.562500 0.867188
vt 0.546875 0.867188
vt 0.531250 0.867188
vt 0.515625 0.867188
vt 0.500000 0.867188
vt 0.484375 0.867188
vt 0.468750 0.867188
vt 0.453125 0.867188
vt 0.437500 0.867188
vt 0.421875 0.867188
vt 0.406250 0.867188
vt 0.375000 0.859375
vt 0.390625 0.859375
vt 0.390625 0.867188
vt 0.375000 0.867188
vt 0.375000 0.843750
vt 0.390625 0.843750
vt 0.390625 0.851563
vt 0.375000 0.851563
vt 0.375000 0.828125
vt 0.390625 0.828125
vt 0.390625 0.835938
vt 0.375000 0.835938
vt 0.375000 0.812500
vt 0.390625 0.812500
vt 0.390625 0.820313
vt 0.375000 0.820313
vt 0.375000 0.796875
vt 0.390625 0.796875
vt 0.390625 0.804688
vt 0.375000 0.804688
vt 0.375000 0.781250
vt 0.390625 0.781250
vt 0.390625 0.789063
vt 0.375000 0.789063
vt 0.390625 0.773438
vt 0.375000 0.773438
vt 0.406250 0.265625
vt 0.421875 0.265625
vt 0.421875 0.273438
vt 0.406250 0.273438
vt 0.437500 0.265625
vt 0.437500 0.273438
vt 0.437500 0.281250
vt 0.421875 0.281250
vt 0.406250 0.281250
vt 0.453125 0.265625
vt 0.453125 0.273438
vt 0.468750 0.265625
vt 0.468750 0.273438
vt 0.468750 0.281250
vt 0.453125 0.281250
vt 0.484375 0.265625
vt 0.484375 0.273438
vt 0.500000 0.265625
vt 0.500000 0.273438
vt 0.500000 0.281250
vt 0.484375 0.281250
vt 0.515625 0.265625
vt 0.515625 0.273438
vt 0.531250 0.265625
vt 0.531250 0.273438
vt 0.531250 0.281250
vt 0.515625 0.281250
vt 0.546875 0.265625
vt 0.546875 0.273438
vt 0.562500 0.265625
vt 0.562500 0.273438
vt 0.562500 0.281250
vt 0.546875 0.281250
vt 0.578125 0.265625
vt 0.578125 0.273438
vt 0.593750 0.265625
vt 0.593750 0.273438
vt 0.593750 0.281250
vt 0.578125 0.281250
vt 0.421875 0.289063
vt 0.406250 0.289063
vt 0.437500 0.289063
vt 0.437500 0.296875
vt 0.421875 0.296875
vt 0.406250 0.296875
vt 0.453125 0.289063
vt 0.468750 0.289063
vt 0.468750 0.296875
vt 0.453125 0.296875
vt 0.484375 0.289063
vt 0.500000 0.289063
vt 0.500000 0.296875
vt 0.484375 0.296875
vt 0.515625 0.289063
vt 0.531250 0.289063
vt 0.531250 0.296875
vt 0.515625 0.296875
vt 0.546875 0.289063
vt 0.562500 0.289063
vt 0.562500 0.296875
vt 0.546875 0.296875
vt 0.578125 0.289063
vt 0.593750 0.289063
vt 0.593750 0.296875
vt 0.578125 0.296875
vt 0.421875 0.304688
vt 0.406250 0.304688
vt 0.437500 0.304688
vt 0.437500 0.312500
vt 0.421875 0.312500
vt 0.406250 0.312500
vt 0.453125 0.304688
vt 0.468750 0.304688
vt 0.468750 0.312500
vt 0.453125 0.312500
vt 0.484375 0.304688
vt 0.500000 0.304688
vt 0.500000 0.312500
vt 0.484375 0.312500
vt 0.515625 0.304688
vt 0.531250 0.304688
vt 0.531250 0.312500
vt 0.515625 0.312500
vt 0.546875 0.304688
vt 0.562500 0.304688
vt 0.562500 0.312500
vt 0.546875 0.312500
vt 0.578125 0.304688
vt 0.593750 0.304688
vt 0.593750 0.312500
vt 0.578125 0.312500
vt 0.421875 0.320313
vt 0.406250 0.320313
vt 0.437500 0.320313
vt 0.437500 0.328125
vt 0.421875 0.328125
vt 0.406250 0.328125
vt 0.453125 0.320313
vt 0.468750 0.320313
vt 0.468750 0.328125
vt 0.453125 0.328125
vt 0.484375 0.320313
vt 0.500000 0.320313
vt 0.500000 0.328125
vt 0.484375 0.328125
vt 0.515625 0.320313
vt 0.531250 0.320313
vt 0.531250 0.328125
vt 0.515625 0.328125
vt 0.546875 0.320313
vt 0.562500 0.320313
vt 0.562500 0.328125
vt 0.546875 0.328125
vt 0.578125 0.320313
vt 0.593750 0.320313
vt 0.593750 0.328125
vt 0.578125 0.328125
vt 0.421875 0.335938
vt 0.406250 0.335938
vt 0.437500 0.335938
vt 0.437500 0.343750
vt 0.421875 0.343750
vt 0.406250 0.343750
vt 0.453125 0.335938
vt 0.468750 0.335938
vt 0.468750 0.343750
vt 0.453125 0.343750
vt 0.484375 0.335938
vt 0.500000 0.335938
vt 0.500000 0.343750
vt 0.484375 0.343750
vt 0.515625 0.335938
vt 0.531250 0.335938
vt 0.531250 0.343750
vt 0.515625 0.343750
vt 0.546875 0.335938
vt 0.562500 0.335938
vt 0.562500 0.343750
vt 0.546875 0.343750
vt 0.578125 0.335938
vt 0.593750 0.335938
vt 0.593750 0.343750
vt 0.578125 0.343750
vt 0.421875 0.351563
vt 0.406250 0.351563
vt 0.437500 0.351563
vt 0.437500 0.359375
vt 0.421875 0.359375
vt 0.406250 0.359375
vt 0.453125 0.351563
vt 0.468750 0.351563
vt 0.468750 0.359375
vt 0.453125 0.359375
vt 0.484375 0.351563
vt 0.500000 0.351563
vt 0.500000 0.359375
vt 0.484375 0.359375
vt 0.515625 0.351563
vt 0.531250 0.351563
vt 0.531250 0.359375
vt 0.515625 0.359375
vt 0.546875 0.351563
vt 0.562500 0.351563
vt 0.562500 0.359375
vt 0.546875 0.359375
vt 0.578125 0.351563
vt 0.593750 0.351563
vt 0.593750 0.359375
vt 0.578125 0.359375
vt 0.390625 0.257541
vt 0.375000 0.257813
vt 0.406250 0.257487
vt 0.390625 0.265625
vt 0.375000 0.265625
vt 0.421875 0.257487
vt 0.437500 0.257487
vt 0.453125 0.257487
vt 0.468750 0.257487
vt 0.484375 0.257487
vt 0.500000 0.257487
vt 0.515625 0.257487
vt 0.531250 0.257487
vt 0.546875 0.257487
vt 0.562500 0.257487
vt 0.578125 0.257487
vt 0.593750 0.257487
vt 0.609375 0.257541
vt 0.625000 0.257813
vt 0.625000 0.265625
vt 0.609375 0.265625
vt 0.609375 0.273438
vt 0.625000 0.273438
vt 0.625000 0.281250
vt 0.609375 0.281250
vt 0.609375 0.289063
vt 0.625000 0.289063
vt 0.625000 0.296875
vt 0.609375 0.296875
vt 0.609375 0.304688
vt 0.625000 0.304688
vt 0.625000 0.312500
vt 0.609375 0.312500
vt 0.609375 0.320313
vt 0.625000 0.320313
vt 0.625000 0.328125
vt 0.609375 0.328125
vt 0.609375 0.335938
vt 0.625000 0.335938
vt 0.625000 0.343750
vt 0.609375 0.343750
vt 0.609375 0.351563
vt 0.625000 0.351563
vt 0.625000 0.359375
vt 0.609375 0.359375
vt 0.609375 0.367188
vt 0.593750 0.367187
vt 0.625000 0.367188
vt 0.578125 0.367188
vt 0.562500 0.367188
vt 0.546875 0.367188
vt 0.531250 0.367188
vt 0.515625 0.367188
vt 0.500000 0.367188
vt 0.484375 0.367188
vt 0.468750 0.367188
vt 0.453125 0.367188
vt 0.437500 0.367188
vt 0.421875 0.367188
vt 0.406250 0.367188
vt 0.375000 0.359375
vt 0.390625 0.359375
vt 0.390625 0.367188
vt 0.375000 0.367188
vt 0.375000 0.343750
vt 0.390625 0.343750
vt 0.390625 0.351563
vt 0.375000 0.351563
vt 0.375000 0.328125
vt 0.390625 0.328125
vt 0.390625 0.335938
vt 0.375000 0.335938
vt 0.375000 0.312500
vt 0.390625 0.312500
vt 0.390625 0.320313
vt 0.375000 0.320313
vt 0.375000 0.296875
vt 0.390625 0.296875
vt 0.390625 0.304688
vt 0.375000 0.304688
vt 0.375000 0.281250
vt 0.390625 0.281250
vt 0.390625 0.289063
vt 0.375000 0.289063
vt 0.390625 0.273438
vt 0.375000 0.273438
s 1
f 153/1/1 803/2/2 1923/3/3 809/4/4
f 803/2/2 154/5/5 810/6/6 1923/3/3
f 1923/3/3 810/6/6 161/7/7 816/8/8
f 809/4/4 1923/3/3 816/8/8 160/9/9
f 154/5/5 804/10/10 1924/11/11 810/6/6
f 804/10/10 155/12/12 811/13/13 1924/11/11
f 1924/11/11 811/13/13 162/14/14 817/15/15
f 810/6/6 1924/11/11 817/15/15 161/7/7
f 155/12/12 805/16/16 1925/17/17 811/13/13
f 805/16/16 156/18/18 812/19/19 1925/17/17
f 1925/17/17 812/19/19 163/20/20 818/21/21
f 811/13/13 1925/17/17 818/21/21 162/14/14
f 156/18/18 806/22/22 1926/23/23 812/19/19
f 806/22/22 157/24/24 813/25/25 1926/23/23
f 1926/23/23 813/25/25 164/26/26 819/27/27
f 812/19/19 1926/23/23 819/27/27 163/20/20
f 157/24/24 807/28/28 1927/29/29 813/25/25
f 807/28/28 158/30/30 814/31/31 1927/29/29
f 1927/29/29 814/31/31 165/32/32 820/33/33
f 813/25/25 1927/29/29 820/33/33 164/26/26
f 158/30/30 808/34/34 1928/35/35 814/31/31
f 808/34/34 159/36/36 815/37/37 1928/35/35
f 1928/35/35 815/37/37 166/38/38 821/39/39
f 814/31/31 1928/35/35 821/39/39 165/32/32
f 160/9/9 816/8/8 1929/40/40 822/41/41
f 816/8/8 161/7/7 823/42/42 1929/40/40
f 1929/40/40 823/42/42 168/43/43 829/44/44
f 822/41/41 1929/40/40 829/44/44 167/45/45
f 161/7/7 817/15/15 1930/46/46 823/42/42
f 817/15/15 162/14/14 824/47/47 1930/46/46
f 1930/46/46 824/47/47 169/48/48 830/49/49
f 823/42/42 1930/46/46 830/49/49 168/43/43
f 162/14/14 818/21/21 1931/50/50 824/47/47
f 818/21/21 163/20/20 825/51/51 1931/50/50
f 1931/50/50 825/51/51 170/52/52 831/53/53
f 824/47/47 1931/50/50 831/53/53 169/48/48
f 163/20/20 819/27/27 1932/54/54 825/51/51
f 819/27/27 164/26/26 826/55/55 1932/54/54
f 1932/54/54 826/55/55 171/56/56 832/57/57
f 825/51/51 1932/54/54 832/57/57 170/52/52
f 164/26/26 820/33/33 1933/58/58 826/55/55
f 820/33/33 165/32/32 827/59/59 1933/58/58
f 1933/58/58 827/59/59 172/60/60 833/61/61
f 826/55/55 1933/58/58 833/61/61 171/56/56
f 165/32/32 821/39/39 1934/62/62 827/59/59
f 821/39/39 166/38/38 828/63/63 1934/62/62
f 1934/62/62 828/63/63 173/64/64 834/65/65
f 827/59/59 1934/62/62 834/65/65 172/60/60
f 167/45/45 829/44/44 1935/66/66 835/67/67
f 829/44/44 168/43/43 836/68/68 1935/66/66
f 1935/66/66 836/68/68 175/69/69 842/70/70
f 835/67/67 1935/66/66 842/70/70 174/71/71
f 168/43/43 830/49/49 1936/72/72 836/68/68
f 830/49/49 169/48/48 837/73/73 1936/72/72
f 1936/72/72 837/73/73 176/74/74 843/75/75
f 836/68/68 1936/72/72 843/75/75 175/69/69
f 169/48/48 831/53/53 1937/76/76 837/73/73
f 831/53/53 170/52/52 838/77/77 1937/76/76
f 1937/76/76 838/77/77 177/78/78 844/79/79
f 837/73/73 1937/76/76 844/79/79 176/74/74
f 170/52/52 832/57/57 1938/80/80 838/77/77
f 832/57/57 171/56/56 839/81/81 1938/80/80
f 1938/80/80 839/81/81 178/82/82 845/83/83
f 838/77/77 1938/80/80 845/83/83 177/78/78
f 171/56/56 833/61/61 1939/84/84 839/81/81
f 833/61/61 172/60/60 840/85/85 1939/84/84
f 1939/84/84 840/85/85 179/86/86 846/87/87
f 839/81/81 1939/84/84 846/87/87 178/82/82
f 172/60/60 834/65/65 1940/88/88 840/85/85
f 834/65/65 173/64/64 841/89/89 1940/88/88
f 1940/88/88 841/89/89 180/90/90 847/91/91
f 840/85/85 1940/88/88 847/91/91 179/86/86
f 174/71/71 842/70/70 1941/92/92 848/93/93
f 842/70/70 175/69/69 849/94/94 1941/92/92
f 1941/92/92 849/94/94 182/95/95 855/96/96
f 848/93/93 1941/92/92 855/96/96 181/97/97
f 175/69/69 843/75/75 1942/98/98 849/94/94
f 843/75/75 176/74/74 850/99/99 1942/98/98
f 1942/98/98 850/99/99 183/100/100 856/101/101
f 849/94/94 1942/98/98 856/101/101 182/95/95
f 176/74/74 844/79/79 1943/102/102 850/99/99
f 844/79/79 177/78/78 851/103/103 1943/102/102
f 1943/102/102 851/103/103 184/104/104 857/105/105
f 850/99/99 1943/102/102 857/105/105 183/100/100
f 177/78/78 845/83/83 1944/106/106 851/103/103
f 845/83/83 178/82/82 852/107/107 1944/106/106
f 1944/106/106 852/107/107 185/108/108 858/109/109
f 851/103/103 1944/106/106 858/109/109 184/104/104
f 178/82/82 846/87/87 1945/110/110 852/107/107
f 846/87/87 179/86/86 853/111/111 1945/110/110
f 1945/110/110 853/111/111 186/112/112 859/113/113
f 852/107/107 1945/110/110 859/113/113 185/108/108
f 179/86/86 847/91/91 1946/114/114 853/111/111
f 847/91/91 180/90/90 854/115/115 1946/114/114
f 1946/114/114 854/115/115 187/116/116 860/117/117
f 853/111/111 1946/114/114 860/117/117 186/112/112
f 181/97/97 855/96/96 1947/118/118 861/119/119
f 855/96/96 182/95/95 862/120/120 1947/118/118
f 1947/118/118 862/120/120 189/121/121 868/122/122
f 861/119/119 1947/118/118 868/122/122 188/123/123
f 182/95/95 856/101/101 1948/124/124 862/120/120
f 856/101/101 183/100/100 863/125/125 1948/124/124
f 1948/124/124 863/125/125 190/126/126 869/127/127
f 862/120/120 1948/124/124 869/127/127 189/121/121
f 183/100/100 857/105/105 1949/128/128 863/125/125
f 857/105/105 184/104/104 864/129/129 1949/128/128
f 1949/128/128 864/129/129 191/130/130 870/131/131
f 863/125/125 1949/128/128 870/131/131 190/126/126
f 184/104/104 858/109/109 1950/132/132 864/129/129
f 858/109/109 185/108/108 865/133/133 1950/132/132
f 1950/132/132 865/133/133 192/134/134 871/135/135
f 864/129/129 1950/132/132 871/135/135 191/130/130
f 185/108/108 859/113/113 1951/136/136 865/133/133
f 859/113/113 186/112/112 866/137/137 1951/136/136
f 1951/136/136 866/137/137 193/138/138 872/139/139
f 865/133/133 1951/136/136 872/139/139 192/134/134
f 186/112/112 860/117/117 1952/140/140 866/137/137
f 860/117/117 187/116/116 867/141/141 1952/140/140
f 1952/140/140 867/141/141 194/142/142 873/143/143
f 866/137/137 1952/140/140 873/143/143 193/138/138
f 188/123/123 868/122/122 1953/144/144 874/145/145
f 868/122/122 189/121/121 875/146/146 1953/144/144
f 1953/144/144 875/146/146 196/147/147 881/148/148
f 874/145/145 1953/144/144 881/148/148 195/149/149
f 189/121/121 869/127/127 1954/150/150 875/146/146
f 869/127/127 190/126/126 876/151/151 1954/150/150
f 1954/150/150 876/151/151 197/152/152 882/153/153
f 875/146/146 1954/150/150 882/153/153 196/147/147
f 190/126/126 870/131/131 1955/154/154 876/151/151
f 870/131/131 191/130/130 877/155/155 1955/154/154
f 1955/154/154 877/155/155 198/156/156 883/157/157
f 876/151/151 1955/154/154 883/157/157 197/152/152
f 191/130/130 871/135/135 1956/158/158 877/155/155
f 871/135/135 192/134/134 878/159/159 1956/158/158
f 1956/158/158 878/159/159 199/160/160 884/161/161
f 877/155/155 1956/158/158 884/161/161 198/156/156
f 192/134/134 872/139/139 1957/162/162 878/159/159
f 872/139/139 193/138/138 879/163/163 1957/162/162
f 1957/162/162 879/163/163 200/164/164 885/165/165
f 878/159/159 1957/162/162 885/165/165 199/160/160
f 193/138/138 873/143/143 1958/166/166 879/163/163
f 873/143/143 194/142/142 880/167/167 1958/166/166
f 1958/166/166 880/167/167 201/168/168 886/169/169
f 879/163/163 1958/166/166 886/169/169 200/164/164
f 1/170/170 651/171/171 1959/172/172 650/173/173
f 651/171/171 20/174/174 887/175/175 1959/172/172
f 1959/172/172 887/175/175 153/1/1 914/176/176
f 650/173/173 1959/172/172 914/176/176 19/177/177
f 20/174/174 652/178/178 1960/179/179 887/175/175
f 652/178/178 21/180/180 888/181/181 1960/179/179
f 1960/179/179 888/181/181 154/5/5 803/2/2
f 887/175/175 1960/179/179 803/2/2 153/1/1
f 21/180/180 653/182/182 1961/183/183 888/181/181
f 653/182/182 22/184/184 889/185/185 1961/183/183
f 1961/183/183 889/185/185 155/12/12 804/10/10
f 888/181/181 1961/183/183 804/10/10 154/5/5
f 22/184/184 654/186/186 1962/187/187 889/185/185
f 654/186/186 23/188/188 890/189/189 1962/187/187
f 1962/187/187 890/189/189 156/18/18 805/16/16
f 889/185/185 1962/187/187 805/16/16 155/12/12
f 23/188/188 655/190/190 1963/191/191 890/189/189
f 655/190/190 24/192/192 891/193/193 1963/191/191
f 1963/191/191 891/193/193 157/24/24 806/22/22
f 890/189/189 1963/191/191 806/22/22 156/18/18
f 24/192/192 656/194/194 1964/195/195 891/193/193
f 656/194/194 25/196/196 892/197/197 1964/195/195
f 1964/195/195 892/197/197 158/30/30 807/28/28
f 891/193/193 1964/195/195 807/28/28 157/24/24
f 25/196/196 657/198/198 1965/199/199 892/197/197
f 657/198/198 26/200/200 893/201/201 1965/199/199
f 1965/199/199 893/201/201 159/36/36 808/34/34
f 892/197/197 1965/199/199 808/34/34 158/30/30
f 26/200/200 658/202/202 1966/203/203 893/201/201
f 658/202/204 2/204/205 659/205/206 1966/203/207
f 1966/203/207 659/205/206 27/206/208 894/207/209
f 893/201/201 1966/203/203 894/207/210 159/36/36
f 159/36/36 894/207/210 1967/208/211 815/37/37
f 894/207/212 27/206/212 660/209/212 1967/208/212
f 1967/208/213 660/209/213 28/210/213 895/211/213
f 815/37/37 1967/208/211 895/211/214 166/38/38
f 166/38/38 895/211/214 1968/212/215 828/63/63
f 895/211/214 28/210/216 661/213/217 1968/212/215
f 1968/212/215 661/213/217 29/214/218 896/215/219
f 828/63/63 1968/212/215 896/215/219 173/64/64
f 173/64/64 896/215/219 1969/216/220 841/89/89
f 896/215/219 29/214/218 662/217/221 1969/216/220
f 1969/216/220 662/217/221 30/218/222 897/219/223
f 841/89/89 1969/216/220 897/219/223 180/90/90
f 180/90/90 897/219/223 1970/220/224 854/115/115
f 897/219/223 30/218/222 663/221/225 1970/220/224
f 1970/220/224 663/221/225 31/222/226 898/223/227
f 854/115/115 1970/220/224 898/223/227 187/116/116
f 187/116/116 898/223/227 1971/224/228 867/141/141
f 898/223/227 31/222/226 664/225/229 1971/224/228
f 1971/224/228 664/225/229 32/226/230 899/227/231
f 867/141/141 1971/224/228 899/227/231 194/142/142
f 194/142/142 899/227/231 1972/228/232 880/167/167
f 899/227/231 32/226/230 665/229/233 1972/228/232
f 1972/228/232 665/229/233 33/230/234 900/231/235
f 880/167/167 1972/228/232 900/231/235 201/168/168
f 201/168/168 900/231/235 1973/232/236 901/233/237
f 900/231/235 33/230/234 666/234/238 1973/232/236
f 1973/232/236 666/234/238 4/235/239 667/236/240
f 901/233/237 1973/232/236 667/236/240 34/237/241
f 200/164/164 886/169/169 1974/238/242 902/239/243
f 886/169/169 201/168/168 901/233/237 1974/238/242
f 1974/238/242 901/233/237 34/237/241 668/240/244
f 902/239/243 1974/238/242 668/240/244 35/241/245
f 199/160/160 885/165/165 1975/242/246 903/243/247
f 885/165/165 200/164/164 902/239/243 1975/242/246
f 1975/242/246 902/239/243 35/241/245 669/244/248
f 903/243/247 1975/242/246 669/244/248 36/245/249
f 198/156/156 884/161/161 1976/246/250 904/247/251
f 884/161/161 199/160/160 903/243/247 1976/246/250
f 1976/246/250 903/243/247 36/245/249 670/248/252
f 904/247/251 1976/246/250 670/248/252 37/249/253
f 197/152/152 883/157/157 1977/250/254 905/251/255
f 883/157/157 198/156/156 904/247/251 1977/250/254
f 1977/250/254 904/247/251 37/249/253 671/252/256
f 905/251/255 1977/250/254 671/252/256 38/253/257
f 196/147/147 882/153/153 1978/254/258 906/255/259
f 882/153/153 197/152/152 905/251/255 1978/254/258
f 1978/254/258 905/251/255 38/253/257 672/256/260
f 906/255/259 1978/254/258 672/256/260 39/257/261
f 195/149/149 881/148/148 1979/258/262 907/259/263
f 881/148/148 196/147/147 906/255/259 1979/258/262
f 1979/258/262 906/255/259 39/257/261 673/260/264
f 907/259/263 1979/258/262 673/260/264 40/261/265
f 13/262/266 908/263/267 1980/264/268 643/265/269
f 908/263/267 195/149/149 907/259/263 1980/264/268
f 1980/264/268 907/259/263 40/261/265 674/266/270
f 643/265/269 1980/264/268 674/266/270 3/267/271
f 14/268/272 909/269/273 1981/270/274 644/271/275
f 909/269/273 188/123/123 874/145/145 1981/270/274
f 1981/270/274 874/145/145 195/149/149 908/263/267
f 644/271/275 1981/270/274 908/263/267 13/262/266
f 15/272/276 910/273/277 1982/274/278 645/275/279
f 910/273/277 181/97/97 861/119/119 1982/274/278
f 1982/274/278 861/119/119 188/123/123 909/269/273
f 645/275/279 1982/274/278 909/269/273 14/268/272
f 16/276/280 911/277/281 1983/278/282 646/279/283
f 911/277/281 174/71/71 848/93/93 1983/278/282
f 1983/278/282 848/93/93 181/97/97 910/273/277
f 646/279/283 1983/278/282 910/273/277 15/272/276
f 17/280/284 912/281/285 1984/282/286 647/283/287
f 912/281/285 167/45/45 835/67/67 1984/282/286
f 1984/282/286 835/67/67 174/71/71 911/277/281
f 647/283/287 1984/282/286 911/277/281 16/276/280
f 18/284/288 913/285/289 1985/286/290 648/287/291
f 913/285/289 160/9/9 822/41/41 1985/286/290
f 1985/286/290 822/41/41 167/45/45 912/281/285
f 648/287/291 1985/286/290 912/281/285 17/280/284
f 19/177/177 914/176/176 1986/288/292 649/289/293
f 914/176/176 153/1/1 809/4/4 1986/288/292
f 1986/288/292 809/4/4 160/9/9 913/285/289
f 649/289/293 1986/288/292 913/285/289 18/284/288
f 202/290/294 915/291/295 1987/292/296 921/293/297
f 915/291/295 203/294/298 922/295/299 1987/292/296
f 1987/292/296 922/295/299 210/296/300 928/297/301
f 921/293/297 1987/292/296 928/297/301 209/298/302
f 203/294/298 916/299/303 1988/300/304 922/295/299
f 916/299/303 204/301/305 923/302/306 1988/300/304
f 1988/300/304 923/302/306 211/303/307 929/304/308
f 922/295/299 1988/300/304 929/304/308 210/296/300
f 204/301/305 917/305/309 1989/306/310 923/302/306
f 917/305/309 205/307/311 924/308/312 1989/306/310
f 1989/306/310 924/308/312 212/309/313 930/310/314
f 923/302/306 1989/306/310 930/310/314 211/303/307
f 205/307/311 918/311/315 1990/312/316 924/308/312
f 918/311/315 206/313/317 925/314/318 1990/312/316
f 1990/312/316 925/314/318 213/315/319 931/316/320
f 924/308/312 1990/312/316 931/316/320 212/309/313
f 206/313/317 919/317/321 1991/318/322 925/314/318
f 919/317/321 207/319/323 926/320/324 1991/318/322
f 1991/318/322 926/320/324 214/321/325 932/322/326
f 925/314/318 1991/318/322 932/322/326 213/315/319
f 207/319/323 920/323/327 1992/324/328 926/320/324
f 920/323/327 208/325/329 927/326/330 1992/324/328
f 1992/324/328 927/326/330 215/327/331 933/328/332
f 926/320/324 1992/324/328 933/328/332 214/321/325
f 209/298/302 928/297/301 1993/329/333 934/330/334
f 928/297/301 210/296/300 935/331/335 1993/329/333
f 1993/329/333 935/331/335 217/332/336 941/333/337
f 934/330/334 1993/329/333 941/333/337 216/334/338
f 210/296/300 929/304/308 1994/335/339 935/331/335
f 929/304/308 211/303/307 936/336/340 1994/335/339
f 1994/335/339 936/336/340 218/337/341 942/338/342
f 935/331/335 1994/335/339 942/338/342 217/332/336
f 211/303/307 930/310/314 1995/339/343 936/336/340
f 930/310/314 212/309/313 937/340/344 1995/339/343
f 1995/339/343 937/340/344 219/341/345 943/342/346
f 936/336/340 1995/339/343 943/342/346 218/337/341
f 212/309/313 931/316/320 1996/343/347 937/340/344
f 931/316/320 213/315/319 938/344/348 1996/343/347
f 1996/343/347 938/344/348 220/345/349 944/346/350
f 937/340/344 1996/343/347 944/346/350 219/341/345
f 213/315/319 932/322/326 1997/347/351 938/344/348
f 932/322/326 214/321/325 939/348/352 1997/347/351
f 1997/347/351 939/348/352 221/349/353 945/350/354
f 938/344/348 1997/347/351 945/350/354 220/345/349
f 214/321/325 933/328/332 1998/351/355 939/348/352
f 933/328/332 215/327/331 940/352/356 1998/351/355
f 1998/351/355 940/352/356 222/353/357 946/354/358
f 939/348/352 1998/351/355 946/354/358 221/349/353
f 216/334/338 941/333/337 1999/355/359 947/356/360
f 941/333/337 217/332/336 948/357/361 1999/355/362
f 1999/355/362 948/357/361 224/358/363 954/359/364
f 947/356/360 1999/355/359 954/359/365 223/360/366
f 217/332/336 942/338/342 2000/361/367 948/357/361
f 942/338/342 218/337/341 949/362/368 2000/361/367
f 2000/361/367 949/362/368 225/363/369 955/364/370
f 948/357/361 2000/361/367 955/364/370 224/358/363
f 218/337/341 943/342/346 2001/365/371 949/362/368
f 943/342/346 219/341/345 950/366/372 2001/365/371
f 2001/365/371 950/366/372 226/367/373 956/368/374
f 949/362/368 2001/365/371 956/368/374 225/363/369
f 219/341/345 944/346/350 2002/369/375 950/366/372
f 944/346/350 220/345/349 951/370/376 2002/369/375
f 2002/369/375 951/370/376 227/371/377 957/372/378
f 950/366/372 2002/369/375 957/372/378 226/367/373
f 220/345/349 945/350/354 2003/373/379 951/370/376
f 945/350/354 221/349/353 952/374/380 2003/373/379
f 2003/373/379 952/374/380 228/375/381 958/376/382
f 951/370/376 2003/373/379 958/376/382 227/371/377
f 221/349/353 946/354/358 2004/377/383 952/374/380
f 946/354/358 222/353/357 953/378/384 2004/377/383
f 2004/377/383 953/378/384 229/379/385 959/380/386
f 952/374/380 2004/377/383 959/380/386 228/375/381
f 223/360/366 954/359/365 2005/381/387 960/382/388
f 954/359/364 224/358/363 961/383/389 2005/381/390
f 2005/381/390 961/383/389 231/384/391 967/385/392
f 960/382/388 2005/381/387 967/385/393 230/386/394
f 224/358/363 955/364/370 2006/387/395 961/383/389
f 955/364/370 225/363/369 962/388/396 2006/387/395
f 2006/387/395 962/388/396 232/389/397 968/390/398
f 961/383/389 2006/387/395 968/390/398 231/384/391
f 225/363/369 956/368/374 2007/391/399 962/388/396
f 956/368/374 226/367/373 963/392/400 2007/391/399
f 2007/391/399 963/392/400 233/393/401 969/394/402
f 962/388/396 2007/391/399 969/394/402 232/389/397
f 226/367/373 957/372/378 2008/395/403 963/392/400
f 957/372/378 227/371/377 964/396/404 2008/395/403
f 2008/395/403 964/396/404 234/397/405 970/398/406
f 963/392/400 2008/395/403 970/398/406 233/393/401
f 227/371/377 958/376/382 2009/399/407 964/396/404
f 958/376/382 228/375/381 965/400/408 2009/399/407
f 2009/399/407 965/400/408 235/401/409 971/402/410
f 964/396/404 2009/399/407 971/402/410 234/397/405
f 228/375/381 959/380/386 2010/403/411 965/400/408
f 959/380/386 229/379/385 966/404/412 2010/403/411
f 2010/403/411 966/404/412 236/405/413 972/406/414
f 965/400/408 2010/403/411 972/406/414 235/401/409
f 230/386/394 967/385/393 2011/407/415 973/408/416
f 967/385/392 231/384/391 974/409/417 2011/407/415
f 2011/407/415 974/409/417 238/410/418 980/411/419
f 973/408/416 2011/407/415 980/411/419 237/412/420
f 231/384/391 968/390/398 2012/413/421 974/409/417
f 968/390/398 232/389/397 975/414/422 2012/413/421
f 2012/413/421 975/414/422 239/415/423 981/416/424
f 974/409/417 2012/413/421 981/416/424 238/410/418
f 232/389/397 969/394/402 2013/417/425 975/414/422
f 969/394/402 233/393/401 976/418/426 2013/417/425
f 2013/417/425 976/418/426 240/419/427 982/420/428
f 975/414/422 2013/417/425 982/420/428 239/415/423
f 233/393/401 970/398/406 2014/421/429 976/418/426
f 970/398/406 234/397/405 977/422/430 2014/421/429
f 2014/421/429 977/422/430 241/423/431 983/424/432
f 976/418/426 2014/421/429 983/424/432 240/419/427
f 234/397/405 971/402/410 2015/425/433 977/422/430
f 971/402/410 235/401/409 978/426/434 2015/425/433
f 2015/425/433 978/426/434 242/427/435 984/428/436
f 977/422/430 2015/425/433 984/428/436 241/423/431
f 235/401/409 972/406/414 2016/429/437 978/426/434
f 972/406/414 236/405/413 979/430/438 2016/429/437
f 2016/429/437 979/430/438 243/431/439 985/432/440
f 978/426/434 2016/429/437 985/432/440 242/427/435
f 237/412/420 980/411/419 2017/433/441 986/434/442
f 980/411/419 238/410/418 987/435/443 2017/433/441
f 2017/433/441 987/435/443 245/436/444 993/437/445
f 986/434/442 2017/433/441 993/437/445 244/438/446
f 238/410/418 981/416/424 2018/439/447 987/435/443
f 981/416/424 239/415/423 988/440/448 2018/439/447
f 2018/439/447 988/440/448 246/441/449 994/442/450
f 987/435/443 2018/439/447 994/442/450 245/436/444
f 239/415/423 982/420/428 2019/443/451 988/440/448
f 982/420/428 240/419/427 989/444/452 2019/443/451
f 2019/443/451 989/444/452 247/445/453 995/446/454
f 988/440/448 2019/443/451 995/446/454 246/441/449
f 240/419/427 983/424/432 2020/447/455 989/444/452
f 983/424/432 241/423/431 990/448/456 2020/447/455
f 2020/447/455 990/448/456 248/449/457 996/450/458
f 989/444/452 2020/447/455 996/450/458 247/445/453
f 241/423/431 984/428/436 2021/451/459 990/448/456
f 984/428/436 242/427/435 991/452/460 2021/451/459
f 2021/451/459 991/452/460 249/453/461 997/454/462
f 990/448/456 2021/451/459 997/454/462 248/449/457
f 242/427/435 985/432/440 2022/455/463 991/452/460
f 985/432/440 243/431/439 992/456/464 2022/455/463
f 2022/455/463 992/456/464 250/457/465 998/458/466
f 991/452/460 2022/455/463 998/458/466 249/453/461
f 9/459/467 802/460/468 2023/461/469 746/462/470
f 802/460/468 152/463/471 999/464/472 2023/461/469
f 2023/461/469 999/464/472 202/290/294 1026/465/473
f 746/462/470 2023/461/469 1026/465/473 103/466/474
f 152/463/471 801/467/475 2024/468/476 999/464/472
f 801/467/475 151/469/477 1000/470/478 2024/468/476
f 2024/468/476 1000/470/478 203/294/298 915/291/295
f 999/464/472 2024/468/476 915/291/295 202/290/294
f 151/469/477 800/471/479 2025/472/480 1000/470/478
f 800/471/479 150/473/481 1001/474/482 2025/472/480
f 2025/472/480 1001/474/482 204/301/305 916/299/303
f 1000/470/478 2025/472/480 916/299/303 203/294/298
f 150/473/481 799/475/483 2026/476/484 1001/474/482
f 799/475/483 149/477/485 1002/478/486 2026/476/484
f 2026/476/484 1002/478/486 205/307/311 917/305/309
f 1001/474/482 2026/476/484 917/305/309 204/301/305
f 149/477/485 798/479/487 2027/480/488 1002/478/486
f 798/479/487 148/481/489 1003/482/490 2027/480/488
f 2027/480/488 1003/482/490 206/313/317 918/311/315
f 1002/478/486 2027/480/488 918/311/315 205/307/311
f 148/481/489 797/483/491 2028/484/492 1003/482/490
f 797/483/491 147/485/493 1004/486/494 2028/484/492
f 2028/484/492 1004/486/494 207/319/323 919/317/321
f 1003/482/490 2028/484/492 919/317/321 206/313/317
f 147/485/493 796/487/495 2029/488/496 1004/486/494
f 796/487/495 146/489/497 1005/490/498 2029/488/496
f 2029/488/496 1005/490/498 208/325/329 920/323/327
f 1004/486/494 2029/488/496 920/323/327 207/319/323
f 146/489/497 795/491/499 2030/492/500 1005/490/498
f 795/491/499 10/493/501 683/494/502 2030/492/500
f 2030/492/500 683/494/502 48/495/503 1006/496/504
f 1005/490/498 2030/492/500 1006/496/504 208/325/329
f 208/325/329 1006/496/504 2031/497/505 927/326/330
f 1006/496/504 48/495/503 684/498/506 2031/497/505
f 2031/497/505 684/498/506 49/499/507 1007/500/508
f 927/326/330 2031/497/505 1007/500/508 215/327/331
f 215/327/331 1007/500/508 2032/501/509 940/352/356
f 1007/500/508 49/499/507 685/502/510 2032/501/509
f 2032/501/509 685/502/510 50/503/511 1008/504/512
f 940/352/356 2032/501/509 1008/504/512 222/353/357
f 222/353/357 1008/504/512 2033/505/513 953/378/384
f 1008/504/512 50/503/511 686/506/514 2033/505/513
f 2033/505/513 686/506/514 51/507/515 1009/508/516
f 953/378/384 2033/505/513 1009/508/516 229/379/385
f 229/379/385 1009/508/516 2034/509/517 966/404/412
f 1009/508/516 51/507/515 687/510/518 2034/509/517
f 2034/509/517 687/510/518 52/511/519 1010/512/520
f 966/404/412 2034/509/517 1010/512/520 236/405/413
f 236/405/413 1010/512/520 2035/513/521 979/430/438
f 1010/512/520 52/511/519 688/514/522 2035/513/521
f 2035/513/521 688/514/522 53/515/523 1011/516/524
f 979/430/438 2035/513/521 1011/516/524 243/431/439
f 243/431/439 1011/516/524 2036/517/525 992/456/464
f 1011/516/524 53/515/523 689/518/526 2036/517/525
f 2036/517/525 689/518/526 54/519/527 1012/520/528
f 992/456/464 2036/517/525 1012/520/528 250/457/465
f 250/457/465 1012/520/528 2037/521/529 1013/522/530
f 1012/520/528 54/519/527 690/523/531 2037/521/529
f 2037/521/529 690/523/531 8/524/532 691/525/533
f 1013/522/530 2037/521/529 691/525/533 55/526/534
f 249/453/461 998/458/466 2038/527/535 1014/528/536
f 998/458/466 250/457/465 1013/522/530 2038/527/535
f 2038/527/535 1013/522/530 55/526/534 692/529/537
f 1014/528/536 2038/527/535 692/529/537 56/530/538
f 248/449/457 997/454/462 2039/531/539 1015/532/540
f 997/454/462 249/453/461 1014/528/536 2039/531/539
f 2039/531/539 1014/528/536 56/530/538 693/533/541
f 1015/532/540 2039/531/539 693/533/541 57/534/542
f 247/445/453 996/450/458 2040/535/543 1016/536/544
f 996/450/458 248/449/457 1015/532/540 2040/535/543
f 2040/535/543 1015/532/540 57/534/542 694/537/545
f 1016/536/544 2040/535/543 694/537/545 58/538/546
f 246/441/449 995/446/454 2041/539/547 1017/540/548
f 995/446/454 247/445/453 1016/536/544 2041/539/547
f 2041/539/547 1016/536/544 58/538/546 695/541/549
f 1017/540/548 2041/539/547 695/541/549 59/542/550
f 245/436/444 994/442/450 2042/543/551 1018/544/552
f 994/442/450 246/441/449 1017/540/548 2042/543/551
f 2042/543/551 1017/540/548 59/542/550 696/545/553
f 1018/544/552 2042/543/551 696/545/553 60/546/554
f 244/438/446 993/437/445 2043/547/555 1019/548/556
f 993/437/445 245/436/444 1018/544/552 2043/547/555
f 2043/547/555 1018/544/552 60/546/554 697/549/557
f 1019/548/556 2043/547/555 697/549/557 61/550/558
f 97/551/559 1020/552/560 2044/553/561 739/554/562
f 1020/552/560 244/438/446 1019/548/556 2044/553/561
f 2044/553/561 1019/548/556 61/550/558 698/555/563
f 739/554/562 2044/553/561 698/555/563 7/556/564
f 98/557/565 1021/558/566 2045/559/567 740/560/568
f 1021/558/569 237/412/570 986/434/571 2045/559/571
f 2045/559/572 986/434/442 244/438/446 1020/552/560
f 740/560/568 2045/559/567 1020/552/573 97/551/574
f 99/561/575 1022/562/576 2046/563/577 741/564/578
f 1022/562/576 230/386/579 973/408/580 2046/563/577
f 2046/563/577 973/408/580 237/412/570 1021/558/569
f 741/564/578 2046/563/577 1021/558/569 98/557/581
f 100/565/582 1023/566/583 2047/567/584 742/568/585
f 1023/566/583 223/360/586 960/382/587 2047/567/584
f 2047/567/584 960/382/587 230/386/579 1022/562/576
f 742/568/585 2047/567/584 1022/562/576 99/561/575
f 101/569/588 1024/570/589 2048/571/590 743/572/591
f 1024/570/589 216/334/338 947/356/360 2048/571/590
f 2048/571/590 947/356/360 223/360/586 1023/566/583
f 743/572/591 2048/571/590 1023/566/583 100/565/582
f 102/573/592 1025/574/593 2049/575/594 744/576/595
f 1025/574/593 209/298/302 934/330/334 2049/575/594
f 2049/575/594 934/330/334 216/334/338 1024/570/589
f 744/576/595 2049/575/594 1024/570/589 101/569/588
f 103/466/474 1026/465/473 2050/577/596 745/578/597
f 1026/465/473 202/290/294 921/293/297 2050/577/596
f 2050/577/596 921/293/297 209/298/302 1025/574/593
f 745/578/597 2050/577/596 1025/574/593 102/573/592
f 251/579/598 1027/580/599 2051/581/600 1033/582/601
f 1027/580/599 252/583/602 1034/584/603 2051/581/600
f 2051/581/600 1034/584/603 259/585/604 1040/586/605
f 1033/582/601 2051/581/600 1040/586/605 258/587/606
f 252/583/602 1028/588/607 2052/589/608 1034/584/603
f 1028/588/607 253/590/609 1035/591/610 2052/589/608
f 2052/589/608 1035/591/610 260/592/611 1041/593/612
f 1034/584/603 2052/589/608 1041/593/612 259/585/604
f 253/590/609 1029/594/613 2053/595/614 1035/591/610
f 1029/594/613 254/596/615 1036/597/616 2053/595/614
f 2053/595/614 1036/597/616 261/598/617 1042/599/618
f 1035/591/610 2053/595/614 1042/599/618 260/592/611
f 254/596/615 1030/600/619 2054/601/620 1036/597/616
f 1030/600/619 255/602/621 1037/603/622 2054/601/620
f 2054/601/620 1037/603/622 262/604/623 1043/605/624
f 1036/597/616 2054/601/620 1043/605/624 261/598/617
f 255/602/621 1031/606/625 2055/607/626 1037/603/622
f 1031/606/625 256/608/627 1038/609/628 2055/607/626
f 2055/607/626 1038/609/628 263/610/629 1044/611/630
f 1037/603/622 2055/607/626 1044/611/630 262/604/623
f 256/608/627 1032/612/631 2056/613/632 1038/609/628
f 1032/612/631 257/614/633 1039/615/634 2056/613/632
f 2056/613/632 1039/615/634 264/616/635 1045/617/636
f 1038/609/628 2056/613/632 1045/617/636 263/610/629
f 258/587/606 1040/586/605 2057/618/637 1046/619/638
f 1040/586/605 259/585/604 1047/620/639 2057/618/637
f 2057/618/637 1047/620/639 266/621/640 1053/622/641
f 1046/619/638 2057/618/637 1053/622/641 265/623/642
f 259/585/604 1041/593/612 2058/624/643 1047/620/639
f 1041/593/612 260/592/611 1048/625/644 2058/624/643
f 2058/624/643 1048/625/644 267/626/645 1054/627/646
f 1047/620/639 2058/624/643 1054/627/646 266/621/640
f 260/592/611 1042/599/618 2059/628/647 1048/625/644
f 1042/599/618 261/598/617 1049/629/648 2059/628/647
f 2059/628/647 1049/629/648 268/630/649 1055/631/650
f 1048/625/644 2059/628/647 1055/631/650 267/626/645
f 261/598/617 1043/605/624 2060/632/651 1049/629/648
f 1043/605/624 262/604/623 1050/633/652 2060/632/651
f 2060/632/651 1050/633/652 269/634/653 1056/635/654
f 1049/629/648 2060/632/651 1056/635/654 268/630/649
f 262/604/623 1044/611/630 2061/636/655 1050/633/652
f 1044/611/630 263/610/629 1051/637/656 2061/636/655
f 2061/636/655 1051/637/656 270/638/657 1057/639/658
f 1050/633/652 2061/636/655 1057/639/658 269/634/653
f 263/610/629 1045/617/636 2062/640/659 1051/637/656
f 1045/617/636 264/616/635 1052/641/660 2062/640/659
f 2062/640/659 1052/641/660 271/642/661 1058/643/662
f 1051/637/656 2062/640/659 1058/643/662 270/638/657
f 265/623/642 1053/622/641 2063/644/663 1059/645/664
f 1053/622/641 266/621/640 1060/646/665 2063/644/663
f 2063/644/663 1060/646/665 273/647/666 1066/648/667
f 1059/645/664 2063/644/663 1066/648/667 272/649/668
f 266/621/640 1054/627/646 2064/650/669 1060/646/665
f 1054/627/646 267/626/645 1061/651/670 2064/650/669
f 2064/650/669 1061/651/670 274/652/671 1067/653/672
f 1060/646/665 2064/650/669 1067/653/672 273/647/666
f 267/626/645 1055/631/650 2065/654/673 1061/651/670
f 1055/631/650 268/630/649 1062/655/674 2065/654/673
f 2065/654/673 1062/655/674 275/656/675 1068/657/676
f 1061/651/670 2065/654/673 1068/657/676 274/652/671
f 268/630/649 1056/635/654 2066/658/677 1062/655/674
f 1056/635/654 269/634/653 1063/659/678 2066/658/677
f 2066/658/677 1063/659/678 276/660/679 1069/661/680
f 1062/655/674 2066/658/677 1069/661/680 275/656/675
f 269/634/653 1057/639/658 2067/662/681 1063/659/678
f 1057/639/658 270/638/657 1064/663/682 2067/662/681
f 2067/662/681 1064/663/682 277/664/683 1070/665/684
f 1063/659/678 2067/662/681 1070/665/684 276/660/679
f 270/638/657 1058/643/662 2068/666/685 1064/663/682
f 1058/643/662 271/642/661 1065/667/686 2068/666/685
f 2068/666/685 1065/667/686 278/668/687 1071/669/688
f 1064/663/682 2068/666/685 1071/669/688 277/664/683
f 272/649/668 1066/648/667 2069/670/689 1072/671/690
f 1066/648/667 273/647/666 1073/672/691 2069/670/689
f 2069/670/689 1073/672/691 280/673/692 1079/674/693
f 1072/671/690 2069/670/689 1079/674/693 279/675/694
f 273/647/666 1067/653/672 2070/676/695 1073/672/691
f 1067/653/672 274/652/671 1074/677/696 2070/676/695
f 2070/676/695 1074/677/696 281/678/697 1080/679/698
f 1073/672/691 2070/676/695 1080/679/698 280/673/692
f 274/652/671 1068/657/676 2071/680/699 1074/677/696
f 1068/657/676 275/656/675 1075/681/700 2071/680/699
f 2071/680/699 1075/681/700 282/682/701 1081/683/702
f 1074/677/696 2071/680/699 1081/683/702 281/678/697
f 275/656/675 1069/661/680 2072/684/703 1075/681/700
f 1069/661/680 276/660/679 1076/685/704 2072/684/703
f 2072/684/703 1076/685/704 283/686/705 1082/687/706
f 1075/681/700 2072/684/703 1082/687/706 282/682/701
f 276/660/679 1070/665/684 2073/688/707 1076/685/704
f 1070/665/684 277/664/683 1077/689/708 2073/688/707
f 2073/688/707 1077/689/708 284/690/709 1083/691/710
f 1076/685/704 2073/688/707 1083/691/710 283/686/705
f 277/664/683 1071/669/688 2074/692/711 1077/689/708
f 1071/669/688 278/668/687 1078/693/712 2074/692/711
f 2074/692/711 1078/693/712 285/694/713 1084/695/714
f 1077/689/708 2074/692/711 1084/695/714 284/690/709
f 279/675/694 1079/674/693 2075/696/715 1085/697/716
f 1079/674/693 280/673/692 1086/698/717 2075/696/715
f 2075/696/715 1086/698/717 287/699/718 1092/700/719
f 1085/697/716 2075/696/715 1092/700/719 286/701/720
f 280/673/692 1080/679/698 2076/702/721 1086/698/717
f 1080/679/698 281/678/697 1087/703/722 2076/702/721
f 2076/702/721 1087/703/722 288/704/723 1093/705/724
f 1086/698/717 2076/702/721 1093/705/724 287/699/718
f 281/678/697 1081/683/702 2077/706/725 1087/703/722
f 1081/683/702 282/682/701 1088/707/726 2077/706/725
f 2077/706/725 1088/707/726 289/708/727 1094/709/728
f 1087/703/722 2077/706/725 1094/709/728 288/704/723
f 282/682/701 1082/687/706 2078/710/729 1088/707/726
f 1082/687/706 283/686/705 1089/711/730 2078/710/729
f 2078/710/729 1089/711/730 290/712/731 1095/713/732
f 1088/707/726 2078/710/729 1095/713/732 289/708/727
f 283/686/705 1083/691/710 2079/714/733 1089/711/730
f 1083/691/710 284/690/709 1090/715/734 2079/714/733
f 2079/714/733 1090/715/734 291/716/735 1096/717/736
f 1089/711/730 2079/714/733 1096/717/736 290/712/731
f 284/690/709 1084/695/714 2080/718/737 1090/715/734
f 1084/695/714 285/694/713 1091/719/738 2080/718/737
f 2080/718/737 1091/719/738 292/720/739 1097/721/740
f 1090/715/734 2080/718/737 1097/721/740 291/716/735
f 286/701/720 1092/700/719 2081/722/741 1098/723/742
f 1092/700/719 287/699/718 1099/724/743 2081/722/741
f 2081/722/741 1099/724/743 294/725/744 1105/726/745
f 1098/723/742 2081/722/741 1105/726/745 293/727/746
f 287/699/718 1093/705/724 2082/728/747 1099/724/743
f 1093/705/724 288/704/723 1100/729/748 2082/728/747
f 2082/728/747 1100/729/748 295/730/749 1106/731/750
f 1099/724/743 2082/728/747 1106/731/750 294/725/744
f 288/704/723 1094/709/728 2083/732/751 1100/729/748
f 1094/709/728 289/708/727 1101/733/752 2083/732/751
f 2083/732/751 1101/733/752 296/734/753 1107/735/754
f 1100/729/748 2083/732/751 1107/735/754 295/730/749
f 289/708/727 1095/713/732 2084/736/755 1101/733/752
f 1095/713/732 290/712/731 1102/737/756 2084/736/755
f 2084/736/755 1102/737/756 297/738/757 1108/739/758
f 1101/733/752 2084/736/755 1108/739/758 296/734/753
f 290/712/731 1096/717/736 2085/740/759 1102/737/756
f 1096/717/736 291/716/735 1103/741/760 2085/740/759
f 2085/740/759 1103/741/760 298/742/761 1109/743/762
f 1102/737/756 2085/740/759 1109/743/762 297/738/757
f 291/716/735 1097/721/740 2086/744/763 1103/741/760
f 1097/721/740 292/720/739 1104/745/764 2086/744/763
f 2086/744/763 1104/745/764 299/746/765 1110/747/766
f 1103/741/760 2086/744/763 1110/747/766 298/742/761
f 7/556/564 698/555/563 2087/748/767 706/749/768
f 698/555/563 61/550/558 1111/750/769 2087/748/767
f 2087/748/767 1111/750/769 251/579/598 1138/751/770
f 706/749/768 2087/748/767 1138/751/770 68/752/771
f 61/550/558 697/549/557 2088/753/772 1111/750/769
f 697/549/557 60/546/554 1112/754/773 2088/753/772
f 2088/753/772 1112/754/773 252/583/602 1027/580/599
f 1111/750/769 2088/753/772 1027/580/599 251/579/598
f 60/546/554 696/545/553 2089/755/774 1112/754/773
f 696/545/553 59/542/550 1113/756/775 2089/755/774
f 2089/755/774 1113/756/775 253/590/609 1028/588/607
f 1112/754/773 2089/755/774 1028/588/607 252/583/602
f 59/542/550 695/541/549 2090/757/776 1113/756/775
f 695/541/549 58/538/546 1114/758/777 2090/757/776
f 2090/757/776 1114/758/777 254/596/615 1029/594/613
f 1113/756/775 2090/757/776 1029/594/613 253/590/609
f 58/538/546 694/537/545 2091/759/778 1114/758/777
f 694/537/545 57/534/542 1115/760/779 2091/759/778
f 2091/759/778 1115/760/779 255/602/621 1030/600/619
f 1114/758/777 2091/759/778 1030/600/619 254/596/615
f 57/534/542 693/533/541 2092/761/780 1115/760/779
f 693/533/541 56/530/538 1116/762/781 2092/761/780
f 2092/761/780 1116/762/781 256/608/627 1031/606/625
f 1115/760/779 2092/761/780 1031/606/625 255/602/621
f 56/530/538 692/529/537 2093/763/782 1116/762/781
f 692/529/537 55/526/534 1117/764/783 2093/763/782
f 2093/763/782 1117/764/783 257/614/633 1032/612/631
f 1116/762/781 2093/763/782 1032/612/631 256/608/627
f 55/526/534 691/525/533 2094/765/784 1117/764/783
f 691/525/533 8/524/532 707/766/785 2094/765/784
f 2094/765/784 707/766/785 69/767/786 1118/768/787
f 1117/764/783 2094/765/784 1118/768/787 257/614/633
f 257/614/633 1118/768/787 2095/769/788 1039/615/634
f 1118/768/787 69/767/786 708/770/789 2095/769/788
f 2095/769/788 708/770/789 70/771/790 1119/772/791
f 1039/615/634 2095/769/788 1119/772/791 264/616/635
f 264/616/635 1119/772/791 2096/773/792 1052/641/660
f 1119/772/791 70/771/790 709/774/793 2096/773/792
f 2096/773/792 709/774/793 71/775/794 1120/776/795
f 1052/641/660 2096/773/792 1120/776/795 271/642/661
f 271/642/661 1120/776/795 2097/777/796 1065/667/686
f 1120/776/795 71/775/794 710/778/797 2097/777/796
f 2097/777/796 710/778/797 72/779/798 1121/780/799
f 1065/667/686 2097/777/796 1121/780/799 278/668/687
f 278/668/687 1121/780/799 2098/781/800 1078/693/712
f 1121/780/799 72/779/798 711/782/801 2098/781/800
f 2098/781/800 711/782/801 73/783/802 1122/784/803
f 1078/693/712 2098/781/800 1122/784/803 285/694/713
f 285/694/713 1122/784/803 2099/785/804 1091/719/738
f 1122/784/803 73/783/802 712/786/805 2099/785/804
f 2099/785/804 712/786/805 74/787/806 1123/788/807
f 1091/719/738 2099/785/804 1123/788/807 292/720/739
f 292/720/739 1123/788/807 2100/789/808 1104/745/764
f 1123/788/807 74/787/806 713/790/809 2100/789/808
f 2100/789/808 713/790/809 75/791/810 1124/792/811
f 1104/745/764 2100/789/808 1124/792/811 299/746/765
f 299/746/765 1124/792/811 2101/793/812 1125/794/813
f 1124/792/811 75/791/810 714/795/814 2101/793/812
f 2101/793/812 714/795/814 6/796/815 715/797/816
f 1125/794/813 2101/793/812 715/797/816 76/798/817
f 298/742/761 1110/747/766 2102/799/818 1126/800/819
f 1110/747/766 299/746/765 1125/794/813 2102/799/818
f 2102/799/818 1125/794/813 76/798/817 716/801/820
f 1126/800/819 2102/799/818 716/801/820 77/802/821
f 297/738/757 1109/743/762 2103/803/822 1127/804/823
f 1109/743/762 298/742/761 1126/800/819 2103/803/822
f 2103/803/822 1126/800/819 77/802/821 717/805/824
f 1127/804/823 2103/803/822 717/805/824 78/806/825
f 296/734/753 1108/739/758 2104/807/826 1128/808/827
f 1108/739/758 297/738/757 1127/804/823 2104/807/826
f 2104/807/826 1127/804/823 78/806/825 718/809/828
f 1128/808/827 2104/807/826 718/809/828 79/810/829
f 295/730/749 1107/735/754 2105/811/830 1129/812/831
f 1107/735/754 296/734/753 1128/808/827 2105/811/830
f 2105/811/830 1128/808/827 79/810/829 719/813/832
f 1129/812/831 2105/811/830 719/813/832 80/814/833
f 294/725/744 1106/731/750 2106/815/834 1130/816/835
f 1106/731/750 295/730/749 1129/812/831 2106/815/834
f 2106/815/834 1129/812/831 80/814/833 720/817/836
f 1130/816/835 2106/815/834 720/817/836 81/818/837
f 293/727/746 1105/726/745 2107/819/838 1131/820/839
f 1105/726/745 294/725/744 1130/816/835 2107/819/838
f 2107/819/838 1130/816/835 81/818/837 721/821/840
f 1131/820/839 2107/819/838 721/821/840 82/822/841
f 62/823/842 1132/824/843 2108/825/844 699/826/845
f 1132/824/843 293/727/746 1131/820/839 2108/825/844
f 2108/825/844 1131/820/839 82/822/841 722/827/846
f 699/826/845 2108/825/844 722/827/846 5/828/847
f 63/829/848 1133/830/849 2109/831/850 700/832/851
f 1133/830/849 286/701/720 1098/723/742 2109/831/850
f 2109/831/850 1098/723/742 293/727/746 1132/824/843
f 700/832/851 2109/831/850 1132/824/843 62/823/842
f 64/833/852 1134/834/853 2110/835/854 701/836/855
f 1134/834/853 279/675/694 1085/697/716 2110/835/854
f 2110/835/854 1085/697/716 286/701/720 1133/830/849
f 701/836/855 2110/835/854 1133/830/849 63/829/848
f 65/837/856 1135/838/857 2111/839/858 702/840/859
f 1135/838/857 272/649/668 1072/671/690 2111/839/858
f 2111/839/858 1072/671/690 279/675/694 1134/834/853
f 702/840/859 2111/839/858 1134/834/853 64/833/852
f 66/841/860 1136/842/861 2112/843/862 703/844/863
f 1136/842/861 265/623/642 1059/645/664 2112/843/862
f 2112/843/862 1059/645/664 272/649/668 1135/838/857
f 703/844/863 2112/843/862 1135/838/857 65/837/856
f 67/845/864 1137/846/865 2113/847/866 704/848/867
f 1137/846/865 258/587/606 1046/619/638 2113/847/866
f 2113/847/866 1046/619/638 265/623/642 1136/842/861
f 704/848/867 2113/847/866 1136/842/861 66/841/860
f 68/752/771 1138/751/770 2114/849/868 705/850/869
f 1138/751/770 251/579/598 1033/582/601 2114/849/868
f 2114/849/868 1033/582/601 258/587/606 1137/846/865
f 705/850/869 2114/849/868 1137/846/865 67/845/864
f 300/851/870 1139/852/871 2115/853/872 1145/854/873
f 1139/852/871 301/855/874 1146/856/875 2115/853/872
f 2115/853/872 1146/856/875 308/857/876 1152/858/877
f 1145/854/873 2115/853/872 1152/858/877 307/859/878
f 301/855/874 1140/860/879 2116/861/880 1146/856/875
f 1140/860/879 302/862/881 1147/863/882 2116/861/880
f 2116/861/880 1147/863/882 309/864/883 1153/865/884
f 1146/856/875 2116/861/880 1153/865/884 308/857/876
f 302/862/881 1141/866/885 2117/867/879 1147/863/882
f 1141/866/885 303/868/886 1148/869/887 2117/867/879
f 2117/867/879 1148/869/887 310/870/888 1154/871/889
f 1147/863/882 2117/867/879 1154/871/889 309/864/883
f 303/868/886 1142/872/890 2118/873/891 1148/869/887
f 1142/872/890 304/874/892 1149/875/893 2118/873/891
f 2118/873/891 1149/875/893 311/876/894 1155/877/895
f 1148/869/887 2118/873/891 1155/877/895 310/870/888
f 304/874/892 1143/878/896 2119/879/897 1149/875/893
f 1143/878/896 305/880/898 1150/881/899 2119/879/897
f 2119/879/897 1150/881/899 312/882/900 1156/883/901
f 1149/875/893 2119/879/897 1156/883/901 311/876/894
f 305/880/898 1144/884/902 2120/885/903 1150/881/899
f 1144/884/902 306/886/904 1151/887/905 2120/885/903
f 2120/885/903 1151/887/905 313/888/906 1157/889/907
f 1150/881/899 2120/885/903 1157/889/907 312/882/900
f 307/859/878 1152/858/877 2121/890/908 1158/891/909
f 1152/858/877 308/857/876 1159/892/910 2121/890/908
f 2121/890/908 1159/892/910 315/893/911 1165/894/912
f 1158/891/909 2121/890/908 1165/894/912 314/895/913
f 308/857/876 1153/865/884 2122/896/914 1159/892/910
f 1153/865/884 309/864/883 1160/897/915 2122/896/914
f 2122/896/914 1160/897/915 316/898/916 1166/899/917
f 1159/892/910 2122/896/914 1166/899/917 315/893/911
f 309/864/883 1154/871/889 2123/900/918 1160/897/915
f 1154/871/889 310/870/888 1161/901/919 2123/900/918
f 2123/900/918 1161/901/919 317/902/888 1167/903/920
f 1160/897/915 2123/900/918 1167/903/920 316/898/916
f 310/870/888 1155/877/895 2124/904/921 1161/901/919
f 1155/877/895 311/876/894 1162/905/922 2124/904/921
f 2124/904/921 1162/905/922 318/906/923 1168/907/924
f 1161/901/919 2124/904/921 1168/907/924 317/902/888
f 311/876/894 1156/883/901 2125/908/925 1162/905/922
f 1156/883/901 312/882/900 1163/909/926 2125/908/925
f 2125/908/925 1163/909/926 319/910/927 1169/911/928
f 1162/905/922 2125/908/925 1169/911/928 318/906/923
f 312/882/900 1157/889/907 2126/912/929 1163/909/926
f 1157/889/907 313/888/906 1164/913/930 2126/912/929
f 2126/912/929 1164/913/930 320/914/931 1170/915/932
f 1163/909/926 2126/912/929 1170/915/932 319/910/927
f 314/895/913 1165/894/912 2127/916/933 1171/917/934
f 1165/894/912 315/893/911 1172/918/935 2127/916/933
f 2127/916/933 1172/918/935 322/919/936 1178/920/937
f 1171/917/934 2127/916/933 1178/920/937 321/921/938
f 315/893/911 1166/899/917 2128/922/939 1172/918/935
f 1166/899/917 316/898/916 1173/923/940 2128/922/939
f 2128/922/939 1173/923/940 323/924/941 1179/925/942
f 1172/918/935 2128/922/939 1179/925/942 322/919/936
f 316/898/916 1167/903/920 2129/926/943 1173/923/940
f 1167/903/920 317/902/888 1174/927/944 2129/926/943
f 2129/926/943 1174/927/944 324/928/945 1180/929/946
f 1173/923/940 2129/926/943 1180/929/946 323/924/941
f 317/902/888 1168/907/924 2130/930/947 1174/927/944
f 1168/907/924 318/906/923 1175/931/948 2130/930/947
f 2130/930/947 1175/931/948 325/932/949 1181/933/950
f 1174/927/944 2130/930/947 1181/933/950 324/928/945
f 318/906/923 1169/911/928 2131/934/951 1175/931/948
f 1169/911/928 319/910/927 1176/935/952 2131/934/951
f 2131/934/951 1176/935/952 326/936/953 1182/937/954
f 1175/931/948 2131/934/951 1182/937/954 325/932/949
f 319/910/927 1170/915/932 2132/938/955 1176/935/952
f 1170/915/932 320/914/931 1177/939/956 2132/938/955
f 2132/938/955 1177/939/956 327/940/957 1183/941/958
f 1176/935/952 2132/938/955 1183/941/958 326/936/953
f 321/921/938 1178/920/937 2133/942/959 1184/943/960
f 1178/920/937 322/919/936 1185/944/961 2133/942/959
f 2133/942/959 1185/944/961 329/945/962 1191/946/963
f 1184/943/960 2133/942/959 1191/946/963 328/947/964
f 322/919/936 1179/925/942 2134/948/965 1185/944/961
f 1179/925/942 323/924/941 1186/949/966 2134/948/965
f 2134/948/965 1186/949/966 330/950/967 1192/951/968
f 1185/944/961 2134/948/965 1192/951/968 329/945/962
f 323/924/941 1180/929/946 2135/952/969 1186/949/966
f 1180/929/946 324/928/945 1187/953/970 2135/952/969
f 2135/952/969 1187/953/970 331/954/971 1193/955/972
f 1186/949/966 2135/952/969 1193/955/972 330/950/967
f 324/928/945 1181/933/950 2136/956/973 1187/953/970
f 1181/933/950 325/932/949 1188/957/974 2136/956/973
f 2136/956/973 1188/957/974 332/958/975 1194/959/976
f 1187/953/970 2136/956/973 1194/959/976 331/954/971
f 325/932/949 1182/937/954 2137/960/977 1188/957/974
f 1182/937/954 326/936/953 1189/961/978 2137/960/977
f 2137/960/977 1189/961/978 333/962/979 1195/963/980
f 1188/957/974 2137/960/977 1195/963/980 332/958/975
f 326/936/953 1183/941/958 2138/964/981 1189/961/978
f 1183/941/958 327/940/957 1190/965/982 2138/964/981
f 2138/964/981 1190/965/982 334/966/983 1196/967/984
f 1189/961/978 2138/964/981 1196/967/984 333/962/979
f 328/947/964 1191/946/963 2139/968/985 1197/969/986
f 1191/946/963 329/945/962 1198/970/987 2139/968/985
f 2139/968/985 1198/970/987 336/971/988 1204/972/989
f 1197/969/986 2139/968/985 1204/972/989 335/973/990
f 329/945/962 1192/951/968 2140/974/991 1198/970/987
f 1192/951/968 330/950/967 1199/975/992 2140/974/991
f 2140/974/991 1199/975/992 337/976/993 1205/977/994
f 1198/970/987 2140/974/991 1205/977/994 336/971/988
f 330/950/967 1193/955/972 2141/978/995 1199/975/992
f 1193/955/972 331/954/971 1200/979/996 2141/978/995
f 2141/978/995 1200/979/996 338/980/997 1206/981/998
f 1199/975/992 2141/978/995 1206/981/998 337/976/993
f 331/954/971 1194/959/976 2142/982/999 1200/979/996
f 1194/959/976 332/958/975 1201/983/1000 2142/982/999
f 2142/982/999 1201/983/1000 339/984/1001 1207/985/1002
f 1200/979/996 2142/982/999 1207/985/1002 338/980/997
f 332/958/975 1195/963/980 2143/986/1003 1201/983/1000
f 1195/963/980 333/962/979 1202/987/1004 2143/986/1003
f 2143/986/1003 1202/987/1004 340/988/1005 1208/989/1006
f 1201/983/1000 2143/986/1003 1208/989/1006 339/984/1001
f 333/962/979 1196/967/984 2144/990/1007 1202/987/1004
f 1196/967/984 334/966/983 1203/991/1008 2144/990/1007
f 2144/990/1007 1203/991/1008 341/992/1009 1209/993/1010
f 1202/987/1004 2144/990/1007 1209/993/1010 340/988/1005
f 335/973/990 1204/972/989 2145/994/1011 1210/995/1012
f 1204/972/989 336/971/988 1211/996/1013 2145/994/1011
f 2145/994/1011 1211/996/1013 343/997/1014 1217/998/1015
f 1210/995/1012 2145/994/1011 1217/998/1015 342/999/1016
f 336/971/988 1205/977/994 2146/1000/1017 1211/996/1013
f 1205/977/994 337/976/993 1212/1001/1018 2146/1000/1017
f 2146/1000/1017 1212/1001/1018 344/1002/1019 1218/1003/1020
f 1211/996/1013 2146/1000/1017 1218/1003/1020 343/997/1014
f 337/976/993 1206/981/998 2147/1004/1021 1212/1001/1018
f 1206/981/998 338/980/997 1213/1005/1022 2147/1004/1021
f 2147/1004/1021 1213/1005/1022 345/1006/1023 1219/1007/1024
f 1212/1001/1018 2147/1004/1021 1219/1007/1024 344/1002/1019
f 338/980/997 1207/985/1002 2148/1008/1025 1213/1005/1022
f 1207/985/1002 339/984/1001 1214/1009/1026 2148/1008/1025
f 2148/1008/1025 1214/1009/1026 346/1010/1027 1220/1011/1028
f 1213/1005/1022 2148/1008/1025 1220/1011/1028 345/1006/1023
f 339/984/1001 1208/989/1006 2149/1012/1029 1214/1009/1026
f 1208/989/1006 340/988/1005 1215/1013/1005 2149/1012/1029
f 2149/1012/1029 1215/1013/1005 347/1014/1000 1221/1015/1030
f 1214/1009/1026 2149/1012/1029 1221/1015/1030 346/1010/1027
f 340/988/1005 1209/993/1010 2150/1016/1031 1215/1013/1005
f 1209/993/1010 341/992/1009 1216/1017/1032 2150/1016/1031
f 2150/1016/1031 1216/1017/1032 348/1018/1033 1222/1019/1034
f 1215/1013/1005 2150/1016/1031 1222/1019/1034 347/1014/1000
f 11/1020/1035 794/1021/1036 2151/1022/1037 762/1023/1038
f 794/1021/1036 145/1024/1039 1223/1025/1040 2151/1022/1037
f 2151/1022/1037 1223/1025/1040 300/851/870 1250/1026/1041
f 762/1023/1038 2151/1022/1037 1250/1026/1041 117/1027/1042
f 145/1024/1039 793/1028/1043 2152/1029/1044 1223/1025/1040
f 793/1028/1043 144/1030/1045 1224/1031/1046 2152/1029/1044
f 2152/1029/1044 1224/1031/1046 301/855/874 1139/852/871
f 1223/1025/1040 2152/1029/1044 1139/852/871 300/851/870
f 144/1030/1045 792/1032/1047 2153/1033/1048 1224/1031/1046
f 792/1032/1047 143/1034/1049 1225/1035/1050 2153/1033/1048
f 2153/1033/1048 1225/1035/1050 302/862/881 1140/860/879
f 1224/1031/1046 2153/1033/1048 1140/860/879 301/855/874
f 143/1034/1049 791/1036/1051 2154/1037/1052 1225/1035/1050
f 791/1036/1051 142/1038/1053 1226/1039/1054 2154/1037/1052
f 2154/1037/1052 1226/1039/1054 303/868/886 1141/866/885
f 1225/1035/1050 2154/1037/1052 1141/866/885 302/862/881
f 142/1038/1053 790/1040/1055 2155/1041/1056 1226/1039/1054
f 790/1040/1055 141/1042/1057 1227/1043/1058 2155/1041/1056
f 2155/1041/1056 1227/1043/1058 304/874/892 1142/872/890
f 1226/1039/1054 2155/1041/1056 1142/872/890 303/868/886
f 141/1042/1057 789/1044/1059 2156/1045/1060 1227/1043/1058
f 789/1044/1059 140/1046/1061 1228/1047/1062 2156/1045/1060
f 2156/1045/1060 1228/1047/1062 305/880/898 1143/878/896
f 1227/1043/1058 2156/1045/1060 1143/878/896 304/874/892
f 140/1046/1061 788/1048/1063 2157/1049/1064 1228/1047/1062
f 788/1048/1063 139/1050/1065 1229/1051/1066 2157/1049/1064
f 2157/1049/1064 1229/1051/1066 306/886/904 1144/884/902
f 1228/1047/1062 2157/1049/1064 1144/884/902 305/880/898
f 139/1050/1065 787/1052/1067 2158/1053/1068 1229/1051/1066
f 787/1052/1069 12/1054/1070 731/1055/1071 2158/1053/1072
f 2158/1053/1072 731/1055/1071 90/1056/1073 1230/1057/1074
f 1229/1051/1066 2158/1053/1068 1230/1057/1075 306/886/904
f 306/886/904 1230/1057/1075 2159/1058/1076 1151/887/1077
f 1230/1057/1074 90/1056/1073 732/1059/1078 2159/1058/1079
f 2159/1058/1079 732/1059/1078 91/1060/1080 1231/1061/1081
f 1151/887/1077 2159/1058/1076 1231/1061/1082 313/888/906
f 313/888/906 1231/1061/1082 2160/1062/1083 1164/913/930
f 1231/1061/1081 91/1060/1080 733/1063/1084 2160/1062/1085
f 2160/1062/1085 733/1063/1084 92/1064/1086 1232/1065/1087
f 1164/913/930 2160/1062/1083 1232/1065/1088 320/914/931
f 320/914/931 1232/1065/1088 2161/1066/1089 1177/939/1090
f 1232/1065/1087 92/1064/1086 734/1067/1091 2161/1066/1092
f 2161/1066/1092 734/1067/1091 93/1068/1093 1233/1069/1094
f 1177/939/1090 2161/1066/1089 1233/1069/1095 327/940/957
f 327/940/957 1233/1069/1095 2162/1070/1096 1190/965/982
f 1233/1069/1094 93/1068/1093 735/1071/1097 2162/1070/1098
f 2162/1070/1098 735/1071/1097 94/1072/1099 1234/1073/1100
f 1190/965/982 2162/1070/1096 1234/1073/1101 334/966/983
f 334/966/983 1234/1073/1101 2163/1074/1102 1203/991/1008
f 1234/1073/1100 94/1072/1099 736/1075/1103 2163/1074/1104
f 2163/1074/1104 736/1075/1103 95/1076/1105 1235/1077/1106
f 1203/991/1008 2163/1074/1102 1235/1077/1107 341/992/1009
f 341/992/1009 1235/1077/1107 2164/1078/1108 1216/1017/1032
f 1235/1077/1106 95/1076/1105 737/1079/1109 2164/1078/1110
f 2164/1078/1110 737/1079/1109 96/1080/1111 1236/1081/1111
f 1216/1017/1032 2164/1078/1108 1236/1081/1112 348/1018/1033
f 348/1018/1033 1236/1081/1112 2165/1082/1113 1237/1083/1114
f 1236/1081/1115 96/1080/1115 738/1084/1115 2165/1082/1115
f 2165/1082/1113 738/1084/1116 2/1085/1116 658/1086/202
f 1237/1083/1114 2165/1082/1113 658/1086/202 26/1087/200
f 347/1014/1117 1222/1019/1118 2166/1088/1119 1238/1089/1120
f 1222/1019/1118 348/1018/1033 1237/1083/1114 2166/1088/1119
f 2166/1088/1121 1237/1083/1114 26/1087/200 657/1090/198
f 1238/1089/1122 2166/1088/1121 657/1090/198 25/1091/196
f 346/1010/1123 1221/1015/1124 2167/1092/1125 1239/1093/1126
f 1221/1015/1124 347/1014/1117 1238/1089/1120 2167/1092/1125
f 2167/1092/1127 1238/1089/1122 25/1091/196 656/1094/194
f 1239/1093/1126 2167/1092/1127 656/1094/194 24/1095/192
f 345/1006/1128 1220/1011/1129 2168/1096/1130 1240/1097/1131
f 1220/1011/1129 346/1010/1123 1239/1093/1126 2168/1096/1130
f 2168/1096/1130 1239/1093/1126 24/1095/192 655/1098/190
f 1240/1097/1131 2168/1096/1130 655/1098/190 23/1099/188
f 344/1002/1132 1219/1007/1133 2169/1100/1134 1241/1101/1135
f 1219/1007/1133 345/1006/1128 1240/1097/1131 2169/1100/1134
f 2169/1100/1134 1240/1097/1131 23/1099/188 654/1102/186
f 1241/1101/1135 2169/1100/1134 654/1102/186 22/1103/184
f 343/997/1014 1218/1003/1020 2170/1104/1136 1242/1105/1137
f 1218/1003/1020 344/1002/1132 1241/1101/1135 2170/1104/1136
f 2170/1104/1136 1241/1101/1135 22/1103/184 653/1106/182
f 1242/1105/1137 2170/1104/1136 653/1106/182 21/1107/180
f 342/999/1016 1217/998/1015 2171/1108/1138 1243/1109/1139
f 1217/998/1015 343/997/1014 1242/1105/1137 2171/1108/1138
f 2171/1108/1138 1242/1105/1137 21/1107/180 652/1110/178
f 1243/1109/1139 2171/1108/1138 652/1110/178 20/1111/174
f 111/1112/1140 1244/1113/1141 2172/1114/1142 755/1115/1143
f 1244/1113/1144 342/999/1016 1243/1109/1139 2172/1114/1145
f 2172/1114/1145 1243/1109/1139 20/1111/174 651/1116/171
f 755/1115/1146 2172/1114/1145 651/1116/171 1/1117/170
f 112/1118/1147 1245/1119/1148 2173/1120/1149 756/1121/1150
f 1245/1119/1148 335/973/990 1210/995/1012 2173/1120/1151
f 2173/1120/1151 1210/995/1012 342/999/1016 1244/1113/1144
f 756/1121/1150 2173/1120/1149 1244/1113/1141 111/1112/1140
f 113/1122/1152 1246/1123/1153 2174/1124/1154 757/1125/1155
f 1246/1123/1153 328/947/964 1197/969/986 2174/1124/1154
f 2174/1124/1154 1197/969/986 335/973/990 1245/1119/1148
f 757/1125/1155 2174/1124/1154 1245/1119/1148 112/1118/1147
f 114/1126/1156 1247/1127/1157 2175/1128/1158 758/1129/1159
f 1247/1127/1157 321/921/938 1184/943/960 2175/1128/1158
f 2175/1128/1158 1184/943/960 328/947/964 1246/1123/1153
f 758/1129/1159 2175/1128/1158 1246/1123/1153 113/1122/1152
f 115/1130/1160 1248/1131/1161 2176/1132/1162 759/1133/1163
f 1248/1131/1161 314/895/913 1171/917/934 2176/1132/1162
f 2176/1132/1162 1171/917/934 321/921/938 1247/1127/1157
f 759/1133/1163 2176/1132/1162 1247/1127/1157 114/1126/1156
f 116/1134/1164 1249/1135/1165 2177/1136/1166 760/1137/1167
f 1249/1135/1165 307/859/878 1158/891/909 2177/1136/1166
f 2177/1136/1166 1158/891/909 314/895/913 1248/1131/1161
f 760/1137/1167 2177/1136/1166 1248/1131/1161 115/1130/1160
f 117/1027/1042 1250/1026/1041 2178/1138/1168 761/1139/1169
f 1250/1026/1041 300/851/870 1145/854/873 2178/1138/1168
f 2178/1138/1168 1145/854/873 307/859/878 1249/1135/1165
f 761/1139/1169 2178/1138/1168 1249/1135/1165 116/1134/1164
f 349/1140/1170 1251/1141/1171 2179/1142/1172 1257/1143/1173
f 1251/1141/1171 350/1144/1174 1258/1145/1175 2179/1142/1172
f 2179/1142/1172 1258/1145/1175 357/1146/1176 1264/1147/1177
f 1257/1143/1173 2179/1142/1172 1264/1147/1177 356/1148/1178
f 350/1144/1174 1252/1149/1179 2180/1150/1180 1258/1145/1175
f 1252/1149/1179 351/1151/1181 1259/1152/1182 2180/1150/1180
f 2180/1150/1180 1259/1152/1182 358/1153/1183 1265/1154/1184
f 1258/1145/1175 2180/1150/1180 1265/1154/1184 357/1146/1176
f 351/1151/1181 1253/1155/1185 2181/1156/1186 1259/1152/1182
f 1253/1155/1185 352/1157/1187 1260/1158/1188 2181/1156/1186
f 2181/1156/1186 1260/1158/1188 359/1159/1189 1266/1160/1190
f 1259/1152/1182 2181/1156/1186 1266/1160/1190 358/1153/1183
f 352/1157/1187 1254/1161/1191 2182/1162/1192 1260/1158/1188
f 1254/1161/1191 353/1163/1193 1261/1164/1194 2182/1162/1192
f 2182/1162/1192 1261/1164/1194 360/1165/1195 1267/1166/1196
f 1260/1158/1188 2182/1162/1192 1267/1166/1196 359/1159/1189
f 353/1163/1193 1255/1167/1197 2183/1168/1198 1261/1164/1194
f 1255/1167/1199 354/1169/1200 1262/1170/1201 2183/1168/1202
f 2183/1168/1202 1262/1170/1201 361/1171/1203 1268/1172/1204
f 1261/1164/1194 2183/1168/1198 1268/1172/1205 360/1165/1195
f 354/1169/1206 1256/1173/1207 2184/1174/1208 1262/1170/1209
f 1256/1173/1207 355/1175/1210 1263/1176/1211 2184/1174/1208
f 2184/1174/1208 1263/1176/1211 362/1177/1212 1269/1178/1213
f 1262/1170/1209 2184/1174/1208 1269/1178/1213 361/1171/1214
f 356/1148/1178 1264/1147/1177 2185/1179/1215 1270/1180/1216
f 1264/1147/1177 357/1146/1176 1271/1181/1217 2185/1179/1215
f 2185/1179/1215 1271/1181/1217 364/1182/1218 1277/1183/1219
f 1270/1180/1216 2185/1179/1215 1277/1183/1219 363/1184/1220
f 357/1146/1176 1265/1154/1184 2186/1185/1221 1271/1181/1217
f 1265/1154/1184 358/1153/1183 1272/1186/1222 2186/1185/1221
f 2186/1185/1221 1272/1186/1222 365/1187/1223 1278/1188/1224
f 1271/1181/1217 2186/1185/1221 1278/1188/1224 364/1182/1218
f 358/1153/1183 1266/1160/1190 2187/1189/1225 1272/1186/1222
f 1266/1160/1190 359/1159/1189 1273/1190/1226 2187/1189/1225
f 2187/1189/1225 1273/1190/1226 366/1191/1227 1279/1192/1228
f 1272/1186/1222 2187/1189/1225 1279/1192/1228 365/1187/1223
f 359/1159/1189 1267/1166/1196 2188/1193/1229 1273/1190/1226
f 1267/1166/1196 360/1165/1195 1274/1194/1230 2188/1193/1229
f 2188/1193/1229 1274/1194/1230 367/1195/1231 1280/1196/1232
f 1273/1190/1226 2188/1193/1229 1280/1196/1232 366/1191/1227
f 360/1165/1195 1268/1172/1205 2189/1197/1233 1274/1194/1230
f 1268/1172/1204 361/1171/1203 1275/1198/1234 2189/1197/1235
f 2189/1197/1235 1275/1198/1234 368/1199/1236 1281/1200/1237
f 1274/1194/1230 2189/1197/1233 1281/1200/1238 367/1195/1231
f 361/1171/1214 1269/1178/1213 2190/1201/1239 1275/1198/1240
f 1269/1178/1213 362/1177/1212 1276/1202/1241 2190/1201/1239
f 2190/1201/1239 1276/1202/1241 369/1203/1242 1282/1204/1243
f 1275/1198/1240 2190/1201/1239 1282/1204/1243 368/1199/1244
f 363/1184/1220 1277/1183/1219 2191/1205/1245 1283/1206/1246
f 1277/1183/1219 364/1182/1218 1284/1207/1247 2191/1205/1245
f 2191/1205/1245 1284/1207/1247 371/1208/1248 1290/1209/1249
f 1283/1206/1246 2191/1205/1245 1290/1209/1249 370/1210/1250
f 364/1182/1218 1278/1188/1224 2192/1211/1251 1284/1207/1247
f 1278/1188/1224 365/1187/1223 1285/1212/1252 2192/1211/1251
f 2192/1211/1251 1285/1212/1252 372/1213/1253 1291/1214/1254
f 1284/1207/1247 2192/1211/1251 1291/1214/1254 371/1208/1248
f 365/1187/1223 1279/1192/1228 2193/1215/1255 1285/1212/1252
f 1279/1192/1228 366/1191/1227 1286/1216/1256 2193/1215/1255
f 2193/1215/1255 1286/1216/1256 373/1217/1257 1292/1218/1258
f 1285/1212/1252 2193/1215/1255 1292/1218/1258 372/1213/1253
f 366/1191/1227 1280/1196/1232 2194/1219/1259 1286/1216/1256
f 1280/1196/1232 367/1195/1231 1287/1220/1260 2194/1219/1259
f 2194/1219/1259 1287/1220/1260 374/1221/1261 1293/1222/1262
f 1286/1216/1256 2194/1219/1259 1293/1222/1262 373/1217/1257
f 367/1195/1231 1281/1200/1238 2195/1223/1263 1287/1220/1260
f 1281/1200/1237 368/1199/1236 1288/1224/1264 2195/1223/1265
f 2195/1223/1265 1288/1224/1264 375/1225/1266 1294/1226/1267
f 1287/1220/1260 2195/1223/1263 1294/1226/1268 374/1221/1261
f 368/1199/1244 1282/1204/1243 2196/1227/1269 1288/1224/1270
f 1282/1204/1243 369/1203/1242 1289/1228/1271 2196/1227/1269
f 2196/1227/1269 1289/1228/1271 376/1229/1272 1295/1230/1273
f 1288/1224/1270 2196/1227/1269 1295/1230/1273 375/1225/1274
f 370/1210/1250 1290/1209/1249 2197/1231/1275 1296/1232/1276
f 1290/1209/1249 371/1208/1248 1297/1233/1277 2197/1231/1275
f 2197/1231/1275 1297/1233/1277 378/1234/1278 1303/1235/1279
f 1296/1232/1276 2197/1231/1275 1303/1235/1279 377/1236/1280
f 371/1208/1248 1291/1214/1254 2198/1237/1281 1297/1233/1277
f 1291/1214/1254 372/1213/1253 1298/1238/1282 2198/1237/1281
f 2198/1237/1281 1298/1238/1282 379/1239/1283 1304/1240/1284
f 1297/1233/1277 2198/1237/1281 1304/1240/1284 378/1234/1278
f 372/1213/1253 1292/1218/1258 2199/1241/1285 1298/1238/1282
f 1292/1218/1258 373/1217/1257 1299/1242/1286 2199/1241/1285
f 2199/1241/1285 1299/1242/1286 380/1243/1287 1305/1244/1288
f 1298/1238/1282 2199/1241/1285 1305/1244/1288 379/1239/1283
f 373/1217/1257 1293/1222/1262 2200/1245/1289 1299/1242/1286
f 1293/1222/1262 374/1221/1261 1300/1246/1290 2200/1245/1289
f 2200/1245/1289 1300/1246/1290 381/1247/1291 1306/1248/1292
f 1299/1242/1286 2200/1245/1289 1306/1248/1292 380/1243/1287
f 374/1221/1261 1294/1226/1268 2201/1249/1293 1300/1246/1290
f 1294/1226/1267 375/1225/1266 1301/1250/1294 2201/1249/1295
f 2201/1249/1295 1301/1250/1294 382/1251/1296 1307/1252/1297
f 1300/1246/1290 2201/1249/1293 1307/1252/1298 381/1247/1291
f 375/1225/1274 1295/1230/1273 2202/1253/1299 1301/1250/1300
f 1295/1230/1273 376/1229/1272 1302/1254/1301 2202/1253/1299
f 2202/1253/1299 1302/1254/1301 383/1255/1302 1308/1256/1303
f 1301/1250/1300 2202/1253/1299 1308/1256/1303 382/1251/1304
f 377/1236/1280 1303/1235/1279 2203/1257/1305 1309/1258/1306
f 1303/1235/1279 378/1234/1278 1310/1259/1307 2203/1257/1305
f 2203/1257/1305 1310/1259/1307 385/1260/1308 1316/1261/1309
f 1309/1258/1306 2203/1257/1305 1316/1261/1309 384/1262/1310
f 378/1234/1278 1304/1240/1284 2204/1263/1311 1310/1259/1307
f 1304/1240/1284 379/1239/1283 1311/1264/1312 2204/1263/1311
f 2204/1263/1311 1311/1264/1312 386/1265/1313 1317/1266/1314
f 1310/1259/1307 2204/1263/1311 1317/1266/1314 385/1260/1308
f 379/1239/1283 1305/1244/1288 2205/1267/1315 1311/1264/1312
f 1305/1244/1288 380/1243/1287 1312/1268/1316 2205/1267/1315
f 2205/1267/1315 1312/1268/1316 387/1269/1317 1318/1270/1318
f 1311/1264/1312 2205/1267/1315 1318/1270/1318 386/1265/1313
f 380/1243/1287 1306/1248/1292 2206/1271/1319 1312/1268/1316
f 1306/1248/1292 381/1247/1291 1313/1272/1320 2206/1271/1319
f 2206/1271/1319 1313/1272/1320 388/1273/1321 1319/1274/1322
f 1312/1268/1316 2206/1271/1319 1319/1274/1322 387/1269/1317
f 381/1247/1291 1307/1252/1298 2207/1275/1323 1313/1272/1320
f 1307/1252/1297 382/1251/1296 1314/1276/1324 2207/1275/1325
f 2207/1275/1325 1314/1276/1324 389/1277/1326 1320/1278/1327
f 1313/1272/1320 2207/1275/1323 1320/1278/1328 388/1273/1321
f 382/1251/1304 1308/1256/1303 2208/1279/1329 1314/1276/1330
f 1308/1256/1303 383/1255/1302 1315/1280/1331 2208/1279/1329
f 2208/1279/1329 1315/1280/1331 390/1281/1332 1321/1282/1333
f 1314/1276/1330 2208/1279/1329 1321/1282/1333 389/1277/1334
f 384/1262/1310 1316/1261/1309 2209/1283/1335 1322/1284/1336
f 1316/1261/1309 385/1260/1308 1323/1285/1337 2209/1283/1335
f 2209/1283/1335 1323/1285/1337 392/1286/1338 1329/1287/1339
f 1322/1284/1336 2209/1283/1335 1329/1287/1339 391/1288/1340
f 385/1260/1308 1317/1266/1314 2210/1289/1341 1323/1285/1337
f 1317/1266/1314 386/1265/1313 1324/1290/1342 2210/1289/1341
f 2210/1289/1341 1324/1290/1342 393/1291/1343 1330/1292/1344
f 1323/1285/1337 2210/1289/1341 1330/1292/1344 392/1286/1338
f 386/1265/1313 1318/1270/1318 2211/1293/1345 1324/1290/1342
f 1318/1270/1318 387/1269/1317 1325/1294/1346 2211/1293/1345
f 2211/1293/1345 1325/1294/1346 394/1295/1347 1331/1296/1348
f 1324/1290/1342 2211/1293/1345 1331/1296/1348 393/1291/1343
f 387/1269/1317 1319/1274/1322 2212/1297/1349 1325/1294/1346
f 1319/1274/1322 388/1273/1321 1326/1298/1350 2212/1297/1349
f 2212/1297/1349 1326/1298/1350 395/1299/1351 1332/1300/1352
f 1325/1294/1346 2212/1297/1349 1332/1300/1352 394/1295/1347
f 388/1273/1321 1320/1278/1328 2213/1301/1353 1326/1298/1350
f 1320/1278/1327 389/1277/1326 1327/1302/1354 2213/1301/1355
f 2213/1301/1355 1327/1302/1354 396/1303/1356 1333/1304/1357
f 1326/1298/1350 2213/1301/1353 1333/1304/1358 395/1299/1351
f 389/1277/1334 1321/1282/1333 2214/1305/1359 1327/1302/1360
f 1321/1282/1333 390/1281/1332 1328/1306/1361 2214/1305/1359
f 2214/1305/1359 1328/1306/1361 397/1307/1362 1334/1308/1363
f 1327/1302/1360 2214/1305/1359 1334/1308/1363 396/1303/1364
f 9/1309/467 746/1310/470 2215/1311/1365 779/1312/1366
f 746/1310/470 103/1313/474 1335/1314/1367 2215/1311/1365
f 2215/1311/1365 1335/1314/1367 349/1140/1170 1362/1315/1368
f 779/1312/1366 2215/1311/1365 1362/1315/1368 132/1316/1369
f 103/1313/474 745/1317/597 2216/1318/1370 1335/1314/1367
f 745/1317/597 102/1319/592 1336/1320/1371 2216/1318/1370
f 2216/1318/1370 1336/1320/1371 350/1144/1174 1251/1141/1171
f 1335/1314/1367 2216/1318/1370 1251/1141/1171 349/1140/1170
f 102/1319/592 744/1321/595 2217/1322/1372 1336/1320/1371
f 744/1321/595 101/1323/588 1337/1324/1373 2217/1322/1372
f 2217/1322/1372 1337/1324/1373 351/1151/1181 1252/1149/1179
f 1336/1320/1371 2217/1322/1372 1252/1149/1179 350/1144/1174
f 101/1323/588 743/1325/591 2218/1326/1374 1337/1324/1373
f 743/1325/591 100/1327/582 1338/1328/1375 2218/1326/1374
f 2218/1326/1374 1338/1328/1375 352/1157/1187 1253/1155/1185
f 1337/1324/1373 2218/1326/1374 1253/1155/1185 351/1151/1181
f 100/1327/582 742/1329/585 2219/1330/1376 1338/1328/1375
f 742/1329/585 99/1331/575 1339/1332/1377 2219/1330/1376
f 2219/1330/1376 1339/1332/1377 353/1163/1193 1254/1161/1191
f 1338/1328/1375 2219/1330/1376 1254/1161/1191 352/1157/1187
f 99/1331/575 741/1333/578 2220/1334/1378 1339/1332/1377
f 741/1333/578 98/1335/581 1340/1336/1379 2220/1334/1380
f 2220/1334/1380 1340/1336/1379 354/1169/1200 1255/1167/1199
f 1339/1332/1377 2220/1334/1378 1255/1167/1197 353/1163/1193
f 98/1335/565 740/1337/568 2221/1338/1381 1340/1336/1382
f 740/1337/568 97/1339/574 1341/1340/1383 2221/1338/1381
f 2221/1338/1381 1341/1340/1383 355/1175/1210 1256/1173/1207
f 1340/1336/1382 2221/1338/1381 1256/1173/1207 354/1169/1206
f 97/1339/1384 739/1341/1384 2222/1342/1384 1341/1340/1384
f 739/1341/562 7/556/564 706/749/768 2222/1342/1385
f 2222/1342/1385 706/749/768 68/752/1386 1342/1343/1387
f 1341/1340/1388 2222/1342/1388 1342/1343/1389 355/1175/1210
f 355/1175/1210 1342/1343/1389 2223/1344/1390 1263/1176/1211
f 1342/1343/1387 68/752/1386 705/850/1391 2223/1344/1392
f 2223/1344/1392 705/850/1391 67/845/1393 1343/1345/1394
f 1263/1176/1211 2223/1344/1390 1343/1345/1395 362/1177/1212
f 362/1177/1212 1343/1345/1395 2224/1346/1396 1276/1202/1241
f 1343/1345/1394 67/845/1393 704/848/1397 2224/1346/1398
f 2224/1346/1398 704/848/1397 66/841/1399 1344/1347/1400
f 1276/1202/1241 2224/1346/1396 1344/1347/1401 369/1203/1242
f 369/1203/1242 1344/1347/1401 2225/1348/1402 1289/1228/1271
f 1344/1347/1400 66/841/1399 703/844/1403 2225/1348/1404
f 2225/1348/1404 703/844/1403 65/837/1405 1345/1349/1406
f 1289/1228/1271 2225/1348/1402 1345/1349/1407 376/1229/1272
f 376/1229/1272 1345/1349/1407 2226/1350/1408 1302/1254/1301
f 1345/1349/1406 65/837/1405 702/840/1409 2226/1350/1410
f 2226/1350/1410 702/840/1409 64/833/1411 1346/1351/1412
f 1302/1254/1301 2226/1350/1408 1346/1351/1413 383/1255/1302
f 383/1255/1302 1346/1351/1413 2227/1352/1414 1315/1280/1331
f 1346/1351/1412 64/833/1411 701/836/1415 2227/1352/1416
f 2227/1352/1416 701/836/1415 63/829/1417 1347/1353/1418
f 1315/1280/1331 2227/1352/1414 1347/1353/1419 390/1281/1332
f 390/1281/1332 1347/1353/1419 2228/1354/1420 1328/1306/1361
f 1347/1353/1418 63/829/1417 700/832/1421 2228/1354/1422
f 2228/1354/1422 700/832/1421 62/823/1423 1348/1355/1424
f 1328/1306/1361 2228/1354/1420 1348/1355/1425 397/1307/1362
f 397/1307/1362 1348/1355/1425 2229/1356/1426 1349/1357/1427
f 1348/1355/1424 62/823/1423 699/826/1428 2229/1356/1429
f 2229/1356/1429 699/826/1428 5/828/847 730/1358/1430
f 1349/1357/1427 2229/1356/1426 730/1358/1431 89/1359/1432
f 396/1303/1364 1334/1308/1363 2230/1360/1433 1350/1361/1434
f 1334/1308/1363 397/1307/1362 1349/1357/1427 2230/1360/1433
f 2230/1360/1433 1349/1357/1427 89/1359/1432 729/1362/1435
f 1350/1361/1434 2230/1360/1433 729/1362/1435 88/1363/1436
f 395/1299/1351 1333/1304/1358 2231/1364/1437 1351/1365/1438
f 1333/1304/1357 396/1303/1356 1350/1361/1439 2231/1364/1437
f 2231/1364/1437 1350/1361/1439 88/1363/1436 728/1366/1440
f 1351/1365/1438 2231/1364/1437 728/1366/1440 87/1367/1441
f 394/1295/1347 1332/1300/1352 2232/1368/1442 1352/1369/1443
f 1332/1300/1352 395/1299/1351 1351/1365/1438 2232/1368/1442
f 2232/1368/1442 1351/1365/1438 87/1367/1441 727/1370/1444
f 1352/1369/1443 2232/1368/1442 727/1370/1444 86/1371/1445
f 393/1291/1343 1331/1296/1348 2233/1372/1446 1353/1373/1447
f 1331/1296/1348 394/1295/1347 1352/1369/1443 2233/1372/1446
f 2233/1372/1446 1352/1369/1443 86/1371/1445 726/1374/1448
f 1353/1373/1447 2233/1372/1446 726/1374/1448 85/1375/1449
f 392/1286/1338 1330/1292/1344 2234/1376/1450 1354/1377/1451
f 1330/1292/1344 393/1291/1343 1353/1373/1447 2234/1376/1450
f 2234/1376/1450 1353/1373/1447 85/1375/1449 725/1378/1452
f 1354/1377/1451 2234/1376/1450 725/1378/1452 84/1379/1453
f 391/1288/1340 1329/1287/1339 2235/1380/1454 1355/1381/1455
f 1329/1287/1339 392/1286/1338 1354/1377/1451 2235/1380/1454
f 2235/1380/1454 1354/1377/1451 84/1379/1453 724/1382/1456
f 1355/1381/1455 2235/1380/1454 724/1382/1456 83/1383/1457
f 138/1384/1458 1356/1385/1459 2236/1386/1460 786/1387/1461
f 1356/1385/1459 391/1288/1340 1355/1381/1455 2236/1386/1460
f 2236/1386/1460 1355/1381/1455 83/1383/1457 723/1388/1462
f 786/1387/1463 2236/1386/1460 723/1388/1462 11/1389/1035
f 137/1390/1464 1357/1391/1465 2237/1392/1466 785/1393/1467
f 1357/1391/1465 384/1262/1310 1322/1284/1336 2237/1392/1466
f 2237/1392/1466 1322/1284/1336 391/1288/1340 1356/1385/1459
f 785/1393/1467 2237/1392/1466 1356/1385/1459 138/1384/1458
f 136/1394/1468 1358/1395/1469 2238/1396/1470 784/1397/1471
f 1358/1395/1469 377/1236/1280 1309/1258/1306 2238/1396/1470
f 2238/1396/1470 1309/1258/1306 384/1262/1310 1357/1391/1465
f 784/1397/1471 2238/1396/1470 1357/1391/1465 137/1390/1464
f 135/1398/1472 1359/1399/1473 2239/1400/1474 783/1401/1475
f 1359/1399/1473 370/1210/1250 1296/1232/1276 2239/1400/1474
f 2239/1400/1474 1296/1232/1276 377/1236/1280 1358/1395/1469
f 783/1401/1475 2239/1400/1474 1358/1395/1469 136/1394/1468
f 134/1402/1476 1360/1403/1477 2240/1404/1478 782/1405/1479
f 1360/1403/1477 363/1184/1220 1283/1206/1246 2240/1404/1478
f 2240/1404/1478 1283/1206/1246 370/1210/1250 1359/1399/1473
f 782/1405/1479 2240/1404/1478 1359/1399/1473 135/1398/1472
f 133/1406/1480 1361/1407/1481 2241/1408/1482 781/1409/1483
f 1361/1407/1481 356/1148/1178 1270/1180/1216 2241/1408/1482
f 2241/1408/1482 1270/1180/1216 363/1184/1220 1360/1403/1477
f 781/1409/1483 2241/1408/1482 1360/1403/1477 134/1402/1476
f 132/1316/1369 1362/1315/1368 2242/1410/1484 780/1411/1485
f 1362/1315/1368 349/1140/1170 1257/1143/1173 2242/1410/1484
f 2242/1410/1484 1257/1143/1173 356/1148/1178 1361/1407/1481
f 780/1411/1485 2242/1410/1484 1361/1407/1481 133/1406/1480
f 398/1412/1486 1363/1413/1487 2243/1414/1488 1369/1415/1489
f 1363/1413/1487 399/1416/1490 1370/1417/1491 2243/1414/1488
f 2243/1414/1488 1370/1417/1491 406/1418/1492 1376/1419/1493
f 1369/1415/1489 2243/1414/1488 1376/1419/1493 405/1420/1494
f 399/1416/1490 1364/1421/1495 2244/1422/1496 1370/1417/1491
f 1364/1421/1497 400/1423/1498 1371/1424/1499 2244/1422/1500
f 2244/1422/1500 1371/1424/1499 407/1425/1501 1377/1426/1502
f 1370/1417/1491 2244/1422/1496 1377/1426/1503 406/1418/1492
f 400/1423/1498 1365/1427/1504 2245/1428/1505 1371/1424/1499
f 1365/1427/1504 401/1429/1506 1372/1430/1507 2245/1428/1505
f 2245/1428/1505 1372/1430/1507 408/1431/1508 1378/1432/1509
f 1371/1424/1499 2245/1428/1505 1378/1432/1509 407/1425/1501
f 401/1429/1506 1366/1433/1510 2246/1434/1511 1372/1430/1507
f 1366/1433/1510 402/1435/1512 1373/1436/1513 2246/1434/1511
f 2246/1434/1511 1373/1436/1513 409/1437/1514 1379/1438/1515
f 1372/1430/1507 2246/1434/1511 1379/1438/1515 408/1431/1508
f 402/1435/1512 1367/1439/1516 2247/1440/1517 1373/1436/1513
f 1367/1439/1516 403/1441/1518 1374/1442/1519 2247/1440/1517
f 2247/1440/1517 1374/1442/1519 410/1443/1520 1380/1444/1521
f 1373/1436/1513 2247/1440/1517 1380/1444/1521 409/1437/1514
f 403/1441/1518 1368/1445/1522 2248/1446/1523 1374/1442/1519
f 1368/1445/1522 404/1447/1524 1375/1448/1525 2248/1446/1523
f 2248/1446/1523 1375/1448/1525 411/1449/1526 1381/1450/1527
f 1374/1442/1519 2248/1446/1523 1381/1450/1527 410/1443/1520
f 405/1420/1494 1376/1419/1493 2249/1451/1528 1382/1452/1529
f 1376/1419/1493 406/1418/1492 1383/1453/1530 2249/1451/1528
f 2249/1451/1528 1383/1453/1530 413/1454/1531 1389/1455/1532
f 1382/1452/1529 2249/1451/1528 1389/1455/1532 412/1456/1533
f 406/1418/1492 1377/1426/1503 2250/1457/1534 1383/1453/1530
f 1377/1426/1502 407/1425/1501 1384/1458/1535 2250/1457/1536
f 2250/1457/1536 1384/1458/1535 414/1459/1537 1390/1460/1538
f 1383/1453/1530 2250/1457/1534 1390/1460/1539 413/1454/1531
f 407/1425/1501 1378/1432/1509 2251/1461/1540 1384/1458/1535
f 1378/1432/1509 408/1431/1508 1385/1462/1541 2251/1461/1540
f 2251/1461/1540 1385/1462/1541 415/1463/1542 1391/1464/1543
f 1384/1458/1535 2251/1461/1540 1391/1464/1543 414/1459/1537
f 408/1431/1508 1379/1438/1515 2252/1465/1544 1385/1462/1541
f 1379/1438/1515 409/1437/1514 1386/1466/1545 2252/1465/1544
f 2252/1465/1544 1386/1466/1545 416/1467/1546 1392/1468/1547
f 1385/1462/1541 2252/1465/1544 1392/1468/1547 415/1463/1542
f 409/1437/1514 1380/1444/1521 2253/1469/1548 1386/1466/1545
f 1380/1444/1521 410/1443/1520 1387/1470/1549 2253/1469/1548
f 2253/1469/1548 1387/1470/1549 417/1471/1550 1393/1472/1551
f 1386/1466/1545 2253/1469/1548 1393/1472/1551 416/1467/1546
f 410/1443/1520 1381/1450/1527 2254/1473/1552 1387/1470/1549
f 1381/1450/1527 411/1449/1526 1388/1474/1553 2254/1473/1552
f 2254/1473/1552 1388/1474/1553 418/1475/1554 1394/1476/1555
f 1387/1470/1549 2254/1473/1552 1394/1476/1555 417/1471/1550
f 412/1456/1533 1389/1455/1532 2255/1477/1556 1395/1478/1557
f 1389/1455/1532 413/1454/1531 1396/1479/1558 2255/1477/1556
f 2255/1477/1556 1396/1479/1558 420/1480/1559 1402/1481/1560
f 1395/1478/1557 2255/1477/1556 1402/1481/1560 419/1482/1561
f 413/1454/1531 1390/1460/1539 2256/1483/1562 1396/1479/1558
f 1390/1460/1538 414/1459/1537 1397/1484/1563 2256/1483/1564
f 2256/1483/1564 1397/1484/1563 421/1485/1565 1403/1486/1566
f 1396/1479/1558 2256/1483/1562 1403/1486/1567 420/1480/1559
f 414/1459/1537 1391/1464/1543 2257/1487/1568 1397/1484/1563
f 1391/1464/1543 415/1463/1542 1398/1488/1569 2257/1487/1568
f 2257/1487/1568 1398/1488/1569 422/1489/1570 1404/1490/1571
f 1397/1484/1563 2257/1487/1568 1404/1490/1571 421/1485/1565
f 415/1463/1542 1392/1468/1547 2258/1491/1572 1398/1488/1569
f 1392/1468/1547 416/1467/1546 1399/1492/1573 2258/1491/1572
f 2258/1491/1572 1399/1492/1573 423/1493/1574 1405/1494/1575
f 1398/1488/1569 2258/1491/1572 1405/1494/1575 422/1489/1570
f 416/1467/1546 1393/1472/1551 2259/1495/1576 1399/1492/1573
f 1393/1472/1551 417/1471/1550 1400/1496/1577 2259/1495/1576
f 2259/1495/1576 1400/1496/1577 424/1497/1578 1406/1498/1579
f 1399/1492/1573 2259/1495/1576 1406/1498/1579 423/1493/1574
f 417/1471/1550 1394/1476/1555 2260/1499/1580 1400/1496/1577
f 1394/1476/1555 418/1475/1554 1401/1500/1581 2260/1499/1580
f 2260/1499/1580 1401/1500/1581 425/1501/1582 1407/1502/1583
f 1400/1496/1577 2260/1499/1580 1407/1502/1583 424/1497/1578
f 419/1482/1561 1402/1481/1560 2261/1503/1584 1408/1504/1585
f 1402/1481/1560 420/1480/1559 1409/1505/1586 2261/1503/1584
f 2261/1503/1584 1409/1505/1586 427/1506/1587 1415/1507/1588
f 1408/1504/1585 2261/1503/1584 1415/1507/1588 426/1508/1589
f 420/1480/1559 1403/1486/1567 2262/1509/1590 1409/1505/1586
f 1403/1486/1566 421/1485/1565 1410/1510/1591 2262/1509/1592
f 2262/1509/1592 1410/1510/1591 428/1511/1593 1416/1512/1594
f 1409/1505/1586 2262/1509/1590 1416/1512/1595 427/1506/1587
f 421/1485/1565 1404/1490/1571 2263/1513/1596 1410/1510/1591
f 1404/1490/1571 422/1489/1570 1411/1514/1597 2263/1513/1596
f 2263/1513/1596 1411/1514/1597 429/1515/1598 1417/1516/1599
f 1410/1510/1591 2263/1513/1596 1417/1516/1599 428/1511/1593
f 422/1489/1570 1405/1494/1575 2264/1517/1600 1411/1514/1597
f 1405/1494/1575 423/1493/1574 1412/1518/1601 2264/1517/1600
f 2264/1517/1600 1412/1518/1601 430/1519/1602 1418/1520/1603
f 1411/1514/1597 2264/1517/1600 1418/1520/1603 429/1515/1598
f 423/1493/1574 1406/1498/1579 2265/1521/1604 1412/1518/1601
f 1406/1498/1579 424/1497/1578 1413/1522/1605 2265/1521/1604
f 2265/1521/1604 1413/1522/1605 431/1523/1606 1419/1524/1607
f 1412/1518/1601 2265/1521/1604 1419/1524/1607 430/1519/1602
f 424/1497/1578 1407/1502/1583 2266/1525/1608 1413/1522/1605
f 1407/1502/1583 425/1501/1582 1414/1526/1609 2266/1525/1608
f 2266/1525/1608 1414/1526/1609 432/1527/1610 1420/1528/1611
f 1413/1522/1605 2266/1525/1608 1420/1528/1611 431/1523/1606
f 426/1508/1589 1415/1507/1588 2267/1529/1612 1421/1530/1613
f 1415/1507/1588 427/1506/1587 1422/1531/1614 2267/1529/1612
f 2267/1529/1612 1422/1531/1614 434/1532/1615 1428/1533/1616
f 1421/1530/1613 2267/1529/1612 1428/1533/1616 433/1534/1617
f 427/1506/1587 1416/1512/1595 2268/1535/1618 1422/1531/1614
f 1416/1512/1594 428/1511/1593 1423/1536/1619 2268/1535/1620
f 2268/1535/1620 1423/1536/1619 435/1537/1621 1429/1538/1622
f 1422/1531/1614 2268/1535/1618 1429/1538/1622 434/1532/1615
f 428/1511/1593 1417/1516/1599 2269/1539/1623 1423/1536/1619
f 1417/1516/1599 429/1515/1598 1424/1540/1624 2269/1539/1623
f 2269/1539/1623 1424/1540/1624 436/1541/1625 1430/1542/1626
f 1423/1536/1619 2269/1539/1623 1430/1542/1626 435/1537/1621
f 429/1515/1598 1418/1520/1603 2270/1543/1627 1424/1540/1624
f 1418/1520/1603 430/1519/1602 1425/1544/1628 2270/1543/1627
f 2270/1543/1627 1425/1544/1628 437/1545/1629 1431/1546/1630
f 1424/1540/1624 2270/1543/1627 1431/1546/1630 436/1541/1625
f 430/1519/1602 1419/1524/1607 2271/1547/1607 1425/1544/1628
f 1419/1524/1607 431/1523/1606 1426/1548/1631 2271/1547/1607
f 2271/1547/1607 1426/1548/1631 438/1549/1632 1432/1550/1633
f 1425/1544/1628 2271/1547/1607 1432/1550/1633 437/1545/1629
f 431/1523/1606 1420/1528/1611 2272/1551/1634 1426/1548/1631
f 1420/1528/1611 432/1527/1610 1427/1552/1635 2272/1551/1634
f 2272/1551/1634 1427/1552/1635 439/1553/1636 1433/1554/1637
f 1426/1548/1631 2272/1551/1634 1433/1554/1637 438/1549/1632
f 433/1534/1617 1428/1533/1616 2273/1555/1638 1434/1556/1639
f 1428/1533/1616 434/1532/1615 1435/1557/1640 2273/1555/1638
f 2273/1555/1638 1435/1557/1640 441/1558/1641 1441/1559/1642
f 1434/1556/1639 2273/1555/1638 1441/1559/1642 440/1560/1643
f 434/1532/1615 1429/1538/1622 2274/1561/1644 1435/1557/1640
f 1429/1538/1622 435/1537/1621 1436/1562/1645 2274/1561/1644
f 2274/1561/1644 1436/1562/1645 442/1563/1646 1442/1564/1647
f 1435/1557/1640 2274/1561/1644 1442/1564/1647 441/1558/1641
f 435/1537/1621 1430/1542/1626 2275/1565/1648 1436/1562/1645
f 1430/1542/1626 436/1541/1625 1437/1566/1649 2275/1565/1648
f 2275/1565/1648 1437/1566/1649 443/1567/1650 1443/1568/1651
f 1436/1562/1645 2275/1565/1648 1443/1568/1651 442/1563/1646
f 436/1541/1625 1431/1546/1630 2276/1569/1652 1437/1566/1649
f 1431/1546/1630 437/1545/1629 1438/1570/1653 2276/1569/1652
f 2276/1569/1652 1438/1570/1653 444/1571/1654 1444/1572/1655
f 1437/1566/1649 2276/1569/1652 1444/1572/1655 443/1567/1650
f 437/1545/1629 1432/1550/1633 2277/1573/1656 1438/1570/1653
f 1432/1550/1633 438/1549/1632 1439/1574/1657 2277/1573/1656
f 2277/1573/1656 1439/1574/1657 445/1575/1658 1445/1576/1659
f 1438/1570/1653 2277/1573/1656 1445/1576/1659 444/1571/1654
f 438/1549/1632 1433/1554/1637 2278/1577/1660 1439/1574/1657
f 1433/1554/1637 439/1553/1636 1440/1578/1661 2278/1577/1660
f 2278/1577/1660 1440/1578/1661 446/1579/1662 1446/1580/1663
f 1439/1574/1657 2278/1577/1660 1446/1580/1663 445/1575/1658
f 10/1581/501 754/1582/1664 2279/1583/1665 771/1584/1666
f 754/1582/1664 110/1585/1667 1447/1586/1668 2279/1583/1665
f 2279/1583/1665 1447/1586/1668 398/1412/1486 1474/1587/1669
f 771/1584/1666 2279/1583/1665 1474/1587/1669 125/1588/1670
f 110/1585/1667 753/1589/1671 2280/1590/1672 1447/1586/1668
f 753/1589/1671 109/1591/1673 1448/1592/1674 2280/1590/1672
f 2280/1590/1672 1448/1592/1674 399/1416/1490 1363/1413/1487
f 1447/1586/1668 2280/1590/1672 1363/1413/1487 398/1412/1486
f 109/1591/1673 752/1593/1675 2281/1594/1676 1448/1592/1674
f 752/1593/1675 108/1595/1677 1449/1596/1678 2281/1594/1679
f 2281/1594/1679 1449/1596/1678 400/1423/1498 1364/1421/1497
f 1448/1592/1674 2281/1594/1676 1364/1421/1495 399/1416/1490
f 108/1595/1677 751/1597/1680 2282/1598/1681 1449/1596/1678
f 751/1597/1680 107/1599/1682 1450/1600/1683 2282/1598/1681
f 2282/1598/1681 1450/1600/1683 401/1429/1506 1365/1427/1504
f 1449/1596/1678 2282/1598/1681 1365/1427/1504 400/1423/1498
f 107/1599/1682 750/1601/1684 2283/1602/1685 1450/1600/1683
f 750/1601/1684 106/1603/1686 1451/1604/1687 2283/1602/1685
f 2283/1602/1685 1451/1604/1687 402/1435/1512 1366/1433/1510
f 1450/1600/1683 2283/1602/1685 1366/1433/1510 401/1429/1506
f 106/1603/1686 749/1605/1688 2284/1606/1689 1451/1604/1687
f 749/1605/1688 105/1607/1690 1452/1608/1691 2284/1606/1689
f 2284/1606/1689 1452/1608/1691 403/1441/1518 1367/1439/1516
f 1451/1604/1687 2284/1606/1689 1367/1439/1516 402/1435/1512
f 105/1607/1690 748/1609/1692 2285/1610/1693 1452/1608/1691
f 748/1609/1692 104/1611/1694 1453/1612/1695 2285/1610/1693
f 2285/1610/1693 1453/1612/1695 404/1447/1524 1368/1445/1522
f 1452/1608/1691 2285/1610/1693 1368/1445/1522 403/1441/1518
f 104/1611/1694 747/1613/1696 2286/1614/1697 1453/1612/1695
f 747/1613/1698 4/1615/239 666/1616/238 2286/1614/1699
f 2286/1614/1699 666/1616/238 33/1617/234 1454/1618/1700
f 1453/1612/1695 2286/1614/1697 1454/1618/1701 404/1447/1524
f 404/1447/1524 1454/1618/1701 2287/1619/1702 1375/1448/1525
f 1454/1618/1700 33/1617/234 665/1620/233 2287/1619/1703
f 2287/1619/1703 665/1620/233 32/1621/230 1455/1622/1704
f 1375/1448/1525 2287/1619/1702 1455/1622/1705 411/1449/1526
f 411/1449/1526 1455/1622/1705 2288/1623/1706 1388/1474/1553
f 1455/1622/1704 32/1621/230 664/1624/229 2288/1623/1707
f 2288/1623/1707 664/1624/229 31/1625/226 1456/1626/1708
f 1388/1474/1553 2288/1623/1706 1456/1626/1709 418/1475/1554
f 418/1475/1554 1456/1626/1709 2289/1627/1710 1401/1500/1581
f 1456/1626/1708 31/1625/226 663/1628/225 2289/1627/1711
f 2289/1627/1711 663/1628/225 30/1629/222 1457/1630/1712
f 1401/1500/1581 2289/1627/1710 1457/1630/1713 425/1501/1582
f 425/1501/1582 1457/1630/1713 2290/1631/1714 1414/1526/1609
f 1457/1630/1712 30/1629/222 662/1632/221 2290/1631/1715
f 2290/1631/1715 662/1632/221 29/1633/218 1458/1634/1716
f 1414/1526/1609 2290/1631/1714 1458/1634/1717 432/1527/1610
f 432/1527/1610 1458/1634/1717 2291/1635/1718 1427/1552/1635
f 1458/1634/1716 29/1633/218 661/1636/217 2291/1635/1719
f 2291/1635/1719 661/1636/217 28/1637/216 1459/1638/1720
f 1427/1552/1635 2291/1635/1718 1459/1638/1721 439/1553/1636
f 439/1553/1636 1459/1638/1721 2292/1639/1722 1440/1578/1661
f 1459/1638/1720 28/1637/216 660/1640/1723 2292/1639/1723
f 2292/1639/1724 660/1640/1724 27/1641/208 1460/1642/1725
f 1440/1578/1661 2292/1639/1722 1460/1642/1726 446/1579/1662
f 446/1579/1662 1460/1642/1726 2293/1643/1727 1461/1644/1728
f 1460/1642/1725 27/1641/208 659/1645/206 2293/1643/1729
f 2293/1643/1729 659/1645/206 2/1646/205 738/1647/1730
f 1461/1644/1731 2293/1643/1731 738/1647/1731 96/1648/1731
f 445/1575/1658 1446/1580/1663 2294/1649/1732 1462/1650/1733
f 1446/1580/1663 446/1579/1662 1461/1644/1728 2294/1649/1732
f 2294/1649/1732 1461/1644/1728 96/1648/1734 737/1651/1735
f 1462/1650/1733 2294/1649/1732 737/1651/1735 95/1652/1736
f 444/1571/1654 1445/1576/1659 2295/1653/1737 1463/1654/1738
f 1445/1576/1659 445/1575/1658 1462/1650/1733 2295/1653/1737
f 2295/1653/1737 1462/1650/1733 95/1652/1736 736/1655/1103
f 1463/1654/1738 2295/1653/1737 736/1655/1103 94/1656/1099
f 443/1567/1650 1444/1572/1655 2296/1657/1739 1464/1658/1740
f 1444/1572/1655 444/1571/1654 1463/1654/1738 2296/1657/1739
f 2296/1657/1739 1463/1654/1738 94/1656/1099 735/1659/1097
f 1464/1658/1740 2296/1657/1739 735/1659/1097 93/1660/1093
f 442/1563/1646 1443/1568/1651 2297/1661/1741 1465/1662/1742
f 1443/1568/1651 443/1567/1650 1464/1658/1740 2297/1661/1741
f 2297/1661/1741 1464/1658/1740 93/1660/1093 734/1663/1091
f 1465/1662/1742 2297/1661/1741 734/1663/1091 92/1664/1086
f 441/1558/1641 1442/1564/1647 2298/1665/1743 1466/1666/1744
f 1442/1564/1647 442/1563/1646 1465/1662/1742 2298/1665/1743
f 2298/1665/1743 1465/1662/1742 92/1664/1086 733/1667/1084
f 1466/1666/1744 2298/1665/1743 733/1667/1084 91/1668/1080
f 440/1560/1643 1441/1559/1642 2299/1669/1745 1467/1670/1746
f 1441/1559/1642 441/1558/1641 1466/1666/1744 2299/1669/1745
f 2299/1669/1745 1466/1666/1744 91/1668/1080 732/1671/1078
f 1467/1670/1746 2299/1669/1745 732/1671/1078 90/1672/1073
f 131/1673/1747 1468/1674/1748 2300/1675/1749 778/1676/1750
f 1468/1674/1748 440/1560/1643 1467/1670/1746 2300/1675/1749
f 2300/1675/1749 1467/1670/1746 90/1672/1073 731/1677/1071
f 778/1676/1750 2300/1675/1749 731/1677/1071 12/1678/1070
f 130/1679/1751 1469/1680/1752 2301/1681/1753 777/1682/1754
f 1469/1680/1752 433/1534/1617 1434/1556/1639 2301/1681/1753
f 2301/1681/1753 1434/1556/1639 440/1560/1643 1468/1674/1748
f 777/1682/1754 2301/1681/1753 1468/1674/1748 131/1673/1747
f 129/1683/1755 1470/1684/1756 2302/1685/1757 776/1686/1758
f 1470/1684/1756 426/1508/1589 1421/1530/1613 2302/1685/1757
f 2302/1685/1757 1421/1530/1613 433/1534/1617 1469/1680/1752
f 776/1686/1758 2302/1685/1757 1469/1680/1752 130/1679/1751
f 128/1687/1759 1471/1688/1760 2303/1689/1761 775/1690/1762
f 1471/1688/1760 419/1482/1561 1408/1504/1585 2303/1689/1761
f 2303/1689/1761 1408/1504/1585 426/1508/1589 1470/1684/1756
f 775/1690/1762 2303/1689/1761 1470/1684/1756 129/1683/1755
f 127/1691/1763 1472/1692/1764 2304/1693/1765 774/1694/1766
f 1472/1692/1764 412/1456/1533 1395/1478/1557 2304/1693/1765
f 2304/1693/1765 1395/1478/1557 419/1482/1561 1471/1688/1760
f 774/1694/1766 2304/1693/1765 1471/1688/1760 128/1687/1759
f 126/1695/1767 1473/1696/1768 2305/1697/1769 773/1698/1770
f 1473/1696/1768 405/1420/1494 1382/1452/1529 2305/1697/1769
f 2305/1697/1769 1382/1452/1529 412/1456/1533 1472/1692/1764
f 773/1698/1770 2305/1697/1769 1472/1692/1764 127/1691/1763
f 125/1588/1670 1474/1587/1669 2306/1699/1771 772/1700/1772
f 1474/1587/1669 398/1412/1486 1369/1415/1489 2306/1699/1771
f 2306/1699/1771 1369/1415/1489 405/1420/1494 1473/1696/1768
f 772/1700/1772 2306/1699/1771 1473/1696/1768 126/1695/1767
f 447/1701/1773 1475/1702/1774 2307/1703/1775 1481/1704/1776
f 1475/1702/1774 448/1705/1777 1482/1706/1778 2307/1703/1775
f 2307/1703/1775 1482/1706/1778 455/1707/1779 1488/1708/1780
f 1481/1704/1776 2307/1703/1775 1488/1708/1780 454/1709/1781
f 448/1705/1777 1476/1710/1782 2308/1711/1783 1482/1706/1778
f 1476/1710/1782 449/1712/1784 1483/1713/1785 2308/1711/1783
f 2308/1711/1783 1483/1713/1785 456/1714/1786 1489/1715/1787
f 1482/1706/1778 2308/1711/1783 1489/1715/1787 455/1707/1779
f 449/1712/1784 1477/1716/1788 2309/1717/1789 1483/1713/1785
f 1477/1716/1788 450/1718/1790 1484/1719/1791 2309/1717/1789
f 2309/1717/1789 1484/1719/1791 457/1720/1792 1490/1721/1793
f 1483/1713/1785 2309/1717/1789 1490/1721/1793 456/1714/1786
f 450/1718/1790 1478/1722/1794 2310/1723/1795 1484/1719/1791
f 1478/1722/1794 451/1724/1796 1485/1725/1797 2310/1723/1795
f 2310/1723/1795 1485/1725/1797 458/1726/1798 1491/1727/1799
f 1484/1719/1791 2310/1723/1795 1491/1727/1799 457/1720/1792
f 451/1724/1796 1479/1728/1800 2311/1729/1801 1485/1725/1797
f 1479/1728/1800 452/1730/1802 1486/1731/1803 2311/1729/1801
f 2311/1729/1801 1486/1731/1803 459/1732/1804 1492/1733/1805
f 1485/1725/1797 2311/1729/1801 1492/1733/1805 458/1726/1798
f 452/1730/1802 1480/1734/1806 2312/1735/1807 1486/1731/1803
f 1480/1734/1806 453/1736/1808 1487/1737/1809 2312/1735/1807
f 2312/1735/1807 1487/1737/1809 460/1738/1810 1493/1739/1811
f 1486/1731/1803 2312/1735/1807 1493/1739/1811 459/1732/1804
f 454/1709/1781 1488/1708/1780 2313/1740/1812 1494/1741/1813
f 1488/1708/1780 455/1707/1779 1495/1742/1814 2313/1740/1812
f 2313/1740/1812 1495/1742/1814 462/1743/1815 1501/1744/1816
f 1494/1741/1813 2313/1740/1812 1501/1744/1816 461/1745/1817
f 455/1707/1779 1489/1715/1787 2314/1746/1818 1495/1742/1814
f 1489/1715/1787 456/1714/1786 1496/1747/1819 2314/1746/1818
f 2314/1746/1818 1496/1747/1819 463/1748/1820 1502/1749/1821
f 1495/1742/1814 2314/1746/1818 1502/1749/1821 462/1743/1815
f 456/1714/1786 1490/1721/1793 2315/1750/1822 1496/1747/1819
f 1490/1721/1793 457/1720/1792 1497/1751/1823 2315/1750/1822
f 2315/1750/1822 1497/1751/1823 464/1752/1824 1503/1753/1825
f 1496/1747/1819 2315/1750/1822 1503/1753/1825 463/1748/1820
f 457/1720/1792 1491/1727/1799 2316/1754/1826 1497/1751/1823
f 1491/1727/1799 458/1726/1798 1498/1755/1827 2316/1754/1826
f 2316/1754/1826 1498/1755/1827 465/1756/1828 1504/1757/1829
f 1497/1751/1823 2316/1754/1826 1504/1757/1829 464/1752/1824
f 458/1726/1798 1492/1733/1805 2317/1758/1830 1498/1755/1827
f 1492/1733/1805 459/1732/1804 1499/1759/1831 2317/1758/1830
f 2317/1758/1830 1499/1759/1831 466/1760/1832 1505/1761/1833
f 1498/1755/1827 2317/1758/1830 1505/1761/1833 465/1756/1828
f 459/1732/1804 1493/1739/1811 2318/1762/1834 1499/1759/1831
f 1493/1739/1811 460/1738/1810 1500/1763/1835 2318/1762/1834
f 2318/1762/1834 1500/1763/1835 467/1764/1836 1506/1765/1837
f 1499/1759/1831 2318/1762/1834 1506/1765/1837 466/1760/1832
f 461/1745/1817 1501/1744/1816 2319/1766/1838 1507/1767/1839
f 1501/1744/1816 462/1743/1815 1508/1768/1840 2319/1766/1838
f 2319/1766/1838 1508/1768/1840 469/1769/1841 1514/1770/1842
f 1507/1767/1839 2319/1766/1838 1514/1770/1842 468/1771/1843
f 462/1743/1815 1502/1749/1821 2320/1772/1844 1508/1768/1840
f 1502/1749/1821 463/1748/1820 1509/1773/1845 2320/1772/1844
f 2320/1772/1844 1509/1773/1845 470/1774/1846 1515/1775/1847
f 1508/1768/1840 2320/1772/1844 1515/1775/1847 469/1769/1841
f 463/1748/1820 1503/1753/1825 2321/1776/1848 1509/1773/1845
f 1503/1753/1825 464/1752/1824 1510/1777/1849 2321/1776/1848
f 2321/1776/1848 1510/1777/1849 471/1778/1850 1516/1779/1851
f 1509/1773/1845 2321/1776/1848 1516/1779/1851 470/1774/1846
f 464/1752/1824 1504/1757/1829 2322/1780/1852 1510/1777/1849
f 1504/1757/1829 465/1756/1828 1511/1781/1853 2322/1780/1852
f 2322/1780/1852 1511/1781/1853 472/1782/1854 1517/1783/1855
f 1510/1777/1849 2322/1780/1852 1517/1783/1855 471/1778/1850
f 465/1756/1828 1505/1761/1833 2323/1784/1856 1511/1781/1853
f 1505/1761/1833 466/1760/1832 1512/1785/1857 2323/1784/1856
f 2323/1784/1856 1512/1785/1857 473/1786/1858 1518/1787/1859
f 1511/1781/1853 2323/1784/1856 1518/1787/1859 472/1782/1854
f 466/1760/1832 1506/1765/1837 2324/1788/1860 1512/1785/1857
f 1506/1765/1837 467/1764/1836 1513/1789/1861 2324/1788/1860
f 2324/1788/1860 1513/1789/1861 474/1790/1862 1519/1791/1863
f 1512/1785/1857 2324/1788/1860 1519/1791/1863 473/1786/1858
f 468/1771/1843 1514/1770/1842 2325/1792/1864 1520/1793/1865
f 1514/1770/1842 469/1769/1841 1521/1794/1866 2325/1792/1864
f 2325/1792/1864 1521/1794/1866 476/1795/1867 1527/1796/1868
f 1520/1793/1865 2325/1792/1864 1527/1796/1868 475/1797/1869
f 469/1769/1841 1515/1775/1847 2326/1798/1870 1521/1794/1866
f 1515/1775/1847 470/1774/1846 1522/1799/1871 2326/1798/1870
f 2326/1798/1870 1522/1799/1871 477/1800/1872 1528/1801/1873
f 1521/1794/1866 2326/1798/1870 1528/1801/1873 476/1795/1867
f 470/1774/1846 1516/1779/1851 2327/1802/1874 1522/1799/1871
f 1516/1779/1851 471/1778/1850 1523/1803/1875 2327/1802/1874
f 2327/1802/1874 1523/1803/1875 478/1804/1876 1529/1805/1877
f 1522/1799/1871 2327/1802/1874 1529/1805/1877 477/1800/1872
f 471/1778/1850 1517/1783/1855 2328/1806/1878 1523/1803/1875
f 1517/1783/1855 472/1782/1854 1524/1807/1879 2328/1806/1878
f 2328/1806/1878 1524/1807/1879 479/1808/1880 1530/1809/1881
f 1523/1803/1875 2328/1806/1878 1530/1809/1881 478/1804/1876
f 472/1782/1854 1518/1787/1859 2329/1810/1882 1524/1807/1879
f 1518/1787/1859 473/1786/1858 1525/1811/1883 2329/1810/1882
f 2329/1810/1882 1525/1811/1883 480/1812/1884 1531/1813/1885
f 1524/1807/1879 2329/1810/1882 1531/1813/1885 479/1808/1880
f 473/1786/1858 1519/1791/1863 2330/1814/1886 1525/1811/1883
f 1519/1791/1863 474/1790/1862 1526/1815/1887 2330/1814/1886
f 2330/1814/1886 1526/1815/1887 481/1816/1888 1532/1817/1889
f 1525/1811/1883 2330/1814/1886 1532/1817/1889 480/1812/1884
f 475/1797/1869 1527/1796/1868 2331/1818/1890 1533/1819/1891
f 1527/1796/1868 476/1795/1867 1534/1820/1892 2331/1818/1890
f 2331/1818/1890 1534/1820/1892 483/1821/1893 1540/1822/1894
f 1533/1819/1891 2331/1818/1890 1540/1822/1894 482/1823/1895
f 476/1795/1867 1528/1801/1873 2332/1824/1896 1534/1820/1892
f 1528/1801/1873 477/1800/1872 1535/1825/1897 2332/1824/1896
f 2332/1824/1896 1535/1825/1897 484/1826/1898 1541/1827/1899
f 1534/1820/1892 2332/1824/1896 1541/1827/1899 483/1821/1893
f 477/1800/1872 1529/1805/1877 2333/1828/1900 1535/1825/1897
f 1529/1805/1877 478/1804/1876 1536/1829/1901 2333/1828/1900
f 2333/1828/1900 1536/1829/1901 485/1830/1902 1542/1831/1903
f 1535/1825/1897 2333/1828/1900 1542/1831/1903 484/1826/1898
f 478/1804/1876 1530/1809/1881 2334/1832/1904 1536/1829/1901
f 1530/1809/1881 479/1808/1880 1537/1833/1905 2334/1832/1904
f 2334/1832/1904 1537/1833/1905 486/1834/1906 1543/1835/1907
f 1536/1829/1901 2334/1832/1904 1543/1835/1907 485/1830/1902
f 479/1808/1880 1531/1813/1885 2335/1836/1908 1537/1833/1905
f 1531/1813/1885 480/1812/1884 1538/1837/1909 2335/1836/1908
f 2335/1836/1908 1538/1837/1909 487/1838/1910 1544/1839/1911
f 1537/1833/1905 2335/1836/1908 1544/1839/1911 486/1834/1906
f 480/1812/1884 1532/1817/1889 2336/1840/1912 1538/1837/1909
f 1532/1817/1889 481/1816/1888 1539/1841/1913 2336/1840/1912
f 2336/1840/1912 1539/1841/1913 488/1842/1914 1545/1843/1915
f 1538/1837/1909 2336/1840/1912 1545/1843/1915 487/1838/1910
f 482/1823/1895 1540/1822/1894 2337/1844/1916 1546/1845/1917
f 1540/1822/1894 483/1821/1893 1547/1846/1918 2337/1844/1916
f 2337/1844/1916 1547/1846/1918 490/1847/1919 1553/1848/1920
f 1546/1845/1917 2337/1844/1916 1553/1848/1920 489/1849/1921
f 483/1821/1893 1541/1827/1899 2338/1850/1922 1547/1846/1918
f 1541/1827/1899 484/1826/1898 1548/1851/1923 2338/1850/1922
f 2338/1850/1922 1548/1851/1923 491/1852/1924 1554/1853/1925
f 1547/1846/1918 2338/1850/1922 1554/1853/1925 490/1847/1919
f 484/1826/1898 1542/1831/1903 2339/1854/1926 1548/1851/1923
f 1542/1831/1903 485/1830/1902 1549/1855/1927 2339/1854/1926
f 2339/1854/1926 1549/1855/1927 492/1856/1928 1555/1857/1929
f 1548/1851/1923 2339/1854/1926 1555/1857/1929 491/1852/1924
f 485/1830/1902 1543/1835/1907 2340/1858/1930 1549/1855/1927
f 1543/1835/1907 486/1834/1906 1550/1859/1931 2340/1858/1930
f 2340/1858/1930 1550/1859/1931 493/1860/1932 1556/1861/1933
f 1549/1855/1927 2340/1858/1930 1556/1861/1933 492/1856/1928
f 486/1834/1906 1544/1839/1911 2341/1862/1934 1550/1859/1931
f 1544/1839/1911 487/1838/1910 1551/1863/1935 2341/1862/1934
f 2341/1862/1934 1551/1863/1935 494/1864/1936 1557/1865/1937
f 1550/1859/1931 2341/1862/1934 1557/1865/1937 493/1860/1932
f 487/1838/1910 1545/1843/1915 2342/1866/1938 1551/1863/1935
f 1545/1843/1915 488/1842/1914 1552/1867/1939 2342/1866/1938
f 2342/1866/1938 1552/1867/1939 495/1868/1940 1558/1869/1941
f 1551/1863/1935 2342/1866/1938 1558/1869/1941 494/1864/1936
f 8/524/532 690/1870/531 2343/1871/1942 707/766/1943
f 690/1870/531 54/1872/527 1559/1873/1944 2343/1871/1942
f 2343/1871/1942 1559/1873/1944 447/1701/1773 1586/1874/1945
f 707/766/1943 2343/1871/1942 1586/1874/1946 69/767/1947
f 54/1872/527 689/1875/526 2344/1876/1948 1559/1873/1944
f 689/1875/526 53/1877/523 1560/1878/1949 2344/1876/1948
f 2344/1876/1948 1560/1878/1949 448/1705/1777 1475/1702/1774
f 1559/1873/1944 2344/1876/1948 1475/1702/1774 447/1701/1773
f 53/1877/523 688/1879/522 2345/1880/1950 1560/1878/1949
f 688/1879/522 52/1881/519 1561/1882/1951 2345/1880/1950
f 2345/1880/1950 1561/1882/1951 449/1712/1784 1476/1710/1782
f 1560/1878/1949 2345/1880/1950 1476/1710/1782 448/1705/1777
f 52/1881/519 687/1883/518 2346/1884/1952 1561/1882/1951
f 687/1883/518 51/1885/515 1562/1886/1953 2346/1884/1952
f 2346/1884/1952 1562/1886/1953 450/1718/1790 1477/1716/1788
f 1561/1882/1951 2346/1884/1952 1477/1716/1788 449/1712/1784
f 51/1885/515 686/1887/514 2347/1888/1954 1562/1886/1953
f 686/1887/514 50/1889/511 1563/1890/1955 2347/1888/1954
f 2347/1888/1954 1563/1890/1955 451/1724/1796 1478/1722/1794
f 1562/1886/1953 2347/1888/1954 1478/1722/1794 450/1718/1790
f 50/1889/511 685/1891/510 2348/1892/1956 1563/1890/1955
f 685/1891/510 49/1893/507 1564/1894/1957 2348/1892/1956
f 2348/1892/1956 1564/1894/1957 452/1730/1802 1479/1728/1800
f 1563/1890/1955 2348/1892/1956 1479/1728/1800 451/1724/1796
f 49/1893/507 684/1895/506 2349/1896/1958 1564/1894/1957
f 684/1895/506 48/1897/503 1565/1898/1959 2349/1896/1958
f 2349/1896/1958 1565/1898/1959 453/1736/1808 1480/1734/1806
f 1564/1894/1957 2349/1896/1958 1480/1734/1806 452/1730/1802
f 48/1897/503 683/1899/502 2350/1900/1960 1565/1898/1959
f 683/1899/502 10/1581/501 771/1584/1666 2350/1900/1960
f 2350/1900/1960 771/1584/1666 125/1588/1670 1566/1901/1961
f 1565/1898/1959 2350/1900/1960 1566/1901/1961 453/1736/1808
f 453/1736/1808 1566/1901/1961 2351/1902/1962 1487/1737/1809
f 1566/1901/1961 125/1588/1670 772/1700/1772 2351/1902/1962
f 2351/1902/1962 772/1700/1772 126/1695/1767 1567/1903/1963
f 1487/1737/1809 2351/1902/1962 1567/1903/1963 460/1738/1810
f 460/1738/1810 1567/1903/1963 2352/1904/1964 1500/1763/1835
f 1567/1903/1963 126/1695/1767 773/1698/1770 2352/1904/1964
f 2352/1904/1964 773/1698/1770 127/1691/1763 1568/1905/1965
f 1500/1763/1835 2352/1904/1964 1568/1905/1965 467/1764/1836
f 467/1764/1836 1568/1905/1965 2353/1906/1966 1513/1789/1861
f 1568/1905/1965 127/1691/1763 774/1694/1766 2353/1906/1966
f 2353/1906/1966 774/1694/1766 128/1687/1759 1569/1907/1967
f 1513/1789/1861 2353/1906/1966 1569/1907/1967 474/1790/1862
f 474/1790/1862 1569/1907/1967 2354/1908/1968 1526/1815/1887
f 1569/1907/1967 128/1687/1759 775/1690/1762 2354/1908/1968
f 2354/1908/1968 775/1690/1762 129/1683/1755 1570/1909/1969
f 1526/1815/1887 2354/1908/1968 1570/1909/1969 481/1816/1888
f 481/1816/1888 1570/1909/1969 2355/1910/1970 1539/1841/1913
f 1570/1909/1969 129/1683/1755 776/1686/1758 2355/1910/1970
f 2355/1910/1970 776/1686/1758 130/1679/1751 1571/1911/1971
f 1539/1841/1913 2355/1910/1970 1571/1911/1971 488/1842/1914
f 488/1842/1914 1571/1911/1971 2356/1912/1972 1552/1867/1939
f 1571/1911/1971 130/1679/1751 777/1682/1754 2356/1912/1972
f 2356/1912/1972 777/1682/1754 131/1673/1747 1572/1913/1973
f 1552/1867/1939 2356/1912/1972 1572/1913/1973 495/1868/1940
f 495/1868/1940 1572/1913/1973 2357/1914/1974 1573/1915/1975
f 1572/1913/1973 131/1673/1747 778/1676/1750 2357/1914/1974
f 2357/1914/1974 778/1676/1750 12/1678/1070 770/1916/1976
f 1573/1915/1975 2357/1914/1974 770/1916/1976 124/1917/1977
f 494/1864/1936 1558/1869/1941 2358/1918/1978 1574/1919/1979
f 1558/1869/1941 495/1868/1940 1573/1915/1975 2358/1918/1978
f 2358/1918/1978 1573/1915/1975 124/1917/1977 769/1920/1980
f 1574/1919/1979 2358/1918/1978 769/1920/1980 123/1921/1981
f 493/1860/1932 1557/1865/1937 2359/1922/1982 1575/1923/1983
f 1557/1865/1937 494/1864/1936 1574/1919/1979 2359/1922/1982
f 2359/1922/1982 1574/1919/1979 123/1921/1981 768/1924/1984
f 1575/1923/1983 2359/1922/1982 768/1924/1984 122/1925/1985
f 492/1856/1928 1556/1861/1933 2360/1926/1986 1576/1927/1987
f 1556/1861/1933 493/1860/1932 1575/1923/1983 2360/1926/1986
f 2360/1926/1986 1575/1923/1983 122/1925/1985 767/1928/1988
f 1576/1927/1987 2360/1926/1986 767/1928/1988 121/1929/1989
f 491/1852/1924 1555/1857/1929 2361/1930/1990 1577/1931/1991
f 1555/1857/1929 492/1856/1928 1576/1927/1987 2361/1930/1990
f 2361/1930/1990 1576/1927/1987 121/1929/1989 766/1932/1992
f 1577/1931/1991 2361/1930/1990 766/1932/1992 120/1933/1993
f 490/1847/1919 1554/1853/1925 2362/1934/1994 1578/1935/1995
f 1554/1853/1925 491/1852/1924 1577/1931/1991 2362/1934/1994
f 2362/1934/1994 1577/1931/1991 120/1933/1993 765/1936/1996
f 1578/1935/1995 2362/1934/1994 765/1936/1996 119/1937/1997
f 489/1849/1921 1553/1848/1920 2363/1938/1998 1579/1939/1999
f 1553/1848/1920 490/1847/1919 1578/1935/1995 2363/1938/1998
f 2363/1938/1998 1578/1935/1995 119/1937/1997 764/1940/2000
f 1579/1939/1999 2363/1938/1998 764/1940/2000 118/1941/2001
f 75/791/2002 1580/1942/2003 2364/1943/2004 714/795/2004
f 1580/1942/2005 489/1849/1921 1579/1939/1999 2364/1943/2006
f 2364/1943/2007 1579/1939/1999 118/1941/2001 763/1944/2007
f 714/795/2008 2364/1943/2008 763/1944/2009 6/796/815
f 74/787/2010 1581/1945/2011 2365/1946/2012 713/790/2013
f 1581/1945/2014 482/1823/1895 1546/1845/1917 2365/1946/2015
f 2365/1946/2015 1546/1845/1917 489/1849/1921 1580/1942/2005
f 713/790/2013 2365/1946/2012 1580/1942/2003 75/791/2002
f 73/783/2016 1582/1947/2017 2366/1948/2018 712/786/2019
f 1582/1947/2020 475/1797/1869 1533/1819/1891 2366/1948/2021
f 2366/1948/2021 1533/1819/1891 482/1823/1895 1581/1945/2014
f 712/786/2019 2366/1948/2018 1581/1945/2011 74/787/2010
f 72/779/2022 1583/1949/2023 2367/1950/2024 711/782/2025
f 1583/1949/2026 468/1771/1843 1520/1793/1865 2367/1950/2027
f 2367/1950/2027 1520/1793/1865 475/1797/1869 1582/1947/2020
f 711/782/2025 2367/1950/2024 1582/1947/2017 73/783/2016
f 71/775/2028 1584/1951/2029 2368/1952/2030 710/778/2031
f 1584/1951/2032 461/1745/1817 1507/1767/1839 2368/1952/2033
f 2368/1952/2033 1507/1767/1839 468/1771/1843 1583/1949/2026
f 710/778/2031 2368/1952/2030 1583/1949/2023 72/779/2022
f 70/771/2034 1585/1953/2035 2369/1954/2036 709/774/2037
f 1585/1953/2038 454/1709/1781 1494/1741/1813 2369/1954/2039
f 2369/1954/2039 1494/1741/1813 461/1745/1817 1584/1951/2032
f 709/774/2037 2369/1954/2036 1584/1951/2029 71/775/2028
f 69/767/1947 1586/1874/1946 2370/1955/2040 708/770/2041
f 1586/1874/1945 447/1701/1773 1481/1704/1776 2370/1955/2042
f 2370/1955/2042 1481/1704/1776 454/1709/1781 1585/1953/2038
f 708/770/2041 2370/1955/2040 1585/1953/2035 70/771/2034
f 496/1956/2043 1587/1957/2044 2371/1958/2045 1593/1959/2046
f 1587/1957/2044 497/1960/2047 1594/1961/2048 2371/1958/2045
f 2371/1958/2045 1594/1961/2048 504/1962/2049 1600/1963/2050
f 1593/1959/2046 2371/1958/2045 1600/1963/2050 503/1964/2051
f 497/1960/2052 1588/1965/2053 2372/1966/2054 1594/1961/2055
f 1588/1965/2056 498/1967/2057 1595/1968/2058 2372/1966/2059
f 2372/1966/2059 1595/1968/2058 505/1969/2060 1601/1970/2061
f 1594/1961/2055 2372/1966/2054 1601/1970/2062 504/1962/2063
f 498/1967/2064 1589/1971/2065 2373/1972/2066 1595/1968/2067
f 1589/1971/2065 499/1973/2068 1596/1974/2069 2373/1972/2066
f 2373/1972/2066 1596/1974/2069 506/1975/2070 1602/1976/2071
f 1595/1968/2067 2373/1972/2066 1602/1976/2071 505/1969/2072
f 499/1973/2073 1590/1977/2074 2374/1978/2075 1596/1974/2076
f 1590/1977/2074 500/1979/2077 1597/1980/2078 2374/1978/2075
f 2374/1978/2075 1597/1980/2078 507/1981/2079 1603/1982/2080
f 1596/1974/2076 2374/1978/2075 1603/1982/2080 506/1975/2081
f 500/1979/2077 1591/1983/2082 2375/1984/2083 1597/1980/2078
f 1591/1983/2082 501/1985/2084 1598/1986/2085 2375/1984/2083
f 2375/1984/2083 1598/1986/2085 508/1987/2086 1604/1988/2087
f 1597/1980/2078 2375/1984/2083 1604/1988/2087 507/1981/2079
f 501/1985/2084 1592/1989/2088 2376/1990/2089 1598/1986/2085
f 1592/1989/2088 502/1991/2090 1599/1992/2091 2376/1990/2089
f 2376/1990/2089 1599/1992/2091 509/1993/2092 1605/1994/2093
f 1598/1986/2085 2376/1990/2089 1605/1994/2093 508/1987/2086
f 503/1964/2051 1600/1963/2050 2377/1995/2094 1606/1996/2095
f 1600/1963/2050 504/1962/2049 1607/1997/2096 2377/1995/2094
f 2377/1995/2094 1607/1997/2096 511/1998/2097 1613/1999/2098
f 1606/1996/2095 2377/1995/2094 1613/1999/2098 510/2000/2099
f 504/1962/2063 1601/1970/2062 2378/2001/2100 1607/1997/2101
f 1601/1970/2061 505/1969/2060 1608/2002/2102 2378/2001/2103
f 2378/2001/2103 1608/2002/2102 512/2003/2104 1614/2004/2105
f 1607/1997/2101 2378/2001/2100 1614/2004/2106 511/1998/2107
f 505/1969/2072 1602/1976/2071 2379/2005/2108 1608/2002/2109
f 1602/1976/2071 506/1975/2070 1609/2006/2110 2379/2005/2108
f 2379/2005/2108 1609/2006/2110 513/2007/2111 1615/2008/2112
f 1608/2002/2109 2379/2005/2108 1615/2008/2112 512/2003/2113
f 506/1975/2081 1603/1982/2080 2380/2009/2114 1609/2006/2115
f 1603/1982/2080 507/1981/2079 1610/2010/2116 2380/2009/2114
f 2380/2009/2114 1610/2010/2116 514/2011/2117 1616/2012/2118
f 1609/2006/2115 2380/2009/2114 1616/2012/2118 513/2007/2119
f 507/1981/2079 1604/1988/2087 2381/2013/2120 1610/2010/2116
f 1604/1988/2087 508/1987/2086 1611/2014/2121 2381/2013/2120
f 2381/2013/2120 1611/2014/2121 515/2015/2122 1617/2016/2123
f 1610/2010/2116 2381/2013/2120 1617/2016/2123 514/2011/2117
f 508/1987/2086 1605/1994/2093 2382/2017/2124 1611/2014/2121
f 1605/1994/2093 509/1993/2092 1612/2018/2125 2382/2017/2124
f 2382/2017/2124 1612/2018/2125 516/2019/2126 1618/2020/2127
f 1611/2014/2121 2382/2017/2124 1618/2020/2127 515/2015/2122
f 510/2000/2099 1613/1999/2098 2383/2021/2128 1619/2022/2129
f 1613/1999/2098 511/1998/2097 1620/2023/2130 2383/2021/2128
f 2383/2021/2128 1620/2023/2130 518/2024/2131 1626/2025/2132
f 1619/2022/2129 2383/2021/2128 1626/2025/2132 517/2026/2133
f 511/1998/2107 1614/2004/2106 2384/2027/2134 1620/2023/2135
f 1614/2004/2105 512/2003/2104 1621/2028/2136 2384/2027/2137
f 2384/2027/2137 1621/2028/2136 519/2029/2138 1627/2030/2139
f 1620/2023/2135 2384/2027/2134 1627/2030/2140 518/2024/2141
f 512/2003/2113 1615/2008/2112 2385/2031/2142 1621/2028/2143
f 1615/2008/2112 513/2007/2111 1622/2032/2144 2385/2031/2142
f 2385/2031/2142 1622/2032/2144 520/2033/2145 1628/2034/2146
f 1621/2028/2143 2385/2031/2142 1628/2034/2146 519/2029/2147
f 513/2007/2119 1616/2012/2118 2386/2035/2148 1622/2032/2149
f 1616/2012/2118 514/2011/2117 1623/2036/2150 2386/2035/2148
f 2386/2035/2148 1623/2036/2150 521/2037/2151 1629/2038/2152
f 1622/2032/2149 2386/2035/2148 1629/2038/2152 520/2033/2153
f 514/2011/2117 1617/2016/2123 2387/2039/2154 1623/2036/2150
f 1617/2016/2123 515/2015/2122 1624/2040/2155 2387/2039/2154
f 2387/2039/2154 1624/2040/2155 522/2041/2156 1630/2042/2157
f 1623/2036/2150 2387/2039/2154 1630/2042/2157 521/2037/2151
f 515/2015/2122 1618/2020/2127 2388/2043/2158 1624/2040/2155
f 1618/2020/2127 516/2019/2126 1625/2044/2159 2388/2043/2158
f 2388/2043/2158 1625/2044/2159 523/2045/2160 1631/2046/2161
f 1624/2040/2155 2388/2043/2158 1631/2046/2161 522/2041/2156
f 517/2026/2133 1626/2025/2132 2389/2047/2162 1632/2048/2163
f 1626/2025/2132 518/2024/2131 1633/2049/2164 2389/2047/2162
f 2389/2047/2162 1633/2049/2164 525/2050/2165 1639/2051/2166
f 1632/2048/2163 2389/2047/2162 1639/2051/2166 524/2052/2167
f 518/2024/2141 1627/2030/2140 2390/2053/2168 1633/2049/2169
f 1627/2030/2139 519/2029/2138 1634/2054/2170 2390/2053/2171
f 2390/2053/2171 1634/2054/2170 526/2055/2172 1640/2056/2173
f 1633/2049/2169 2390/2053/2168 1640/2056/2174 525/2050/2175
f 519/2029/2147 1628/2034/2146 2391/2057/2176 1634/2054/2177
f 1628/2034/2146 520/2033/2145 1635/2058/2178 2391/2057/2176
f 2391/2057/2176 1635/2058/2178 527/2059/2179 1641/2060/2180
f 1634/2054/2177 2391/2057/2176 1641/2060/2180 526/2055/2181
f 520/2033/2153 1629/2038/2152 2392/2061/2182 1635/2058/2183
f 1629/2038/2152 521/2037/2151 1636/2062/2184 2392/2061/2182
f 2392/2061/2182 1636/2062/2184 528/2063/2185 1642/2064/2186
f 1635/2058/2183 2392/2061/2182 1642/2064/2186 527/2059/2187
f 521/2037/2151 1630/2042/2157 2393/2065/2188 1636/2062/2184
f 1630/2042/2157 522/2041/2156 1637/2066/2189 2393/2065/2188
f 2393/2065/2188 1637/2066/2189 529/2067/2190 1643/2068/2191
f 1636/2062/2184 2393/2065/2188 1643/2068/2191 528/2063/2185
f 522/2041/2156 1631/2046/2161 2394/2069/2192 1637/2066/2189
f 1631/2046/2161 523/2045/2160 1638/2070/2193 2394/2069/2192
f 2394/2069/2192 1638/2070/2193 530/2071/2194 1644/2072/2195
f 1637/2066/2189 2394/2069/2192 1644/2072/2195 529/2067/2190
f 524/2052/2167 1639/2051/2166 2395/2073/2196 1645/2074/2197
f 1639/2051/2166 525/2050/2165 1646/2075/2198 2395/2073/2196
f 2395/2073/2196 1646/2075/2198 532/2076/2199 1652/2077/2200
f 1645/2074/2197 2395/2073/2196 1652/2077/2200 531/2078/2201
f 525/2050/2175 1640/2056/2174 2396/2079/2202 1646/2075/2203
f 1640/2056/2173 526/2055/2172 1647/2080/2204 2396/2079/2205
f 2396/2079/2205 1647/2080/2204 533/2081/2206 1653/2082/2207
f 1646/2075/2203 2396/2079/2202 1653/2082/2208 532/2076/2209
f 526/2055/2181 1641/2060/2180 2397/2083/2210 1647/2080/2211
f 1641/2060/2180 527/2059/2179 1648/2084/2212 2397/2083/2210
f 2397/2083/2210 1648/2084/2212 534/2085/2213 1654/2086/2214
f 1647/2080/2211 2397/2083/2210 1654/2086/2214 533/2081/2215
f 527/2059/2187 1642/2064/2186 2398/2087/2216 1648/2084/2217
f 1642/2064/2186 528/2063/2185 1649/2088/2218 2398/2087/2216
f 2398/2087/2216 1649/2088/2218 535/2089/2219 1655/2090/2220
f 1648/2084/2217 2398/2087/2216 1655/2090/2220 534/2085/2221
f 528/2063/2185 1643/2068/2191 2399/2091/2222 1649/2088/2218
f 1643/2068/2191 529/2067/2190 1650/2092/2223 2399/2091/2222
f 2399/2091/2222 1650/2092/2223 536/2093/2224 1656/2094/2225
f 1649/2088/2218 2399/2091/2222 1656/2094/2225 535/2089/2219
f 529/2067/2190 1644/2072/2195 2400/2095/2226 1650/2092/2223
f 1644/2072/2195 530/2071/2194 1651/2096/2227 2400/2095/2226
f 2400/2095/2226 1651/2096/2227 537/2097/2228 1657/2098/2229
f 1650/2092/2223 2400/2095/2226 1657/2098/2229 536/2093/2224
f 531/2078/2201 1652/2077/2200 2401/2099/2230 1658/2100/2231
f 1652/2077/2200 532/2076/2199 1659/2101/2232 2401/2099/2230
f 2401/2099/2230 1659/2101/2232 539/2102/2233 1665/2103/2234
f 1658/2100/2231 2401/2099/2230 1665/2103/2234 538/2104/2235
f 532/2076/2209 1653/2082/2208 2402/2105/2236 1659/2101/2237
f 1653/2082/2207 533/2081/2206 1660/2106/2238 2402/2105/2239
f 2402/2105/2239 1660/2106/2238 540/2107/2240 1666/2108/2241
f 1659/2101/2237 2402/2105/2236 1666/2108/2241 539/2102/2242
f 533/2081/2215 1654/2086/2214 2403/2109/2243 1660/2106/2244
f 1654/2086/2214 534/2085/2213 1661/2110/2245 2403/2109/2243
f 2403/2109/2243 1661/2110/2245 541/2111/2246 1667/2112/2247
f 1660/2106/2244 2403/2109/2243 1667/2112/2247 540/2107/2248
f 534/2085/2221 1655/2090/2220 2404/2113/2249 1661/2110/2250
f 1655/2090/2220 535/2089/2219 1662/2114/2251 2404/2113/2249
f 2404/2113/2249 1662/2114/2251 542/2115/2252 1668/2116/2253
f 1661/2110/2250 2404/2113/2249 1668/2116/2253 541/2111/2246
f 535/2089/2219 1656/2094/2225 2405/2117/2254 1662/2114/2251
f 1656/2094/2225 536/2093/2224 1663/2118/2255 2405/2117/2254
f 2405/2117/2254 1663/2118/2255 543/2119/2256 1669/2120/2257
f 1662/2114/2251 2405/2117/2254 1669/2120/2257 542/2115/2252
f 536/2093/2224 1657/2098/2229 2406/2121/2258 1663/2118/2255
f 1657/2098/2229 537/2097/2228 1664/2122/2259 2406/2121/2258
f 2406/2121/2258 1664/2122/2259 544/2123/2260 1670/2124/2261
f 1663/2118/2255 2406/2121/2258 1670/2124/2261 543/2119/2256
f 3/2125/271 682/2126/2262 2407/2127/2263 643/2128/2263
f 682/2126/2264 47/2129/2265 1671/2130/2266 2407/2127/2267
f 2407/2127/2267 1671/2130/2266 496/1956/2043 1698/2131/2268
f 643/2128/2269 2407/2127/2269 1698/2131/2270 13/2132/2271
f 47/2129/2265 681/2133/2272 2408/2134/2273 1671/2130/2266
f 681/2133/2272 46/2135/2274 1672/2136/2275 2408/2134/2273
f 2408/2134/2273 1672/2136/2275 497/1960/2047 1587/1957/2044
f 1671/2130/2266 2408/2134/2273 1587/1957/2044 496/1956/2043
f 46/2135/2274 680/2137/2276 2409/2138/2277 1672/2136/2278
f 680/2137/2279 45/2139/2280 1673/2140/2281 2409/2138/2282
f 2409/2138/2282 1673/2140/2281 498/1967/2057 1588/1965/2056
f 1672/2136/2278 2409/2138/2277 1588/1965/2053 497/1960/2052
f 45/2139/2280 679/2141/2283 2410/2142/2284 1673/2140/2285
f 679/2141/2283 44/2143/2286 1674/2144/2287 2410/2142/2284
f 2410/2142/2284 1674/2144/2287 499/1973/2068 1589/1971/2065
f 1673/2140/2285 2410/2142/2284 1589/1971/2065 498/1967/2064
f 44/2143/2286 678/2145/2288 2411/2146/2289 1674/2144/2290
f 678/2145/2288 43/2147/2291 1675/2148/2292 2411/2146/2289
f 2411/2146/2289 1675/2148/2292 500/1979/2077 1590/1977/2074
f 1674/2144/2290 2411/2146/2289 1590/1977/2074 499/1973/2073
f 43/2147/2291 677/2149/2293 2412/2150/2294 1675/2148/2292
f 677/2149/2293 42/2151/2295 1676/2152/2296 2412/2150/2294
f 2412/2150/2294 1676/2152/2296 501/1985/2084 1591/1983/2082
f 1675/2148/2292 2412/2150/2294 1591/1983/2082 500/1979/2077
f 42/2151/2295 676/2153/2297 2413/2154/2298 1676/2152/2296
f 676/2153/2297 41/2155/2299 1677/2156/2300 2413/2154/2298
f 2413/2154/2298 1677/2156/2300 502/1991/2090 1592/1989/2088
f 1676/2152/2296 2413/2154/2298 1592/1989/2088 501/1985/2084
f 41/2155/2299 675/2157/2301 2414/2158/2302 1677/2156/2300
f 675/2157/2301 9/1309/467 779/1312/1366 2414/2158/2302
f 2414/2158/2302 779/1312/1366 132/1316/1369 1678/2159/2303
f 1677/2156/2300 2414/2158/2302 1678/2159/2303 502/1991/2090
f 502/1991/2090 1678/2159/2303 2415/2160/2304 1599/1992/2091
f 1678/2159/2303 132/1316/1369 780/1411/1485 2415/2160/2304
f 2415/2160/2304 780/1411/1485 133/1406/1480 1679/2161/2305
f 1599/1992/2091 2415/2160/2304 1679/2161/2305 509/1993/2092
f 509/1993/2092 1679/2161/2305 2416/2162/2306 1612/2018/2125
f 1679/2161/2305 133/1406/1480 781/1409/1483 2416/2162/2306
f 2416/2162/2306 781/1409/1483 134/1402/1476 1680/2163/2307
f 1612/2018/2125 2416/2162/2306 1680/2163/2307 516/2019/2126
f 516/2019/2126 1680/2163/2307 2417/2164/2308 1625/2044/2159
f 1680/2163/2307 134/1402/1476 782/1405/1479 2417/2164/2308
f 2417/2164/2308 782/1405/1479 135/1398/1472 1681/2165/2309
f 1625/2044/2159 2417/2164/2308 1681/2165/2309 523/2045/2160
f 523/2045/2160 1681/2165/2309 2418/2166/2310 1638/2070/2193
f 1681/2165/2309 135/1398/1472 783/1401/1475 2418/2166/2310
f 2418/2166/2310 783/1401/1475 136/1394/1468 1682/2167/2311
f 1638/2070/2193 2418/2166/2310 1682/2167/2311 530/2071/2194
f 530/2071/2194 1682/2167/2311 2419/2168/2312 1651/2096/2227
f 1682/2167/2311 136/1394/1468 784/1397/1471 2419/2168/2312
f 2419/2168/2312 784/1397/1471 137/1390/1464 1683/2169/2313
f 1651/2096/2227 2419/2168/2312 1683/2169/2313 537/2097/2228
f 537/2097/2228 1683/2169/2313 2420/2170/2314 1664/2122/2259
f 1683/2169/2313 137/1390/1464 785/1393/1467 2420/2170/2314
f 2420/2170/2314 785/1393/1467 138/1384/1458 1684/2171/2315
f 1664/2122/2259 2420/2170/2314 1684/2171/2315 544/2123/2260
f 544/2123/2260 1684/2171/2315 2421/2172/2316 1685/2173/2317
f 1684/2171/2315 138/1384/1458 786/1387/1461 2421/2172/2316
f 2421/2172/2318 786/1387/1463 11/1389/1035 762/2174/1038
f 1685/2173/2319 2421/2172/2318 762/2174/1038 117/2175/1042
f 543/2119/2256 1670/2124/2261 2422/2176/2320 1686/2177/2321
f 1670/2124/2261 544/2123/2260 1685/2173/2317 2422/2176/2320
f 2422/2176/2320 1685/2173/2319 117/2175/1042 761/2178/1169
f 1686/2177/2321 2422/2176/2320 761/2178/1169 116/2179/1164
f 542/2115/2252 1669/2120/2257 2423/2180/2322 1687/2181/2323
f 1669/2120/2257 543/2119/2256 1686/2177/2321 2423/2180/2322
f 2423/2180/2322 1686/2177/2321 116/2179/1164 760/2182/1167
f 1687/2181/2323 2423/2180/2322 760/2182/1167 115/2183/1160
f 541/2111/2246 1668/2116/2253 2424/2184/2324 1688/2185/2325
f 1668/2116/2253 542/2115/2252 1687/2181/2323 2424/2184/2324
f 2424/2184/2324 1687/2181/2323 115/2183/1160 759/2186/1163
f 1688/2185/2325 2424/2184/2324 759/2186/1163 114/2187/1156
f 540/2107/2248 1667/2112/2247 2425/2188/2326 1689/2189/2327
f 1667/2112/2247 541/2111/2246 1688/2185/2325 2425/2188/2326
f 2425/2188/2326 1688/2185/2325 114/2187/1156 758/2190/1159
f 1689/2189/2327 2425/2188/2326 758/2190/1159 113/2191/1152
f 539/2102/2242 1666/2108/2241 2426/2192/2328 1690/2193/2329
f 1666/2108/2241 540/2107/2240 1689/2189/2327 2426/2192/2328
f 2426/2192/2328 1689/2189/2327 113/2191/1152 757/2194/1155
f 1690/2193/2329 2426/2192/2328 757/2194/1155 112/2195/1147
f 538/2104/2235 1665/2103/2234 2427/2196/2330 1691/2197/2331
f 1665/2103/2234 539/2102/2233 1690/2193/2332 2427/2196/2330
f 2427/2196/2330 1690/2193/2332 112/2195/1147 756/2198/1150
f 1691/2197/2331 2427/2196/2330 756/2198/1150 111/2199/1140
f 19/2200/2333 1692/2201/2334 2428/2202/2335 650/2203/2336
f 1692/2201/2337 538/2104/2235 1691/2197/2331 2428/2202/2338
f 2428/2202/2338 1691/2197/2331 111/2199/1140 755/2204/1143
f 650/2203/2336 2428/2202/2335 755/2204/1146 1/2205/170
f 18/2206/2339 1693/2207/2340 2429/2208/2341 649/2209/2342
f 1693/2207/2343 531/2078/2201 1658/2100/2231 2429/2208/2344
f 2429/2208/2344 1658/2100/2231 538/2104/2235 1692/2201/2337
f 649/2209/2342 2429/2208/2341 1692/2201/2334 19/2200/2333
f 17/2210/2345 1694/2211/2346 2430/2212/2347 648/2213/2348
f 1694/2211/2349 524/2052/2167 1645/2074/2197 2430/2212/2350
f 2430/2212/2350 1645/2074/2197 531/2078/2201 1693/2207/2343
f 648/2213/2348 2430/2212/2347 1693/2207/2340 18/2206/2339
f 16/2214/2351 1695/2215/2352 2431/2216/2353 647/2217/2354
f 1695/2215/2355 517/2026/2133 1632/2048/2163 2431/2216/2356
f 2431/2216/2356 1632/2048/2163 524/2052/2167 1694/2211/2349
f 647/2217/2354 2431/2216/2353 1694/2211/2346 17/2210/2345
f 15/2218/2357 1696/2219/2358 2432/2220/2359 646/2221/2360
f 1696/2219/2361 510/2000/2099 1619/2022/2129 2432/2220/2362
f 2432/2220/2362 1619/2022/2129 517/2026/2133 1695/2215/2355
f 646/2221/2360 2432/2220/2359 1695/2215/2352 16/2214/2351
f 14/2222/2363 1697/2223/2364 2433/2224/2365 645/2225/2366
f 1697/2223/2367 503/1964/2051 1606/1996/2095 2433/2224/2368
f 2433/2224/2368 1606/1996/2095 510/2000/2099 1696/2219/2361
f 645/2225/2366 2433/2224/2365 1696/2219/2358 15/2218/2357
f 13/2132/2271 1698/2131/2270 2434/2226/2369 644/2227/2370
f 1698/2131/2268 496/1956/2043 1593/1959/2046 2434/2226/2371
f 2434/2226/2371 1593/1959/2046 503/1964/2051 1697/2223/2367
f 644/2227/2370 2434/2226/2369 1697/2223/2364 14/2222/2363
f 545/2228/2372 1699/2229/2373 2435/2230/2374 1705/2231/2375
f 1699/2229/2373 546/2232/2376 1706/2233/2377 2435/2230/2374
f 2435/2230/2374 1706/2233/2377 553/2234/2378 1712/2235/2379
f 1705/2231/2375 2435/2230/2374 1712/2235/2379 552/2236/2380
f 546/2232/2376 1700/2237/2381 2436/2238/2382 1706/2233/2377
f 1700/2237/2381 547/2239/2383 1707/2240/2384 2436/2238/2382
f 2436/2238/2385 1707/2240/2384 554/2241/2386 1713/2242/2387
f 1706/2233/2377 2436/2238/2385 1713/2242/2387 553/2234/2378
f 547/2239/2383 1701/2243/2388 2437/2244/2389 1707/2240/2384
f 1701/2243/2388 548/2245/2390 1708/2246/2391 2437/2244/2389
f 2437/2244/2389 1708/2246/2391 555/2247/2392 1714/2248/2393
f 1707/2240/2384 2437/2244/2389 1714/2248/2393 554/2241/2386
f 548/2245/2390 1702/2249/2394 2438/2250/2395 1708/2246/2391
f 1702/2249/2394 549/2251/2396 1709/2252/2397 2438/2250/2395
f 2438/2250/2395 1709/2252/2397 556/2253/2398 1715/2254/2399
f 1708/2246/2391 2438/2250/2395 1715/2254/2399 555/2247/2392
f 549/2251/2396 1703/2255/2400 2439/2256/2401 1709/2252/2397
f 1703/2255/2400 550/2257/2402 1710/2258/2403 2439/2256/2401
f 2439/2256/2401 1710/2258/2403 557/2259/2404 1716/2260/2405
f 1709/2252/2397 2439/2256/2401 1716/2260/2405 556/2253/2398
f 550/2257/2402 1704/2261/2406 2440/2262/2407 1710/2258/2403
f 1704/2261/2406 551/2263/2408 1711/2264/2409 2440/2262/2407
f 2440/2262/2407 1711/2264/2409 558/2265/2410 1717/2266/2411
f 1710/2258/2403 2440/2262/2407 1717/2266/2411 557/2259/2404
f 552/2236/2380 1712/2235/2379 2441/2267/2412 1718/2268/2413
f 1712/2235/2379 553/2234/2378 1719/2269/2414 2441/2267/2412
f 2441/2267/2412 1719/2269/2414 560/2270/2415 1725/2271/2416
f 1718/2268/2413 2441/2267/2412 1725/2271/2416 559/2272/2417
f 553/2234/2378 1713/2242/2387 2442/2273/2418 1719/2269/2414
f 1713/2242/2387 554/2241/2386 1720/2274/2419 2442/2273/2418
f 2442/2273/2418 1720/2274/2419 561/2275/2420 1726/2276/2421
f 1719/2269/2414 2442/2273/2418 1726/2276/2421 560/2270/2415
f 554/2241/2386 1714/2248/2393 2443/2277/2422 1720/2274/2419
f 1714/2248/2393 555/2247/2392 1721/2278/2423 2443/2277/2422
f 2443/2277/2422 1721/2278/2423 562/2279/2424 1727/2280/2425
f 1720/2274/2419 2443/2277/2422 1727/2280/2425 561/2275/2420
f 555/2247/2392 1715/2254/2399 2444/2281/2426 1721/2278/2423
f 1715/2254/2399 556/2253/2398 1722/2282/2427 2444/2281/2426
f 2444/2281/2426 1722/2282/2427 563/2283/2428 1728/2284/2429
f 1721/2278/2423 2444/2281/2426 1728/2284/2429 562/2279/2424
f 556/2253/2398 1716/2260/2405 2445/2285/2430 1722/2282/2427
f 1716/2260/2405 557/2259/2404 1723/2286/2431 2445/2285/2430
f 2445/2285/2430 1723/2286/2431 564/2287/2432 1729/2288/2433
f 1722/2282/2427 2445/2285/2430 1729/2288/2433 563/2283/2428
f 557/2259/2404 1717/2266/2411 2446/2289/2434 1723/2286/2431
f 1717/2266/2411 558/2265/2410 1724/2290/2435 2446/2289/2434
f 2446/2289/2434 1724/2290/2435 565/2291/2436 1730/2292/2437
f 1723/2286/2431 2446/2289/2434 1730/2292/2437 564/2287/2432
f 559/2272/2417 1725/2271/2416 2447/2293/2438 1731/2294/2439
f 1725/2271/2416 560/2270/2415 1732/2295/2440 2447/2293/2438
f 2447/2293/2438 1732/2295/2440 567/2296/2441 1738/2297/2442
f 1731/2294/2439 2447/2293/2438 1738/2297/2442 566/2298/2443
f 560/2270/2415 1726/2276/2421 2448/2299/2444 1732/2295/2440
f 1726/2276/2421 561/2275/2420 1733/2300/2445 2448/2299/2444
f 2448/2299/2444 1733/2300/2445 568/2301/2446 1739/2302/2447
f 1732/2295/2440 2448/2299/2444 1739/2302/2447 567/2296/2441
f 561/2275/2420 1727/2280/2425 2449/2303/2448 1733/2300/2445
f 1727/2280/2425 562/2279/2424 1734/2304/2449 2449/2303/2448
f 2449/2303/2448 1734/2304/2449 569/2305/2450 1740/2306/2451
f 1733/2300/2445 2449/2303/2448 1740/2306/2451 568/2301/2446
f 562/2279/2424 1728/2284/2429 2450/2307/2452 1734/2304/2449
f 1728/2284/2429 563/2283/2428 1735/2308/2453 2450/2307/2452
f 2450/2307/2452 1735/2308/2453 570/2309/2454 1741/2310/2455
f 1734/2304/2449 2450/2307/2452 1741/2310/2455 569/2305/2450
f 563/2283/2428 1729/2288/2433 2451/2311/2456 1735/2308/2453
f 1729/2288/2433 564/2287/2432 1736/2312/2457 2451/2311/2456
f 2451/2311/2456 1736/2312/2457 571/2313/2458 1742/2314/2459
f 1735/2308/2453 2451/2311/2456 1742/2314/2459 570/2309/2454
f 564/2287/2432 1730/2292/2437 2452/2315/2460 1736/2312/2457
f 1730/2292/2437 565/2291/2436 1737/2316/2461 2452/2315/2460
f 2452/2315/2460 1737/2316/2461 572/2317/2462 1743/2318/2463
f 1736/2312/2457 2452/2315/2460 1743/2318/2463 571/2313/2458
f 566/2298/2443 1738/2297/2442 2453/2319/2464 1744/2320/2465
f 1738/2297/2442 567/2296/2441 1745/2321/2466 2453/2319/2464
f 2453/2319/2464 1745/2321/2466 574/2322/2467 1751/2323/2468
f 1744/2320/2465 2453/2319/2464 1751/2323/2468 573/2324/2469
f 567/2296/2441 1739/2302/2447 2454/2325/2470 1745/2321/2466
f 1739/2302/2447 568/2301/2446 1746/2326/2471 2454/2325/2470
f 2454/2325/2470 1746/2326/2471 575/2327/2472 1752/2328/2473
f 1745/2321/2466 2454/2325/2470 1752/2328/2473 574/2322/2467
f 568/2301/2446 1740/2306/2451 2455/2329/2474 1746/2326/2471
f 1740/2306/2451 569/2305/2450 1747/2330/2475 2455/2329/2474
f 2455/2329/2474 1747/2330/2475 576/2331/2476 1753/2332/2477
f 1746/2326/2471 2455/2329/2474 1753/2332/2477 575/2327/2472
f 569/2305/2450 1741/2310/2455 2456/2333/2478 1747/2330/2475
f 1741/2310/2455 570/2309/2454 1748/2334/2479 2456/2333/2478
f 2456/2333/2478 1748/2334/2479 577/2335/2480 1754/2336/2481
f 1747/2330/2475 2456/2333/2478 1754/2336/2481 576/2331/2476
f 570/2309/2454 1742/2314/2459 2457/2337/2482 1748/2334/2479
f 1742/2314/2459 571/2313/2458 1749/2338/2483 2457/2337/2482
f 2457/2337/2482 1749/2338/2483 578/2339/2484 1755/2340/2485
f 1748/2334/2479 2457/2337/2482 1755/2340/2485 577/2335/2480
f 571/2313/2458 1743/2318/2463 2458/2341/2486 1749/2338/2483
f 1743/2318/2463 572/2317/2462 1750/2342/2487 2458/2341/2486
f 2458/2341/2486 1750/2342/2487 579/2343/2488 1756/2344/2489
f 1749/2338/2483 2458/2341/2486 1756/2344/2489 578/2339/2484
f 573/2324/2469 1751/2323/2468 2459/2345/2490 1757/2346/2491
f 1751/2323/2468 574/2322/2467 1758/2347/2492 2459/2345/2490
f 2459/2345/2490 1758/2347/2492 581/2348/2493 1764/2349/2494
f 1757/2346/2491 2459/2345/2490 1764/2349/2494 580/2350/2495
f 574/2322/2467 1752/2328/2473 2460/2351/2496 1758/2347/2492
f 1752/2328/2473 575/2327/2472 1759/2352/2497 2460/2351/2496
f 2460/2351/2496 1759/2352/2497 582/2353/2498 1765/2354/2499
f 1758/2347/2492 2460/2351/2496 1765/2354/2499 581/2348/2493
f 575/2327/2472 1753/2332/2477 2461/2355/2500 1759/2352/2497
f 1753/2332/2477 576/2331/2476 1760/2356/2501 2461/2355/2500
f 2461/2355/2500 1760/2356/2501 583/2357/2502 1766/2358/2503
f 1759/2352/2497 2461/2355/2500 1766/2358/2503 582/2353/2498
f 576/2331/2476 1754/2336/2481 2462/2359/2504 1760/2356/2501
f 1754/2336/2481 577/2335/2480 1761/2360/2505 2462/2359/2504
f 2462/2359/2504 1761/2360/2505 584/2361/2506 1767/2362/2507
f 1760/2356/2501 2462/2359/2504 1767/2362/2507 583/2357/2502
f 577/2335/2480 1755/2340/2485 2463/2363/2508 1761/2360/2505
f 1755/2340/2485 578/2339/2484 1762/2364/2509 2463/2363/2508
f 2463/2363/2508 1762/2364/2509 585/2365/2510 1768/2366/2511
f 1761/2360/2505 2463/2363/2508 1768/2366/2511 584/2361/2506
f 578/2339/2484 1756/2344/2489 2464/2367/2512 1762/2364/2509
f 1756/2344/2489 579/2343/2488 1763/2368/2513 2464/2367/2512
f 2464/2367/2512 1763/2368/2513 586/2369/2514 1769/2370/2515
f 1762/2364/2509 2464/2367/2512 1769/2370/2515 585/2365/2510
f 580/2350/2495 1764/2349/2494 2465/2371/2516 1770/2372/2517
f 1764/2349/2494 581/2348/2493 1771/2373/2518 2465/2371/2516
f 2465/2371/2516 1771/2373/2518 588/2374/2519 1777/2375/2520
f 1770/2372/2517 2465/2371/2516 1777/2375/2520 587/2376/2521
f 581/2348/2493 1765/2354/2499 2466/2377/2522 1771/2373/2518
f 1765/2354/2499 582/2353/2498 1772/2378/2523 2466/2377/2522
f 2466/2377/2522 1772/2378/2523 589/2379/2524 1778/2380/2525
f 1771/2373/2518 2466/2377/2522 1778/2380/2525 588/2374/2519
f 582/2353/2498 1766/2358/2503 2467/2381/2526 1772/2378/2523
f 1766/2358/2503 583/2357/2502 1773/2382/2527 2467/2381/2526
f 2467/2381/2526 1773/2382/2527 590/2383/2528 1779/2384/2529
f 1772/2378/2523 2467/2381/2526 1779/2384/2529 589/2379/2524
f 583/2357/2502 1767/2362/2507 2468/2385/2530 1773/2382/2527
f 1767/2362/2507 584/2361/2506 1774/2386/2531 2468/2385/2530
f 2468/2385/2530 1774/2386/2531 591/2387/2532 1780/2388/2533
f 1773/2382/2527 2468/2385/2530 1780/2388/2533 590/2383/2528
f 584/2361/2506 1768/2366/2511 2469/2389/2534 1774/2386/2531
f 1768/2366/2511 585/2365/2510 1775/2390/2535 2469/2389/2534
f 2469/2389/2534 1775/2390/2535 592/2391/2536 1781/2392/2537
f 1774/2386/2531 2469/2389/2534 1781/2392/2537 591/2387/2532
f 585/2365/2510 1769/2370/2515 2470/2393/2538 1775/2390/2535
f 1769/2370/2515 586/2369/2514 1776/2394/2539 2470/2393/2538
f 2470/2393/2538 1776/2394/2539 593/2395/2540 1782/2396/2541
f 1775/2390/2535 2470/2393/2538 1782/2396/2541 592/2391/2536
f 5/828/847 722/827/846 2471/2397/2542 730/2398/1430
f 722/827/846 82/822/841 1783/2399/2543 2471/2397/2542
f 2471/2397/2542 1783/2399/2543 545/2228/2372 1810/2400/2544
f 730/2398/1431 2471/2397/2542 1810/2400/2544 89/2401/1432
f 82/822/841 721/821/840 2472/2402/2545 1783/2399/2543
f 721/821/840 81/818/837 1784/2403/2546 2472/2402/2545
f 2472/2402/2545 1784/2403/2546 546/2232/2547 1699/2229/2373
f 1783/2399/2543 2472/2402/2545 1699/2229/2373 545/2228/2372
f 81/818/837 720/817/836 2473/2404/2548 1784/2403/2546
f 720/817/836 80/814/833 1785/2405/2549 2473/2404/2548
f 2473/2404/2548 1785/2405/2549 547/2239/2550 1700/2237/2551
f 1784/2403/2546 2473/2404/2548 1700/2237/2551 546/2232/2547
f 80/814/833 719/813/832 2474/2406/2552 1785/2405/2549
f 719/813/832 79/810/829 1786/2407/2553 2474/2406/2552
f 2474/2406/2552 1786/2407/2553 548/2245/2554 1701/2243/2555
f 1785/2405/2549 2474/2406/2552 1701/2243/2555 547/2239/2550
f 79/810/829 718/809/828 2475/2408/2556 1786/2407/2553
f 718/809/828 78/806/825 1787/2409/2557 2475/2408/2556
f 2475/2408/2556 1787/2409/2557 549/2251/2558 1702/2249/2559
f 1786/2407/2553 2475/2408/2556 1702/2249/2559 548/2245/2554
f 78/806/825 717/805/824 2476/2410/2560 1787/2409/2557
f 717/805/824 77/802/821 1788/2411/2561 2476/2410/2560
f 2476/2410/2562 1788/2411/2563 550/2257/2564 1703/2255/2565
f 1787/2409/2557 2476/2410/2562 1703/2255/2565 549/2251/2558
f 77/802/821 716/801/820 2477/2412/2566 1788/2411/2561
f 716/801/820 76/798/817 1789/2413/2567 2477/2412/2566
f 2477/2412/2568 1789/2413/2569 551/2263/2570 1704/2261/2571
f 1788/2411/2563 2477/2412/2568 1704/2261/2571 550/2257/2564
f 76/798/817 715/797/816 2478/2414/2572 1789/2413/2567
f 715/797/816 6/796/815 763/2415/2009 2478/2414/2572
f 2478/2414/2573 763/2415/2573 118/2416/2573 1790/2417/2573
f 1789/2413/2569 2478/2414/2574 1790/2417/2574 551/2263/2570
f 551/2263/2408 1790/2417/2575 2479/2418/2576 1711/2264/2409
f 1790/2417/2577 118/2416/2577 764/2419/2578 2479/2418/2579
f 2479/2418/2579 764/2419/2578 119/2420/2580 1791/2421/2581
f 1711/2264/2409 2479/2418/2576 1791/2421/2582 558/2265/2410
f 558/2265/2410 1791/2421/2582 2480/2422/2583 1724/2290/2435
f 1791/2421/2581 119/2420/2580 765/2423/1996 2480/2422/2584
f 2480/2422/2584 765/2423/1996 120/2424/1993 1792/2425/2585
f 1724/2290/2435 2480/2422/2583 1792/2425/2586 565/2291/2436
f 565/2291/2436 1792/2425/2586 2481/2426/2587 1737/2316/2461
f 1792/2425/2585 120/2424/1993 766/2427/1992 2481/2426/2588
f 2481/2426/2588 766/2427/1992 121/2428/1989 1793/2429/2589
f 1737/2316/2461 2481/2426/2587 1793/2429/2590 572/2317/2462
f 572/2317/2462 1793/2429/2590 2482/2430/2591 1750/2342/2487
f 1793/2429/2589 121/2428/1989 767/2431/1988 2482/2430/2592
f 2482/2430/2592 767/2431/1988 122/2432/1985 1794/2433/2593
f 1750/2342/2487 2482/2430/2591 1794/2433/2594 579/2343/2488
f 579/2343/2488 1794/2433/2594 2483/2434/2595 1763/2368/2513
f 1794/2433/2593 122/2432/1985 768/2435/1984 2483/2434/2596
f 2483/2434/2596 768/2435/1984 123/2436/1981 1795/2437/2597
f 1763/2368/2513 2483/2434/2595 1795/2437/2598 586/2369/2514
f 586/2369/2514 1795/2437/2598 2484/2438/2599 1776/2394/2539
f 1795/2437/2597 123/2436/1981 769/2439/1980 2484/2438/2600
f 2484/2438/2600 769/2439/1980 124/2440/1977 1796/2441/2601
f 1776/2394/2539 2484/2438/2599 1796/2441/2602 593/2395/2540
f 593/2395/2540 1796/2441/2602 2485/2442/2603 1797/2443/2604
f 1796/2441/2601 124/2440/1977 770/2444/1976 2485/2442/2605
f 2485/2442/2605 770/2444/1976 12/1054/1070 787/1052/1069
f 1797/2443/2604 2485/2442/2603 787/1052/1067 139/1050/1065
f 592/2391/2536 1782/2396/2541 2486/2445/2606 1798/2446/2607
f 1782/2396/2541 593/2395/2540 1797/2443/2604 2486/2445/2606
f 2486/2445/2606 1797/2443/2604 139/1050/1065 788/1048/1063
f 1798/2446/2607 2486/2445/2606 788/1048/1063 140/1046/1061
f 591/2387/2532 1781/2392/2537 2487/2447/2608 1799/2448/2609
f 1781/2392/2537 592/2391/2536 1798/2446/2607 2487/2447/2608
f 2487/2447/2608 1798/2446/2607 140/1046/1061 789/1044/1059
f 1799/2448/2609 2487/2447/2608 789/1044/1059 141/1042/1057
f 590/2383/2528 1780/2388/2533 2488/2449/2610 1800/2450/2611
f 1780/2388/2533 591/2387/2532 1799/2448/2609 2488/2449/2610
f 2488/2449/2610 1799/2448/2609 141/1042/1057 790/1040/1055
f 1800/2450/2611 2488/2449/2610 790/1040/1055 142/1038/1053
f 589/2379/2524 1779/2384/2529 2489/2451/2612 1801/2452/2613
f 1779/2384/2529 590/2383/2528 1800/2450/2611 2489/2451/2612
f 2489/2451/2612 1800/2450/2611 142/1038/1053 791/1036/1051
f 1801/2452/2613 2489/2451/2612 791/1036/1051 143/1034/1049
f 588/2374/2519 1778/2380/2525 2490/2453/2614 1802/2454/2615
f 1778/2380/2525 589/2379/2524 1801/2452/2613 2490/2453/2614
f 2490/2453/2614 1801/2452/2613 143/1034/1049 792/1032/1047
f 1802/2454/2615 2490/2453/2614 792/1032/1047 144/1030/1045
f 587/2376/2521 1777/2375/2520 2491/2455/2616 1803/2456/2617
f 1777/2375/2520 588/2374/2519 1802/2454/2615 2491/2455/2616
f 2491/2455/2616 1802/2454/2615 144/1030/1045 793/1028/1043
f 1803/2456/2617 2491/2455/2616 793/1028/1043 145/1024/1039
f 83/2457/1457 1804/2458/2618 2492/2459/2619 723/2460/1462
f 1804/2458/2618 587/2376/2521 1803/2456/2617 2492/2459/2619
f 2492/2459/2619 1803/2456/2617 145/1024/1039 794/1021/1036
f 723/2460/1462 2492/2459/2619 794/1021/1036 11/1020/1035
f 84/2461/1453 1805/2462/2620 2493/2463/2621 724/2464/1456
f 1805/2462/2620 580/2350/2495 1770/2372/2517 2493/2463/2621
f 2493/2463/2621 1770/2372/2517 587/2376/2521 1804/2458/2618
f 724/2464/1456 2493/2463/2621 1804/2458/2618 83/2457/1457
f 85/2465/1449 1806/2466/2622 2494/2467/2623 725/2468/1452
f 1806/2466/2622 573/2324/2469 1757/2346/2491 2494/2467/2623
f 2494/2467/2623 1757/2346/2491 580/2350/2495 1805/2462/2620
f 725/2468/1452 2494/2467/2623 1805/2462/2620 84/2461/1453
f 86/2469/1445 1807/2470/2624 2495/2471/2625 726/2472/1448
f 1807/2470/2624 566/2298/2443 1744/2320/2465 2495/2471/2625
f 2495/2471/2625 1744/2320/2465 573/2324/2469 1806/2466/2622
f 726/2472/1448 2495/2471/2625 1806/2466/2622 85/2465/1449
f 87/2473/1441 1808/2474/2626 2496/2475/2627 727/2476/1444
f 1808/2474/2626 559/2272/2417 1731/2294/2439 2496/2475/2627
f 2496/2475/2627 1731/2294/2439 566/2298/2443 1807/2470/2624
f 727/2476/1444 2496/2475/2627 1807/2470/2624 86/2469/1445
f 88/2477/1436 1809/2478/2628 2497/2479/2629 728/2480/1440
f 1809/2478/2628 552/2236/2380 1718/2268/2413 2497/2479/2629
f 2497/2479/2629 1718/2268/2413 559/2272/2417 1808/2474/2626
f 728/2480/1440 2497/2479/2629 1808/2474/2626 87/2473/1441
f 89/2401/1432 1810/2400/2544 2498/2481/2630 729/2482/1435
f 1810/2400/2544 545/2228/2372 1705/2231/2375 2498/2481/2630
f 2498/2481/2630 1705/2231/2375 552/2236/2380 1809/2478/2628
f 729/2482/1435 2498/2481/2630 1809/2478/2628 88/2477/1436
f 594/2483/2631 1811/2484/2632 2499/2485/2633 1817/2486/2634
f 1811/2484/2632 595/2487/2635 1818/2488/2636 2499/2485/2633
f 2499/2485/2633 1818/2488/2636 602/2489/2637 1824/2490/2638
f 1817/2486/2634 2499/2485/2633 1824/2490/2638 601/2491/2639
f 595/2487/2635 1812/2492/2640 2500/2493/2641 1818/2488/2636
f 1812/2492/2640 596/2494/2642 1819/2495/2643 2500/2493/2641
f 2500/2493/2641 1819/2495/2643 603/2496/2644 1825/2497/2645
f 1818/2488/2636 2500/2493/2641 1825/2497/2645 602/2489/2637
f 596/2494/2642 1813/2498/2646 2501/2499/2647 1819/2495/2643
f 1813/2498/2646 597/2500/2648 1820/2501/2649 2501/2499/2647
f 2501/2499/2647 1820/2501/2649 604/2502/2650 1826/2503/2651
f 1819/2495/2643 2501/2499/2647 1826/2503/2651 603/2496/2644
f 597/2500/2648 1814/2504/2652 2502/2505/2653 1820/2501/2649
f 1814/2504/2652 598/2506/2654 1821/2507/2655 2502/2505/2653
f 2502/2505/2653 1821/2507/2655 605/2508/2656 1827/2509/2657
f 1820/2501/2649 2502/2505/2653 1827/2509/2657 604/2502/2650
f 598/2506/2654 1815/2510/2658 2503/2511/2659 1821/2507/2655
f 1815/2510/2658 599/2512/2660 1822/2513/2661 2503/2511/2659
f 2503/2511/2659 1822/2513/2661 606/2514/2662 1828/2515/2663
f 1821/2507/2655 2503/2511/2659 1828/2515/2663 605/2508/2656
f 599/2512/2660 1816/2516/2664 2504/2517/2665 1822/2513/2661
f 1816/2516/2664 600/2518/2666 1823/2519/2667 2504/2517/2665
f 2504/2517/2665 1823/2519/2667 607/2520/2668 1829/2521/2669
f 1822/2513/2661 2504/2517/2665 1829/2521/2669 606/2514/2662
f 601/2491/2670 1824/2490/2670 2505/2522/2671 1830/2523/2672
f 1824/2490/2638 602/2489/2637 1831/2524/2673 2505/2522/2674
f 2505/2522/2674 1831/2524/2673 609/2525/2675 1837/2526/2676
f 1830/2523/2672 2505/2522/2671 1837/2526/2677 608/2527/2678
f 602/2489/2637 1825/2497/2645 2506/2528/2679 1831/2524/2673
f 1825/2497/2645 603/2496/2644 1832/2529/2680 2506/2528/2679
f 2506/2528/2679 1832/2529/2680 610/2530/2681 1838/2531/2682
f 1831/2524/2673 2506/2528/2679 1838/2531/2682 609/2525/2675
f 603/2496/2644 1826/2503/2651 2507/2532/2683 1832/2529/2680
f 1826/2503/2651 604/2502/2650 1833/2533/2684 2507/2532/2683
f 2507/2532/2683 1833/2533/2684 611/2534/2685 1839/2535/2686
f 1832/2529/2680 2507/2532/2683 1839/2535/2686 610/2530/2681
f 604/2502/2650 1827/2509/2657 2508/2536/2687 1833/2533/2684
f 1827/2509/2657 605/2508/2656 1834/2537/2688 2508/2536/2687
f 2508/2536/2687 1834/2537/2688 612/2538/2689 1840/2539/2690
f 1833/2533/2684 2508/2536/2687 1840/2539/2690 611/2534/2685
f 605/2508/2656 1828/2515/2663 2509/2540/2691 1834/2537/2688
f 1828/2515/2663 606/2514/2662 1835/2541/2692 2509/2540/2691
f 2509/2540/2691 1835/2541/2692 613/2542/2693 1841/2543/2694
f 1834/2537/2688 2509/2540/2691 1841/2543/2694 612/2538/2689
f 606/2514/2662 1829/2521/2669 2510/2544/2695 1835/2541/2692
f 1829/2521/2669 607/2520/2668 1836/2545/2696 2510/2544/2695
f 2510/2544/2695 1836/2545/2696 614/2546/2697 1842/2547/2698
f 1835/2541/2692 2510/2544/2695 1842/2547/2698 613/2542/2693
f 608/2527/2678 1837/2526/2677 2511/2548/2699 1843/2549/2700
f 1837/2526/2676 609/2525/2675 1844/2550/2701 2511/2548/2702
f 2511/2548/2702 1844/2550/2701 616/2551/2703 1850/2552/2704
f 1843/2549/2700 2511/2548/2699 1850/2552/2705 615/2553/2706
f 609/2525/2675 1838/2531/2682 2512/2554/2707 1844/2550/2701
f 1838/2531/2682 610/2530/2681 1845/2555/2708 2512/2554/2707
f 2512/2554/2707 1845/2555/2708 617/2556/2709 1851/2557/2710
f 1844/2550/2701 2512/2554/2707 1851/2557/2710 616/2551/2703
f 610/2530/2681 1839/2535/2686 2513/2558/2711 1845/2555/2708
f 1839/2535/2686 611/2534/2685 1846/2559/2712 2513/2558/2711
f 2513/2558/2711 1846/2559/2712 618/2560/2713 1852/2561/2714
f 1845/2555/2708 2513/2558/2711 1852/2561/2714 617/2556/2709
f 611/2534/2685 1840/2539/2690 2514/2562/2715 1846/2559/2712
f 1840/2539/2690 612/2538/2689 1847/2563/2716 2514/2562/2715
f 2514/2562/2715 1847/2563/2716 619/2564/2717 1853/2565/2718
f 1846/2559/2712 2514/2562/2715 1853/2565/2718 618/2560/2713
f 612/2538/2689 1841/2543/2694 2515/2566/2719 1847/2563/2716
f 1841/2543/2694 613/2542/2693 1848/2567/2720 2515/2566/2719
f 2515/2566/2719 1848/2567/2720 620/2568/2721 1854/2569/2722
f 1847/2563/2716 2515/2566/2719 1854/2569/2722 619/2564/2717
f 613/2542/2693 1842/2547/2698 2516/2570/2723 1848/2567/2720
f 1842/2547/2698 614/2546/2697 1849/2571/2724 2516/2570/2723
f 2516/2570/2723 1849/2571/2724 621/2572/2725 1855/2573/2726
f 1848/2567/2720 2516/2570/2723 1855/2573/2726 620/2568/2721
f 615/2553/2706 1850/2552/2705 2517/2574/2727 1856/2575/2728
f 1850/2552/2704 616/2551/2703 1857/2576/2729 2517/2574/2730
f 2517/2574/2730 1857/2576/2729 623/2577/2731 1863/2578/2732
f 1856/2575/2728 2517/2574/2727 1863/2578/2732 622/2579/2733
f 616/2551/2703 1851/2557/2710 2518/2580/2734 1857/2576/2729
f 1851/2557/2710 617/2556/2709 1858/2581/2735 2518/2580/2734
f 2518/2580/2734 1858/2581/2735 624/2582/2736 1864/2583/2737
f 1857/2576/2729 2518/2580/2734 1864/2583/2737 623/2577/2731
f 617/2556/2709 1852/2561/2714 2519/2584/2738 1858/2581/2735
f 1852/2561/2714 618/2560/2713 1859/2585/2739 2519/2584/2738
f 2519/2584/2738 1859/2585/2739 625/2586/2740 1865/2587/2741
f 1858/2581/2735 2519/2584/2738 1865/2587/2741 624/2582/2736
f 618/2560/2713 1853/2565/2718 2520/2588/2742 1859/2585/2739
f 1853/2565/2718 619/2564/2717 1860/2589/2743 2520/2588/2742
f 2520/2588/2742 1860/2589/2743 626/2590/2744 1866/2591/2745
f 1859/2585/2739 2520/2588/2742 1866/2591/2745 625/2586/2740
f 619/2564/2717 1854/2569/2722 2521/2592/2746 1860/2589/2743
f 1854/2569/2722 620/2568/2721 1861/2593/2747 2521/2592/2746
f 2521/2592/2746 1861/2593/2747 627/2594/2748 1867/2595/2749
f 1860/2589/2743 2521/2592/2746 1867/2595/2749 626/2590/2744
f 620/2568/2721 1855/2573/2726 2522/2596/2750 1861/2593/2747
f 1855/2573/2726 621/2572/2725 1862/2597/2751 2522/2596/2750
f 2522/2596/2750 1862/2597/2751 628/2598/2752 1868/2599/2753
f 1861/2593/2747 2522/2596/2750 1868/2599/2753 627/2594/2748
f 622/2579/2733 1863/2578/2732 2523/2600/2754 1869/2601/2755
f 1863/2578/2732 623/2577/2731 1870/2602/2756 2523/2600/2754
f 2523/2600/2754 1870/2602/2756 630/2603/2757 1876/2604/2758
f 1869/2601/2755 2523/2600/2754 1876/2604/2758 629/2605/2759
f 623/2577/2731 1864/2583/2737 2524/2606/2760 1870/2602/2756
f 1864/2583/2737 624/2582/2736 1871/2607/2761 2524/2606/2760
f 2524/2606/2760 1871/2607/2761 631/2608/2762 1877/2609/2763
f 1870/2602/2756 2524/2606/2760 1877/2609/2763 630/2603/2757
f 624/2582/2736 1865/2587/2741 2525/2610/2764 1871/2607/2761
f 1865/2587/2741 625/2586/2740 1872/2611/2765 2525/2610/2764
f 2525/2610/2764 1872/2611/2765 632/2612/2766 1878/2613/2767
f 1871/2607/2761 2525/2610/2764 1878/2613/2767 631/2608/2762
f 625/2586/2740 1866/2591/2745 2526/2614/2768 1872/2611/2765
f 1866/2591/2745 626/2590/2744 1873/2615/2769 2526/2614/2768
f 2526/2614/2768 1873/2615/2769 633/2616/2770 1879/2617/2771
f 1872/2611/2765 2526/2614/2768 1879/2617/2771 632/2612/2766
f 626/2590/2744 1867/2595/2749 2527/2618/2772 1873/2615/2769
f 1867/2595/2749 627/2594/2748 1874/2619/2773 2527/2618/2772
f 2527/2618/2772 1874/2619/2773 634/2620/2774 1880/2621/2775
f 1873/2615/2769 2527/2618/2772 1880/2621/2775 633/2616/2770
f 627/2594/2748 1868/2599/2753 2528/2622/2776 1874/2619/2773
f 1868/2599/2753 628/2598/2752 1875/2623/2777 2528/2622/2776
f 2528/2622/2776 1875/2623/2777 635/2624/2778 1881/2625/2779
f 1874/2619/2773 2528/2622/2776 1881/2625/2779 634/2620/2774
f 629/2605/2759 1876/2604/2758 2529/2626/2780 1882/2627/2781
f 1876/2604/2758 630/2603/2757 1883/2628/2782 2529/2626/2780
f 2529/2626/2780 1883/2628/2782 637/2629/2783 1889/2630/2784
f 1882/2627/2781 2529/2626/2780 1889/2630/2784 636/2631/2785
f 630/2603/2757 1877/2609/2763 2530/2632/2786 1883/2628/2782
f 1877/2609/2763 631/2608/2762 1884/2633/2787 2530/2632/2786
f 2530/2632/2786 1884/2633/2787 638/2634/2788 1890/2635/2789
f 1883/2628/2782 2530/2632/2786 1890/2635/2789 637/2629/2783
f 631/2608/2762 1878/2613/2767 2531/2636/2790 1884/2633/2787
f 1878/2613/2767 632/2612/2766 1885/2637/2791 2531/2636/2790
f 2531/2636/2790 1885/2637/2791 639/2638/2792 1891/2639/2793
f 1884/2633/2787 2531/2636/2790 1891/2639/2793 638/2634/2788
f 632/2612/2766 1879/2617/2771 2532/2640/2794 1885/2637/2791
f 1879/2617/2771 633/2616/2770 1886/2641/2795 2532/2640/2794
f 2532/2640/2794 1886/2641/2795 640/2642/2796 1892/2643/2797
f 1885/2637/2791 2532/2640/2794 1892/2643/2797 639/2638/2792
f 633/2616/2770 1880/2621/2775 2533/2644/2798 1886/2641/2795
f 1880/2621/2775 634/2620/2774 1887/2645/2799 2533/2644/2798
f 2533/2644/2798 1887/2645/2799 641/2646/2800 1893/2647/2801
f 1886/2641/2795 2533/2644/2798 1893/2647/2801 640/2642/2796
f 634/2620/2774 1881/2625/2779 2534/2648/2802 1887/2645/2799
f 1881/2625/2779 635/2624/2778 1888/2649/2803 2534/2648/2802
f 2534/2648/2802 1888/2649/2803 642/2650/2804 1894/2651/2805
f 1887/2645/2799 2534/2648/2802 1894/2651/2805 641/2646/2800
f 3/267/271 674/266/270 2535/2652/2806 682/2653/2262
f 674/266/270 40/261/265 1895/2654/2807 2535/2652/2806
f 2535/2652/2806 1895/2654/2807 594/2483/2631 1922/2655/2808
f 682/2653/2809 2535/2652/2809 1922/2655/2809 47/2656/2809
f 40/261/265 673/260/264 2536/2657/2810 1895/2654/2807
f 673/260/264 39/257/261 1896/2658/2811 2536/2657/2810
f 2536/2657/2810 1896/2658/2811 595/2487/2635 1811/2484/2632
f 1895/2654/2807 2536/2657/2810 1811/2484/2632 594/2483/2631
f 39/257/261 672/256/260 2537/2659/2812 1896/2658/2811
f 672/256/260 38/253/257 1897/2660/2813 2537/2659/2812
f 2537/2659/2812 1897/2660/2813 596/2494/2642 1812/2492/2640
f 1896/2658/2811 2537/2659/2812 1812/2492/2640 595/2487/2635
f 38/253/257 671/252/256 2538/2661/2814 1897/2660/2813
f 671/252/256 37/249/253 1898/2662/2815 2538/2661/2814
f 2538/2661/2814 1898/2662/2815 597/2500/2648 1813/2498/2646
f 1897/2660/2813 2538/2661/2814 1813/2498/2646 596/2494/2642
f 37/249/253 670/248/252 2539/2663/2816 1898/2662/2815
f 670/248/252 36/245/249 1899/2664/2817 2539/2663/2816
f 2539/2663/2816 1899/2664/2817 598/2506/2654 1814/2504/2652
f 1898/2662/2815 2539/2663/2816 1814/2504/2652 597/2500/2648
f 36/245/249 669/244/248 2540/2665/2818 1899/2664/2817
f 669/244/248 35/241/245 1900/2666/2819 2540/2665/2818
f 2540/2665/2818 1900/2666/2819 599/2512/2660 1815/2510/2658
f 1899/2664/2817 2540/2665/2818 1815/2510/2658 598/2506/2654
f 35/241/245 668/240/244 2541/2667/2820 1900/2666/2819
f 668/240/244 34/237/241 1901/2668/2821 2541/2667/2820
f 2541/2667/2820 1901/2668/2821 600/2518/2666 1816/2516/2664
f 1900/2666/2819 2541/2667/2820 1816/2516/2664 599/2512/2660
f 34/237/241 667/236/240 2542/2669/2822 1901/2668/2821
f 667/236/240 4/235/239 747/2670/1698 2542/2669/2822
f 2542/2669/2822 747/2670/1696 104/2671/1694 1902/2672/2823
f 1901/2668/2821 2542/2669/2822 1902/2672/2823 600/2518/2666
f 600/2518/2666 1902/2672/2823 2543/2673/2824 1823/2519/2667
f 1902/2672/2823 104/2671/1694 748/2674/1692 2543/2673/2824
f 2543/2673/2824 748/2674/1692 105/2675/1690 1903/2676/2825
f 1823/2519/2667 2543/2673/2824 1903/2676/2825 607/2520/2668
f 607/2520/2668 1903/2676/2825 2544/2677/2826 1836/2545/2696
f 1903/2676/2825 105/2675/1690 749/2678/1688 2544/2677/2826
f 2544/2677/2826 749/2678/1688 106/2679/1686 1904/2680/2827
f 1836/2545/2696 2544/2677/2826 1904/2680/2827 614/2546/2697
f 614/2546/2697 1904/2680/2827 2545/2681/2828 1849/2571/2724
f 1904/2680/2827 106/2679/1686 750/2682/1684 2545/2681/2828
f 2545/2681/2828 750/2682/1684 107/2683/1682 1905/2684/2829
f 1849/2571/2724 2545/2681/2828 1905/2684/2829 621/2572/2725
f 621/2572/2725 1905/2684/2829 2546/2685/2830 1862/2597/2751
f 1905/2684/2829 107/2683/1682 751/2686/1680 2546/2685/2830
f 2546/2685/2830 751/2686/1680 108/2687/1677 1906/2688/2831
f 1862/2597/2751 2546/2685/2830 1906/2688/2831 628/2598/2752
f 628/2598/2752 1906/2688/2831 2547/2689/2832 1875/2623/2777
f 1906/2688/2831 108/2687/1677 752/2690/1675 2547/2689/2832
f 2547/2689/2832 752/2690/1675 109/2691/1673 1907/2692/2833
f 1875/2623/2777 2547/2689/2832 1907/2692/2833 635/2624/2778
f 635/2624/2778 1907/2692/2833 2548/2693/2834 1888/2649/2803
f 1907/2692/2833 109/2691/1673 753/2694/1671 2548/2693/2834
f 2548/2693/2834 753/2694/1671 110/2695/1667 1908/2696/2835
f 1888/2649/2803 2548/2693/2834 1908/2696/2835 642/2650/2804
f 642/2650/2804 1908/2696/2835 2549/2697/2836 1909/2698/2837
f 1908/2696/2835 110/2695/1667 754/2699/1664 2549/2697/2836
f 2549/2697/2836 754/2699/1664 10/493/501 795/491/499
f 1909/2698/2837 2549/2697/2836 795/491/499 146/489/497
f 641/2646/2800 1894/2651/2805 2550/2700/2838 1910/2701/2839
f 1894/2651/2805 642/2650/2804 1909/2698/2837 2550/2700/2838
f 2550/2700/2838 1909/2698/2837 146/489/497 796/487/495
f 1910/2701/2839 2550/2700/2838 796/487/495 147/485/493
f 640/2642/2796 1893/2647/2801 2551/2702/2840 1911/2703/2841
f 1893/2647/2801 641/2646/2800 1910/2701/2839 2551/2702/2840
f 2551/2702/2840 1910/2701/2839 147/485/493 797/483/491
f 1911/2703/2841 2551/2702/2840 797/483/491 148/481/489
f 639/2638/2792 1892/2643/2797 2552/2704/2842 1912/2705/2843
f 1892/2643/2797 640/2642/2796 1911/2703/2841 2552/2704/2842
f 2552/2704/2842 1911/2703/2841 148/481/489 798/479/487
f 1912/2705/2843 2552/2704/2842 798/479/487 149/477/485
f 638/2634/2788 1891/2639/2793 2553/2706/2844 1913/2707/2845
f 1891/2639/2793 639/2638/2792 1912/2705/2843 2553/2706/2844
f 2553/2706/2844 1912/2705/2843 149/477/485 799/475/483
f 1913/2707/2845 2553/2706/2844 799/475/483 150/473/481
f 637/2629/2783 1890/2635/2789 2554/2708/2846 1914/2709/2847
f 1890/2635/2789 638/2634/2788 1913/2707/2845 2554/2708/2846
f 2554/2708/2846 1913/2707/2845 150/473/481 800/471/479
f 1914/2709/2847 2554/2708/2846 800/471/479 151/469/477
f 636/2631/2785 1889/2630/2784 2555/2710/2848 1915/2711/2849
f 1889/2630/2784 637/2629/2783 1914/2709/2847 2555/2710/2848
f 2555/2710/2848 1914/2709/2847 151/469/477 801/467/475
f 1915/2711/2849 2555/2710/2848 801/467/475 152/463/471
f 41/2712/2299 1916/2713/2850 2556/2714/2851 675/2715/2301
f 1916/2713/2850 636/2631/2785 1915/2711/2849 2556/2714/2851
f 2556/2714/2851 1915/2711/2849 152/463/471 802/460/468
f 675/2715/2301 2556/2714/2851 802/460/468 9/459/467
f 42/2716/2295 1917/2717/2852 2557/2718/2853 676/2719/2297
f 1917/2717/2852 629/2605/2759 1882/2627/2781 2557/2718/2853
f 2557/2718/2853 1882/2627/2781 636/2631/2785 1916/2713/2850
f 676/2719/2297 2557/2718/2853 1916/2713/2850 41/2712/2299
f 43/2720/2291 1918/2721/2854 2558/2722/2855 677/2723/2293
f 1918/2721/2854 622/2579/2733 1869/2601/2755 2558/2722/2855
f 2558/2722/2855 1869/2601/2755 629/2605/2759 1917/2717/2852
f 677/2723/2293 2558/2722/2855 1917/2717/2852 42/2716/2295
f 44/2724/2286 1919/2725/2856 2559/2726/2857 678/2727/2288
f 1919/2725/2856 615/2553/2706 1856/2575/2728 2559/2726/2857
f 2559/2726/2857 1856/2575/2728 622/2579/2733 1918/2721/2854
f 678/2727/2288 2559/2726/2857 1918/2721/2854 43/2720/2291
f 45/2728/2280 1920/2729/2858 2560/2730/2859 679/2731/2283
f 1920/2729/2858 608/2527/2678 1843/2549/2700 2560/2730/2859
f 2560/2730/2859 1843/2549/2700 615/2553/2706 1919/2725/2856
f 679/2731/2283 2560/2730/2859 1919/2725/2856 44/2724/2286
f 46/2732/2274 1921/2733/2860 2561/2734/2861 680/2735/2276
f 1921/2733/2860 601/2491/2862 1830/2523/2863 2561/2734/2861
f 2561/2734/2861 1830/2523/2863 608/2527/2678 1920/2729/2858
f 680/2735/2279 2561/2734/2861 1920/2729/2858 45/2728/2280
f 47/2656/2265 1922/2655/2864 2562/2736/2865 681/2737/2272
f 1922/2655/2866 594/2483/2866 1817/2486/2866 2562/2736/2866
f 2562/2736/2865 1817/2486/2867 601/2491/2862 1921/2733/2860
f 681/2737/2272 2562/2736/2865 1921/2733/2860 46/2732/2274
